station_name,timestamp_utc,target_value_t_plus_24h,base_prediction,prediction,predicted_residual_adjustment,fold,residual,abs_error
DUISBURG-MEIDERICH SCHLEUSE OW,2026-06-30 00:37:00+00:00,24.99,24.903244446642333,24.999622812101858,0.09637836545952363,1,-0.009622812101859779,0.009622812101859779
DUISBURG-MEIDERICH SCHLEUSE UW,2026-06-30 00:37:00+00:00,18.17,18.194118441977356,18.162784161002804,-0.0313342809745529,1,0.007215838997197466,0.007215838997197466
DUISBURG-MEIDERICH SCHLEUSE OW,2026-06-30 00:38:00+00:00,24.99,24.903244446642333,24.999622812101858,0.09637836545952363,1,-0.009622812101859779,0.009622812101859779
DUISBURG-MEIDERICH SCHLEUSE UW,2026-06-30 00:38:00+00:00,18.17,18.194118441977356,18.162784161002804,-0.0313342809745529,1,0.007215838997197466,0.007215838997197466
DUISBURG-MEIDERICH SCHLEUSE OW,2026-06-30 00:39:00+00:00,24.99,24.903244446642333,24.999622812101858,0.09637836545952363,1,-0.009622812101859779,0.009622812101859779
DUISBURG-MEIDERICH SCHLEUSE UW,2026-06-30 00:39:00+00:00,18.17,18.194118441977356,18.162784161002804,-0.0313342809745529,1,0.007215838997197466,0.007215838997197466
Basel-Rheinhalle,2026-06-30 00:40:00+00:00,517.0,517.1596665225389,517.1596665225389,0.0,1,-0.15966652253894154,0.15966652253894154
DUISBURG-MEIDERICH SCHLEUSE OW,2026-06-30 00:40:00+00:00,24.99,24.903244446642333,24.999622812101858,0.09637836545952363,1,-0.009622812101859779,0.009622812101859779
DUISBURG-MEIDERICH SCHLEUSE UW,2026-06-30 00:40:00+00:00,18.17,18.194118441977356,18.162784161002804,-0.0313342809745529,1,0.007215838997197466,0.007215838997197466
LOBITH,2026-06-30 00:40:00+00:00,704.0,704.7397785880244,704.7397785880244,0.0,1,-0.7397785880243646,0.7397785880243646
DUISBURG-MEIDERICH SCHLEUSE OW,2026-06-30 00:41:00+00:00,24.99,24.903244446642333,24.999622812101858,0.09637836545952363,1,-0.009622812101859779,0.009622812101859779
DUISBURG-MEIDERICH SCHLEUSE UW,2026-06-30 00:41:00+00:00,18.17,18.194118441977356,18.162784161002804,-0.0313342809745529,1,0.007215838997197466,0.007215838997197466
DUISBURG-MEIDERICH SCHLEUSE OW,2026-06-30 00:42:00+00:00,24.99,24.903244446642333,24.999622812101858,0.09637836545952363,1,-0.009622812101859779,0.009622812101859779
DUISBURG-MEIDERICH SCHLEUSE UW,2026-06-30 00:42:00+00:00,18.17,18.194118441977356,18.162784161002804,-0.0313342809745529,1,0.007215838997197466,0.007215838997197466
DUISBURG-MEIDERICH SCHLEUSE OW,2026-06-30 00:43:00+00:00,24.99,24.903244446642333,24.999622812101858,0.09637836545952363,1,-0.009622812101859779,0.009622812101859779
DUISBURG-MEIDERICH SCHLEUSE UW,2026-06-30 00:43:00+00:00,18.17,18.194118441977356,18.162784161002804,-0.0313342809745529,1,0.007215838997197466,0.007215838997197466
DUISBURG-MEIDERICH SCHLEUSE OW,2026-06-30 00:44:00+00:00,24.99,24.903244446642333,24.999622812101858,0.09637836545952363,1,-0.009622812101859779,0.009622812101859779
DUISBURG-MEIDERICH SCHLEUSE UW,2026-06-30 00:44:00+00:00,18.17,18.194118441977356,18.162784161002804,-0.0313342809745529,1,0.007215838997197466,0.007215838997197466
BINGEN,2026-06-30 00:45:00+00:00,106.0,105.08525434144126,105.08525434144126,0.0,1,0.9147456585587435,0.9147456585587435
BONN,2026-06-30 00:45:00+00:00,140.0,141.02496408545932,141.02496408545932,0.0,1,-1.0249640854593167,1.0249640854593167
BREISACH,2026-06-30 00:45:00+00:00,188.0,188.33033176350972,188.33033176350972,0.0,1,-0.3303317635097187,0.3303317635097187
Basel-Rheinhalle,2026-06-30 00:45:00+00:00,519.0,516.0301929255911,516.0301929255911,0.0,1,2.969807074408891,2.969807074408891
DUISBURG-MEIDERICH SCHLEUSE OW,2026-06-30 00:45:00+00:00,24.99,24.903244446642333,24.999622812101858,0.09637836545952363,1,-0.009622812101859779,0.009622812101859779
DUISBURG-MEIDERICH SCHLEUSE UW,2026-06-30 00:45:00+00:00,18.17,18.194118441977356,18.162784161002804,-0.0313342809745529,1,0.007215838997197466,0.007215838997197466
DUISBURG-RUHRORT,2026-06-30 00:45:00+00:00,215.0,213.80111863875152,213.80111863875152,0.0,1,1.1988813612484819,1.1988813612484819
DÜSSELDORF,2026-06-30 00:45:00+00:00,81.0,82.08708595666795,82.08708595666795,0.0,1,-1.0870859566679485,1.0870859566679485
EMMERICH,2026-06-30 00:45:00+00:00,53.0,53.94426297120933,53.94426297120933,0.0,1,-0.9442629712093265,0.9442629712093265
IFFEZHEIM,2026-06-30 00:45:00+00:00,151.0,154.09016943408648,154.09016943408648,0.0,1,-3.0901694340864765,3.0901694340864765
KAUB,2026-06-30 00:45:00+00:00,85.0,84.97603374745643,84.97603374745643,0.0,1,0.02396625254357332,0.02396625254357332
KOBLENZ,2026-06-30 00:45:00+00:00,82.0,79.55669848836152,79.55669848836152,0.0,1,2.443301511638481,2.443301511638481
KONSTANZ-RHEIN,2026-06-30 00:45:00+00:00,313.0,314.53498761707266,314.53498761707266,0.0,1,-1.5349876170726588,1.5349876170726588
Koblenz OP,2026-06-30 00:45:00+00:00,201.0,200.92987950121332,200.92987950121332,0.0,1,0.07012049878667881,0.07012049878667881
Koblenz UP,2026-06-30 00:45:00+00:00,49.0,48.569090630978195,48.569090630978195,0.0,1,0.4309093690218049,0.4309093690218049
KÖLN,2026-06-30 00:45:00+00:00,133.0,132.28659122229007,132.28659122229007,0.0,1,0.7134087777099296,0.7134087777099296
MAINZ,2026-06-30 00:45:00+00:00,186.0,187.89902074490968,187.89902074490968,0.0,1,-1.8990207449096772,1.8990207449096772
MANNHEIM,2026-06-30 00:45:00+00:00,162.0,160.2435001196946,160.2435001196946,0.0,1,1.7564998803053982,1.7564998803053982
MAXAU,2026-06-30 00:45:00+00:00,411.0,409.25372536414955,409.25372536414955,0.0,1,1.7462746358504546,1.7462746358504546
REES,2026-06-30 00:45:00+00:00,96.0,97.39821916093891,97.39821916093891,0.0,1,-1.3982191609389076,1.3982191609389076
RHEINE UNTERSCHLEUSE,2026-06-30 00:45:00+00:00,204.0,211.44376873429917,211.44376873429917,0.0,1,-7.443768734299169,7.443768734299169
RHEINWEILER,2026-06-30 00:45:00+00:00,223.0,224.34130281883193,224.34130281883193,0.0,1,-1.3413028188319345,1.3413028188319345
SANKT GOAR,2026-06-30 00:45:00+00:00,174.0,172.62088450363422,172.62088450363422,0.0,1,1.3791154963657846,1.3791154963657846
SPEYER,2026-06-30 00:45:00+00:00,253.0,252.23011977021926,252.23011977021926,0.0,1,0.769880229780739,0.769880229780739
WESEL,2026-06-30 00:45:00+00:00,150.0,150.821511302837,150.821511302837,0.0,1,-0.8215113028369956,0.8215113028369956
WORMS,2026-06-30 00:45:00+00:00,73.0,72.89509193000755,72.89509193000755,0.0,1,0.1049080699924474,0.1049080699924474
DUISBURG-MEIDERICH SCHLEUSE OW,2026-06-30 00:46:00+00:00,24.99,24.903244446642333,24.999622812101858,0.09637836545952363,1,-0.009622812101859779,0.009622812101859779
DUISBURG-MEIDERICH SCHLEUSE UW,2026-06-30 00:46:00+00:00,18.17,18.194118441977356,18.162784161002804,-0.0313342809745529,1,0.007215838997197466,0.007215838997197466
DUISBURG-MEIDERICH SCHLEUSE OW,2026-06-30 00:47:00+00:00,24.99,24.903244446642333,24.999622812101858,0.09637836545952363,1,-0.009622812101859779,0.009622812101859779
DUISBURG-MEIDERICH SCHLEUSE UW,2026-06-30 00:47:00+00:00,18.17,18.194118441977356,18.162784161002804,-0.0313342809745529,1,0.007215838997197466,0.007215838997197466
DUISBURG-MEIDERICH SCHLEUSE OW,2026-06-30 00:48:00+00:00,24.99,24.903244446642333,24.999622812101858,0.09637836545952363,1,-0.009622812101859779,0.009622812101859779
DUISBURG-MEIDERICH SCHLEUSE UW,2026-06-30 00:48:00+00:00,18.17,18.194118441977356,18.162784161002804,-0.0313342809745529,1,0.007215838997197466,0.007215838997197466
DUISBURG-MEIDERICH SCHLEUSE OW,2026-06-30 00:49:00+00:00,24.99,24.903244446642333,24.999622812101858,0.09637836545952363,1,-0.009622812101859779,0.009622812101859779
DUISBURG-MEIDERICH SCHLEUSE UW,2026-06-30 00:49:00+00:00,18.17,18.194118441977356,18.162784161002804,-0.0313342809745529,1,0.007215838997197466,0.007215838997197466
Basel-Rheinhalle,2026-06-30 00:50:00+00:00,519.0,515.8353070077566,515.8353070077566,0.0,1,3.164692992243431,3.164692992243431
DUISBURG-MEIDERICH SCHLEUSE OW,2026-06-30 00:50:00+00:00,24.99,24.903244446642333,24.999622812101858,0.09637836545952363,1,-0.009622812101859779,0.009622812101859779
DUISBURG-MEIDERICH SCHLEUSE UW,2026-06-30 00:50:00+00:00,18.17,18.194118441977356,18.162784161002804,-0.0313342809745529,1,0.007215838997197466,0.007215838997197466
LOBITH,2026-06-30 00:50:00+00:00,704.0,704.7397785880244,704.7397785880244,0.0,1,-0.7397785880243646,0.7397785880243646
DUISBURG-MEIDERICH SCHLEUSE OW,2026-06-30 00:51:00+00:00,24.99,24.903244446642333,24.999622812101858,0.09637836545952363,1,-0.009622812101859779,0.009622812101859779
DUISBURG-MEIDERICH SCHLEUSE UW,2026-06-30 00:51:00+00:00,18.17,18.194118441977356,18.162784161002804,-0.0313342809745529,1,0.007215838997197466,0.007215838997197466
DUISBURG-MEIDERICH SCHLEUSE OW,2026-06-30 00:52:00+00:00,24.99,24.903244446642333,24.999622812101858,0.09637836545952363,1,-0.009622812101859779,0.009622812101859779
DUISBURG-MEIDERICH SCHLEUSE UW,2026-06-30 00:52:00+00:00,18.17,18.194118441977356,18.162784161002804,-0.0313342809745529,1,0.007215838997197466,0.007215838997197466
DUISBURG-MEIDERICH SCHLEUSE OW,2026-06-30 00:53:00+00:00,24.99,24.903244446642333,24.999622812101858,0.09637836545952363,1,-0.009622812101859779,0.009622812101859779
DUISBURG-MEIDERICH SCHLEUSE UW,2026-06-30 00:53:00+00:00,18.17,18.194118441977356,18.162784161002804,-0.0313342809745529,1,0.007215838997197466,0.007215838997197466
DUISBURG-MEIDERICH SCHLEUSE OW,2026-06-30 00:54:00+00:00,24.99,24.903244446642333,24.999622812101858,0.09637836545952363,1,-0.009622812101859779,0.009622812101859779
DUISBURG-MEIDERICH SCHLEUSE UW,2026-06-30 00:54:00+00:00,18.17,18.194118441977356,18.162784161002804,-0.0313342809745529,1,0.007215838997197466,0.007215838997197466
Basel-Rheinhalle,2026-06-30 00:55:00+00:00,522.0,515.8353070077566,515.8353070077566,0.0,1,6.164692992243431,6.164692992243431
DUISBURG-MEIDERICH SCHLEUSE OW,2026-06-30 00:55:00+00:00,24.99,24.903244446642333,24.999622812101858,0.09637836545952363,1,-0.009622812101859779,0.009622812101859779
DUISBURG-MEIDERICH SCHLEUSE UW,2026-06-30 00:55:00+00:00,18.17,18.194118441977356,18.162784161002804,-0.0313342809745529,1,0.007215838997197466,0.007215838997197466
DUISBURG-MEIDERICH SCHLEUSE OW,2026-06-30 00:56:00+00:00,24.99,24.903244446642333,24.999622812101858,0.09637836545952363,1,-0.009622812101859779,0.009622812101859779
DUISBURG-MEIDERICH SCHLEUSE UW,2026-06-30 00:56:00+00:00,18.17,18.194118441977356,18.162784161002804,-0.0313342809745529,1,0.007215838997197466,0.007215838997197466
DUISBURG-MEIDERICH SCHLEUSE OW,2026-06-30 00:57:00+00:00,24.99,24.903244446642333,24.999622812101858,0.09637836545952363,1,-0.009622812101859779,0.009622812101859779
DUISBURG-MEIDERICH SCHLEUSE UW,2026-06-30 00:57:00+00:00,18.17,18.194118441977356,18.162784161002804,-0.0313342809745529,1,0.007215838997197466,0.007215838997197466
DUISBURG-MEIDERICH SCHLEUSE OW,2026-06-30 00:58:00+00:00,24.99,24.903244446642333,24.999622812101858,0.09637836545952363,1,-0.009622812101859779,0.009622812101859779
DUISBURG-MEIDERICH SCHLEUSE UW,2026-06-30 00:58:00+00:00,18.17,18.194118441977356,18.162784161002804,-0.0313342809745529,1,0.007215838997197466,0.007215838997197466
DUISBURG-MEIDERICH SCHLEUSE OW,2026-06-30 00:59:00+00:00,24.99,24.903244446642333,24.999622812101858,0.09637836545952363,1,-0.009622812101859779,0.009622812101859779
DUISBURG-MEIDERICH SCHLEUSE UW,2026-06-30 00:59:00+00:00,18.17,18.194118441977356,18.162784161002804,-0.0313342809745529,1,0.007215838997197466,0.007215838997197466
BINGEN,2026-06-30 01:00:00+00:00,106.0,105.21692930976417,105.21692930976417,0.0,1,0.7830706902358315,0.7830706902358315
BONN,2026-06-30 01:00:00+00:00,140.0,141.28946241423577,141.28946241423577,0.0,1,-1.2894624142357713,1.2894624142357713
BREISACH,2026-06-30 01:00:00+00:00,185.0,194.54578512562267,194.54578512562267,0.0,1,-9.545785125622672,9.545785125622672
Basel-Rheinhalle,2026-06-30 01:00:00+00:00,522.0,515.954791404537,515.954791404537,0.0,1,6.045208595463009,6.045208595463009
DUISBURG-MEIDERICH SCHLEUSE OW,2026-06-30 01:00:00+00:00,24.99,24.903244446642333,24.999622812101858,0.09637836545952363,1,-0.009622812101859779,0.009622812101859779
DUISBURG-MEIDERICH SCHLEUSE UW,2026-06-30 01:00:00+00:00,18.17,18.194118441977356,18.163645285408162,-0.03047315656919505,1,0.006354714591839894,0.006354714591839894
DUISBURG-RUHRORT,2026-06-30 01:00:00+00:00,214.0,211.86152020935322,211.86152020935322,0.0,1,2.138479790646784,2.138479790646784
DÜSSELDORF,2026-06-30 01:00:00+00:00,80.0,79.89294206557827,79.89294206557827,0.0,1,0.10705793442173217,0.10705793442173217
EMMERICH,2026-06-30 01:00:00+00:00,53.0,53.560247196293865,53.560247196293865,0.0,1,-0.5602471962938651,0.5602471962938651
IFFEZHEIM,2026-06-30 01:00:00+00:00,149.0,156.2789348059929,156.2789348059929,0.0,1,-7.27893480599289,7.27893480599289
KAUB,2026-06-30 01:00:00+00:00,87.0,84.34679028650416,84.34679028650416,0.0,1,2.6532097134958406,2.6532097134958406
KOBLENZ,2026-06-30 01:00:00+00:00,82.0,81.67966567058608,81.67966567058608,0.0,1,0.3203343294139245,0.3203343294139245
KONSTANZ-RHEIN,2026-06-30 01:00:00+00:00,313.0,314.8659595847071,314.8659595847071,0.0,1,-1.8659595847071273,1.8659595847071273
Koblenz OP,2026-06-30 01:00:00+00:00,201.0,201.69972631584344,201.69972631584344,0.0,1,-0.699726315843435,0.699726315843435
Koblenz UP,2026-06-30 01:00:00+00:00,49.0,48.334792900375625,48.334792900375625,0.0,1,0.6652070996243751,0.6652070996243751
KÖLN,2026-06-30 01:00:00+00:00,134.0,132.53756749253128,132.53756749253128,0.0,1,1.4624325074687192,1.4624325074687192
LOBITH,2026-06-30 01:00:00+00:00,704.0,704.7397785880244,704.7397785880244,0.0,1,-0.7397785880243646,0.7397785880243646
MAINZ,2026-06-30 01:00:00+00:00,185.0,187.98578570584183,187.98578570584183,0.0,1,-2.9857857058418347,2.9857857058418347
MANNHEIM,2026-06-30 01:00:00+00:00,163.0,160.56883650715505,160.56883650715505,0.0,1,2.431163492844945,2.431163492844945
MAXAU,2026-06-30 01:00:00+00:00,411.0,410.0663988441459,410.0663988441459,0.0,1,0.9336011558540918,0.9336011558540918
REES,2026-06-30 01:00:00+00:00,96.0,97.5205690859955,97.5205690859955,0.0,1,-1.520569085995504,1.520569085995504
RHEINE UNTERSCHLEUSE,2026-06-30 01:00:00+00:00,199.0,209.27663264641586,209.27663264641586,0.0,1,-10.276632646415862,10.276632646415862
RHEINWEILER,2026-06-30 01:00:00+00:00,223.0,224.44166783538458,224.44166783538458,0.0,1,-1.4416678353845782,1.4416678353845782
SANKT GOAR,2026-06-30 01:00:00+00:00,174.0,169.8800530996088,169.8800530996088,0.0,1,4.119946900391199,4.119946900391199
SPEYER,2026-06-30 01:00:00+00:00,253.0,251.76312408704848,251.76312408704848,0.0,1,1.2368759129515183,1.2368759129515183
WESEL,2026-06-30 01:00:00+00:00,151.0,150.95882201146432,150.95882201146432,0.0,1,0.04117798853567933,0.04117798853567933
WORMS,2026-06-30 01:00:00+00:00,73.0,73.27731606367993,73.27731606367993,0.0,1,-0.2773160636799332,0.2773160636799332
DUISBURG-MEIDERICH SCHLEUSE OW,2026-06-30 01:01:00+00:00,24.99,24.887568012278027,24.983946377737553,0.09637836545952363,1,0.006053622262445657,0.006053622262445657
DUISBURG-MEIDERICH SCHLEUSE UW,2026-06-30 01:01:00+00:00,18.17,18.17003506140344,18.13945665999249,-0.030578401410950088,1,0.030543340007511688,0.030543340007511688
DUISBURG-MEIDERICH SCHLEUSE OW,2026-06-30 01:02:00+00:00,24.99,24.887568012278027,25.03729654488633,0.14972853260830354,1,-0.047296544886332725,0.047296544886332725
DUISBURG-MEIDERICH SCHLEUSE UW,2026-06-30 01:02:00+00:00,18.17,18.175593201051203,18.140495034484484,-0.03509816656671889,1,0.02950496551551751,0.02950496551551751
DUISBURG-MEIDERICH SCHLEUSE OW,2026-06-30 01:03:00+00:00,24.99,24.903244446642333,25.052972979250637,0.14972853260830354,1,-0.06297297925063816,0.06297297925063816
DUISBURG-MEIDERICH SCHLEUSE UW,2026-06-30 01:03:00+00:00,18.17,18.19967658162512,18.128815739720583,-0.0708608419045355,1,0.041184260279418794,0.041184260279418794
DUISBURG-MEIDERICH SCHLEUSE OW,2026-06-30 01:04:00+00:00,24.99,24.903244446642333,25.052972979250637,0.14972853260830354,1,-0.06297297925063816,0.06297297925063816
DUISBURG-MEIDERICH SCHLEUSE UW,2026-06-30 01:04:00+00:00,18.17,18.194118441977356,18.159108626232864,-0.03500981574449165,1,0.010891373767137225,0.010891373767137225
Basel-Rheinhalle,2026-06-30 01:05:00+00:00,521.0,515.2371081407266,515.2371081407266,0.0,1,5.762891859273395,5.762891859273395
DUISBURG-MEIDERICH SCHLEUSE OW,2026-06-30 01:05:00+00:00,25.0,24.903244446642333,25.052972979250637,0.14972853260830354,1,-0.0529729792506366,0.0529729792506366
DUISBURG-MEIDERICH SCHLEUSE UW,2026-06-30 01:05:00+00:00,18.16,18.194118441977356,18.159108626232864,-0.03500981574449165,1,0.0008913737671356614,0.0008913737671356614
DUISBURG-MEIDERICH SCHLEUSE OW,2026-06-30 01:06:00+00:00,25.0,24.904692530440293,24.994452605742364,0.0897600753020704,1,0.0055473942576362845,0.0055473942576362845
DUISBURG-MEIDERICH SCHLEUSE UW,2026-06-30 01:06:00+00:00,18.16,18.195566525775316,18.14961077232485,-0.04595575345046759,1,0.010389227675151602,0.010389227675151602
DUISBURG-MEIDERICH SCHLEUSE OW,2026-06-30 01:07:00+00:00,25.0,24.904692530440293,24.994452605742364,0.0897600753020704,1,0.0055473942576362845,0.0055473942576362845
DUISBURG-MEIDERICH SCHLEUSE UW,2026-06-30 01:07:00+00:00,18.16,18.195566525775316,18.149012718527636,-0.04655380724767819,1,0.010987281472363719,0.010987281472363719
DUISBURG-MEIDERICH SCHLEUSE OW,2026-06-30 01:08:00+00:00,25.0,24.904692530440293,24.994452605742364,0.0897600753020704,1,0.0055473942576362845,0.0055473942576362845
DUISBURG-MEIDERICH SCHLEUSE UW,2026-06-30 01:08:00+00:00,18.16,18.195566525775316,18.149012718527636,-0.04655380724767819,1,0.010987281472363719,0.010987281472363719
DUISBURG-MEIDERICH SCHLEUSE OW,2026-06-30 01:09:00+00:00,25.0,24.904692530440293,24.994452605742364,0.0897600753020704,1,0.0055473942576362845,0.0055473942576362845
DUISBURG-MEIDERICH SCHLEUSE UW,2026-06-30 01:09:00+00:00,18.16,18.195566525775316,18.149012718527636,-0.04655380724767819,1,0.010987281472363719,0.010987281472363719
Basel-Rheinhalle,2026-06-30 01:10:00+00:00,521.0,513.3858214095922,513.3858214095922,0.0,1,7.614178590407846,7.614178590407846
DUISBURG-MEIDERICH SCHLEUSE OW,2026-06-30 01:10:00+00:00,25.0,24.904692530440293,24.994452605742364,0.0897600753020704,1,0.0055473942576362845,0.0055473942576362845
DUISBURG-MEIDERICH SCHLEUSE UW,2026-06-30 01:10:00+00:00,18.16,18.195566525775316,18.149012718527636,-0.04655380724767819,1,0.010987281472363719,0.010987281472363719
LOBITH,2026-06-30 01:10:00+00:00,705.0,703.8066394806965,703.8066394806965,0.0,1,1.1933605193034964,1.1933605193034964
DUISBURG-MEIDERICH SCHLEUSE OW,2026-06-30 01:11:00+00:00,25.0,24.904692530440293,24.994452605742364,0.0897600753020704,1,0.0055473942576362845,0.0055473942576362845
DUISBURG-MEIDERICH SCHLEUSE UW,2026-06-30 01:11:00+00:00,18.16,18.195566525775316,18.149012718527636,-0.04655380724767819,1,0.010987281472363719,0.010987281472363719
DUISBURG-MEIDERICH SCHLEUSE OW,2026-06-30 01:12:00+00:00,25.0,24.904692530440293,24.994452605742364,0.0897600753020704,1,0.0055473942576362845,0.0055473942576362845
DUISBURG-MEIDERICH SCHLEUSE UW,2026-06-30 01:12:00+00:00,18.16,18.195566525775316,18.149012718527636,-0.04655380724767819,1,0.010987281472363719,0.010987281472363719
DUISBURG-MEIDERICH SCHLEUSE OW,2026-06-30 01:13:00+00:00,25.0,24.904692530440293,24.994452605742364,0.0897600753020704,1,0.0055473942576362845,0.0055473942576362845
DUISBURG-MEIDERICH SCHLEUSE UW,2026-06-30 01:13:00+00:00,18.16,18.195566525775316,18.149012718527636,-0.04655380724767819,1,0.010987281472363719,0.010987281472363719
DUISBURG-MEIDERICH SCHLEUSE OW,2026-06-30 01:14:00+00:00,25.0,24.904692530440293,24.994452605742364,0.0897600753020704,1,0.0055473942576362845,0.0055473942576362845
DUISBURG-MEIDERICH SCHLEUSE UW,2026-06-30 01:14:00+00:00,18.16,18.195566525775316,18.149012718527636,-0.04655380724767819,1,0.010987281472363719,0.010987281472363719
BINGEN,2026-06-30 01:15:00+00:00,106.0,105.28679970872213,105.28679970872213,0.0,1,0.7132002912778717,0.7132002912778717
BONN,2026-06-30 01:15:00+00:00,140.0,141.21748427255883,141.21748427255883,0.0,1,-1.2174842725588348,1.2174842725588348
BREISACH,2026-06-30 01:15:00+00:00,184.0,194.30324746058426,194.30324746058426,0.0,1,-10.30324746058426,10.30324746058426
Basel-Rheinhalle,2026-06-30 01:15:00+00:00,522.0,521.9003704747686,521.9003704747686,0.0,1,0.09962952523142121,0.09962952523142121
DUISBURG-MEIDERICH SCHLEUSE OW,2026-06-30 01:15:00+00:00,25.0,24.904692530440293,24.994452605742364,0.0897600753020704,1,0.0055473942576362845,0.0055473942576362845
DUISBURG-MEIDERICH SCHLEUSE UW,2026-06-30 01:15:00+00:00,18.16,18.195566525775316,18.149012718527636,-0.04655380724767819,1,0.010987281472363719,0.010987281472363719
DUISBURG-RUHRORT,2026-06-30 01:15:00+00:00,214.0,211.83540144963928,211.83540144963928,0.0,1,2.164598550360722,2.164598550360722
DÜSSELDORF,2026-06-30 01:15:00+00:00,81.0,79.79789474491014,79.79789474491014,0.0,1,1.2021052550898617,1.2021052550898617
EMMERICH,2026-06-30 01:15:00+00:00,54.0,54.014267759555835,54.014267759555835,0.0,1,-0.014267759555835369,0.014267759555835369
IFFEZHEIM,2026-06-30 01:15:00+00:00,153.0,156.41812144455352,156.41812144455352,0.0,1,-3.4181214445535204,3.4181214445535204
KAUB,2026-06-30 01:15:00+00:00,86.0,84.43065354650491,84.43065354650491,0.0,1,1.5693464534950863,1.5693464534950863
KOBLENZ,2026-06-30 01:15:00+00:00,83.0,79.43467886213575,79.43467886213575,0.0,1,3.5653211378642453,3.5653211378642453
KONSTANZ-RHEIN,2026-06-30 01:15:00+00:00,313.0,314.27900067907603,314.27900067907603,0.0,1,-1.2790006790760344,1.2790006790760344
Koblenz OP,2026-06-30 01:15:00+00:00,200.0,203.9799406598039,203.9799406598039,0.0,1,-3.9799406598039013,3.9799406598039013
Koblenz UP,2026-06-30 01:15:00+00:00,50.0,49.39609398667989,49.39609398667989,0.0,1,0.6039060133201133,0.6039060133201133
KÖLN,2026-06-30 01:15:00+00:00,134.0,132.46558935085434,132.46558935085434,0.0,1,1.5344106491456557,1.5344106491456557
MAINZ,2026-06-30 01:15:00+00:00,186.0,187.684506064529,187.684506064529,0.0,1,-1.684506064528989,1.684506064528989
MANNHEIM,2026-06-30 01:15:00+00:00,162.0,160.03154225723654,160.03154225723654,0.0,1,1.9684577427634622,1.9684577427634622
MAXAU,2026-06-30 01:15:00+00:00,411.0,409.98931856433137,409.98931856433137,0.0,1,1.01068143566863,1.01068143566863
REES,2026-06-30 01:15:00+00:00,96.0,97.49648570542158,97.49648570542158,0.0,1,-1.496485705421577,1.496485705421577
RHEINE UNTERSCHLEUSE,2026-06-30 01:15:00+00:00,197.0,209.01155141107853,209.01155141107853,0.0,1,-12.011551411078528,12.011551411078528
RHEINWEILER,2026-06-30 01:15:00+00:00,224.0,223.911676337967,223.911676337967,0.0,1,0.08832366203299102,0.08832366203299102
SANKT GOAR,2026-06-30 01:15:00+00:00,174.0,170.01969376266877,170.01969376266877,0.0,1,3.9803062373312343,3.9803062373312343
SPEYER,2026-06-30 01:15:00+00:00,254.0,252.463558204257,252.463558204257,0.0,1,1.536441795743002,1.536441795743002
WESEL,2026-06-30 01:15:00+00:00,151.0,150.92887156824904,150.92887156824904,0.0,1,0.07112843175096373,0.07112843175096373
WORMS,2026-06-30 01:15:00+00:00,73.0,72.30974797312703,72.30974797312703,0.0,1,0.6902520268729688,0.6902520268729688
DUISBURG-MEIDERICH SCHLEUSE OW,2026-06-30 01:16:00+00:00,25.0,24.904692530440293,24.994452605742364,0.0897600753020704,1,0.0055473942576362845,0.0055473942576362845
DUISBURG-MEIDERICH SCHLEUSE UW,2026-06-30 01:16:00+00:00,18.16,18.195566525775316,18.149012718527636,-0.04655380724767819,1,0.010987281472363719,0.010987281472363719
DUISBURG-MEIDERICH SCHLEUSE OW,2026-06-30 01:17:00+00:00,25.0,24.904692530440293,24.994452605742364,0.0897600753020704,1,0.0055473942576362845,0.0055473942576362845
DUISBURG-MEIDERICH SCHLEUSE UW,2026-06-30 01:17:00+00:00,18.16,18.195566525775316,18.149012718527636,-0.04655380724767819,1,0.010987281472363719,0.010987281472363719
DUISBURG-MEIDERICH SCHLEUSE OW,2026-06-30 01:18:00+00:00,25.0,24.904692530440293,24.994452605742364,0.0897600753020704,1,0.0055473942576362845,0.0055473942576362845
DUISBURG-MEIDERICH SCHLEUSE UW,2026-06-30 01:18:00+00:00,18.16,18.195566525775316,18.149012718527636,-0.04655380724767819,1,0.010987281472363719,0.010987281472363719
DUISBURG-MEIDERICH SCHLEUSE OW,2026-06-30 01:19:00+00:00,25.0,24.904692530440293,24.994452605742364,0.0897600753020704,1,0.0055473942576362845,0.0055473942576362845
DUISBURG-MEIDERICH SCHLEUSE UW,2026-06-30 01:19:00+00:00,18.16,18.195566525775316,18.149012718527636,-0.04655380724767819,1,0.010987281472363719,0.010987281472363719
Basel-Rheinhalle,2026-06-30 01:20:00+00:00,521.0,520.8386998968153,520.8386998968153,0.0,1,0.16130010318465793,0.16130010318465793
DUISBURG-MEIDERICH SCHLEUSE OW,2026-06-30 01:20:00+00:00,25.0,24.904692530440293,24.994452605742364,0.0897600753020704,1,0.0055473942576362845,0.0055473942576362845
DUISBURG-MEIDERICH SCHLEUSE UW,2026-06-30 01:20:00+00:00,18.16,18.195566525775316,18.149012718527636,-0.04655380724767819,1,0.010987281472363719,0.010987281472363719
LOBITH,2026-06-30 01:20:00+00:00,704.0,704.5916712205773,704.5916712205773,0.0,1,-0.5916712205772683,0.5916712205772683
DUISBURG-MEIDERICH SCHLEUSE OW,2026-06-30 01:21:00+00:00,25.0,24.904692530440293,24.994452605742364,0.0897600753020704,1,0.0055473942576362845,0.0055473942576362845
DUISBURG-MEIDERICH SCHLEUSE UW,2026-06-30 01:21:00+00:00,18.16,18.195566525775316,18.149012718527636,-0.04655380724767819,1,0.010987281472363719,0.010987281472363719
DUISBURG-MEIDERICH SCHLEUSE OW,2026-06-30 01:22:00+00:00,25.0,24.904692530440293,24.994452605742364,0.0897600753020704,1,0.0055473942576362845,0.0055473942576362845
DUISBURG-MEIDERICH SCHLEUSE UW,2026-06-30 01:22:00+00:00,18.16,18.195566525775316,18.149012718527636,-0.04655380724767819,1,0.010987281472363719,0.010987281472363719
DUISBURG-MEIDERICH SCHLEUSE OW,2026-06-30 01:23:00+00:00,25.0,24.904692530440293,24.994452605742364,0.0897600753020704,1,0.0055473942576362845,0.0055473942576362845
DUISBURG-MEIDERICH SCHLEUSE UW,2026-06-30 01:23:00+00:00,18.16,18.195566525775316,18.149012718527636,-0.04655380724767819,1,0.010987281472363719,0.010987281472363719
DUISBURG-MEIDERICH SCHLEUSE OW,2026-06-30 01:24:00+00:00,25.0,24.904692530440293,24.994452605742364,0.0897600753020704,1,0.0055473942576362845,0.0055473942576362845
DUISBURG-MEIDERICH SCHLEUSE UW,2026-06-30 01:24:00+00:00,18.16,18.195566525775316,18.149012718527636,-0.04655380724767819,1,0.010987281472363719,0.010987281472363719
Basel-Rheinhalle,2026-06-30 01:25:00+00:00,519.0,521.9088656081863,521.9088656081863,0.0,1,-2.908865608186261,2.908865608186261
DUISBURG-MEIDERICH SCHLEUSE OW,2026-06-30 01:25:00+00:00,25.0,24.904692530440293,24.994452605742364,0.0897600753020704,1,0.0055473942576362845,0.0055473942576362845
DUISBURG-MEIDERICH SCHLEUSE UW,2026-06-30 01:25:00+00:00,18.16,18.195566525775316,18.149012718527636,-0.04655380724767819,1,0.010987281472363719,0.010987281472363719
DUISBURG-MEIDERICH SCHLEUSE OW,2026-06-30 01:26:00+00:00,25.0,24.904692530440293,24.994452605742364,0.0897600753020704,1,0.0055473942576362845,0.0055473942576362845
DUISBURG-MEIDERICH SCHLEUSE UW,2026-06-30 01:26:00+00:00,18.16,18.195566525775316,18.149012718527636,-0.04655380724767819,1,0.010987281472363719,0.010987281472363719
DUISBURG-MEIDERICH SCHLEUSE OW,2026-06-30 01:27:00+00:00,25.0,24.904692530440293,24.994452605742364,0.0897600753020704,1,0.0055473942576362845,0.0055473942576362845
DUISBURG-MEIDERICH SCHLEUSE UW,2026-06-30 01:27:00+00:00,18.16,18.195566525775316,18.149012718527636,-0.04655380724767819,1,0.010987281472363719,0.010987281472363719
DUISBURG-MEIDERICH SCHLEUSE OW,2026-06-30 01:28:00+00:00,25.0,24.904692530440293,24.994452605742364,0.0897600753020704,1,0.0055473942576362845,0.0055473942576362845
DUISBURG-MEIDERICH SCHLEUSE UW,2026-06-30 01:28:00+00:00,18.16,18.195566525775316,18.149012718527636,-0.04655380724767819,1,0.010987281472363719,0.010987281472363719
DUISBURG-MEIDERICH SCHLEUSE OW,2026-06-30 01:29:00+00:00,25.0,24.515053427605025,24.747089452436313,0.23203602483128818,1,0.2529105475636868,0.2529105475636868
DUISBURG-MEIDERICH SCHLEUSE UW,2026-06-30 01:29:00+00:00,18.16,18.195566525775316,18.150705930282186,-0.04486059549312971,1,0.009294069717814324,0.009294069717814324
BINGEN,2026-06-30 01:30:00+00:00,106.0,105.24108898910335,105.24108898910335,0.0,1,0.7589110108966537,0.7589110108966537
BONN,2026-06-30 01:30:00+00:00,139.0,141.21748427255883,141.21748427255883,0.0,1,-2.217484272558835,2.217484272558835
BREISACH,2026-06-30 01:30:00+00:00,185.0,189.3306803707003,189.3306803707003,0.0,1,-4.330680370700293,4.330680370700293
Basel-Rheinhalle,2026-06-30 01:30:00+00:00,519.0,523.2333956797247,523.2333956797247,0.0,1,-4.233395679724708,4.233395679724708
DUISBURG-MEIDERICH SCHLEUSE OW,2026-06-30 01:30:00+00:00,25.0,24.778876110020338,25.010912134851626,0.23203602483128818,1,-0.01091213485162612,0.01091213485162612
DUISBURG-MEIDERICH SCHLEUSE UW,2026-06-30 01:30:00+00:00,18.16,18.20112466542308,18.135581742962476,-0.06554292246060496,1,0.024418257037524427,0.024418257037524427
DUISBURG-RUHRORT,2026-06-30 01:30:00+00:00,213.0,211.83540144963928,211.83540144963928,0.0,1,1.1645985503607221,1.1645985503607221
DÜSSELDORF,2026-06-30 01:30:00+00:00,82.0,79.79789474491014,79.79789474491014,0.0,1,2.2021052550898617,2.2021052550898617
EMMERICH,2026-06-30 01:30:00+00:00,54.0,54.3982835344713,54.3982835344713,0.0,1,-0.3982835344712967,0.3982835344712967
IFFEZHEIM,2026-06-30 01:30:00+00:00,150.0,156.41812144455352,156.41812144455352,0.0,1,-6.41812144455352,6.41812144455352
KAUB,2026-06-30 01:30:00+00:00,87.0,84.29570619860388,84.29570619860388,0.0,1,2.704293801396119,2.704293801396119
KOBLENZ,2026-06-30 01:30:00+00:00,83.0,78.45924919941027,78.45924919941027,0.0,1,4.540750800589734,4.540750800589734
KONSTANZ-RHEIN,2026-06-30 01:30:00+00:00,313.0,313.18069976624645,313.18069976624645,0.0,1,-0.18069976624644823,0.18069976624644823
Koblenz OP,2026-06-30 01:30:00+00:00,201.0,203.85108546894824,203.85108546894824,0.0,1,-2.8510854689482414,2.8510854689482414
Koblenz UP,2026-06-30 01:30:00+00:00,48.0,49.51734373363216,49.51734373363216,0.0,1,-1.5173437336321598,1.5173437336321598
KÖLN,2026-06-30 01:30:00+00:00,134.0,132.4978540030398,132.4978540030398,0.0,1,1.502145996960195,1.502145996960195
LOBITH,2026-06-30 01:30:00+00:00,704.0,704.7397785880244,704.7397785880244,0.0,1,-0.7397785880243646,0.7397785880243646
MAINZ,2026-06-30 01:30:00+00:00,186.0,187.2287222413746,187.2287222413746,0.0,1,-1.2287222413746122,1.2287222413746122
MANNHEIM,2026-06-30 01:30:00+00:00,162.0,160.56883650715505,160.56883650715505,0.0,1,1.431163492844945,1.431163492844945
MAXAU,2026-06-30 01:30:00+00:00,411.0,410.12529442868606,410.12529442868606,0.0,1,0.8747055713139389,0.8747055713139389
REES,2026-06-30 01:30:00+00:00,96.0,97.48296364688623,97.48296364688623,0.0,1,-1.4829636468862333,1.4829636468862333
RHEINE UNTERSCHLEUSE,2026-06-30 01:30:00+00:00,193.0,206.01163990339202,206.01163990339202,0.0,1,-13.011639903392023,13.011639903392023
RHEINWEILER,2026-06-30 01:30:00+00:00,225.0,222.23923739403605,222.23923739403605,0.0,1,2.760762605963947,2.760762605963947
SANKT GOAR,2026-06-30 01:30:00+00:00,175.0,169.92583500960228,169.92583500960228,0.0,1,5.074164990397719,5.074164990397719
SPEYER,2026-06-30 01:30:00+00:00,254.0,251.76312408704848,251.76312408704848,0.0,1,2.2368759129515183,2.2368759129515183
WESEL,2026-06-30 01:30:00+00:00,151.0,150.94302589836497,150.94302589836497,0.0,1,0.05697410163503491,0.05697410163503491
WORMS,2026-06-30 01:30:00+00:00,73.0,72.42234055628423,72.42234055628423,0.0,1,0.577659443715774,0.577659443715774
DUISBURG-MEIDERICH SCHLEUSE OW,2026-06-30 01:31:00+00:00,25.01,24.778876110020338,25.010912134851626,0.23203602483128818,1,-0.0009121348516245575,0.0009121348516245575
DUISBURG-MEIDERICH SCHLEUSE UW,2026-06-30 01:31:00+00:00,18.16,18.20112466542308,18.135581742962476,-0.06554292246060496,1,0.024418257037524427,0.024418257037524427
DUISBURG-MEIDERICH SCHLEUSE OW,2026-06-30 01:32:00+00:00,25.01,24.422708610111282,24.683836650220616,0.2611280401093327,1,0.3261633497793852,0.3261633497793852
DUISBURG-MEIDERICH SCHLEUSE UW,2026-06-30 01:32:00+00:00,18.16,18.195566525775316,18.14873370041363,-0.046832825361685565,1,0.01126629958637082,0.01126629958637082
DUISBURG-MEIDERICH SCHLEUSE OW,2026-06-30 01:33:00+00:00,25.01,24.422708610111282,24.683836650220616,0.2611280401093327,1,0.3261633497793852,0.3261633497793852
DUISBURG-MEIDERICH SCHLEUSE UW,2026-06-30 01:33:00+00:00,18.16,18.195566525775316,18.14873370041363,-0.046832825361685565,1,0.01126629958637082,0.01126629958637082
DUISBURG-MEIDERICH SCHLEUSE OW,2026-06-30 01:34:00+00:00,25.01,24.422708610111282,24.683836650220616,0.2611280401093327,1,0.3261633497793852,0.3261633497793852
DUISBURG-MEIDERICH SCHLEUSE UW,2026-06-30 01:34:00+00:00,18.16,18.195566525775316,18.14873370041363,-0.046832825361685565,1,0.01126629958637082,0.01126629958637082
Basel-Rheinhalle,2026-06-30 01:35:00+00:00,519.0,521.5770002381138,521.5770002381138,0.0,1,-2.577000238113783,2.577000238113783
DUISBURG-MEIDERICH SCHLEUSE OW,2026-06-30 01:35:00+00:00,25.01,24.422708610111282,24.717201614405017,0.29449300429373404,1,0.2927983855949847,0.2927983855949847
DUISBURG-MEIDERICH SCHLEUSE UW,2026-06-30 01:35:00+00:00,18.16,18.195566525775316,18.158290024587018,-0.03727650118829854,1,0.0017099754129823452,0.0017099754129823452
DUISBURG-MEIDERICH SCHLEUSE OW,2026-06-30 01:36:00+00:00,25.01,24.422708610111282,24.717201614405017,0.29449300429373404,1,0.2927983855949847,0.2927983855949847
DUISBURG-MEIDERICH SCHLEUSE UW,2026-06-30 01:36:00+00:00,18.16,18.195566525775316,18.158290024587018,-0.03727650118829854,1,0.0017099754129823452,0.0017099754129823452
DUISBURG-MEIDERICH SCHLEUSE OW,2026-06-30 01:37:00+00:00,25.01,24.422708610111282,24.717201614405017,0.29449300429373404,1,0.2927983855949847,0.2927983855949847
DUISBURG-MEIDERICH SCHLEUSE UW,2026-06-30 01:37:00+00:00,18.16,18.195566525775316,18.158290024587018,-0.03727650118829854,1,0.0017099754129823452,0.0017099754129823452
DUISBURG-MEIDERICH SCHLEUSE OW,2026-06-30 01:38:00+00:00,25.01,24.422708610111282,24.717201614405017,0.29449300429373404,1,0.2927983855949847,0.2927983855949847
DUISBURG-MEIDERICH SCHLEUSE UW,2026-06-30 01:38:00+00:00,18.17,18.195566525775316,18.158290024587018,-0.03727650118829854,1,0.011709975412983908,0.011709975412983908
DUISBURG-MEIDERICH SCHLEUSE OW,2026-06-30 01:39:00+00:00,25.01,24.422708610111282,24.717201614405017,0.29449300429373404,1,0.2927983855949847,0.2927983855949847
DUISBURG-MEIDERICH SCHLEUSE UW,2026-06-30 01:39:00+00:00,18.17,18.195566525775316,18.158290024587018,-0.03727650118829854,1,0.011709975412983908,0.011709975412983908
Basel-Rheinhalle,2026-06-30 01:40:00+00:00,519.0,525.1996754749201,525.1996754749201,0.0,1,-6.199675474920127,6.199675474920127
DUISBURG-MEIDERICH SCHLEUSE OW,2026-06-30 01:40:00+00:00,25.01,24.422708610111282,24.717201614405017,0.29449300429373404,1,0.2927983855949847,0.2927983855949847
DUISBURG-MEIDERICH SCHLEUSE UW,2026-06-30 01:40:00+00:00,18.17,18.195566525775316,18.158290024587018,-0.03727650118829854,1,0.011709975412983908,0.011709975412983908
LOBITH,2026-06-30 01:40:00+00:00,704.0,704.7397785880244,704.7397785880244,0.0,1,-0.7397785880243646,0.7397785880243646
DUISBURG-MEIDERICH SCHLEUSE OW,2026-06-30 01:41:00+00:00,25.01,24.422708610111282,24.717201614405017,0.29449300429373404,1,0.2927983855949847,0.2927983855949847
DUISBURG-MEIDERICH SCHLEUSE UW,2026-06-30 01:41:00+00:00,18.17,18.195566525775316,18.158290024587018,-0.03727650118829854,1,0.011709975412983908,0.011709975412983908
DUISBURG-MEIDERICH SCHLEUSE OW,2026-06-30 01:42:00+00:00,25.01,24.422708610111282,24.717201614405017,0.29449300429373404,1,0.2927983855949847,0.2927983855949847
DUISBURG-MEIDERICH SCHLEUSE UW,2026-06-30 01:42:00+00:00,18.17,18.195566525775316,18.158290024587018,-0.03727650118829854,1,0.011709975412983908,0.011709975412983908
DUISBURG-MEIDERICH SCHLEUSE OW,2026-06-30 01:43:00+00:00,25.01,24.422708610111282,24.717201614405017,0.29449300429373404,1,0.2927983855949847,0.2927983855949847
DUISBURG-MEIDERICH SCHLEUSE UW,2026-06-30 01:43:00+00:00,18.17,18.195566525775316,18.158290024587018,-0.03727650118829854,1,0.011709975412983908,0.011709975412983908
DUISBURG-MEIDERICH SCHLEUSE OW,2026-06-30 01:44:00+00:00,25.01,24.422708610111282,24.717201614405017,0.29449300429373404,1,0.2927983855949847,0.2927983855949847
DUISBURG-MEIDERICH SCHLEUSE UW,2026-06-30 01:44:00+00:00,18.17,18.195566525775316,18.158290024587018,-0.03727650118829854,1,0.011709975412983908,0.011709975412983908
BINGEN,2026-06-30 01:45:00+00:00,105.0,105.17121859014539,105.17121859014539,0.0,1,-0.17121859014538643,0.17121859014538643
BONN,2026-06-30 01:45:00+00:00,139.0,141.30298447277102,141.30298447277102,0.0,1,-2.3029844727710156,2.3029844727710156
BREISACH,2026-06-30 01:45:00+00:00,186.0,188.37155112851303,188.37155112851303,0.0,1,-2.3715511285130333,2.3715511285130333
Basel-Rheinhalle,2026-06-30 01:45:00+00:00,516.0,522.4317325367701,522.4317325367701,0.0,1,-6.4317325367701415,6.4317325367701415
DUISBURG-MEIDERICH SCHLEUSE OW,2026-06-30 01:45:00+00:00,25.01,24.422708610111282,24.717201614405017,0.29449300429373404,1,0.2927983855949847,0.2927983855949847
DUISBURG-MEIDERICH SCHLEUSE UW,2026-06-30 01:45:00+00:00,18.17,18.195566525775316,18.158290024587018,-0.03727650118829854,1,0.011709975412983908,0.011709975412983908
DUISBURG-RUHRORT,2026-06-30 01:45:00+00:00,214.0,212.11620758341513,212.11620758341513,0.0,1,1.8837924165848676,1.8837924165848676
DÜSSELDORF,2026-06-30 01:45:00+00:00,80.0,79.85247101661304,79.85247101661304,0.0,1,0.1475289833869624,0.1475289833869624
EMMERICH,2026-06-30 01:45:00+00:00,53.0,53.8601035355536,53.8601035355536,0.0,1,-0.8601035355535984,0.8601035355535984
IFFEZHEIM,2026-06-30 01:45:00+00:00,149.0,155.60236639089817,155.60236639089817,0.0,1,-6.602366390898169,6.602366390898169
KAUB,2026-06-30 01:45:00+00:00,87.0,84.21184293860313,84.21184293860313,0.0,1,2.7881570613968734,2.7881570613968734
KOBLENZ,2026-06-30 01:45:00+00:00,83.0,78.37538593940951,78.37538593940951,0.0,1,4.624614060590488,4.624614060590488
KONSTANZ-RHEIN,2026-06-30 01:45:00+00:00,314.0,313.24210859280737,313.24210859280737,0.0,1,0.7578914071926306,0.7578914071926306
Koblenz OP,2026-06-30 01:45:00+00:00,201.0,204.32183422851196,204.32183422851196,0.0,1,-3.3218342285119604,3.3218342285119604
Koblenz UP,2026-06-30 01:45:00+00:00,49.0,49.42507352742177,49.42507352742177,0.0,1,-0.4250735274217732,0.4250735274217732
KÖLN,2026-06-30 01:45:00+00:00,134.0,132.55108955106653,132.55108955106653,0.0,1,1.448910448933475,1.448910448933475
MAINZ,2026-06-30 01:45:00+00:00,185.0,187.53000188268746,187.53000188268746,0.0,1,-2.5300018826874577,2.5300018826874577
MANNHEIM,2026-06-30 01:45:00+00:00,163.0,159.7573706684748,159.7573706684748,0.0,1,3.242629331525194,3.242629331525194
MAXAU,2026-06-30 01:45:00+00:00,411.0,410.2935386366669,410.2935386366669,0.0,1,0.7064613633331192,0.7064613633331192
REES,2026-06-30 01:45:00+00:00,96.0,97.74650445967639,97.74650445967639,0.0,1,-1.7465044596763875,1.7465044596763875
RHEINE UNTERSCHLEUSE,2026-06-30 01:45:00+00:00,191.0,206.27672113872936,206.27672113872936,0.0,1,-15.276721138729357,15.276721138729357
RHEINWEILER,2026-06-30 01:45:00+00:00,224.0,222.48709828227598,222.48709828227598,0.0,1,1.51290171772402,1.51290171772402
SANKT GOAR,2026-06-30 01:45:00+00:00,175.0,170.60451591658037,170.60451591658037,0.0,1,4.395484083419632,4.395484083419632
SPEYER,2026-06-30 01:45:00+00:00,254.0,251.96787001162508,251.96787001162508,0.0,1,2.032129988374919,2.032129988374919
WESEL,2026-06-30 01:45:00+00:00,151.0,151.02036417783322,151.02036417783322,0.0,1,-0.020364177833215535,0.020364177833215535
WORMS,2026-06-30 01:45:00+00:00,73.0,73.1600389778798,73.1600389778798,0.0,1,-0.16003897787979326,0.16003897787979326
DUISBURG-MEIDERICH SCHLEUSE OW,2026-06-30 01:46:00+00:00,25.01,24.422708610111282,24.717201614405017,0.29449300429373404,1,0.2927983855949847,0.2927983855949847
DUISBURG-MEIDERICH SCHLEUSE UW,2026-06-30 01:46:00+00:00,18.17,18.195566525775316,18.158290024587018,-0.03727650118829854,1,0.011709975412983908,0.011709975412983908
DUISBURG-MEIDERICH SCHLEUSE OW,2026-06-30 01:47:00+00:00,25.01,24.422708610111282,24.717201614405017,0.29449300429373404,1,0.2927983855949847,0.2927983855949847
DUISBURG-MEIDERICH SCHLEUSE UW,2026-06-30 01:47:00+00:00,18.17,18.195566525775316,18.158290024587018,-0.03727650118829854,1,0.011709975412983908,0.011709975412983908
DUISBURG-MEIDERICH SCHLEUSE OW,2026-06-30 01:48:00+00:00,25.01,24.422708610111282,24.717201614405017,0.29449300429373404,1,0.2927983855949847,0.2927983855949847
DUISBURG-MEIDERICH SCHLEUSE UW,2026-06-30 01:48:00+00:00,18.17,18.195566525775316,18.158290024587018,-0.03727650118829854,1,0.011709975412983908,0.011709975412983908
DUISBURG-MEIDERICH SCHLEUSE OW,2026-06-30 01:49:00+00:00,25.01,24.422708610111282,24.717201614405017,0.29449300429373404,1,0.2927983855949847,0.2927983855949847
DUISBURG-MEIDERICH SCHLEUSE UW,2026-06-30 01:49:00+00:00,18.17,18.195566525775316,18.158290024587018,-0.03727650118829854,1,0.011709975412983908,0.011709975412983908
Basel-Rheinhalle,2026-06-30 01:50:00+00:00,516.0,526.5706684597427,526.5706684597427,0.0,1,-10.570668459742706,10.570668459742706
DUISBURG-MEIDERICH SCHLEUSE OW,2026-06-30 01:50:00+00:00,25.01,24.422708610111282,24.717201614405017,0.29449300429373404,1,0.2927983855949847,0.2927983855949847
DUISBURG-MEIDERICH SCHLEUSE UW,2026-06-30 01:50:00+00:00,18.17,18.195566525775316,18.158290024587018,-0.03727650118829854,1,0.011709975412983908,0.011709975412983908
LOBITH,2026-06-30 01:50:00+00:00,705.0,704.7397785880244,704.7397785880244,0.0,1,0.2602214119756354,0.2602214119756354
DUISBURG-MEIDERICH SCHLEUSE OW,2026-06-30 01:51:00+00:00,25.01,24.422708610111282,24.717201614405017,0.29449300429373404,1,0.2927983855949847,0.2927983855949847
DUISBURG-MEIDERICH SCHLEUSE UW,2026-06-30 01:51:00+00:00,18.17,18.195566525775316,18.158290024587018,-0.03727650118829854,1,0.011709975412983908,0.011709975412983908
DUISBURG-MEIDERICH SCHLEUSE OW,2026-06-30 01:52:00+00:00,25.01,24.422708610111282,24.717201614405017,0.29449300429373404,1,0.2927983855949847,0.2927983855949847
DUISBURG-MEIDERICH SCHLEUSE UW,2026-06-30 01:52:00+00:00,18.17,18.195566525775316,18.158290024587018,-0.03727650118829854,1,0.011709975412983908,0.011709975412983908
DUISBURG-MEIDERICH SCHLEUSE OW,2026-06-30 01:53:00+00:00,25.01,24.422708610111282,24.717201614405017,0.29449300429373404,1,0.2927983855949847,0.2927983855949847
DUISBURG-MEIDERICH SCHLEUSE UW,2026-06-30 01:53:00+00:00,18.17,18.195566525775316,18.158290024587018,-0.03727650118829854,1,0.011709975412983908,0.011709975412983908
DUISBURG-MEIDERICH SCHLEUSE OW,2026-06-30 01:54:00+00:00,25.01,24.422708610111282,24.717201614405017,0.29449300429373404,1,0.2927983855949847,0.2927983855949847
DUISBURG-MEIDERICH SCHLEUSE UW,2026-06-30 01:54:00+00:00,18.17,18.195566525775316,18.158290024587018,-0.03727650118829854,1,0.011709975412983908,0.011709975412983908
Basel-Rheinhalle,2026-06-30 01:55:00+00:00,516.0,530.4700447663737,530.4700447663737,0.0,1,-14.47004476637369,14.47004476637369
DUISBURG-MEIDERICH SCHLEUSE OW,2026-06-30 01:55:00+00:00,25.01,24.919724840873798,25.0444520447896,0.12472720391580365,1,-0.03445204478959951,0.03445204478959951
DUISBURG-MEIDERICH SCHLEUSE UW,2026-06-30 01:55:00+00:00,18.17,18.195566525775316,18.158290024587018,-0.03727650118829854,1,0.011709975412983908,0.011709975412983908
DUISBURG-MEIDERICH SCHLEUSE OW,2026-06-30 01:56:00+00:00,25.01,25.89796722243103,25.423132983224395,-0.4748342392066365,1,-0.4131329832243935,0.4131329832243935
DUISBURG-MEIDERICH SCHLEUSE UW,2026-06-30 01:56:00+00:00,18.17,18.195566525775316,18.158290024587018,-0.03727650118829854,1,0.011709975412983908,0.011709975412983908
DUISBURG-MEIDERICH SCHLEUSE OW,2026-06-30 01:57:00+00:00,25.01,25.89796722243103,25.423132983224395,-0.4748342392066365,1,-0.4131329832243935,0.4131329832243935
DUISBURG-MEIDERICH SCHLEUSE UW,2026-06-30 01:57:00+00:00,18.17,18.195566525775316,18.158290024587018,-0.03727650118829854,1,0.011709975412983908,0.011709975412983908
DUISBURG-MEIDERICH SCHLEUSE OW,2026-06-30 01:58:00+00:00,25.01,25.541799722521976,25.06696548331534,-0.4748342392066365,1,-0.056965483315337906,0.056965483315337906
DUISBURG-MEIDERICH SCHLEUSE UW,2026-06-30 01:58:00+00:00,18.17,18.195566525775316,18.158290024587018,-0.03727650118829854,1,0.011709975412983908,0.011709975412983908
DUISBURG-MEIDERICH SCHLEUSE OW,2026-06-30 01:59:00+00:00,25.01,25.541799722521976,25.06696548331534,-0.4748342392066365,1,-0.056965483315337906,0.056965483315337906
DUISBURG-MEIDERICH SCHLEUSE UW,2026-06-30 01:59:00+00:00,18.17,18.195566525775316,18.158290024587018,-0.03727650118829854,1,0.011709975412983908,0.011709975412983908
BINGEN,2026-06-30 02:00:00+00:00,107.0,105.27951837848485,105.27951837848485,0.0,1,1.7204816215151482,1.7204816215151482
BONN,2026-06-30 02:00:00+00:00,139.0,141.2062941848466,141.2062941848466,0.0,1,-2.2062941848465982,2.2062941848465982
BREISACH,2026-06-30 02:00:00+00:00,185.0,189.23808487126027,189.23808487126027,0.0,1,-4.23808487126027,4.23808487126027
Basel-Rheinhalle,2026-06-30 02:00:00+00:00,517.0,531.8279377650956,531.8279377650956,0.0,1,-14.827937765095612,14.827937765095612
DUISBURG-MEIDERICH SCHLEUSE OW,2026-06-30 02:00:00+00:00,25.02,26.18778173016762,25.712947490960985,-0.4748342392066365,1,-0.6929474909609858,0.6929474909609858
DUISBURG-MEIDERICH SCHLEUSE UW,2026-06-30 02:00:00+00:00,18.17,17.488833163698672,17.458360007129478,-0.03047315656919505,1,0.7116399928705235,0.7116399928705235
DUISBURG-RUHRORT,2026-06-30 02:00:00+00:00,214.0,211.45613794211744,211.45613794211744,0.0,1,2.5438620578825635,2.5438620578825635
DÜSSELDORF,2026-06-30 02:00:00+00:00,81.0,78.16696017623146,78.16696017623146,0.0,1,2.8330398237685444,2.8330398237685444
EMMERICH,2026-06-30 02:00:00+00:00,53.0,53.82334908597911,53.82334908597911,0.0,1,-0.8233490859791104,0.8233490859791104
IFFEZHEIM,2026-06-30 02:00:00+00:00,148.0,156.33249733155256,156.33249733155256,0.0,1,-8.33249733155256,8.33249733155256
KAUB,2026-06-30 02:00:00+00:00,87.0,84.28301495073434,84.28301495073434,0.0,1,2.7169850492656593,2.7169850492656593
KOBLENZ,2026-06-30 02:00:00+00:00,84.0,78.48368572774898,78.48368572774898,0.0,1,5.516314272251023,5.516314272251023
KONSTANZ-RHEIN,2026-06-30 02:00:00+00:00,313.0,313.2676990360284,313.2676990360284,0.0,1,-0.2676990360283753,0.2676990360283753
Koblenz OP,2026-06-30 02:00:00+00:00,201.0,202.2403947903375,202.2403947903375,0.0,1,-1.24039479033749,1.24039479033749
Koblenz UP,2026-06-30 02:00:00+00:00,48.0,48.97303000613257,48.97303000613257,0.0,1,-0.9730300061325678,0.9730300061325678
KÖLN,2026-06-30 02:00:00+00:00,134.0,132.37841416719905,132.37841416719905,0.0,1,1.621585832800946,1.621585832800946
LOBITH,2026-06-30 02:00:00+00:00,704.0,708.7317232855384,708.7317232855384,0.0,1,-4.731723285538351,4.731723285538351
MAINZ,2026-06-30 02:00:00+00:00,185.0,187.74445800559735,187.74445800559735,0.0,1,-2.7444580055973518,2.7444580055973518
MANNHEIM,2026-06-30 02:00:00+00:00,162.0,159.26632353085066,159.26632353085066,0.0,1,2.7336764691493443,2.7336764691493443
MAXAU,2026-06-30 02:00:00+00:00,410.0,410.85701265952935,410.85701265952935,0.0,1,-0.8570126595293459,0.8570126595293459
REES,2026-06-30 02:00:00+00:00,96.0,96.52585915805616,96.52585915805616,0.0,1,-0.5258591580561642,0.5258591580561642
RHEINE UNTERSCHLEUSE,2026-06-30 02:00:00+00:00,191.0,216.39015936351325,216.39015936351325,0.0,1,-25.39015936351325,25.39015936351325
RHEINWEILER,2026-06-30 02:00:00+00:00,222.0,222.695355819259,222.695355819259,0.0,1,-0.6953558192589924,0.6953558192589924
SANKT GOAR,2026-06-30 02:00:00+00:00,176.0,170.74881021321306,170.74881021321306,0.0,1,5.251189786786938,5.251189786786938
SPEYER,2026-06-30 02:00:00+00:00,255.0,252.8575791640826,252.8575791640826,0.0,1,2.1424208359173917,2.1424208359173917
WESEL,2026-06-30 02:00:00+00:00,152.0,151.7328328614053,151.7328328614053,0.0,1,0.26716713859468655,0.26716713859468655
WORMS,2026-06-30 02:00:00+00:00,73.0,72.39429079475687,72.39429079475687,0.0,1,0.6057092052431301,0.6057092052431301
DUISBURG-MEIDERICH SCHLEUSE OW,2026-06-30 02:01:00+00:00,25.02,26.18778173016762,25.712947490960985,-0.4748342392066365,1,-0.6929474909609858,0.6929474909609858
DUISBURG-MEIDERICH SCHLEUSE UW,2026-06-30 02:01:00+00:00,18.17,17.488833163698672,17.458360007129478,-0.03047315656919505,1,0.7116399928705235,0.7116399928705235
DUISBURG-MEIDERICH SCHLEUSE OW,2026-06-30 02:02:00+00:00,25.02,26.18778173016762,25.712947490960985,-0.4748342392066365,1,-0.6929474909609858,0.6929474909609858
DUISBURG-MEIDERICH SCHLEUSE UW,2026-06-30 02:02:00+00:00,18.17,17.488833163698672,17.458254762287723,-0.030578401410950088,1,0.7117452377122788,0.7117452377122788
DUISBURG-MEIDERICH SCHLEUSE OW,2026-06-30 02:03:00+00:00,25.02,25.541799722521976,25.06696548331534,-0.4748342392066365,1,-0.046965483315339895,0.046965483315339895
DUISBURG-MEIDERICH SCHLEUSE UW,2026-06-30 02:03:00+00:00,18.17,18.20112466542308,18.130263823518543,-0.0708608419045355,1,0.03973617648145833,0.03973617648145833
DUISBURG-MEIDERICH SCHLEUSE OW,2026-06-30 02:04:00+00:00,25.02,25.541799722521976,25.06696548331534,-0.4748342392066365,1,-0.046965483315339895,0.046965483315339895
DUISBURG-MEIDERICH SCHLEUSE UW,2026-06-30 02:04:00+00:00,18.17,18.20112466542308,18.130263823518543,-0.0708608419045355,1,0.03973617648145833,0.03973617648145833
Basel-Rheinhalle,2026-06-30 02:05:00+00:00,519.0,531.6436319916729,531.6436319916729,0.0,1,-12.643631991672919,12.643631991672919
DUISBURG-MEIDERICH SCHLEUSE OW,2026-06-30 02:05:00+00:00,25.02,25.541799722521976,25.06696548331534,-0.4748342392066365,1,-0.046965483315339895,0.046965483315339895
DUISBURG-MEIDERICH SCHLEUSE UW,2026-06-30 02:05:00+00:00,18.17,18.195566525775316,18.14961077232485,-0.04595575345046759,1,0.020389227675153165,0.020389227675153165
DUISBURG-MEIDERICH SCHLEUSE OW,2026-06-30 02:06:00+00:00,25.02,25.541799722521976,25.06696548331534,-0.4748342392066365,1,-0.046965483315339895,0.046965483315339895
DUISBURG-MEIDERICH SCHLEUSE UW,2026-06-30 02:06:00+00:00,18.17,18.195566525775316,18.14961077232485,-0.04595575345046759,1,0.020389227675153165,0.020389227675153165
DUISBURG-MEIDERICH SCHLEUSE OW,2026-06-30 02:07:00+00:00,25.02,25.541799722521976,25.06696548331534,-0.4748342392066365,1,-0.046965483315339895,0.046965483315339895
DUISBURG-MEIDERICH SCHLEUSE UW,2026-06-30 02:07:00+00:00,18.17,18.195566525775316,18.14961077232485,-0.04595575345046759,1,0.020389227675153165,0.020389227675153165
DUISBURG-MEIDERICH SCHLEUSE OW,2026-06-30 02:08:00+00:00,25.02,25.541799722521976,25.06696548331534,-0.4748342392066365,1,-0.046965483315339895,0.046965483315339895
DUISBURG-MEIDERICH SCHLEUSE UW,2026-06-30 02:08:00+00:00,18.17,18.195566525775316,18.149012718527636,-0.04655380724767819,1,0.020987281472365282,0.020987281472365282
DUISBURG-MEIDERICH SCHLEUSE OW,2026-06-30 02:09:00+00:00,25.02,25.541799722521976,25.06696548331534,-0.4748342392066365,1,-0.046965483315339895,0.046965483315339895
DUISBURG-MEIDERICH SCHLEUSE UW,2026-06-30 02:09:00+00:00,18.17,18.195566525775316,18.149012718527636,-0.04655380724767819,1,0.020987281472365282,0.020987281472365282
Basel-Rheinhalle,2026-06-30 02:10:00+00:00,520.0,531.7370639109919,531.7370639109919,0.0,1,-11.737063910991878,11.737063910991878
DUISBURG-MEIDERICH SCHLEUSE OW,2026-06-30 02:10:00+00:00,25.02,25.541799722521976,25.06696548331534,-0.4748342392066365,1,-0.046965483315339895,0.046965483315339895
DUISBURG-MEIDERICH SCHLEUSE UW,2026-06-30 02:10:00+00:00,18.17,18.195566525775316,18.149012718527636,-0.04655380724767819,1,0.020987281472365282,0.020987281472365282
LOBITH,2026-06-30 02:10:00+00:00,704.0,708.7317232855384,708.7317232855384,0.0,1,-4.731723285538351,4.731723285538351
DUISBURG-MEIDERICH SCHLEUSE OW,2026-06-30 02:11:00+00:00,25.02,25.541799722521976,25.06696548331534,-0.4748342392066365,1,-0.046965483315339895,0.046965483315339895
DUISBURG-MEIDERICH SCHLEUSE UW,2026-06-30 02:11:00+00:00,18.17,18.195566525775316,18.149012718527636,-0.04655380724767819,1,0.020987281472365282,0.020987281472365282
DUISBURG-MEIDERICH SCHLEUSE OW,2026-06-30 02:12:00+00:00,25.02,25.541799722521976,25.06696548331534,-0.4748342392066365,1,-0.046965483315339895,0.046965483315339895
DUISBURG-MEIDERICH SCHLEUSE UW,2026-06-30 02:12:00+00:00,18.16,18.195566525775316,18.149012718527636,-0.04655380724767819,1,0.010987281472363719,0.010987281472363719
DUISBURG-MEIDERICH SCHLEUSE OW,2026-06-30 02:13:00+00:00,25.02,25.541799722521976,25.06696548331534,-0.4748342392066365,1,-0.046965483315339895,0.046965483315339895
DUISBURG-MEIDERICH SCHLEUSE UW,2026-06-30 02:13:00+00:00,18.16,18.195566525775316,18.149012718527636,-0.04655380724767819,1,0.010987281472363719,0.010987281472363719
DUISBURG-MEIDERICH SCHLEUSE OW,2026-06-30 02:14:00+00:00,25.02,25.541799722521976,25.06696548331534,-0.4748342392066365,1,-0.046965483315339895,0.046965483315339895
DUISBURG-MEIDERICH SCHLEUSE UW,2026-06-30 02:14:00+00:00,18.16,18.195566525775316,18.149012718527636,-0.04655380724767819,1,0.010987281472363719,0.010987281472363719
BINGEN,2026-06-30 02:15:00+00:00,107.0,105.45767610097397,105.45767610097397,0.0,1,1.5423238990260302,1.5423238990260302
BONN,2026-06-30 02:15:00+00:00,139.0,141.2062941848466,141.2062941848466,0.0,1,-2.2062941848465982,2.2062941848465982
BREISACH,2026-06-30 02:15:00+00:00,186.0,194.0496192139989,194.0496192139989,0.0,1,-8.04961921399891,8.04961921399891
Basel-Rheinhalle,2026-06-30 02:15:00+00:00,522.0,532.8024093897687,532.8024093897687,0.0,1,-10.80240938976874,10.80240938976874
DUISBURG-MEIDERICH SCHLEUSE OW,2026-06-30 02:15:00+00:00,25.02,25.541799722521976,25.06696548331534,-0.4748342392066365,1,-0.046965483315339895,0.046965483315339895
DUISBURG-MEIDERICH SCHLEUSE UW,2026-06-30 02:15:00+00:00,18.16,18.195566525775316,18.149012718527636,-0.04655380724767819,1,0.010987281472363719,0.010987281472363719
DUISBURG-RUHRORT,2026-06-30 02:15:00+00:00,212.0,211.45613794211744,211.45613794211744,0.0,1,0.5438620578825635,0.5438620578825635
DÜSSELDORF,2026-06-30 02:15:00+00:00,81.0,78.2572190029689,78.2572190029689,0.0,1,2.7427809970311046,2.7427809970311046
EMMERICH,2026-06-30 02:15:00+00:00,53.0,53.337405320094405,53.337405320094405,0.0,1,-0.3374053200944047,0.3374053200944047
IFFEZHEIM,2026-06-30 02:15:00+00:00,146.0,156.33249733155256,156.33249733155256,0.0,1,-10.33249733155256,10.33249733155256
KAUB,2026-06-30 02:15:00+00:00,87.0,84.34931306966295,84.34931306966295,0.0,1,2.650686930337045,2.650686930337045
KOBLENZ,2026-06-30 02:15:00+00:00,82.0,79.44908777514739,79.44908777514739,0.0,1,2.5509122248526097,2.5509122248526097
KONSTANZ-RHEIN,2026-06-30 02:15:00+00:00,313.0,313.1333300523302,313.1333300523302,0.0,1,-0.13333005233022277,0.13333005233022277
Koblenz OP,2026-06-30 02:15:00+00:00,200.0,202.2403947903375,202.2403947903375,0.0,1,-2.24039479033749,2.24039479033749
Koblenz UP,2026-06-30 02:15:00+00:00,48.0,49.655391720618795,49.655391720618795,0.0,1,-1.6553917206187947,1.6553917206187947
KÖLN,2026-06-30 02:15:00+00:00,134.0,132.0790282584109,132.0790282584109,0.0,1,1.9209717415891134,1.9209717415891134
MAINZ,2026-06-30 02:15:00+00:00,185.0,187.7989953048262,187.7989953048262,0.0,1,-2.7989953048262066,2.7989953048262066
MANNHEIM,2026-06-30 02:15:00+00:00,163.0,159.26632353085066,159.26632353085066,0.0,1,3.7336764691493443,3.7336764691493443
MAXAU,2026-06-30 02:15:00+00:00,410.0,410.29176069565744,410.29176069565744,0.0,1,-0.29176069565744456,0.29176069565744456
REES,2026-06-30 02:15:00+00:00,96.0,96.60841644600616,96.60841644600616,0.0,1,-0.6084164460061601,0.6084164460061601
RHEINE UNTERSCHLEUSE,2026-06-30 02:15:00+00:00,206.0,216.39015936351325,216.39015936351325,0.0,1,-10.390159363513249,10.390159363513249
RHEINWEILER,2026-06-30 02:15:00+00:00,222.0,222.0580294949482,222.0580294949482,0.0,1,-0.058029494948186766,0.058029494948186766
SANKT GOAR,2026-06-30 02:15:00+00:00,177.0,170.88630042611697,170.88630042611697,0.0,1,6.113699573883025,6.113699573883025
SPEYER,2026-06-30 02:15:00+00:00,254.0,252.8575791640826,252.8575791640826,0.0,1,1.1424208359173917,1.1424208359173917
WESEL,2026-06-30 02:15:00+00:00,151.0,150.41519530492778,150.41519530492778,0.0,1,0.5848046950722221,0.5848046950722221
WORMS,2026-06-30 02:15:00+00:00,73.0,72.40269774096649,72.40269774096649,0.0,1,0.597302259033512,0.597302259033512
DUISBURG-MEIDERICH SCHLEUSE OW,2026-06-30 02:16:00+00:00,25.02,25.541799722521976,25.06696548331534,-0.4748342392066365,1,-0.046965483315339895,0.046965483315339895
DUISBURG-MEIDERICH SCHLEUSE UW,2026-06-30 02:16:00+00:00,18.16,18.195566525775316,18.149012718527636,-0.04655380724767819,1,0.010987281472363719,0.010987281472363719
DUISBURG-MEIDERICH SCHLEUSE OW,2026-06-30 02:17:00+00:00,25.02,25.541799722521976,25.06696548331534,-0.4748342392066365,1,-0.046965483315339895,0.046965483315339895
DUISBURG-MEIDERICH SCHLEUSE UW,2026-06-30 02:17:00+00:00,18.16,18.195566525775316,18.149012718527636,-0.04655380724767819,1,0.010987281472363719,0.010987281472363719
DUISBURG-MEIDERICH SCHLEUSE OW,2026-06-30 02:18:00+00:00,25.02,25.541799722521976,25.06696548331534,-0.4748342392066365,1,-0.046965483315339895,0.046965483315339895
DUISBURG-MEIDERICH SCHLEUSE UW,2026-06-30 02:18:00+00:00,18.16,18.195566525775316,18.149012718527636,-0.04655380724767819,1,0.010987281472363719,0.010987281472363719
DUISBURG-MEIDERICH SCHLEUSE OW,2026-06-30 02:19:00+00:00,25.02,25.541799722521976,25.06696548331534,-0.4748342392066365,1,-0.046965483315339895,0.046965483315339895
DUISBURG-MEIDERICH SCHLEUSE UW,2026-06-30 02:19:00+00:00,18.16,18.195566525775316,18.149012718527636,-0.04655380724767819,1,0.010987281472363719,0.010987281472363719
Basel-Rheinhalle,2026-06-30 02:20:00+00:00,524.0,533.0950224568479,533.0950224568479,0.0,1,-9.095022456847914,9.095022456847914
DUISBURG-MEIDERICH SCHLEUSE OW,2026-06-30 02:20:00+00:00,25.02,25.541799722521976,25.06696548331534,-0.4748342392066365,1,-0.046965483315339895,0.046965483315339895
DUISBURG-MEIDERICH SCHLEUSE UW,2026-06-30 02:20:00+00:00,18.16,18.195566525775316,18.149012718527636,-0.04655380724767819,1,0.010987281472363719,0.010987281472363719
LOBITH,2026-06-30 02:20:00+00:00,704.0,708.7317232855384,708.7317232855384,0.0,1,-4.731723285538351,4.731723285538351
DUISBURG-MEIDERICH SCHLEUSE OW,2026-06-30 02:21:00+00:00,25.02,25.541799722521976,25.06696548331534,-0.4748342392066365,1,-0.046965483315339895,0.046965483315339895
DUISBURG-MEIDERICH SCHLEUSE UW,2026-06-30 02:21:00+00:00,18.16,18.195566525775316,18.149012718527636,-0.04655380724767819,1,0.010987281472363719,0.010987281472363719
DUISBURG-MEIDERICH SCHLEUSE OW,2026-06-30 02:22:00+00:00,25.02,25.541799722521976,25.06696548331534,-0.4748342392066365,1,-0.046965483315339895,0.046965483315339895
DUISBURG-MEIDERICH SCHLEUSE UW,2026-06-30 02:22:00+00:00,18.16,18.195566525775316,18.149012718527636,-0.04655380724767819,1,0.010987281472363719,0.010987281472363719
DUISBURG-MEIDERICH SCHLEUSE OW,2026-06-30 02:23:00+00:00,25.02,25.541799722521976,25.06696548331534,-0.4748342392066365,1,-0.046965483315339895,0.046965483315339895
DUISBURG-MEIDERICH SCHLEUSE UW,2026-06-30 02:23:00+00:00,18.16,18.195566525775316,18.149012718527636,-0.04655380724767819,1,0.010987281472363719,0.010987281472363719
DUISBURG-MEIDERICH SCHLEUSE OW,2026-06-30 02:24:00+00:00,25.02,25.541799722521976,25.06696548331534,-0.4748342392066365,1,-0.046965483315339895,0.046965483315339895
DUISBURG-MEIDERICH SCHLEUSE UW,2026-06-30 02:24:00+00:00,18.16,18.195566525775316,18.149012718527636,-0.04655380724767819,1,0.010987281472363719,0.010987281472363719
Basel-Rheinhalle,2026-06-30 02:25:00+00:00,523.0,532.5759238072441,532.5759238072441,0.0,1,-9.575923807244067,9.575923807244067
DUISBURG-MEIDERICH SCHLEUSE OW,2026-06-30 02:25:00+00:00,25.02,25.541799722521976,25.06696548331534,-0.4748342392066365,1,-0.046965483315339895,0.046965483315339895
DUISBURG-MEIDERICH SCHLEUSE UW,2026-06-30 02:25:00+00:00,18.16,18.195566525775316,18.149012718527636,-0.04655380724767819,1,0.010987281472363719,0.010987281472363719
DUISBURG-MEIDERICH SCHLEUSE OW,2026-06-30 02:26:00+00:00,25.03,25.541799722521976,25.06696548331534,-0.4748342392066365,1,-0.03696548331533833,0.03696548331533833
DUISBURG-MEIDERICH SCHLEUSE UW,2026-06-30 02:26:00+00:00,18.16,18.195566525775316,18.149012718527636,-0.04655380724767819,1,0.010987281472363719,0.010987281472363719
DUISBURG-MEIDERICH SCHLEUSE OW,2026-06-30 02:27:00+00:00,25.03,25.541799722521976,25.06696548331534,-0.4748342392066365,1,-0.03696548331533833,0.03696548331533833
DUISBURG-MEIDERICH SCHLEUSE UW,2026-06-30 02:27:00+00:00,18.16,18.195566525775316,18.149012718527636,-0.04655380724767819,1,0.010987281472363719,0.010987281472363719
DUISBURG-MEIDERICH SCHLEUSE OW,2026-06-30 02:28:00+00:00,25.03,25.541799722521976,25.06696548331534,-0.4748342392066365,1,-0.03696548331533833,0.03696548331533833
DUISBURG-MEIDERICH SCHLEUSE UW,2026-06-30 02:28:00+00:00,18.16,18.195566525775316,18.149012718527636,-0.04655380724767819,1,0.010987281472363719,0.010987281472363719
DUISBURG-MEIDERICH SCHLEUSE OW,2026-06-30 02:29:00+00:00,25.03,25.541799722521976,25.06696548331534,-0.4748342392066365,1,-0.03696548331533833,0.03696548331533833
DUISBURG-MEIDERICH SCHLEUSE UW,2026-06-30 02:29:00+00:00,18.16,18.195566525775316,18.149012718527636,-0.04655380724767819,1,0.010987281472363719,0.010987281472363719
BINGEN,2026-06-30 02:30:00+00:00,107.0,105.42521986796086,105.42521986796086,0.0,1,1.5747801320391375,1.5747801320391375
BONN,2026-06-30 02:30:00+00:00,139.0,143.19424388141988,143.19424388141988,0.0,1,-4.1942438814198795,4.1942438814198795
BREISACH,2026-06-30 02:30:00+00:00,185.0,193.59015915452454,193.59015915452454,0.0,1,-8.590159154524542,8.590159154524542
Basel-Rheinhalle,2026-06-30 02:30:00+00:00,524.0,532.7622845591321,532.7622845591321,0.0,1,-8.762284559132127,8.762284559132127
DUISBURG-MEIDERICH SCHLEUSE OW,2026-06-30 02:30:00+00:00,25.03,25.541799722521976,25.06696548331534,-0.4748342392066365,1,-0.03696548331533833,0.03696548331533833
DUISBURG-MEIDERICH SCHLEUSE UW,2026-06-30 02:30:00+00:00,18.16,18.195566525775316,18.149012718527636,-0.04655380724767819,1,0.010987281472363719,0.010987281472363719
DUISBURG-RUHRORT,2026-06-30 02:30:00+00:00,212.0,211.45613794211744,211.45613794211744,0.0,1,0.5438620578825635,0.5438620578825635
DÜSSELDORF,2026-06-30 02:30:00+00:00,82.0,78.2572190029689,78.2572190029689,0.0,1,3.7427809970311046,3.7427809970311046
EMMERICH,2026-06-30 02:30:00+00:00,53.0,56.64636277127052,56.64636277127052,0.0,1,-3.6463627712705176,3.6463627712705176
IFFEZHEIM,2026-06-30 02:30:00+00:00,149.0,156.59034010283574,156.59034010283574,0.0,1,-7.590340102835739,7.590340102835739
KAUB,2026-06-30 02:30:00+00:00,88.0,84.4060934649321,84.4060934649321,0.0,1,3.5939065350679016,3.5939065350679016
KOBLENZ,2026-06-30 02:30:00+00:00,82.0,79.61849438564818,79.61849438564818,0.0,1,2.3815056143518234,2.3815056143518234
KONSTANZ-RHEIN,2026-06-30 02:30:00+00:00,314.0,312.7405691373065,312.7405691373065,0.0,1,1.2594308626934776,1.2594308626934776
Koblenz OP,2026-06-30 02:30:00+00:00,200.0,202.2403947903375,202.2403947903375,0.0,1,-2.24039479033749,2.24039479033749
Koblenz UP,2026-06-30 02:30:00+00:00,47.0,49.71217211588794,49.71217211588794,0.0,1,-2.712172115887938,2.712172115887938
KÖLN,2026-06-30 02:30:00+00:00,134.0,133.0550032951735,133.0550032951735,0.0,1,0.944996704826508,0.944996704826508
LOBITH,2026-06-30 02:30:00+00:00,704.0,704.7397785880244,704.7397785880244,0.0,1,-0.7397785880243646,0.7397785880243646
MAINZ,2026-06-30 02:30:00+00:00,185.0,187.98878753387993,187.98878753387993,0.0,1,-2.988787533879929,2.988787533879929
MANNHEIM,2026-06-30 02:30:00+00:00,163.0,159.0746634525488,159.0746634525488,0.0,1,3.925336547451195,3.925336547451195
MAXAU,2026-06-30 02:30:00+00:00,411.0,410.29176069565744,410.29176069565744,0.0,1,0.7082393043425554,0.7082393043425554
REES,2026-06-30 02:30:00+00:00,96.0,96.60841644600616,96.60841644600616,0.0,1,-0.6084164460061601,0.6084164460061601
RHEINE UNTERSCHLEUSE,2026-06-30 02:30:00+00:00,232.0,216.39015936351325,216.39015936351325,0.0,1,15.609840636486751,15.609840636486751
RHEINWEILER,2026-06-30 02:30:00+00:00,222.0,222.21999605306465,222.21999605306465,0.0,1,-0.21999605306464787,0.21999605306464787
SANKT GOAR,2026-06-30 02:30:00+00:00,178.0,170.9430808213861,170.9430808213861,0.0,1,7.056919178613896,7.056919178613896
SPEYER,2026-06-30 02:30:00+00:00,255.0,252.1571450468741,252.1571450468741,0.0,1,2.842854953125908,2.842854953125908
WESEL,2026-06-30 02:30:00+00:00,152.0,151.41904416633702,151.41904416633702,0.0,1,0.5809558336629834,0.5809558336629834
WORMS,2026-06-30 02:30:00+00:00,73.0,73.37867277772901,73.37867277772901,0.0,1,-0.3786727777290082,0.3786727777290082
DUISBURG-MEIDERICH SCHLEUSE OW,2026-06-30 02:31:00+00:00,25.03,25.541799722521976,25.06696548331534,-0.4748342392066365,1,-0.03696548331533833,0.03696548331533833
DUISBURG-MEIDERICH SCHLEUSE UW,2026-06-30 02:31:00+00:00,18.16,18.195566525775316,18.149012718527636,-0.04655380724767819,1,0.010987281472363719,0.010987281472363719
DUISBURG-MEIDERICH SCHLEUSE OW,2026-06-30 02:32:00+00:00,25.03,25.541799722521976,25.06696548331534,-0.4748342392066365,1,-0.03696548331533833,0.03696548331533833
DUISBURG-MEIDERICH SCHLEUSE UW,2026-06-30 02:32:00+00:00,18.16,18.195566525775316,18.149012718527636,-0.04655380724767819,1,0.010987281472363719,0.010987281472363719
DUISBURG-MEIDERICH SCHLEUSE OW,2026-06-30 02:33:00+00:00,25.03,25.541799722521976,25.06696548331534,-0.4748342392066365,1,-0.03696548331533833,0.03696548331533833
DUISBURG-MEIDERICH SCHLEUSE UW,2026-06-30 02:33:00+00:00,18.16,18.195566525775316,18.149012718527636,-0.04655380724767819,1,0.010987281472363719,0.010987281472363719
DUISBURG-MEIDERICH SCHLEUSE OW,2026-06-30 02:34:00+00:00,25.03,25.541799722521976,25.06696548331534,-0.4748342392066365,1,-0.03696548331533833,0.03696548331533833
DUISBURG-MEIDERICH SCHLEUSE UW,2026-06-30 02:34:00+00:00,18.16,18.195566525775316,18.149012718527636,-0.04655380724767819,1,0.010987281472363719,0.010987281472363719
Basel-Rheinhalle,2026-06-30 02:35:00+00:00,524.0,525.9393565197963,525.9393565197963,0.0,1,-1.9393565197963198,1.9393565197963198
DUISBURG-MEIDERICH SCHLEUSE OW,2026-06-30 02:35:00+00:00,25.03,25.541799722521976,25.06696548331534,-0.4748342392066365,1,-0.03696548331533833,0.03696548331533833
DUISBURG-MEIDERICH SCHLEUSE UW,2026-06-30 02:35:00+00:00,18.16,18.195566525775316,18.149012718527636,-0.04655380724767819,1,0.010987281472363719,0.010987281472363719
DUISBURG-MEIDERICH SCHLEUSE OW,2026-06-30 02:36:00+00:00,25.03,25.541799722521976,25.06696548331534,-0.4748342392066365,1,-0.03696548331533833,0.03696548331533833
DUISBURG-MEIDERICH SCHLEUSE UW,2026-06-30 02:36:00+00:00,18.16,18.195566525775316,18.150705930282186,-0.04486059549312971,1,0.009294069717814324,0.009294069717814324
DUISBURG-MEIDERICH SCHLEUSE OW,2026-06-30 02:37:00+00:00,25.03,25.541799722521976,25.06696548331534,-0.4748342392066365,1,-0.03696548331533833,0.03696548331533833
DUISBURG-MEIDERICH SCHLEUSE UW,2026-06-30 02:37:00+00:00,18.16,18.20112466542308,18.135581742962476,-0.06554292246060496,1,0.024418257037524427,0.024418257037524427
DUISBURG-MEIDERICH SCHLEUSE OW,2026-06-30 02:38:00+00:00,25.03,25.541799722521976,25.06696548331534,-0.4748342392066365,1,-0.03696548331533833,0.03696548331533833
DUISBURG-MEIDERICH SCHLEUSE UW,2026-06-30 02:38:00+00:00,18.16,18.20112466542308,18.135581742962476,-0.06554292246060496,1,0.024418257037524427,0.024418257037524427
DUISBURG-MEIDERICH SCHLEUSE OW,2026-06-30 02:39:00+00:00,25.03,25.541799722521976,25.06696548331534,-0.4748342392066365,1,-0.03696548331533833,0.03696548331533833
DUISBURG-MEIDERICH SCHLEUSE UW,2026-06-30 02:39:00+00:00,18.16,18.195566525775316,18.14873370041363,-0.046832825361685565,1,0.01126629958637082,0.01126629958637082
Basel-Rheinhalle,2026-06-30 02:40:00+00:00,524.0,525.165364647435,525.165364647435,0.0,1,-1.1653646474350126,1.1653646474350126
DUISBURG-MEIDERICH SCHLEUSE OW,2026-06-30 02:40:00+00:00,25.03,25.541799722521976,25.06696548331534,-0.4748342392066365,1,-0.03696548331533833,0.03696548331533833
DUISBURG-MEIDERICH SCHLEUSE UW,2026-06-30 02:40:00+00:00,18.17,18.195566525775316,18.14873370041363,-0.046832825361685565,1,0.021266299586372384,0.021266299586372384
LOBITH,2026-06-30 02:40:00+00:00,705.0,703.9547468481436,703.9547468481436,0.0,1,1.0452531518564,1.0452531518564
DUISBURG-MEIDERICH SCHLEUSE OW,2026-06-30 02:41:00+00:00,25.03,25.541799722521976,25.06696548331534,-0.4748342392066365,1,-0.03696548331533833,0.03696548331533833
DUISBURG-MEIDERICH SCHLEUSE UW,2026-06-30 02:41:00+00:00,18.17,18.195566525775316,18.14873370041363,-0.046832825361685565,1,0.021266299586372384,0.021266299586372384
DUISBURG-MEIDERICH SCHLEUSE OW,2026-06-30 02:42:00+00:00,25.03,25.541799722521976,25.06696548331534,-0.4748342392066365,1,-0.03696548331533833,0.03696548331533833
DUISBURG-MEIDERICH SCHLEUSE UW,2026-06-30 02:42:00+00:00,18.17,18.195566525775316,18.158290024587018,-0.03727650118829854,1,0.011709975412983908,0.011709975412983908
DUISBURG-MEIDERICH SCHLEUSE OW,2026-06-30 02:43:00+00:00,25.03,25.541799722521976,25.06696548331534,-0.4748342392066365,1,-0.03696548331533833,0.03696548331533833
DUISBURG-MEIDERICH SCHLEUSE UW,2026-06-30 02:43:00+00:00,18.17,18.195566525775316,18.158290024587018,-0.03727650118829854,1,0.011709975412983908,0.011709975412983908
DUISBURG-MEIDERICH SCHLEUSE OW,2026-06-30 02:44:00+00:00,25.03,25.541799722521976,25.06696548331534,-0.4748342392066365,1,-0.03696548331533833,0.03696548331533833
DUISBURG-MEIDERICH SCHLEUSE UW,2026-06-30 02:44:00+00:00,18.17,18.195566525775316,18.158290024587018,-0.03727650118829854,1,0.011709975412983908,0.011709975412983908
BINGEN,2026-06-30 02:45:00+00:00,107.0,105.05766417194175,105.05766417194175,0.0,1,1.9423358280582477,1.9423358280582477
BONN,2026-06-30 02:45:00+00:00,138.0,142.9280658024389,142.9280658024389,0.0,1,-4.928065802438908,4.928065802438908
BREISACH,2026-06-30 02:45:00+00:00,185.0,191.9266042129412,191.9266042129412,0.0,1,-6.926604212941214,6.926604212941214
Basel-Rheinhalle,2026-06-30 02:45:00+00:00,524.0,524.7627759890579,524.7627759890579,0.0,1,-0.7627759890579,0.7627759890579
DUISBURG-MEIDERICH SCHLEUSE OW,2026-06-30 02:45:00+00:00,25.03,25.541799722521976,25.06696548331534,-0.4748342392066365,1,-0.03696548331533833,0.03696548331533833
DUISBURG-MEIDERICH SCHLEUSE UW,2026-06-30 02:45:00+00:00,18.17,18.195566525775316,18.158290024587018,-0.03727650118829854,1,0.011709975412983908,0.011709975412983908
DUISBURG-RUHRORT,2026-06-30 02:45:00+00:00,213.0,212.0914114165013,212.0914114165013,0.0,1,0.9085885834986982,0.9085885834986982
DÜSSELDORF,2026-06-30 02:45:00+00:00,82.0,79.84114523154676,79.84114523154676,0.0,1,2.1588547684532386,2.1588547684532386
EMMERICH,2026-06-30 02:45:00+00:00,53.0,53.94447354245558,53.94447354245558,0.0,1,-0.944473542455583,0.944473542455583
IFFEZHEIM,2026-06-30 02:45:00+00:00,146.0,155.30674177001265,155.30674177001265,0.0,1,-9.30674177001265,9.30674177001265
KAUB,2026-06-30 02:45:00+00:00,88.0,84.04932359802497,84.04932359802497,0.0,1,3.9506764019750307,3.9506764019750307
KOBLENZ,2026-06-30 02:45:00+00:00,84.0,79.39837024573445,79.39837024573445,0.0,1,4.601629754265545,4.601629754265545
KONSTANZ-RHEIN,2026-06-30 02:45:00+00:00,313.0,312.78702732923426,312.78702732923426,0.0,1,0.2129726707657369,0.2129726707657369
Koblenz OP,2026-06-30 02:45:00+00:00,202.0,204.22043840496525,204.22043840496525,0.0,1,-2.2204384049652504,2.2204384049652504
Koblenz UP,2026-06-30 02:45:00+00:00,48.0,49.352812649520345,49.352812649520345,0.0,1,-1.3528126495203452,1.3528126495203452
KÖLN,2026-06-30 02:45:00+00:00,134.0,132.86481031213557,132.86481031213557,0.0,1,1.1351896878644254,1.1351896878644254
MAINZ,2026-06-30 02:45:00+00:00,185.0,186.81925578555712,186.81925578555712,0.0,1,-1.819255785557118,1.819255785557118
MANNHEIM,2026-06-30 02:45:00+00:00,164.0,159.31964528064557,159.31964528064557,0.0,1,4.680354719354426,4.680354719354426
MAXAU,2026-06-30 02:45:00+00:00,410.0,410.22961014966444,410.22961014966444,0.0,1,-0.22961014966443827,0.22961014966443827
REES,2026-06-30 02:45:00+00:00,96.0,97.5915658066185,97.5915658066185,0.0,1,-1.5915658066185046,1.5915658066185046
RHEINE UNTERSCHLEUSE,2026-06-30 02:45:00+00:00,196.0,206.27672113872936,206.27672113872936,0.0,1,-10.276721138729357,10.276721138729357
RHEINWEILER,2026-06-30 02:45:00+00:00,223.0,222.2461148127786,222.2461148127786,0.0,1,0.7538851872214138,0.7538851872214138
SANKT GOAR,2026-06-30 02:45:00+00:00,176.0,169.8492636428102,169.8492636428102,0.0,1,6.1507363571898,6.1507363571898
SPEYER,2026-06-30 02:45:00+00:00,254.0,252.28916523798358,252.28916523798358,0.0,1,1.7108347620164182,1.7108347620164182
WESEL,2026-06-30 02:45:00+00:00,151.0,152.24813981249477,152.24813981249477,0.0,1,-1.2481398124947702,1.2481398124947702
WORMS,2026-06-30 02:45:00+00:00,74.0,73.09008130200624,73.09008130200624,0.0,1,0.9099186979937599,0.9099186979937599
DUISBURG-MEIDERICH SCHLEUSE OW,2026-06-30 02:46:00+00:00,25.03,25.541799722521976,25.06696548331534,-0.4748342392066365,1,-0.03696548331533833,0.03696548331533833
DUISBURG-MEIDERICH SCHLEUSE UW,2026-06-30 02:46:00+00:00,18.17,18.195566525775316,18.158290024587018,-0.03727650118829854,1,0.011709975412983908,0.011709975412983908
DUISBURG-MEIDERICH SCHLEUSE OW,2026-06-30 02:47:00+00:00,25.03,25.541799722521976,25.06696548331534,-0.4748342392066365,1,-0.03696548331533833,0.03696548331533833
DUISBURG-MEIDERICH SCHLEUSE UW,2026-06-30 02:47:00+00:00,18.17,18.195566525775316,18.158290024587018,-0.03727650118829854,1,0.011709975412983908,0.011709975412983908
DUISBURG-MEIDERICH SCHLEUSE OW,2026-06-30 02:48:00+00:00,25.04,25.541799722521976,25.06696548331534,-0.4748342392066365,1,-0.02696548331534032,0.02696548331534032
DUISBURG-MEIDERICH SCHLEUSE UW,2026-06-30 02:48:00+00:00,18.17,18.195566525775316,18.158290024587018,-0.03727650118829854,1,0.011709975412983908,0.011709975412983908
DUISBURG-MEIDERICH SCHLEUSE OW,2026-06-30 02:49:00+00:00,25.04,25.541799722521976,25.06696548331534,-0.4748342392066365,1,-0.02696548331534032,0.02696548331534032
DUISBURG-MEIDERICH SCHLEUSE UW,2026-06-30 02:49:00+00:00,18.17,18.195566525775316,18.158290024587018,-0.03727650118829854,1,0.011709975412983908,0.011709975412983908
Basel-Rheinhalle,2026-06-30 02:50:00+00:00,526.0,523.6498589708323,523.6498589708323,0.0,1,2.3501410291677303,2.3501410291677303
DUISBURG-MEIDERICH SCHLEUSE OW,2026-06-30 02:50:00+00:00,25.04,25.541799722521976,25.06696548331534,-0.4748342392066365,1,-0.02696548331534032,0.02696548331534032
DUISBURG-MEIDERICH SCHLEUSE UW,2026-06-30 02:50:00+00:00,18.17,18.195566525775316,18.158290024587018,-0.03727650118829854,1,0.011709975412983908,0.011709975412983908
LOBITH,2026-06-30 02:50:00+00:00,704.0,704.7397785880244,704.7397785880244,0.0,1,-0.7397785880243646,0.7397785880243646
DUISBURG-MEIDERICH SCHLEUSE OW,2026-06-30 02:51:00+00:00,25.04,25.89796722243103,25.423132983224395,-0.4748342392066365,1,-0.38313298322439593,0.38313298322439593
DUISBURG-MEIDERICH SCHLEUSE UW,2026-06-30 02:51:00+00:00,18.17,18.195566525775316,18.158290024587018,-0.03727650118829854,1,0.011709975412983908,0.011709975412983908
DUISBURG-MEIDERICH SCHLEUSE OW,2026-06-30 02:52:00+00:00,25.04,25.89796722243103,25.423132983224395,-0.4748342392066365,1,-0.38313298322439593,0.38313298322439593
DUISBURG-MEIDERICH SCHLEUSE UW,2026-06-30 02:52:00+00:00,18.17,18.195566525775316,18.158290024587018,-0.03727650118829854,1,0.011709975412983908,0.011709975412983908
DUISBURG-MEIDERICH SCHLEUSE OW,2026-06-30 02:53:00+00:00,25.04,25.541799722521976,25.06696548331534,-0.4748342392066365,1,-0.02696548331534032,0.02696548331534032
DUISBURG-MEIDERICH SCHLEUSE UW,2026-06-30 02:53:00+00:00,18.17,18.195566525775316,18.158290024587018,-0.03727650118829854,1,0.011709975412983908,0.011709975412983908
DUISBURG-MEIDERICH SCHLEUSE OW,2026-06-30 02:54:00+00:00,25.04,25.541799722521976,25.06696548331534,-0.4748342392066365,1,-0.02696548331534032,0.02696548331534032
DUISBURG-MEIDERICH SCHLEUSE UW,2026-06-30 02:54:00+00:00,18.17,18.195566525775316,18.158290024587018,-0.03727650118829854,1,0.011709975412983908,0.011709975412983908
Basel-Rheinhalle,2026-06-30 02:55:00+00:00,526.0,522.8021181026759,522.8021181026759,0.0,1,3.197881897324123,3.197881897324123
DUISBURG-MEIDERICH SCHLEUSE OW,2026-06-30 02:55:00+00:00,25.04,25.541799722521976,25.06696548331534,-0.4748342392066365,1,-0.02696548331534032,0.02696548331534032
DUISBURG-MEIDERICH SCHLEUSE UW,2026-06-30 02:55:00+00:00,18.17,18.195566525775316,18.158290024587018,-0.03727650118829854,1,0.011709975412983908,0.011709975412983908
DUISBURG-MEIDERICH SCHLEUSE OW,2026-06-30 02:56:00+00:00,25.04,25.541799722521976,25.06696548331534,-0.4748342392066365,1,-0.02696548331534032,0.02696548331534032
DUISBURG-MEIDERICH SCHLEUSE UW,2026-06-30 02:56:00+00:00,18.17,18.195566525775316,18.158290024587018,-0.03727650118829854,1,0.011709975412983908,0.011709975412983908
DUISBURG-MEIDERICH SCHLEUSE OW,2026-06-30 02:57:00+00:00,25.04,25.541799722521976,25.06696548331534,-0.4748342392066365,1,-0.02696548331534032,0.02696548331534032
DUISBURG-MEIDERICH SCHLEUSE UW,2026-06-30 02:57:00+00:00,18.17,18.195566525775316,18.158290024587018,-0.03727650118829854,1,0.011709975412983908,0.011709975412983908
DUISBURG-MEIDERICH SCHLEUSE OW,2026-06-30 02:58:00+00:00,25.04,25.541799722521976,25.06696548331534,-0.4748342392066365,1,-0.02696548331534032,0.02696548331534032
DUISBURG-MEIDERICH SCHLEUSE UW,2026-06-30 02:58:00+00:00,18.17,18.195566525775316,18.158290024587018,-0.03727650118829854,1,0.011709975412983908,0.011709975412983908
DUISBURG-MEIDERICH SCHLEUSE OW,2026-06-30 02:59:00+00:00,25.04,25.541799722521976,25.06696548331534,-0.4748342392066365,1,-0.02696548331534032,0.02696548331534032
DUISBURG-MEIDERICH SCHLEUSE UW,2026-06-30 02:59:00+00:00,18.17,18.195566525775316,18.158290024587018,-0.03727650118829854,1,0.011709975412983908,0.011709975412983908
BINGEN,2026-06-30 03:00:00+00:00,108.0,104.88784666420845,104.88784666420845,0.0,1,3.1121533357915467,3.1121533357915467
BONN,2026-06-30 03:00:00+00:00,137.0,142.9280658024389,142.9280658024389,0.0,1,-5.928065802438908,5.928065802438908
BREISACH,2026-06-30 03:00:00+00:00,186.0,192.2717604441699,192.2717604441699,0.0,1,-6.2717604441698995,6.2717604441698995
Basel-Rheinhalle,2026-06-30 03:00:00+00:00,527.0,529.8460310301389,529.8460310301389,0.0,1,-2.8460310301388745,2.8460310301388745
DUISBURG-MEIDERICH SCHLEUSE OW,2026-06-30 03:00:00+00:00,25.04,25.541799722521976,25.06696548331534,-0.4748342392066365,1,-0.02696548331534032,0.02696548331534032
DUISBURG-MEIDERICH SCHLEUSE UW,2026-06-30 03:00:00+00:00,18.18,18.195566525775316,18.158290024587018,-0.03727650118829854,1,0.02170997541298192,0.02170997541298192
DUISBURG-RUHRORT,2026-06-30 03:00:00+00:00,212.0,211.99491963893155,211.99491963893155,0.0,1,0.005080361068451111,0.005080361068451111
DÜSSELDORF,2026-06-30 03:00:00+00:00,81.0,79.91852792599673,79.91852792599673,0.0,1,1.0814720740032726,1.0814720740032726
EMMERICH,2026-06-30 03:00:00+00:00,54.0,52.983916735643994,52.983916735643994,0.0,1,1.0160832643560056,1.0160832643560056
IFFEZHEIM,2026-06-30 03:00:00+00:00,146.0,155.80497353533292,155.80497353533292,0.0,1,-9.80497353533292,9.80497353533292
KAUB,2026-06-30 03:00:00+00:00,89.0,84.03181447857719,84.03181447857719,0.0,1,4.968185521422811,4.968185521422811
KOBLENZ,2026-06-30 03:00:00+00:00,84.0,78.56790629960238,78.56790629960238,0.0,1,5.4320937003976155,5.4320937003976155
KONSTANZ-RHEIN,2026-06-30 03:00:00+00:00,313.0,312.7340300313475,312.7340300313475,0.0,1,0.26596996865248457,0.26596996865248457
Koblenz OP,2026-06-30 03:00:00+00:00,201.0,204.1239466273955,204.1239466273955,0.0,1,-3.1239466273954974,3.1239466273954974
Koblenz UP,2026-06-30 03:00:00+00:00,47.0,49.352812649520345,49.352812649520345,0.0,1,-2.352812649520345,2.352812649520345
KÖLN,2026-06-30 03:00:00+00:00,134.0,132.86481031213557,132.86481031213557,0.0,1,1.1351896878644254,1.1351896878644254
LOBITH,2026-06-30 03:00:00+00:00,704.0,704.7397785880244,704.7397785880244,0.0,1,-0.7397785880243646,0.7397785880243646
MAINZ,2026-06-30 03:00:00+00:00,185.0,188.2726946126337,188.2726946126337,0.0,1,-3.2726946126336998,3.2726946126336998
MANNHEIM,2026-06-30 03:00:00+00:00,165.0,159.73381326695883,159.73381326695883,0.0,1,5.266186733041167,5.266186733041167
MAXAU,2026-06-30 03:00:00+00:00,410.0,410.2462132843194,410.2462132843194,0.0,1,-0.24621328431942402,0.24621328431942402
REES,2026-06-30 03:00:00+00:00,97.0,97.56480814849631,97.56480814849631,0.0,1,-0.5648081484963114,0.5648081484963114
RHEINE UNTERSCHLEUSE,2026-06-30 03:00:00+00:00,187.0,206.27672113872936,206.27672113872936,0.0,1,-19.276721138729357,19.276721138729357
RHEINWEILER,2026-06-30 03:00:00+00:00,223.0,222.2248967743934,222.2248967743934,0.0,1,0.7751032256066139,0.7751032256066139
SANKT GOAR,2026-06-30 03:00:00+00:00,176.0,169.77057000150103,169.77057000150103,0.0,1,6.229429998498972,6.229429998498972
SPEYER,2026-06-30 03:00:00+00:00,255.0,252.46952336703563,252.46952336703563,0.0,1,2.5304766329643655,2.5304766329643655
WESEL,2026-06-30 03:00:00+00:00,152.0,152.3120920291481,152.3120920291481,0.0,1,-0.31209202914809,0.31209202914809
WORMS,2026-06-30 03:00:00+00:00,74.0,72.90472211892248,72.90472211892248,0.0,1,1.0952778810775214,1.0952778810775214
DUISBURG-MEIDERICH SCHLEUSE OW,2026-06-30 03:01:00+00:00,25.04,25.5833118365375,25.108477597330864,-0.4748342392066365,1,-0.06847759733086534,0.06847759733086534
DUISBURG-MEIDERICH SCHLEUSE UW,2026-06-30 03:01:00+00:00,18.18,18.22867169358123,18.17268509529401,-0.05598659828721796,1,0.007314904705989278,0.007314904705989278
DUISBURG-MEIDERICH SCHLEUSE OW,2026-06-30 03:02:00+00:00,25.04,25.5833118365375,25.108477597330864,-0.4748342392066365,1,-0.06847759733086534,0.06847759733086534
DUISBURG-MEIDERICH SCHLEUSE UW,2026-06-30 03:02:00+00:00,18.18,18.22867169358123,18.17268509529401,-0.05598659828721796,1,0.007314904705989278,0.007314904705989278
DUISBURG-MEIDERICH SCHLEUSE OW,2026-06-30 03:03:00+00:00,25.04,25.541799722521976,25.06696548331534,-0.4748342392066365,1,-0.02696548331534032,0.02696548331534032
DUISBURG-MEIDERICH SCHLEUSE UW,2026-06-30 03:03:00+00:00,18.18,18.195566525775316,18.158290024587018,-0.03727650118829854,1,0.02170997541298192,0.02170997541298192
DUISBURG-MEIDERICH SCHLEUSE OW,2026-06-30 03:04:00+00:00,25.04,25.541799722521976,25.06696548331534,-0.4748342392066365,1,-0.02696548331534032,0.02696548331534032
DUISBURG-MEIDERICH SCHLEUSE UW,2026-06-30 03:04:00+00:00,18.18,18.195566525775316,18.15659681283247,-0.038969712942847026,1,0.023403187167531314,0.023403187167531314
Basel-Rheinhalle,2026-06-30 03:05:00+00:00,527.0,528.913081488766,528.913081488766,0.0,1,-1.9130814887660108,1.9130814887660108
DUISBURG-MEIDERICH SCHLEUSE OW,2026-06-30 03:05:00+00:00,25.04,25.541799722521976,25.06696548331534,-0.4748342392066365,1,-0.02696548331534032,0.02696548331534032
DUISBURG-MEIDERICH SCHLEUSE UW,2026-06-30 03:05:00+00:00,18.18,18.20112466542308,18.130263823518543,-0.0708608419045355,1,0.04973617648145634,0.04973617648145634
DUISBURG-MEIDERICH SCHLEUSE OW,2026-06-30 03:06:00+00:00,25.04,25.541799722521976,25.06696548331534,-0.4748342392066365,1,-0.02696548331534032,0.02696548331534032
DUISBURG-MEIDERICH SCHLEUSE UW,2026-06-30 03:06:00+00:00,18.18,18.20112466542308,18.130263823518543,-0.0708608419045355,1,0.04973617648145634,0.04973617648145634
DUISBURG-MEIDERICH SCHLEUSE OW,2026-06-30 03:07:00+00:00,25.04,25.541799722521976,25.06696548331534,-0.4748342392066365,1,-0.02696548331534032,0.02696548331534032
DUISBURG-MEIDERICH SCHLEUSE UW,2026-06-30 03:07:00+00:00,18.18,18.195566525775316,18.14961077232485,-0.04595575345046759,1,0.030389227675151176,0.030389227675151176
DUISBURG-MEIDERICH SCHLEUSE OW,2026-06-30 03:08:00+00:00,25.04,25.541799722521976,25.06696548331534,-0.4748342392066365,1,-0.02696548331534032,0.02696548331534032
DUISBURG-MEIDERICH SCHLEUSE UW,2026-06-30 03:08:00+00:00,18.18,18.195566525775316,18.14961077232485,-0.04595575345046759,1,0.030389227675151176,0.030389227675151176
DUISBURG-MEIDERICH SCHLEUSE OW,2026-06-30 03:09:00+00:00,25.04,25.541799722521976,25.06696548331534,-0.4748342392066365,1,-0.02696548331534032,0.02696548331534032
DUISBURG-MEIDERICH SCHLEUSE UW,2026-06-30 03:09:00+00:00,18.18,18.195566525775316,18.14961077232485,-0.04595575345046759,1,0.030389227675151176,0.030389227675151176
Basel-Rheinhalle,2026-06-30 03:10:00+00:00,526.0,530.9884201430417,530.9884201430417,0.0,1,-4.988420143041708,4.988420143041708
DUISBURG-MEIDERICH SCHLEUSE OW,2026-06-30 03:10:00+00:00,25.04,25.541799722521976,25.06696548331534,-0.4748342392066365,1,-0.02696548331534032,0.02696548331534032
DUISBURG-MEIDERICH SCHLEUSE UW,2026-06-30 03:10:00+00:00,18.18,18.195566525775316,18.149012718527636,-0.04655380724767819,1,0.030987281472363293,0.030987281472363293
LOBITH,2026-06-30 03:10:00+00:00,704.0,704.5916712205773,704.5916712205773,0.0,1,-0.5916712205772683,0.5916712205772683
DUISBURG-MEIDERICH SCHLEUSE OW,2026-06-30 03:11:00+00:00,25.04,25.541799722521976,25.06696548331534,-0.4748342392066365,1,-0.02696548331534032,0.02696548331534032
DUISBURG-MEIDERICH SCHLEUSE UW,2026-06-30 03:11:00+00:00,18.18,18.195566525775316,18.149012718527636,-0.04655380724767819,1,0.030987281472363293,0.030987281472363293
DUISBURG-MEIDERICH SCHLEUSE OW,2026-06-30 03:12:00+00:00,25.04,25.541799722521976,25.06696548331534,-0.4748342392066365,1,-0.02696548331534032,0.02696548331534032
DUISBURG-MEIDERICH SCHLEUSE UW,2026-06-30 03:12:00+00:00,18.17,18.195566525775316,18.149012718527636,-0.04655380724767819,1,0.020987281472365282,0.020987281472365282
DUISBURG-MEIDERICH SCHLEUSE OW,2026-06-30 03:13:00+00:00,25.04,25.541799722521976,25.06696548331534,-0.4748342392066365,1,-0.02696548331534032,0.02696548331534032
DUISBURG-MEIDERICH SCHLEUSE UW,2026-06-30 03:13:00+00:00,18.17,18.195566525775316,18.149012718527636,-0.04655380724767819,1,0.020987281472365282,0.020987281472365282
DUISBURG-MEIDERICH SCHLEUSE OW,2026-06-30 03:14:00+00:00,25.04,25.541799722521976,25.06696548331534,-0.4748342392066365,1,-0.02696548331534032,0.02696548331534032
DUISBURG-MEIDERICH SCHLEUSE UW,2026-06-30 03:14:00+00:00,18.17,18.195566525775316,18.149012718527636,-0.04655380724767819,1,0.020987281472365282,0.020987281472365282
BINGEN,2026-06-30 03:15:00+00:00,106.0,104.78043352081288,104.78043352081288,0.0,1,1.2195664791871224,1.2195664791871224
BONN,2026-06-30 03:15:00+00:00,138.0,142.9068383787861,142.9068383787861,0.0,1,-4.906838378786091,4.906838378786091
BREISACH,2026-06-30 03:15:00+00:00,188.0,191.9800069952435,191.9800069952435,0.0,1,-3.9800069952435138,3.9800069952435138
Basel-Rheinhalle,2026-06-30 03:15:00+00:00,526.0,531.8630861421474,531.8630861421474,0.0,1,-5.863086142147381,5.863086142147381
DUISBURG-MEIDERICH SCHLEUSE OW,2026-06-30 03:15:00+00:00,25.04,25.541799722521976,25.06696548331534,-0.4748342392066365,1,-0.02696548331534032,0.02696548331534032
DUISBURG-MEIDERICH SCHLEUSE UW,2026-06-30 03:15:00+00:00,18.17,18.195566525775316,18.149012718527636,-0.04655380724767819,1,0.020987281472365282,0.020987281472365282
DUISBURG-RUHRORT,2026-06-30 03:15:00+00:00,212.0,211.9688008792176,211.9688008792176,0.0,1,0.0311991207823894,0.0311991207823894
DÜSSELDORF,2026-06-30 03:15:00+00:00,82.0,79.98389774598816,79.98389774598816,0.0,1,2.016102254011841,2.016102254011841
EMMERICH,2026-06-30 03:15:00+00:00,53.0,49.762204880823056,49.762204880823056,0.0,1,3.237795119176944,3.237795119176944
IFFEZHEIM,2026-06-30 03:15:00+00:00,144.0,156.20159996533837,156.20159996533837,0.0,1,-12.201599965338374,12.201599965338374
KAUB,2026-06-30 03:15:00+00:00,89.0,83.33386757842197,83.33386757842197,0.0,1,5.666132421578027,5.666132421578027
KOBLENZ,2026-06-30 03:15:00+00:00,81.0,78.1017864024272,78.1017864024272,0.0,1,2.8982135975728056,2.8982135975728056
KONSTANZ-RHEIN,2026-06-30 03:15:00+00:00,313.0,312.6112604287813,312.6112604287813,0.0,1,0.38873957121870717,0.38873957121870717
Koblenz OP,2026-06-30 03:15:00+00:00,200.0,207.97747773521968,207.97747773521968,0.0,1,-7.977477735219679,7.977477735219679
Koblenz UP,2026-06-30 03:15:00+00:00,46.0,49.32343305845217,49.32343305845217,0.0,1,-3.323433058452167,3.323433058452167
KÖLN,2026-06-30 03:15:00+00:00,134.0,132.84358288848276,132.84358288848276,0.0,1,1.1564171115172428,1.1564171115172428
MAINZ,2026-06-30 03:15:00+00:00,184.0,189.31899409605379,189.31899409605379,0.0,1,-5.318994096053785,5.318994096053785
MANNHEIM,2026-06-30 03:15:00+00:00,164.0,159.73381326695883,159.73381326695883,0.0,1,4.266186733041167,4.266186733041167
MAXAU,2026-06-30 03:15:00+00:00,409.0,410.0633624896126,410.0633624896126,0.0,1,-1.0633624896125866,1.0633624896125866
REES,2026-06-30 03:15:00+00:00,96.0,97.40437356474033,97.40437356474033,0.0,1,-1.4043735647403253,1.4043735647403253
RHEINE UNTERSCHLEUSE,2026-06-30 03:15:00+00:00,186.0,206.01163990339202,206.01163990339202,0.0,1,-20.011639903392023,20.011639903392023
RHEINWEILER,2026-06-30 03:15:00+00:00,223.0,221.8197779700495,221.8197779700495,0.0,1,1.1802220299504995,1.1802220299504995
SANKT GOAR,2026-06-30 03:15:00+00:00,176.0,170.14617213146923,170.14617213146923,0.0,1,5.853827868530772,5.853827868530772
SPEYER,2026-06-30 03:15:00+00:00,255.0,252.46952336703563,252.46952336703563,0.0,1,2.5304766329643655,2.5304766329643655
WESEL,2026-06-30 03:15:00+00:00,152.0,152.29609351416286,152.29609351416286,0.0,1,-0.29609351416286245,0.29609351416286245
WORMS,2026-06-30 03:15:00+00:00,74.0,72.92437647286509,72.92437647286509,0.0,1,1.0756235271349084,1.0756235271349084
DUISBURG-MEIDERICH SCHLEUSE OW,2026-06-30 03:16:00+00:00,25.04,25.541799722521976,25.06696548331534,-0.4748342392066365,1,-0.02696548331534032,0.02696548331534032
DUISBURG-MEIDERICH SCHLEUSE UW,2026-06-30 03:16:00+00:00,18.18,18.195566525775316,18.149012718527636,-0.04655380724767819,1,0.030987281472363293,0.030987281472363293
DUISBURG-MEIDERICH SCHLEUSE OW,2026-06-30 03:17:00+00:00,25.04,25.541799722521976,25.06696548331534,-0.4748342392066365,1,-0.02696548331534032,0.02696548331534032
DUISBURG-MEIDERICH SCHLEUSE UW,2026-06-30 03:17:00+00:00,18.18,18.195566525775316,18.149012718527636,-0.04655380724767819,1,0.030987281472363293,0.030987281472363293
DUISBURG-MEIDERICH SCHLEUSE OW,2026-06-30 03:18:00+00:00,25.04,25.541799722521976,25.06696548331534,-0.4748342392066365,1,-0.02696548331534032,0.02696548331534032
DUISBURG-MEIDERICH SCHLEUSE UW,2026-06-30 03:18:00+00:00,18.18,18.195566525775316,18.149012718527636,-0.04655380724767819,1,0.030987281472363293,0.030987281472363293
DUISBURG-MEIDERICH SCHLEUSE OW,2026-06-30 03:19:00+00:00,25.04,25.541799722521976,25.06696548331534,-0.4748342392066365,1,-0.02696548331534032,0.02696548331534032
DUISBURG-MEIDERICH SCHLEUSE UW,2026-06-30 03:19:00+00:00,18.18,18.195566525775316,18.149012718527636,-0.04655380724767819,1,0.030987281472363293,0.030987281472363293
Basel-Rheinhalle,2026-06-30 03:20:00+00:00,526.0,531.8630861421474,531.8630861421474,0.0,1,-5.863086142147381,5.863086142147381
DUISBURG-MEIDERICH SCHLEUSE OW,2026-06-30 03:20:00+00:00,25.04,25.541799722521976,25.06696548331534,-0.4748342392066365,1,-0.02696548331534032,0.02696548331534032
DUISBURG-MEIDERICH SCHLEUSE UW,2026-06-30 03:20:00+00:00,18.18,18.195566525775316,18.149012718527636,-0.04655380724767819,1,0.030987281472363293,0.030987281472363293
LOBITH,2026-06-30 03:20:00+00:00,704.0,703.8066394806965,703.8066394806965,0.0,1,0.1933605193034964,0.1933605193034964
DUISBURG-MEIDERICH SCHLEUSE OW,2026-06-30 03:21:00+00:00,25.04,25.541799722521976,25.06696548331534,-0.4748342392066365,1,-0.02696548331534032,0.02696548331534032
DUISBURG-MEIDERICH SCHLEUSE UW,2026-06-30 03:21:00+00:00,18.18,18.195566525775316,18.149012718527636,-0.04655380724767819,1,0.030987281472363293,0.030987281472363293
DUISBURG-MEIDERICH SCHLEUSE OW,2026-06-30 03:22:00+00:00,25.04,25.541799722521976,25.06696548331534,-0.4748342392066365,1,-0.02696548331534032,0.02696548331534032
DUISBURG-MEIDERICH SCHLEUSE UW,2026-06-30 03:22:00+00:00,18.18,18.195566525775316,18.149012718527636,-0.04655380724767819,1,0.030987281472363293,0.030987281472363293
DUISBURG-MEIDERICH SCHLEUSE OW,2026-06-30 03:23:00+00:00,25.04,25.541799722521976,25.06696548331534,-0.4748342392066365,1,-0.02696548331534032,0.02696548331534032
DUISBURG-MEIDERICH SCHLEUSE UW,2026-06-30 03:23:00+00:00,18.18,18.195566525775316,18.149012718527636,-0.04655380724767819,1,0.030987281472363293,0.030987281472363293
DUISBURG-MEIDERICH SCHLEUSE OW,2026-06-30 03:24:00+00:00,25.04,25.541799722521976,25.06696548331534,-0.4748342392066365,1,-0.02696548331534032,0.02696548331534032
DUISBURG-MEIDERICH SCHLEUSE UW,2026-06-30 03:24:00+00:00,18.18,18.195566525775316,18.149012718527636,-0.04655380724767819,1,0.030987281472363293,0.030987281472363293
Basel-Rheinhalle,2026-06-30 03:25:00+00:00,526.0,532.9040993830388,532.9040993830388,0.0,1,-6.904099383038783,6.904099383038783
DUISBURG-MEIDERICH SCHLEUSE OW,2026-06-30 03:25:00+00:00,25.04,25.541799722521976,25.06696548331534,-0.4748342392066365,1,-0.02696548331534032,0.02696548331534032
DUISBURG-MEIDERICH SCHLEUSE UW,2026-06-30 03:25:00+00:00,18.17,18.20112466542308,18.144574870533916,-0.056549794889163243,1,0.025425129466086105,0.025425129466086105
DUISBURG-MEIDERICH SCHLEUSE OW,2026-06-30 03:26:00+00:00,25.04,25.541799722521976,25.06696548331534,-0.4748342392066365,1,-0.02696548331534032,0.02696548331534032
DUISBURG-MEIDERICH SCHLEUSE UW,2026-06-30 03:26:00+00:00,18.17,18.20112466542308,18.1460788920836,-0.05504577333947809,1,0.023921107916400786,0.023921107916400786
DUISBURG-MEIDERICH SCHLEUSE OW,2026-06-30 03:27:00+00:00,25.04,25.541799722521976,25.06696548331534,-0.4748342392066365,1,-0.02696548331534032,0.02696548331534032
DUISBURG-MEIDERICH SCHLEUSE UW,2026-06-30 03:27:00+00:00,18.17,18.195566525775316,18.144217291263455,-0.05134923451186218,1,0.02578270873654631,0.02578270873654631
DUISBURG-MEIDERICH SCHLEUSE OW,2026-06-30 03:28:00+00:00,25.04,25.541799722521976,25.06696548331534,-0.4748342392066365,1,-0.02696548331534032,0.02696548331534032
DUISBURG-MEIDERICH SCHLEUSE UW,2026-06-30 03:28:00+00:00,18.17,18.195566525775316,18.144217291263455,-0.05134923451186218,1,0.02578270873654631,0.02578270873654631
DUISBURG-MEIDERICH SCHLEUSE OW,2026-06-30 03:29:00+00:00,25.04,25.541799722521976,25.06696548331534,-0.4748342392066365,1,-0.02696548331534032,0.02696548331534032
DUISBURG-MEIDERICH SCHLEUSE UW,2026-06-30 03:29:00+00:00,18.17,18.195566525775316,18.144217291263455,-0.05134923451186218,1,0.02578270873654631,0.02578270873654631
BINGEN,2026-06-30 03:30:00+00:00,107.0,104.70911228464084,104.70911228464084,0.0,1,2.290887715359162,2.290887715359162
BONN,2026-06-30 03:30:00+00:00,137.0,142.9068383787861,142.9068383787861,0.0,1,-5.906838378786091,5.906838378786091
BREISACH,2026-06-30 03:30:00+00:00,187.0,191.95583212843616,191.95583212843616,0.0,1,-4.955832128436157,4.955832128436157
Basel-Rheinhalle,2026-06-30 03:30:00+00:00,526.0,533.9084277213025,533.9084277213025,0.0,1,-7.908427721302473,7.908427721302473
DUISBURG-MEIDERICH SCHLEUSE OW,2026-06-30 03:30:00+00:00,25.04,25.541799722521976,25.06696548331534,-0.4748342392066365,1,-0.02696548331534032,0.02696548331534032
DUISBURG-MEIDERICH SCHLEUSE UW,2026-06-30 03:30:00+00:00,18.17,18.195566525775316,18.144146227029648,-0.05142029874566781,1,0.025853772970354072,0.025853772970354072
DUISBURG-RUHRORT,2026-06-30 03:30:00+00:00,214.0,211.80416745236977,211.80416745236977,0.0,1,2.195832547630232,2.195832547630232
DÜSSELDORF,2026-06-30 03:30:00+00:00,83.0,79.09818153596308,79.09818153596308,0.0,1,3.9018184640369213,3.9018184640369213
EMMERICH,2026-06-30 03:30:00+00:00,53.0,49.78414381306058,49.78414381306058,0.0,1,3.215856186939419,3.215856186939419
IFFEZHEIM,2026-06-30 03:30:00+00:00,144.0,155.11054781186488,155.11054781186488,0.0,1,-11.110547811864876,11.110547811864876
KAUB,2026-06-30 03:30:00+00:00,88.0,83.25646563322033,83.25646563322033,0.0,1,4.74353436677967,4.74353436677967
KOBLENZ,2026-06-30 03:30:00+00:00,84.0,78.91618137628024,78.91618137628024,0.0,1,5.083818623719765,5.083818623719765
KONSTANZ-RHEIN,2026-06-30 03:30:00+00:00,313.0,312.6112604287813,312.6112604287813,0.0,1,0.38873957121870717,0.38873957121870717
Koblenz OP,2026-06-30 03:30:00+00:00,201.0,204.265356004714,204.265356004714,0.0,1,-3.2653560047139933,3.2653560047139933
Koblenz UP,2026-06-30 03:30:00+00:00,45.0,49.32343305845217,49.32343305845217,0.0,1,-4.323433058452167,4.323433058452167
KÖLN,2026-06-30 03:30:00+00:00,134.0,132.84358288848276,132.84358288848276,0.0,1,1.1564171115172428,1.1564171115172428
LOBITH,2026-06-30 03:30:00+00:00,704.0,703.9547468481436,703.9547468481436,0.0,1,0.04525315185640011,0.04525315185640011
MAINZ,2026-06-30 03:30:00+00:00,184.0,189.07317250493577,189.07317250493577,0.0,1,-5.073172504935769,5.073172504935769
MANNHEIM,2026-06-30 03:30:00+00:00,163.0,159.86087985056102,159.86087985056102,0.0,1,3.1391201494389804,3.1391201494389804
MAXAU,2026-06-30 03:30:00+00:00,409.0,410.0633624896126,410.0633624896126,0.0,1,-1.0633624896125866,1.0633624896125866
REES,2026-06-30 03:30:00+00:00,96.0,97.41145779291998,97.41145779291998,0.0,1,-1.4114577929199754,1.4114577929199754
RHEINE UNTERSCHLEUSE,2026-06-30 03:30:00+00:00,186.0,206.01163990339202,206.01163990339202,0.0,1,-20.011639903392023,20.011639903392023
RHEINWEILER,2026-06-30 03:30:00+00:00,223.0,221.8197779700495,221.8197779700495,0.0,1,1.1802220299504995,1.1802220299504995
SANKT GOAR,2026-06-30 03:30:00+00:00,177.0,170.04645934618839,170.04645934618839,0.0,1,6.953540653811615,6.953540653811615
SPEYER,2026-06-30 03:30:00+00:00,255.0,252.52642812436062,252.52642812436062,0.0,1,2.4735718756393794,2.4735718756393794
WESEL,2026-06-30 03:30:00+00:00,152.0,152.33837012508963,152.33837012508963,0.0,1,-0.33837012508962516,0.33837012508962516
WORMS,2026-06-30 03:30:00+00:00,74.0,72.98730163166383,72.98730163166383,0.0,1,1.0126983683361743,1.0126983683361743
DUISBURG-MEIDERICH SCHLEUSE OW,2026-06-30 03:31:00+00:00,25.04,25.541799722521976,25.06696548331534,-0.4748342392066365,1,-0.02696548331534032,0.02696548331534032
DUISBURG-MEIDERICH SCHLEUSE UW,2026-06-30 03:31:00+00:00,18.17,18.195566525775316,18.144146227029648,-0.05142029874566781,1,0.025853772970354072,0.025853772970354072
DUISBURG-MEIDERICH SCHLEUSE OW,2026-06-30 03:32:00+00:00,25.04,25.541799722521976,25.06696548331534,-0.4748342392066365,1,-0.02696548331534032,0.02696548331534032
DUISBURG-MEIDERICH SCHLEUSE UW,2026-06-30 03:32:00+00:00,18.17,18.195566525775316,18.144146227029648,-0.05142029874566781,1,0.025853772970354072,0.025853772970354072
DUISBURG-MEIDERICH SCHLEUSE OW,2026-06-30 03:33:00+00:00,25.04,25.541799722521976,25.06696548331534,-0.4748342392066365,1,-0.02696548331534032,0.02696548331534032
DUISBURG-MEIDERICH SCHLEUSE UW,2026-06-30 03:33:00+00:00,18.17,18.195566525775316,18.144146227029648,-0.05142029874566781,1,0.025853772970354072,0.025853772970354072
DUISBURG-MEIDERICH SCHLEUSE OW,2026-06-30 03:34:00+00:00,25.04,25.541799722521976,25.06696548331534,-0.4748342392066365,1,-0.02696548331534032,0.02696548331534032
DUISBURG-MEIDERICH SCHLEUSE UW,2026-06-30 03:34:00+00:00,18.17,18.195566525775316,18.144146227029648,-0.05142029874566781,1,0.025853772970354072,0.025853772970354072
Basel-Rheinhalle,2026-06-30 03:35:00+00:00,526.0,534.0034320962825,534.0034320962825,0.0,1,-8.003432096282495,8.003432096282495
DUISBURG-MEIDERICH SCHLEUSE OW,2026-06-30 03:35:00+00:00,25.04,25.541799722521976,25.06696548331534,-0.4748342392066365,1,-0.02696548331534032,0.02696548331534032
DUISBURG-MEIDERICH SCHLEUSE UW,2026-06-30 03:35:00+00:00,18.17,18.195566525775316,18.144146227029648,-0.05142029874566781,1,0.025853772970354072,0.025853772970354072
DUISBURG-MEIDERICH SCHLEUSE OW,2026-06-30 03:36:00+00:00,25.04,25.541799722521976,25.06696548331534,-0.4748342392066365,1,-0.02696548331534032,0.02696548331534032
DUISBURG-MEIDERICH SCHLEUSE UW,2026-06-30 03:36:00+00:00,18.18,18.195566525775316,18.144146227029648,-0.05142029874566781,1,0.03585377297035208,0.03585377297035208
DUISBURG-MEIDERICH SCHLEUSE OW,2026-06-30 03:37:00+00:00,25.04,25.541799722521976,25.06696548331534,-0.4748342392066365,1,-0.02696548331534032,0.02696548331534032
DUISBURG-MEIDERICH SCHLEUSE UW,2026-06-30 03:37:00+00:00,18.18,18.20112466542308,18.124971173337965,-0.07615349208511647,1,0.0550288266620349,0.0550288266620349
DUISBURG-MEIDERICH SCHLEUSE OW,2026-06-30 03:38:00+00:00,25.04,25.541799722521976,25.06696548331534,-0.4748342392066365,1,-0.02696548331534032,0.02696548331534032
DUISBURG-MEIDERICH SCHLEUSE UW,2026-06-30 03:38:00+00:00,18.18,18.20112466542308,18.12346715178828,-0.07765751363480163,1,0.05653284821172022,0.05653284821172022
DUISBURG-MEIDERICH SCHLEUSE OW,2026-06-30 03:39:00+00:00,25.04,25.541799722521976,25.06696548331534,-0.4748342392066365,1,-0.02696548331534032,0.02696548331534032
DUISBURG-MEIDERICH SCHLEUSE UW,2026-06-30 03:39:00+00:00,18.18,18.195566525775316,18.144146227029648,-0.05142029874566781,1,0.03585377297035208,0.03585377297035208
Basel-Rheinhalle,2026-06-30 03:40:00+00:00,526.0,531.3299290675176,531.3299290675176,0.0,1,-5.3299290675175826,5.3299290675175826
DUISBURG-MEIDERICH SCHLEUSE OW,2026-06-30 03:40:00+00:00,25.04,25.541799722521976,25.06696548331534,-0.4748342392066365,1,-0.02696548331534032,0.02696548331534032
DUISBURG-MEIDERICH SCHLEUSE UW,2026-06-30 03:40:00+00:00,18.18,18.195566525775316,18.144146227029648,-0.05142029874566781,1,0.03585377297035208,0.03585377297035208
LOBITH,2026-06-30 03:40:00+00:00,704.0,703.9547468481436,703.9547468481436,0.0,1,0.04525315185640011,0.04525315185640011
DUISBURG-MEIDERICH SCHLEUSE OW,2026-06-30 03:41:00+00:00,25.04,25.541799722521976,25.06696548331534,-0.4748342392066365,1,-0.02696548331534032,0.02696548331534032
DUISBURG-MEIDERICH SCHLEUSE UW,2026-06-30 03:41:00+00:00,18.18,18.20112466542308,18.14450380630011,-0.056620859122968874,1,0.03549619369988832,0.03549619369988832
DUISBURG-MEIDERICH SCHLEUSE OW,2026-06-30 03:42:00+00:00,25.04,25.541799722521976,25.06696548331534,-0.4748342392066365,1,-0.02696548331534032,0.02696548331534032
DUISBURG-MEIDERICH SCHLEUSE UW,2026-06-30 03:42:00+00:00,18.18,18.20112466542308,18.1460788920836,-0.05504577333947809,1,0.033921107916398796,0.033921107916398796
DUISBURG-MEIDERICH SCHLEUSE OW,2026-06-30 03:43:00+00:00,25.04,25.541799722521976,25.06696548331534,-0.4748342392066365,1,-0.02696548331534032,0.02696548331534032
DUISBURG-MEIDERICH SCHLEUSE UW,2026-06-30 03:43:00+00:00,18.18,18.195566525775316,18.144217291263455,-0.05134923451186218,1,0.03578270873654432,0.03578270873654432
DUISBURG-MEIDERICH SCHLEUSE OW,2026-06-30 03:44:00+00:00,25.04,25.541799722521976,25.06696548331534,-0.4748342392066365,1,-0.02696548331534032,0.02696548331534032
DUISBURG-MEIDERICH SCHLEUSE UW,2026-06-30 03:44:00+00:00,18.18,18.195566525775316,18.144217291263455,-0.05134923451186218,1,0.03578270873654432,0.03578270873654432
BINGEN,2026-06-30 03:45:00+00:00,107.0,104.74718852625756,104.74718852625756,0.0,1,2.2528114737424403,2.2528114737424403
BONN,2026-06-30 03:45:00+00:00,137.0,142.93515003061847,142.93515003061847,0.0,1,-5.935150030618473,5.935150030618473
BREISACH,2026-06-30 03:45:00+00:00,187.0,193.4808331112713,193.4808331112713,0.0,1,-6.480833111271295,6.480833111271295
Basel-Rheinhalle,2026-06-30 03:45:00+00:00,528.0,523.3608578660114,523.3608578660114,0.0,1,4.639142133988571,4.639142133988571
DUISBURG-MEIDERICH SCHLEUSE OW,2026-06-30 03:45:00+00:00,25.04,25.541799722521976,25.06696548331534,-0.4748342392066365,1,-0.02696548331534032,0.02696548331534032
DUISBURG-MEIDERICH SCHLEUSE UW,2026-06-30 03:45:00+00:00,18.18,18.195566525775316,18.144217291263455,-0.05134923451186218,1,0.03578270873654432,0.03578270873654432
DUISBURG-RUHRORT,2026-06-30 03:45:00+00:00,214.0,211.92677798965346,211.92677798965346,0.0,1,2.073222010346541,2.073222010346541
DÜSSELDORF,2026-06-30 03:45:00+00:00,83.0,79.05248514591419,79.05248514591419,0.0,1,3.94751485408581,3.94751485408581
EMMERICH,2026-06-30 03:45:00+00:00,53.0,53.55401993718443,53.55401993718443,0.0,1,-0.5540199371844281,0.5540199371844281
IFFEZHEIM,2026-06-30 03:45:00+00:00,148.0,155.38556437480233,155.38556437480233,0.0,1,-7.385564374802328,7.385564374802328
KAUB,2026-06-30 03:45:00+00:00,89.0,83.28054901379426,83.28054901379426,0.0,1,5.719450986205743,5.719450986205743
KOBLENZ,2026-06-30 03:45:00+00:00,82.0,81.33390629751221,81.33390629751221,0.0,1,0.6660937024877853,0.6660937024877853
KONSTANZ-RHEIN,2026-06-30 03:45:00+00:00,313.0,312.7310154582721,312.7310154582721,0.0,1,0.2689845417278889,0.2689845417278889
Koblenz OP,2026-06-30 03:45:00+00:00,201.0,204.17401942266386,204.17401942266386,0.0,1,-3.1740194226638607,3.1740194226638607
Koblenz UP,2026-06-30 03:45:00+00:00,44.0,49.306844840630966,49.306844840630966,0.0,1,-5.306844840630966,5.306844840630966
KÖLN,2026-06-30 03:45:00+00:00,134.0,132.86481031213557,132.86481031213557,0.0,1,1.1351896878644254,1.1351896878644254
MAINZ,2026-06-30 03:45:00+00:00,184.0,189.37445214624861,189.37445214624861,0.0,1,-5.374452146248615,5.374452146248615
MANNHEIM,2026-06-30 03:45:00+00:00,164.0,159.61192250822148,159.61192250822148,0.0,1,4.3880774917785175,4.3880774917785175
MAXAU,2026-06-30 03:45:00+00:00,409.0,410.2911128294955,410.2911128294955,0.0,1,-1.2911128294954892,1.2911128294954892
REES,2026-06-30 03:45:00+00:00,95.0,97.5915658066185,97.5915658066185,0.0,1,-2.5915658066185046,2.5915658066185046
RHEINE UNTERSCHLEUSE,2026-06-30 03:45:00+00:00,185.0,206.27672113872936,206.27672113872936,0.0,1,-21.276721138729357,21.276721138729357
RHEINWEILER,2026-06-30 03:45:00+00:00,223.0,222.2248967743934,222.2248967743934,0.0,1,0.7751032256066139,0.7751032256066139
SANKT GOAR,2026-06-30 03:45:00+00:00,178.0,170.03517746006625,170.03517746006625,0.0,1,7.964822539933749,7.964822539933749
SPEYER,2026-06-30 03:45:00+00:00,256.0,252.54224910050274,252.54224910050274,0.0,1,3.457750899497256,3.457750899497256
WESEL,2026-06-30 03:45:00+00:00,152.0,152.3866332922603,152.3866332922603,0.0,1,-0.3866332922603135,0.3866332922603135
WORMS,2026-06-30 03:45:00+00:00,74.0,72.9550369794783,72.9550369794783,0.0,1,1.0449630205217062,1.0449630205217062
DUISBURG-MEIDERICH SCHLEUSE OW,2026-06-30 03:46:00+00:00,25.04,25.541799722521976,25.06696548331534,-0.4748342392066365,1,-0.02696548331534032,0.02696548331534032
DUISBURG-MEIDERICH SCHLEUSE UW,2026-06-30 03:46:00+00:00,18.18,18.195566525775316,18.144146227029648,-0.05142029874566781,1,0.03585377297035208,0.03585377297035208
DUISBURG-MEIDERICH SCHLEUSE OW,2026-06-30 03:47:00+00:00,25.04,25.541799722521976,25.06696548331534,-0.4748342392066365,1,-0.02696548331534032,0.02696548331534032
DUISBURG-MEIDERICH SCHLEUSE UW,2026-06-30 03:47:00+00:00,18.18,18.195566525775316,18.144146227029648,-0.05142029874566781,1,0.03585377297035208,0.03585377297035208
DUISBURG-MEIDERICH SCHLEUSE OW,2026-06-30 03:48:00+00:00,25.04,25.541799722521976,25.06696548331534,-0.4748342392066365,1,-0.02696548331534032,0.02696548331534032
DUISBURG-MEIDERICH SCHLEUSE UW,2026-06-30 03:48:00+00:00,18.18,18.195566525775316,18.144146227029648,-0.05142029874566781,1,0.03585377297035208,0.03585377297035208
DUISBURG-MEIDERICH SCHLEUSE OW,2026-06-30 03:49:00+00:00,25.04,25.541799722521976,25.06696548331534,-0.4748342392066365,1,-0.02696548331534032,0.02696548331534032
DUISBURG-MEIDERICH SCHLEUSE UW,2026-06-30 03:49:00+00:00,18.18,18.195566525775316,18.144146227029648,-0.05142029874566781,1,0.03585377297035208,0.03585377297035208
Basel-Rheinhalle,2026-06-30 03:50:00+00:00,529.0,516.3982222324435,516.3982222324435,0.0,1,12.601777767556541,12.601777767556541
DUISBURG-MEIDERICH SCHLEUSE OW,2026-06-30 03:50:00+00:00,25.04,25.541799722521976,25.06696548331534,-0.4748342392066365,1,-0.02696548331534032,0.02696548331534032
DUISBURG-MEIDERICH SCHLEUSE UW,2026-06-30 03:50:00+00:00,18.18,18.20112466542308,18.124971173337965,-0.07615349208511647,1,0.0550288266620349,0.0550288266620349
LOBITH,2026-06-30 03:50:00+00:00,704.0,705.1498865472381,705.1498865472381,0.0,1,-1.1498865472381112,1.1498865472381112
DUISBURG-MEIDERICH SCHLEUSE OW,2026-06-30 03:51:00+00:00,25.04,25.541799722521976,25.06696548331534,-0.4748342392066365,1,-0.02696548331534032,0.02696548331534032
DUISBURG-MEIDERICH SCHLEUSE UW,2026-06-30 03:51:00+00:00,18.19,18.20112466542308,18.12346715178828,-0.07765751363480163,1,0.06653284821172178,0.06653284821172178
DUISBURG-MEIDERICH SCHLEUSE OW,2026-06-30 03:52:00+00:00,25.04,25.541799722521976,25.06696548331534,-0.4748342392066365,1,-0.02696548331534032,0.02696548331534032
DUISBURG-MEIDERICH SCHLEUSE UW,2026-06-30 03:52:00+00:00,18.19,18.195566525775316,18.144146227029648,-0.05142029874566781,1,0.045853772970353646,0.045853772970353646
DUISBURG-MEIDERICH SCHLEUSE OW,2026-06-30 03:53:00+00:00,25.04,25.541799722521976,25.06696548331534,-0.4748342392066365,1,-0.02696548331534032,0.02696548331534032
DUISBURG-MEIDERICH SCHLEUSE UW,2026-06-30 03:53:00+00:00,18.19,18.195566525775316,18.144146227029648,-0.05142029874566781,1,0.045853772970353646,0.045853772970353646
DUISBURG-MEIDERICH SCHLEUSE OW,2026-06-30 03:54:00+00:00,25.04,25.541799722521976,25.06696548331534,-0.4748342392066365,1,-0.02696548331534032,0.02696548331534032
DUISBURG-MEIDERICH SCHLEUSE UW,2026-06-30 03:54:00+00:00,18.19,18.195566525775316,18.144146227029648,-0.05142029874566781,1,0.045853772970353646,0.045853772970353646
Basel-Rheinhalle,2026-06-30 03:55:00+00:00,527.0,515.2620081063963,515.2620081063963,0.0,1,11.737991893603748,11.737991893603748
DUISBURG-MEIDERICH SCHLEUSE OW,2026-06-30 03:55:00+00:00,25.04,25.541799722521976,25.06696548331534,-0.4748342392066365,1,-0.02696548331534032,0.02696548331534032
DUISBURG-MEIDERICH SCHLEUSE UW,2026-06-30 03:55:00+00:00,18.19,18.195566525775316,18.149012718527636,-0.04655380724767819,1,0.040987281472364856,0.040987281472364856
DUISBURG-MEIDERICH SCHLEUSE OW,2026-06-30 03:56:00+00:00,25.04,25.541799722521976,25.06696548331534,-0.4748342392066365,1,-0.02696548331534032,0.02696548331534032
DUISBURG-MEIDERICH SCHLEUSE UW,2026-06-30 03:56:00+00:00,18.19,18.195566525775316,18.149012718527636,-0.04655380724767819,1,0.040987281472364856,0.040987281472364856
DUISBURG-MEIDERICH SCHLEUSE OW,2026-06-30 03:57:00+00:00,25.03,25.541799722521976,25.06696548331534,-0.4748342392066365,1,-0.03696548331533833,0.03696548331533833
DUISBURG-MEIDERICH SCHLEUSE UW,2026-06-30 03:57:00+00:00,18.19,18.195566525775316,18.149012718527636,-0.04655380724767819,1,0.040987281472364856,0.040987281472364856
DUISBURG-MEIDERICH SCHLEUSE OW,2026-06-30 03:58:00+00:00,25.03,25.541799722521976,25.06696548331534,-0.4748342392066365,1,-0.03696548331533833,0.03696548331533833
DUISBURG-MEIDERICH SCHLEUSE UW,2026-06-30 03:58:00+00:00,18.19,18.195566525775316,18.149012718527636,-0.04655380724767819,1,0.040987281472364856,0.040987281472364856
DUISBURG-MEIDERICH SCHLEUSE OW,2026-06-30 03:59:00+00:00,25.03,25.541799722521976,25.06696548331534,-0.4748342392066365,1,-0.03696548331533833,0.03696548331533833
DUISBURG-MEIDERICH SCHLEUSE UW,2026-06-30 03:59:00+00:00,18.2,18.195566525775316,18.149012718527636,-0.04655380724767819,1,0.050987281472362866,0.050987281472362866
BINGEN,2026-06-30 04:00:00+00:00,106.0,104.71413773145932,104.71413773145932,0.0,1,1.2858622685406829,1.2858622685406829
BONN,2026-06-30 04:00:00+00:00,137.0,142.86333735786712,142.86333735786712,0.0,1,-5.863337357867124,5.863337357867124
BREISACH,2026-06-30 04:00:00+00:00,187.0,194.9168814795408,194.9168814795408,0.0,1,-7.916881479540791,7.916881479540791
Basel-Rheinhalle,2026-06-30 04:00:00+00:00,527.0,513.6471830085425,513.6471830085425,0.0,1,13.35281699145753,13.35281699145753
DUISBURG-MEIDERICH SCHLEUSE OW,2026-06-30 04:00:00+00:00,25.03,25.541799722521976,25.06696548331534,-0.4748342392066365,1,-0.03696548331533833,0.03696548331533833
DUISBURG-MEIDERICH SCHLEUSE UW,2026-06-30 04:00:00+00:00,18.2,18.195566525775316,18.143847013423212,-0.05171951235210432,1,0.056152986576787356,0.056152986576787356
DUISBURG-RUHRORT,2026-06-30 04:00:00+00:00,213.0,213.90224751175487,213.90224751175487,0.0,1,-0.9022475117548652,0.9022475117548652
DÜSSELDORF,2026-06-30 04:00:00+00:00,83.0,79.84114523154676,79.84114523154676,0.0,1,3.1588547684532386,3.1588547684532386
EMMERICH,2026-06-30 04:00:00+00:00,54.0,53.00585566788152,53.00585566788152,0.0,1,0.9941443321184806,0.9941443321184806
IFFEZHEIM,2026-06-30 04:00:00+00:00,146.0,155.55265675694542,155.55265675694542,0.0,1,-9.552656756945424,9.552656756945424
KAUB,2026-06-30 04:00:00+00:00,90.0,83.24749821899601,83.24749821899601,0.0,1,6.752501781003986,6.752501781003986
KOBLENZ,2026-06-30 04:00:00+00:00,85.0,78.993450625262,78.993450625262,0.0,1,6.006549374738,6.006549374738
KONSTANZ-RHEIN,2026-06-30 04:00:00+00:00,313.0,312.7310154582721,312.7310154582721,0.0,1,0.2689845417278889,0.2689845417278889
Koblenz OP,2026-06-30 04:00:00+00:00,203.0,206.01712607449238,206.01712607449238,0.0,1,-3.0171260744923813,3.0171260744923813
Koblenz UP,2026-06-30 04:00:00+00:00,45.0,49.30605869801823,49.30605869801823,0.0,1,-4.3060586980182265,4.3060586980182265
KÖLN,2026-06-30 04:00:00+00:00,134.0,132.80716609574336,132.80716609574336,0.0,1,1.192833904256645,1.192833904256645
LOBITH,2026-06-30 04:00:00+00:00,704.0,704.7397785880244,704.7397785880244,0.0,1,-0.7397785880243646,0.7397785880243646
MAINZ,2026-06-30 04:00:00+00:00,184.0,189.2841040874127,189.2841040874127,0.0,1,-5.284104087412686,5.284104087412686
MANNHEIM,2026-06-30 04:00:00+00:00,163.0,157.64409459368997,157.64409459368997,0.0,1,5.355905406310029,5.355905406310029
MAXAU,2026-06-30 04:00:00+00:00,409.0,410.2911128294955,410.2911128294955,0.0,1,-1.2911128294954892,1.2911128294954892
REES,2026-06-30 04:00:00+00:00,95.0,97.35294042580256,97.35294042580256,0.0,1,-2.352940425802558,2.352940425802558
RHEINE UNTERSCHLEUSE,2026-06-30 04:00:00+00:00,186.0,208.1902289800273,208.1902289800273,0.0,1,-22.190228980027314,22.190228980027314
RHEINWEILER,2026-06-30 04:00:00+00:00,223.0,222.2248967743934,222.2248967743934,0.0,1,0.7751032256066139,0.7751032256066139
SANKT GOAR,2026-06-30 04:00:00+00:00,178.0,169.99911209219277,169.99911209219277,0.0,1,8.000887907807225,8.000887907807225
SPEYER,2026-06-30 04:00:00+00:00,256.0,252.27474068668863,252.27474068668863,0.0,1,3.725259313311369,3.725259313311369
WESEL,2026-06-30 04:00:00+00:00,152.0,152.2869931661411,152.2869931661411,0.0,1,-0.2869931661410874,0.2869931661410874
WORMS,2026-06-30 04:00:00+00:00,74.0,72.9550369794783,72.9550369794783,0.0,1,1.0449630205217062,1.0449630205217062
DUISBURG-MEIDERICH SCHLEUSE OW,2026-06-30 04:01:00+00:00,25.03,25.550206668731587,25.07537242952495,-0.4748342392066365,1,-0.045372429524949354,0.045372429524949354
DUISBURG-MEIDERICH SCHLEUSE UW,2026-06-30 04:01:00+00:00,18.2,18.20112466542308,18.144574870533916,-0.056549794889163243,1,0.05542512946608369,0.05542512946608369
DUISBURG-MEIDERICH SCHLEUSE OW,2026-06-30 04:02:00+00:00,25.03,25.550206668731587,25.07537242952495,-0.4748342392066365,1,-0.045372429524949354,0.045372429524949354
DUISBURG-MEIDERICH SCHLEUSE UW,2026-06-30 04:02:00+00:00,18.2,18.20112466542308,18.1460788920836,-0.05504577333947809,1,0.05392110791639837,0.05392110791639837
DUISBURG-MEIDERICH SCHLEUSE OW,2026-06-30 04:03:00+00:00,25.03,25.541799722521976,25.06696548331534,-0.4748342392066365,1,-0.03696548331533833,0.03696548331533833
DUISBURG-MEIDERICH SCHLEUSE UW,2026-06-30 04:03:00+00:00,18.2,18.195566525775316,18.143741788092104,-0.05182473768321388,1,0.05625821190789537,0.05625821190789537
DUISBURG-MEIDERICH SCHLEUSE OW,2026-06-30 04:04:00+00:00,25.03,25.541799722521976,25.06696548331534,-0.4748342392066365,1,-0.03696548331533833,0.03696548331533833
DUISBURG-MEIDERICH SCHLEUSE UW,2026-06-30 04:04:00+00:00,18.2,18.195566525775316,18.143741788092104,-0.05182473768321388,1,0.05625821190789537,0.05625821190789537
Basel-Rheinhalle,2026-06-30 04:05:00+00:00,527.0,521.6735514740858,521.6735514740858,0.0,1,5.326448525914202,5.326448525914202
DUISBURG-MEIDERICH SCHLEUSE OW,2026-06-30 04:05:00+00:00,25.03,25.541799722521976,25.06696548331534,-0.4748342392066365,1,-0.03696548331533833,0.03696548331533833
DUISBURG-MEIDERICH SCHLEUSE UW,2026-06-30 04:05:00+00:00,18.2,18.195566525775316,18.143741788092104,-0.05182473768321388,1,0.05625821190789537,0.05625821190789537
DUISBURG-MEIDERICH SCHLEUSE OW,2026-06-30 04:06:00+00:00,25.03,25.540351638724015,25.06551739951738,-0.4748342392066365,1,-0.03551739951737787,0.03551739951737787
DUISBURG-MEIDERICH SCHLEUSE UW,2026-06-30 04:06:00+00:00,18.2,18.194118441977356,18.154334628503715,-0.0397838134736389,1,0.045665371496284024,0.045665371496284024
DUISBURG-MEIDERICH SCHLEUSE OW,2026-06-30 04:07:00+00:00,25.03,25.540351638724015,25.06551739951738,-0.4748342392066365,1,-0.03551739951737787,0.03551739951737787
DUISBURG-MEIDERICH SCHLEUSE UW,2026-06-30 04:07:00+00:00,18.2,18.194118441977356,18.154334628503715,-0.0397838134736389,1,0.045665371496284024,0.045665371496284024
DUISBURG-MEIDERICH SCHLEUSE OW,2026-06-30 04:08:00+00:00,25.03,25.540351638724015,25.06551739951738,-0.4748342392066365,1,-0.03551739951737787,0.03551739951737787
DUISBURG-MEIDERICH SCHLEUSE UW,2026-06-30 04:08:00+00:00,18.2,18.194118441977356,18.154334628503715,-0.0397838134736389,1,0.045665371496284024,0.045665371496284024
DUISBURG-MEIDERICH SCHLEUSE OW,2026-06-30 04:09:00+00:00,25.02,25.540351638724015,25.06551739951738,-0.4748342392066365,1,-0.04551739951737943,0.04551739951737943
DUISBURG-MEIDERICH SCHLEUSE UW,2026-06-30 04:09:00+00:00,18.2,18.194118441977356,18.154334628503715,-0.0397838134736389,1,0.045665371496284024,0.045665371496284024
Basel-Rheinhalle,2026-06-30 04:10:00+00:00,527.0,521.5378488068503,521.5378488068503,0.0,1,5.46215119314968,5.46215119314968
DUISBURG-MEIDERICH SCHLEUSE OW,2026-06-30 04:10:00+00:00,25.02,25.540351638724015,25.06551739951738,-0.4748342392066365,1,-0.04551739951737943,0.04551739951737943
DUISBURG-MEIDERICH SCHLEUSE UW,2026-06-30 04:10:00+00:00,18.2,18.194118441977356,18.154334628503715,-0.0397838134736389,1,0.045665371496284024,0.045665371496284024
LOBITH,2026-06-30 04:10:00+00:00,705.0,703.9547468481436,703.9547468481436,0.0,1,1.0452531518564,1.0452531518564
DUISBURG-MEIDERICH SCHLEUSE OW,2026-06-30 04:11:00+00:00,25.02,25.540351638724015,25.06551739951738,-0.4748342392066365,1,-0.04551739951737943,0.04551739951737943
DUISBURG-MEIDERICH SCHLEUSE UW,2026-06-30 04:11:00+00:00,18.2,18.185636999303235,18.183301868765128,-0.002335130538105395,2,0.016698131234871738,0.016698131234871738
DUISBURG-MEIDERICH SCHLEUSE OW,2026-06-30 04:12:00+00:00,25.02,25.00174703297707,25.0316841016401,0.02993706866302812,2,-0.011684101640099698,0.011684101640099698
DUISBURG-MEIDERICH SCHLEUSE UW,2026-06-30 04:12:00+00:00,18.2,18.185636999303235,18.183301868765128,-0.002335130538105395,2,0.016698131234871738,0.016698131234871738
DUISBURG-MEIDERICH SCHLEUSE OW,2026-06-30 04:13:00+00:00,25.02,25.00174703297707,25.0316841016401,0.02993706866302812,2,-0.011684101640099698,0.011684101640099698
DUISBURG-MEIDERICH SCHLEUSE UW,2026-06-30 04:13:00+00:00,18.2,18.185636999303235,18.183301868765128,-0.002335130538105395,2,0.016698131234871738,0.016698131234871738
DUISBURG-MEIDERICH SCHLEUSE OW,2026-06-30 04:14:00+00:00,25.02,25.00174703297707,25.0316841016401,0.02993706866302812,2,-0.011684101640099698,0.011684101640099698
DUISBURG-MEIDERICH SCHLEUSE UW,2026-06-30 04:14:00+00:00,18.2,18.185636999303235,18.183301868765128,-0.002335130538105395,2,0.016698131234871738,0.016698131234871738
BINGEN,2026-06-30 04:15:00+00:00,107.0,107.3009128064918,107.3009128064918,0.0,2,-0.3009128064917945,0.3009128064917945
BONN,2026-06-30 04:15:00+00:00,138.0,138.65684172333985,138.65684172333985,0.0,2,-0.656841723339852,0.656841723339852
BREISACH,2026-06-30 04:15:00+00:00,187.0,187.14491262607402,187.14491262607402,0.0,2,-0.14491262607401723,0.14491262607401723
Basel-Rheinhalle,2026-06-30 04:15:00+00:00,526.0,527.2307224376922,527.3323554556507,0.10163301795858481,2,-1.3323554556507133,1.3323554556507133
DUISBURG-MEIDERICH SCHLEUSE OW,2026-06-30 04:15:00+00:00,25.02,25.00174703297707,25.0316841016401,0.02993706866302812,2,-0.011684101640099698,0.011684101640099698
DUISBURG-MEIDERICH SCHLEUSE UW,2026-06-30 04:15:00+00:00,18.2,18.185636999303235,18.183301868765128,-0.002335130538105395,2,0.016698131234871738,0.016698131234871738
DUISBURG-RUHRORT,2026-06-30 04:15:00+00:00,214.0,212.91151385545024,212.91151385545024,0.0,2,1.088486144549762,1.088486144549762
DÜSSELDORF,2026-06-30 04:15:00+00:00,83.0,81.75565222487297,81.75565222487297,0.0,2,1.244347775127025,1.244347775127025
EMMERICH,2026-06-30 04:15:00+00:00,54.0,53.536135839376286,53.536135839376286,0.0,2,0.4638641606237144,0.4638641606237144
IFFEZHEIM,2026-06-30 04:15:00+00:00,144.0,146.9246653650783,146.9246653650783,0.0,2,-2.9246653650783117,2.9246653650783117
KAUB,2026-06-30 04:15:00+00:00,90.0,87.54089229038628,87.54089229038628,0.0,2,2.4591077096137184,2.4591077096137184
KOBLENZ,2026-06-30 04:15:00+00:00,84.0,82.77019398389523,82.77019398389523,0.0,2,1.2298060161047744,1.2298060161047744
KONSTANZ-RHEIN,2026-06-30 04:15:00+00:00,313.0,313.0907243601789,313.0907243601789,0.0,2,-0.0907243601789105,0.0907243601789105
Koblenz OP,2026-06-30 04:15:00+00:00,201.0,202.5991107161667,202.5991107161667,0.0,2,-1.599110716166706,1.599110716166706
Koblenz UP,2026-06-30 04:15:00+00:00,45.0,44.93287971864957,44.93287971864957,0.0,2,0.06712028135042658,0.06712028135042658
KÖLN,2026-06-30 04:15:00+00:00,134.0,133.693565859705,133.693565859705,0.0,2,0.3064341402950106,0.3064341402950106
MAINZ,2026-06-30 04:15:00+00:00,184.0,185.56046012742473,185.56046012742473,0.0,2,-1.560460127424733,1.560460127424733
MANNHEIM,2026-06-30 04:15:00+00:00,163.0,162.86143466072798,162.86143466072798,0.0,2,0.13856533927202008,0.13856533927202008
MAXAU,2026-06-30 04:15:00+00:00,408.0,409.59022196239493,409.59022196239493,0.0,2,-1.590221962394935,1.590221962394935
REES,2026-06-30 04:15:00+00:00,96.0,96.1295437782343,96.1295437782343,0.0,2,-0.12954377823429297,0.12954377823429297
RHEINE UNTERSCHLEUSE,2026-06-30 04:15:00+00:00,187.0,190.62489968937774,190.62489968937774,0.0,2,-3.6248996893777417,3.6248996893777417
RHEINWEILER,2026-06-30 04:15:00+00:00,223.0,223.10486395545664,223.10486395545664,0.0,2,-0.1048639554566364,0.1048639554566364
SANKT GOAR,2026-06-30 04:15:00+00:00,178.0,177.67959587822784,177.67959587822784,0.0,2,0.3204041217721567,0.3204041217721567
SPEYER,2026-06-30 04:15:00+00:00,257.0,255.84088163840687,255.84088163840687,0.0,2,1.15911836159313,1.15911836159313
WESEL,2026-06-30 04:15:00+00:00,152.0,151.26237852578467,151.26237852578467,0.0,2,0.7376214742153309,0.7376214742153309
WORMS,2026-06-30 04:15:00+00:00,74.0,74.45313733085942,74.45313733085942,0.0,2,-0.45313733085941976,0.45313733085941976
DUISBURG-MEIDERICH SCHLEUSE OW,2026-06-30 04:16:00+00:00,25.02,25.00174703297707,25.0316841016401,0.02993706866302812,2,-0.011684101640099698,0.011684101640099698
DUISBURG-MEIDERICH SCHLEUSE UW,2026-06-30 04:16:00+00:00,18.2,18.185636999303235,18.17651034594071,-0.009126653362524632,2,0.023489654059289933,0.023489654059289933
DUISBURG-MEIDERICH SCHLEUSE OW,2026-06-30 04:17:00+00:00,25.02,25.00174703297707,25.0316841016401,0.02993706866302812,2,-0.011684101640099698,0.011684101640099698
DUISBURG-MEIDERICH SCHLEUSE UW,2026-06-30 04:17:00+00:00,18.21,18.185636999303235,18.17651034594071,-0.009126653362524632,2,0.033489654059291496,0.033489654059291496
DUISBURG-MEIDERICH SCHLEUSE OW,2026-06-30 04:18:00+00:00,25.02,25.00174703297707,25.0316841016401,0.02993706866302812,2,-0.011684101640099698,0.011684101640099698
DUISBURG-MEIDERICH SCHLEUSE UW,2026-06-30 04:18:00+00:00,18.2,18.185636999303235,18.183301868765128,-0.002335130538105395,2,0.016698131234871738,0.016698131234871738
DUISBURG-MEIDERICH SCHLEUSE OW,2026-06-30 04:19:00+00:00,25.02,25.00174703297707,25.0316841016401,0.02993706866302812,2,-0.011684101640099698,0.011684101640099698
DUISBURG-MEIDERICH SCHLEUSE UW,2026-06-30 04:19:00+00:00,18.2,18.185636999303235,18.183301868765128,-0.002335130538105395,2,0.016698131234871738,0.016698131234871738
Basel-Rheinhalle,2026-06-30 04:20:00+00:00,526.0,526.9687537307043,526.7417981916371,-0.22695553906716792,2,-0.7417981916371446,0.7417981916371446
DUISBURG-MEIDERICH SCHLEUSE OW,2026-06-30 04:20:00+00:00,25.02,25.00174703297707,25.0316841016401,0.02993706866302812,2,-0.011684101640099698,0.011684101640099698
DUISBURG-MEIDERICH SCHLEUSE UW,2026-06-30 04:20:00+00:00,18.2,18.185636999303235,18.183301868765128,-0.002335130538105395,2,0.016698131234871738,0.016698131234871738
LOBITH,2026-06-30 04:20:00+00:00,704.0,703.9352274987064,703.9352274987064,0.0,2,0.0647725012936462,0.0647725012936462
DUISBURG-MEIDERICH SCHLEUSE OW,2026-06-30 04:21:00+00:00,25.02,25.00174703297707,25.03157139656657,0.029824363589497794,2,-0.011571396566569803,0.011571396566569803
DUISBURG-MEIDERICH SCHLEUSE UW,2026-06-30 04:21:00+00:00,18.2,18.185636999303235,18.183301868765128,-0.002335130538105395,2,0.016698131234871738,0.016698131234871738
DUISBURG-MEIDERICH SCHLEUSE OW,2026-06-30 04:22:00+00:00,25.02,25.00174703297707,25.029582889676384,0.02783585669931367,2,-0.009582889676384099,0.009582889676384099
DUISBURG-MEIDERICH SCHLEUSE UW,2026-06-30 04:22:00+00:00,18.2,18.185636999303235,18.183301868765128,-0.002335130538105395,2,0.016698131234871738,0.016698131234871738
DUISBURG-MEIDERICH SCHLEUSE OW,2026-06-30 04:23:00+00:00,25.02,25.00174703297707,25.029582889676384,0.02783585669931367,2,-0.009582889676384099,0.009582889676384099
DUISBURG-MEIDERICH SCHLEUSE UW,2026-06-30 04:23:00+00:00,18.2,18.185636999303235,18.183301868765128,-0.002335130538105395,2,0.016698131234871738,0.016698131234871738
DUISBURG-MEIDERICH SCHLEUSE OW,2026-06-30 04:24:00+00:00,25.02,25.00174703297707,25.03157139656657,0.029824363589497794,2,-0.011571396566569803,0.011571396566569803
DUISBURG-MEIDERICH SCHLEUSE UW,2026-06-30 04:24:00+00:00,18.2,18.185636999303235,18.17651034594071,-0.009126653362524632,2,0.023489654059289933,0.023489654059289933
Basel-Rheinhalle,2026-06-30 04:25:00+00:00,525.0,526.6265341785873,526.3995786395202,-0.22695553906716792,2,-1.3995786395202003,1.3995786395202003
DUISBURG-MEIDERICH SCHLEUSE OW,2026-06-30 04:25:00+00:00,25.02,25.00174703297707,25.03157139656657,0.029824363589497794,2,-0.011571396566569803,0.011571396566569803
DUISBURG-MEIDERICH SCHLEUSE UW,2026-06-30 04:25:00+00:00,18.2,18.185636999303235,18.17651034594071,-0.009126653362524632,2,0.023489654059289933,0.023489654059289933
DUISBURG-MEIDERICH SCHLEUSE OW,2026-06-30 04:26:00+00:00,25.02,25.00174703297707,25.03157139656657,0.029824363589497794,2,-0.011571396566569803,0.011571396566569803
DUISBURG-MEIDERICH SCHLEUSE UW,2026-06-30 04:26:00+00:00,18.2,18.185636999303235,18.183301868765128,-0.002335130538105395,2,0.016698131234871738,0.016698131234871738
DUISBURG-MEIDERICH SCHLEUSE OW,2026-06-30 04:27:00+00:00,25.01,25.00174703297707,25.03157139656657,0.029824363589497794,2,-0.021571396566567813,0.021571396566567813
DUISBURG-MEIDERICH SCHLEUSE UW,2026-06-30 04:27:00+00:00,18.2,18.185636999303235,18.183301868765128,-0.002335130538105395,2,0.016698131234871738,0.016698131234871738
DUISBURG-MEIDERICH SCHLEUSE OW,2026-06-30 04:28:00+00:00,25.01,25.00174703297707,25.03157139656657,0.029824363589497794,2,-0.021571396566567813,0.021571396566567813
DUISBURG-MEIDERICH SCHLEUSE UW,2026-06-30 04:28:00+00:00,18.2,18.185636999303235,18.183301868765128,-0.002335130538105395,2,0.016698131234871738,0.016698131234871738
DUISBURG-MEIDERICH SCHLEUSE OW,2026-06-30 04:29:00+00:00,25.01,25.00174703297707,25.03157139656657,0.029824363589497794,2,-0.021571396566567813,0.021571396566567813
DUISBURG-MEIDERICH SCHLEUSE UW,2026-06-30 04:29:00+00:00,18.2,18.185636999303235,18.183301868765128,-0.002335130538105395,2,0.016698131234871738,0.016698131234871738
BINGEN,2026-06-30 04:30:00+00:00,107.0,107.3009128064918,107.3009128064918,0.0,2,-0.3009128064917945,0.3009128064917945
BONN,2026-06-30 04:30:00+00:00,138.0,138.65684172333985,138.65684172333985,0.0,2,-0.656841723339852,0.656841723339852
BREISACH,2026-06-30 04:30:00+00:00,187.0,187.64613404778748,187.64613404778748,0.0,2,-0.6461340477874842,0.6461340477874842
Basel-Rheinhalle,2026-06-30 04:30:00+00:00,524.0,525.9486653705105,525.7105638327831,-0.23810153772738937,2,-1.710563832783123,1.710563832783123
DUISBURG-MEIDERICH SCHLEUSE OW,2026-06-30 04:30:00+00:00,25.01,25.00174703297707,25.03157139656657,0.029824363589497794,2,-0.021571396566567813,0.021571396566567813
DUISBURG-MEIDERICH SCHLEUSE UW,2026-06-30 04:30:00+00:00,18.2,18.185636999303235,18.183301868765128,-0.002335130538105395,2,0.016698131234871738,0.016698131234871738
DUISBURG-RUHRORT,2026-06-30 04:30:00+00:00,215.0,212.91151385545024,212.91151385545024,0.0,2,2.088486144549762,2.088486144549762
DÜSSELDORF,2026-06-30 04:30:00+00:00,83.0,81.47027012881453,81.47027012881453,0.0,2,1.5297298711854665,1.5297298711854665
EMMERICH,2026-06-30 04:30:00+00:00,54.0,53.44639997185097,53.44639997185097,0.0,2,0.5536000281490274,0.5536000281490274
IFFEZHEIM,2026-06-30 04:30:00+00:00,147.0,147.23095327809037,147.23095327809037,0.0,2,-0.23095327809036803,0.23095327809036803
KAUB,2026-06-30 04:30:00+00:00,90.0,87.54089229038628,87.54089229038628,0.0,2,2.4591077096137184,2.4591077096137184
KOBLENZ,2026-06-30 04:30:00+00:00,84.0,83.55922183540687,83.55922183540687,0.0,2,0.4407781645931266,0.4407781645931266
KONSTANZ-RHEIN,2026-06-30 04:30:00+00:00,314.0,313.14927484682545,313.14927484682545,0.0,2,0.850725153174551,0.850725153174551
Koblenz OP,2026-06-30 04:30:00+00:00,201.0,202.4864150767689,202.4864150767689,0.0,2,-1.4864150767689068,1.4864150767689068
Koblenz UP,2026-06-30 04:30:00+00:00,44.0,44.98373281687329,44.98373281687329,0.0,2,-0.9837328168732924,0.9837328168732924
KÖLN,2026-06-30 04:30:00+00:00,134.0,133.52465522198813,133.52465522198813,0.0,2,0.47534477801187336,0.47534477801187336
LOBITH,2026-06-30 04:30:00+00:00,704.0,703.9893548975876,703.9893548975876,0.0,2,0.01064510241235439,0.01064510241235439
MAINZ,2026-06-30 04:30:00+00:00,184.0,186.55487722713377,186.55487722713377,0.0,2,-2.5548772271337725,2.5548772271337725
MANNHEIM,2026-06-30 04:30:00+00:00,164.0,162.8236145041894,162.8236145041894,0.0,2,1.1763854958105924,1.1763854958105924
MAXAU,2026-06-30 04:30:00+00:00,409.0,409.7093628545773,409.7093628545773,0.0,2,-0.7093628545773072,0.7093628545773072
REES,2026-06-30 04:30:00+00:00,96.0,96.1295437782343,96.1295437782343,0.0,2,-0.12954377823429297,0.12954377823429297
RHEINE UNTERSCHLEUSE,2026-06-30 04:30:00+00:00,188.0,190.62489968937774,190.62489968937774,0.0,2,-2.6248996893777417,2.6248996893777417
RHEINWEILER,2026-06-30 04:30:00+00:00,223.0,223.25597285914608,223.25597285914608,0.0,2,-0.2559728591460839,0.2559728591460839
SANKT GOAR,2026-06-30 04:30:00+00:00,178.0,178.02136525994626,178.02136525994626,0.0,2,-0.021365259946264814,0.021365259946264814
SPEYER,2026-06-30 04:30:00+00:00,257.0,255.75543178756024,255.75543178756024,0.0,2,1.2445682124397592,1.2445682124397592
WESEL,2026-06-30 04:30:00+00:00,152.0,151.1209635028423,151.1209635028423,0.0,2,0.8790364971576992,0.8790364971576992
WORMS,2026-06-30 04:30:00+00:00,74.0,74.74461591093258,74.74461591093258,0.0,2,-0.7446159109325805,0.7446159109325805
DUISBURG-MEIDERICH SCHLEUSE OW,2026-06-30 04:31:00+00:00,25.01,25.00174703297707,25.03157139656657,0.029824363589497794,2,-0.021571396566567813,0.021571396566567813
DUISBURG-MEIDERICH SCHLEUSE UW,2026-06-30 04:31:00+00:00,18.21,18.185636999303235,18.183301868765128,-0.002335130538105395,2,0.0266981312348733,0.0266981312348733
DUISBURG-MEIDERICH SCHLEUSE OW,2026-06-30 04:32:00+00:00,25.01,25.00174703297707,25.03157139656657,0.029824363589497794,2,-0.021571396566567813,0.021571396566567813
DUISBURG-MEIDERICH SCHLEUSE UW,2026-06-30 04:32:00+00:00,18.21,18.185636999303235,18.183301868765128,-0.002335130538105395,2,0.0266981312348733,0.0266981312348733
DUISBURG-MEIDERICH SCHLEUSE OW,2026-06-30 04:33:00+00:00,25.01,25.00174703297707,25.029315928169503,0.027568895192430977,2,-0.019315928169501007,0.019315928169501007
DUISBURG-MEIDERICH SCHLEUSE UW,2026-06-30 04:33:00+00:00,18.21,18.185636999303235,18.183301868765128,-0.002335130538105395,2,0.0266981312348733,0.0266981312348733
DUISBURG-MEIDERICH SCHLEUSE OW,2026-06-30 04:34:00+00:00,25.01,25.00174703297707,25.027327421279317,0.02558038830224685,2,-0.017327421279315303,0.017327421279315303
DUISBURG-MEIDERICH SCHLEUSE UW,2026-06-30 04:34:00+00:00,18.21,18.185636999303235,18.183301868765128,-0.002335130538105395,2,0.0266981312348733,0.0266981312348733
Basel-Rheinhalle,2026-06-30 04:35:00+00:00,524.0,525.8965884252549,525.7094066973241,-0.187181727930772,2,-1.7094066973240842,1.7094066973240842
DUISBURG-MEIDERICH SCHLEUSE OW,2026-06-30 04:35:00+00:00,25.01,25.00174703297707,25.027327421279317,0.02558038830224685,2,-0.017327421279315303,0.017327421279315303
DUISBURG-MEIDERICH SCHLEUSE UW,2026-06-30 04:35:00+00:00,18.2,18.185636999303235,18.183301868765128,-0.002335130538105395,2,0.016698131234871738,0.016698131234871738
DUISBURG-MEIDERICH SCHLEUSE OW,2026-06-30 04:36:00+00:00,25.01,25.00174703297707,25.029315928169503,0.027568895192430977,2,-0.019315928169501007,0.019315928169501007
DUISBURG-MEIDERICH SCHLEUSE UW,2026-06-30 04:36:00+00:00,18.2,18.185636999303235,18.183301868765128,-0.002335130538105395,2,0.016698131234871738,0.016698131234871738
DUISBURG-MEIDERICH SCHLEUSE OW,2026-06-30 04:37:00+00:00,25.01,25.00174703297707,25.029315928169503,0.027568895192430977,2,-0.019315928169501007,0.019315928169501007
DUISBURG-MEIDERICH SCHLEUSE UW,2026-06-30 04:37:00+00:00,18.2,18.185636999303235,18.183301868765128,-0.002335130538105395,2,0.016698131234871738,0.016698131234871738
DUISBURG-MEIDERICH SCHLEUSE OW,2026-06-30 04:38:00+00:00,25.01,25.00174703297707,25.029315928169503,0.027568895192430977,2,-0.019315928169501007,0.019315928169501007
DUISBURG-MEIDERICH SCHLEUSE UW,2026-06-30 04:38:00+00:00,18.2,18.185636999303235,18.183301868765128,-0.002335130538105395,2,0.016698131234871738,0.016698131234871738
DUISBURG-MEIDERICH SCHLEUSE OW,2026-06-30 04:39:00+00:00,25.0,25.00174703297707,25.029315928169503,0.027568895192430977,2,-0.02931592816950257,0.02931592816950257
DUISBURG-MEIDERICH SCHLEUSE UW,2026-06-30 04:39:00+00:00,18.2,18.185636999303235,18.183301868765128,-0.002335130538105395,2,0.016698131234871738,0.016698131234871738
Basel-Rheinhalle,2026-06-30 04:40:00+00:00,524.0,525.4921956939686,525.2444522753061,-0.24774341866253086,2,-1.2444522753061165,1.2444522753061165
DUISBURG-MEIDERICH SCHLEUSE OW,2026-06-30 04:40:00+00:00,25.0,25.00174703297707,25.029315928169503,0.027568895192430977,2,-0.02931592816950257,0.02931592816950257
DUISBURG-MEIDERICH SCHLEUSE UW,2026-06-30 04:40:00+00:00,18.2,18.185636999303235,18.183301868765128,-0.002335130538105395,2,0.016698131234871738,0.016698131234871738
LOBITH,2026-06-30 04:40:00+00:00,705.0,703.8343983621105,703.8343983621105,0.0,2,1.1656016378894947,1.1656016378894947
DUISBURG-MEIDERICH SCHLEUSE OW,2026-06-30 04:41:00+00:00,25.0,25.00174703297707,25.029315928169503,0.027568895192430977,2,-0.02931592816950257,0.02931592816950257
DUISBURG-MEIDERICH SCHLEUSE UW,2026-06-30 04:41:00+00:00,18.2,18.185636999303235,18.183301868765128,-0.002335130538105395,2,0.016698131234871738,0.016698131234871738
DUISBURG-MEIDERICH SCHLEUSE OW,2026-06-30 04:42:00+00:00,25.0,25.00174703297707,25.029315928169503,0.027568895192430977,2,-0.02931592816950257,0.02931592816950257
DUISBURG-MEIDERICH SCHLEUSE UW,2026-06-30 04:42:00+00:00,18.2,18.185636999303235,18.17651034594071,-0.009126653362524632,2,0.023489654059289933,0.023489654059289933
DUISBURG-MEIDERICH SCHLEUSE OW,2026-06-30 04:43:00+00:00,25.0,25.00174703297707,25.029315928169503,0.027568895192430977,2,-0.02931592816950257,0.02931592816950257
DUISBURG-MEIDERICH SCHLEUSE UW,2026-06-30 04:43:00+00:00,18.2,18.185636999303235,18.17651034594071,-0.009126653362524632,2,0.023489654059289933,0.023489654059289933
DUISBURG-MEIDERICH SCHLEUSE OW,2026-06-30 04:44:00+00:00,25.0,25.00174703297707,25.029315928169503,0.027568895192430977,2,-0.02931592816950257,0.02931592816950257
DUISBURG-MEIDERICH SCHLEUSE UW,2026-06-30 04:44:00+00:00,18.2,18.185636999303235,18.17651034594071,-0.009126653362524632,2,0.023489654059289933,0.023489654059289933
BINGEN,2026-06-30 04:45:00+00:00,107.0,107.32935816089022,107.32935816089022,0.0,2,-0.32935816089022296,0.32935816089022296
BONN,2026-06-30 04:45:00+00:00,138.0,138.61228839657903,138.61228839657903,0.0,2,-0.6122883965790322,0.6122883965790322
BREISACH,2026-06-30 04:45:00+00:00,187.0,187.26451607954903,187.26451607954903,0.0,2,-0.26451607954902556,0.26451607954902556
Basel-Rheinhalle,2026-06-30 04:45:00+00:00,525.0,525.5185325233653,525.2707891047028,-0.24774341866253086,2,-0.2707891047027715,0.2707891047027715
DUISBURG-MEIDERICH SCHLEUSE OW,2026-06-30 04:45:00+00:00,25.0,25.00174703297707,25.029315928169503,0.027568895192430977,2,-0.02931592816950257,0.02931592816950257
DUISBURG-MEIDERICH SCHLEUSE UW,2026-06-30 04:45:00+00:00,18.2,18.185636999303235,18.183301868765128,-0.002335130538105395,2,0.016698131234871738,0.016698131234871738
DUISBURG-RUHRORT,2026-06-30 04:45:00+00:00,215.0,212.53173975504887,212.53173975504887,0.0,2,2.468260244951125,2.468260244951125
DÜSSELDORF,2026-06-30 04:45:00+00:00,84.0,81.31414139108956,81.31414139108956,0.0,2,2.6858586089104364,2.6858586089104364
EMMERICH,2026-06-30 04:45:00+00:00,52.0,52.440557734022605,52.440557734022605,0.0,2,-0.44055773402260456,0.44055773402260456
IFFEZHEIM,2026-06-30 04:45:00+00:00,145.0,147.29236136288532,147.29236136288532,0.0,2,-2.292361362885316,2.292361362885316
KAUB,2026-06-30 04:45:00+00:00,90.0,87.56933764478471,87.56933764478471,0.0,2,2.43066235521529,2.43066235521529
KOBLENZ,2026-06-30 04:45:00+00:00,85.0,82.77895545772017,82.77895545772017,0.0,2,2.2210445422798273,2.2210445422798273
KONSTANZ-RHEIN,2026-06-30 04:45:00+00:00,313.0,313.1684384076135,313.1684384076135,0.0,2,-0.16843840761350748,0.16843840761350748
Koblenz OP,2026-06-30 04:45:00+00:00,203.0,202.4489878474107,202.4489878474107,0.0,2,0.5510121525892941,0.5510121525892941
Koblenz UP,2026-06-30 04:45:00+00:00,35.0,44.88249732188552,44.88249732188552,0.0,2,-9.882497321885523,9.882497321885523
KÖLN,2026-06-30 04:45:00+00:00,134.0,133.4801018952273,133.4801018952273,0.0,2,0.5198981047726932,0.5198981047726932
MAINZ,2026-06-30 04:45:00+00:00,183.0,187.23973335990783,187.23973335990783,0.0,2,-4.239733359907831,4.239733359907831
MANNHEIM,2026-06-30 04:45:00+00:00,164.0,162.8236145041894,162.8236145041894,0.0,2,1.1763854958105924,1.1763854958105924
MAXAU,2026-06-30 04:45:00+00:00,409.0,409.7364925576512,409.7364925576512,0.0,2,-0.7364925576512178,0.7364925576512178
REES,2026-06-30 04:45:00+00:00,96.0,95.92046039310459,95.92046039310459,0.0,2,0.07953960689540907,0.07953960689540907
RHEINE UNTERSCHLEUSE,2026-06-30 04:45:00+00:00,188.0,190.62489968937774,190.62489968937774,0.0,2,-2.6248996893777417,2.6248996893777417
RHEINWEILER,2026-06-30 04:45:00+00:00,223.0,223.2751364199341,223.2751364199341,0.0,2,-0.275136419934114,0.275136419934114
SANKT GOAR,2026-06-30 04:45:00+00:00,179.0,178.0498106143447,178.0498106143447,0.0,2,0.9501893856553068,0.9501893856553068
SPEYER,2026-06-30 04:45:00+00:00,256.0,255.78233115176042,255.78233115176042,0.0,2,0.2176688482395832,0.2176688482395832
WESEL,2026-06-30 04:45:00+00:00,152.0,151.4058809222745,151.4058809222745,0.0,2,0.5941190777255088,0.5941190777255088
WORMS,2026-06-30 04:45:00+00:00,74.0,74.43854286013163,74.43854286013163,0.0,2,-0.43854286013163346,0.43854286013163346
DUISBURG-MEIDERICH SCHLEUSE OW,2026-06-30 04:46:00+00:00,25.0,25.00174703297707,25.029315928169503,0.027568895192430977,2,-0.02931592816950257,0.02931592816950257
DUISBURG-MEIDERICH SCHLEUSE UW,2026-06-30 04:46:00+00:00,18.2,18.185636999303235,18.183301868765128,-0.002335130538105395,2,0.016698131234871738,0.016698131234871738
DUISBURG-MEIDERICH SCHLEUSE OW,2026-06-30 04:47:00+00:00,25.0,25.00174703297707,25.029315928169503,0.027568895192430977,2,-0.02931592816950257,0.02931592816950257
DUISBURG-MEIDERICH SCHLEUSE UW,2026-06-30 04:47:00+00:00,18.2,18.185636999303235,18.183301868765128,-0.002335130538105395,2,0.016698131234871738,0.016698131234871738
DUISBURG-MEIDERICH SCHLEUSE OW,2026-06-30 04:48:00+00:00,25.0,25.00174703297707,25.029315928169503,0.027568895192430977,2,-0.02931592816950257,0.02931592816950257
DUISBURG-MEIDERICH SCHLEUSE UW,2026-06-30 04:48:00+00:00,18.2,18.185636999303235,18.183301868765128,-0.002335130538105395,2,0.016698131234871738,0.016698131234871738
DUISBURG-MEIDERICH SCHLEUSE OW,2026-06-30 04:49:00+00:00,25.0,25.00174703297707,25.029315928169503,0.027568895192430977,2,-0.02931592816950257,0.02931592816950257
DUISBURG-MEIDERICH SCHLEUSE UW,2026-06-30 04:49:00+00:00,18.2,18.185636999303235,18.183301868765128,-0.002335130538105395,2,0.016698131234871738,0.016698131234871738
Basel-Rheinhalle,2026-06-30 04:50:00+00:00,526.0,526.7566197794081,526.697603228135,-0.059016551273120915,2,-0.6976032281349944,0.6976032281349944
DUISBURG-MEIDERICH SCHLEUSE OW,2026-06-30 04:50:00+00:00,25.0,25.00174703297707,25.029315928169503,0.027568895192430977,2,-0.02931592816950257,0.02931592816950257
DUISBURG-MEIDERICH SCHLEUSE UW,2026-06-30 04:50:00+00:00,18.2,18.185636999303235,18.183301868765128,-0.002335130538105395,2,0.016698131234871738,0.016698131234871738
LOBITH,2026-06-30 04:50:00+00:00,706.0,703.7857761363514,703.7857761363514,0.0,2,2.2142238636486127,2.2142238636486127
DUISBURG-MEIDERICH SCHLEUSE OW,2026-06-30 04:51:00+00:00,25.0,25.00174703297707,25.029315928169503,0.027568895192430977,2,-0.02931592816950257,0.02931592816950257
DUISBURG-MEIDERICH SCHLEUSE UW,2026-06-30 04:51:00+00:00,18.2,18.185636999303235,18.183301868765128,-0.002335130538105395,2,0.016698131234871738,0.016698131234871738
DUISBURG-MEIDERICH SCHLEUSE OW,2026-06-30 04:52:00+00:00,25.0,25.00174703297707,25.027327421279317,0.02558038830224685,2,-0.027327421279316866,0.027327421279316866
DUISBURG-MEIDERICH SCHLEUSE UW,2026-06-30 04:52:00+00:00,18.2,18.185636999303235,18.183301868765128,-0.002335130538105395,2,0.016698131234871738,0.016698131234871738
DUISBURG-MEIDERICH SCHLEUSE OW,2026-06-30 04:53:00+00:00,25.0,25.00174703297707,25.02606685427915,0.024319821302077906,2,-0.026066854279150675,0.026066854279150675
DUISBURG-MEIDERICH SCHLEUSE UW,2026-06-30 04:53:00+00:00,18.2,18.185636999303235,18.183301868765128,-0.002335130538105395,2,0.016698131234871738,0.016698131234871738
DUISBURG-MEIDERICH SCHLEUSE OW,2026-06-30 04:54:00+00:00,25.0,25.00174703297707,25.0264518209418,0.024704787964730524,2,-0.02645182094180143,0.02645182094180143
DUISBURG-MEIDERICH SCHLEUSE UW,2026-06-30 04:54:00+00:00,18.2,18.185636999303235,18.183301868765128,-0.002335130538105395,2,0.016698131234871738,0.016698131234871738
Basel-Rheinhalle,2026-06-30 04:55:00+00:00,526.0,526.826445832164,526.7165094710944,-0.10993636106973824,2,-0.7165094710943549,0.7165094710943549
DUISBURG-MEIDERICH SCHLEUSE OW,2026-06-30 04:55:00+00:00,25.0,25.00174703297707,25.0264518209418,0.024704787964730524,2,-0.02645182094180143,0.02645182094180143
DUISBURG-MEIDERICH SCHLEUSE UW,2026-06-30 04:55:00+00:00,18.21,18.185636999303235,18.183301868765128,-0.002335130538105395,2,0.0266981312348733,0.0266981312348733
DUISBURG-MEIDERICH SCHLEUSE OW,2026-06-30 04:56:00+00:00,24.99,25.00174703297707,25.0264518209418,0.024704787964730524,2,-0.03645182094180299,0.03645182094180299
DUISBURG-MEIDERICH SCHLEUSE UW,2026-06-30 04:56:00+00:00,18.21,18.185636999303235,18.17651034594071,-0.009126653362524632,2,0.033489654059291496,0.033489654059291496
DUISBURG-MEIDERICH SCHLEUSE OW,2026-06-30 04:57:00+00:00,24.99,24.990910390501124,25.01647585129429,0.025565460793168408,2,-0.026475851294293307,0.026475851294293307
DUISBURG-MEIDERICH SCHLEUSE UW,2026-06-30 04:57:00+00:00,18.21,18.185636999303235,18.17651034594071,-0.009126653362524632,2,0.033489654059291496,0.033489654059291496
DUISBURG-MEIDERICH SCHLEUSE OW,2026-06-30 04:58:00+00:00,24.99,24.990910390501124,25.01647585129429,0.025565460793168408,2,-0.026475851294293307,0.026475851294293307
DUISBURG-MEIDERICH SCHLEUSE UW,2026-06-30 04:58:00+00:00,18.21,18.185636999303235,18.183301868765128,-0.002335130538105395,2,0.0266981312348733,0.0266981312348733
DUISBURG-MEIDERICH SCHLEUSE OW,2026-06-30 04:59:00+00:00,24.99,24.990910390501124,25.01647585129429,0.025565460793168408,2,-0.026475851294293307,0.026475851294293307
DUISBURG-MEIDERICH SCHLEUSE UW,2026-06-30 04:59:00+00:00,18.21,18.185636999303235,18.183301868765128,-0.002335130538105395,2,0.0266981312348733,0.0266981312348733
BINGEN,2026-06-30 05:00:00+00:00,107.0,107.25719101563077,107.25719101563077,0.0,2,-0.25719101563076663,0.25719101563076663
BONN,2026-06-30 05:00:00+00:00,137.0,139.245942009186,139.245942009186,0.0,2,-2.2459420091859954,2.2459420091859954
BREISACH,2026-06-30 05:00:00+00:00,187.0,187.1487798648837,187.1487798648837,0.0,2,-0.14877986488369288,0.14877986488369288
Basel-Rheinhalle,2026-06-30 05:00:00+00:00,526.0,527.2473883416272,527.1374519805576,-0.10993636106973824,2,-1.1374519805575574,1.1374519805575574
DUISBURG-MEIDERICH SCHLEUSE OW,2026-06-30 05:00:00+00:00,24.99,24.990910390501124,25.01605607707885,0.02514568657772492,2,-0.02605607707885227,0.02605607707885227
DUISBURG-MEIDERICH SCHLEUSE UW,2026-06-30 05:00:00+00:00,18.21,18.185636999303235,18.167110865038474,-0.018526134264761816,2,0.04288913496152702,0.04288913496152702
DUISBURG-RUHRORT,2026-06-30 05:00:00+00:00,215.0,212.77560948422823,212.77560948422823,0.0,2,2.2243905157717734,2.2243905157717734
DÜSSELDORF,2026-06-30 05:00:00+00:00,84.0,81.31414139108956,81.31414139108956,0.0,2,2.6858586089104364,2.6858586089104364
EMMERICH,2026-06-30 05:00:00+00:00,54.0,52.45335340725536,52.45335340725536,0.0,2,1.5466465927446365,1.5466465927446365
IFFEZHEIM,2026-06-30 05:00:00+00:00,147.0,147.2231703327285,147.2231703327285,0.0,2,-0.2231703327285004,0.2231703327285004
KAUB,2026-06-30 05:00:00+00:00,92.0,87.31876429331507,87.31876429331507,0.0,2,4.68123570668493,4.68123570668493
KOBLENZ,2026-06-30 05:00:00+00:00,83.0,82.49381557296384,82.49381557296384,0.0,2,0.5061844270361604,0.5061844270361604
KONSTANZ-RHEIN,2026-06-30 05:00:00+00:00,314.0,313.36725536220416,313.36725536220416,0.0,2,0.6327446377958381,0.6327446377958381
Koblenz OP,2026-06-30 05:00:00+00:00,205.0,202.47566137249544,202.47566137249544,0.0,2,2.5243386275045623,2.5243386275045623
Koblenz UP,2026-06-30 05:00:00+00:00,21.0,45.71782891637937,45.71782891637937,0.0,2,-24.717828916379368,24.717828916379368
KÖLN,2026-06-30 05:00:00+00:00,133.0,134.11375550783427,134.11375550783427,0.0,2,-1.11375550783427,1.11375550783427
LOBITH,2026-06-30 05:00:00+00:00,705.0,703.7243425057563,703.7243425057563,0.0,2,1.27565749424366,1.27565749424366
MAINZ,2026-06-30 05:00:00+00:00,183.0,187.42352518591758,187.42352518591758,0.0,2,-4.423525185917583,4.423525185917583
MANNHEIM,2026-06-30 05:00:00+00:00,164.0,162.5439627588862,162.5439627588862,0.0,2,1.4560372411137905,1.4560372411137905
MAXAU,2026-06-30 05:00:00+00:00,408.0,410.1821123599304,410.1821123599304,0.0,2,-2.182112359930386,2.182112359930386
REES,2026-06-30 05:00:00+00:00,96.0,95.92046039310459,95.92046039310459,0.0,2,0.07953960689540907,0.07953960689540907
RHEINE UNTERSCHLEUSE,2026-06-30 05:00:00+00:00,189.0,225.08990405503727,225.08990405503727,0.0,2,-36.089904055037266,36.089904055037266
RHEINWEILER,2026-06-30 05:00:00+00:00,223.0,223.47395337452468,223.47395337452468,0.0,2,-0.4739533745246831,0.4739533745246831
SANKT GOAR,2026-06-30 05:00:00+00:00,179.0,178.089605429018,178.089605429018,0.0,2,0.9103945709819925,0.9103945709819925
SPEYER,2026-06-30 05:00:00+00:00,257.0,256.46750215666367,256.46750215666367,0.0,2,0.5324978433363299,0.5324978433363299
WESEL,2026-06-30 05:00:00+00:00,153.0,151.93486155660835,151.93486155660835,0.0,2,1.0651384433916462,1.0651384433916462
WORMS,2026-06-30 05:00:00+00:00,74.0,74.56167858430523,74.56167858430523,0.0,2,-0.561678584305227,0.561678584305227
DUISBURG-MEIDERICH SCHLEUSE OW,2026-06-30 05:01:00+00:00,24.99,24.990910390501124,25.01605607707885,0.02514568657772492,2,-0.02605607707885227,0.02605607707885227
DUISBURG-MEIDERICH SCHLEUSE UW,2026-06-30 05:01:00+00:00,18.21,18.185636999303235,18.167110865038474,-0.018526134264761816,2,0.04288913496152702,0.04288913496152702
DUISBURG-MEIDERICH SCHLEUSE OW,2026-06-30 05:02:00+00:00,24.99,24.990910390501124,25.01605607707885,0.02514568657772492,2,-0.02605607707885227,0.02605607707885227
DUISBURG-MEIDERICH SCHLEUSE UW,2026-06-30 05:02:00+00:00,18.21,18.185636999303235,18.17348244990477,-0.012154549398462442,2,0.03651755009522972,0.03651755009522972
DUISBURG-MEIDERICH SCHLEUSE OW,2026-06-30 05:03:00+00:00,24.99,24.990910390501124,25.012460040376652,0.021549649875527245,2,-0.022460040376653723,0.022460040376653723
DUISBURG-MEIDERICH SCHLEUSE UW,2026-06-30 05:03:00+00:00,18.22,18.185636999303235,18.17348244990477,-0.012154549398462442,2,0.04651755009522773,0.04651755009522773
DUISBURG-MEIDERICH SCHLEUSE OW,2026-06-30 05:04:00+00:00,24.99,24.990910390501124,25.009673192730688,0.01876280222956373,2,-0.019673192730689237,0.019673192730689237
DUISBURG-MEIDERICH SCHLEUSE UW,2026-06-30 05:04:00+00:00,18.22,18.185636999303235,18.17348244990477,-0.012154549398462442,2,0.04651755009522773,0.04651755009522773
Basel-Rheinhalle,2026-06-30 05:05:00+00:00,528.0,527.85627183544,527.7972552841669,-0.059016551273120915,2,0.2027447158330915,0.2027447158330915
DUISBURG-MEIDERICH SCHLEUSE OW,2026-06-30 05:05:00+00:00,24.99,24.990910390501124,25.009673192730688,0.01876280222956373,2,-0.019673192730689237,0.019673192730689237
DUISBURG-MEIDERICH SCHLEUSE UW,2026-06-30 05:05:00+00:00,18.22,18.185636999303235,18.17348244990477,-0.012154549398462442,2,0.04651755009522773,0.04651755009522773
DUISBURG-MEIDERICH SCHLEUSE OW,2026-06-30 05:06:00+00:00,24.99,24.990910390501124,25.012460040376652,0.021549649875527245,2,-0.022460040376653723,0.022460040376653723
DUISBURG-MEIDERICH SCHLEUSE UW,2026-06-30 05:06:00+00:00,18.22,18.185636999303235,18.17348244990477,-0.012154549398462442,2,0.04651755009522773,0.04651755009522773
DUISBURG-MEIDERICH SCHLEUSE OW,2026-06-30 05:07:00+00:00,24.99,24.986418420991306,25.007968070866834,0.021549649875527245,2,-0.017968070866835717,0.017968070866835717
DUISBURG-MEIDERICH SCHLEUSE UW,2026-06-30 05:07:00+00:00,18.22,18.185636999303235,18.17348244990477,-0.012154549398462442,2,0.04651755009522773,0.04651755009522773
DUISBURG-MEIDERICH SCHLEUSE OW,2026-06-30 05:08:00+00:00,24.99,24.986418420991306,25.007968070866834,0.021549649875527245,2,-0.017968070866835717,0.017968070866835717
DUISBURG-MEIDERICH SCHLEUSE UW,2026-06-30 05:08:00+00:00,18.22,18.185636999303235,18.17348244990477,-0.012154549398462442,2,0.04651755009522773,0.04651755009522773
DUISBURG-MEIDERICH SCHLEUSE OW,2026-06-30 05:09:00+00:00,24.99,24.986418420991306,25.00406196182306,0.01764354083175187,2,-0.014061961823060187,0.014061961823060187
DUISBURG-MEIDERICH SCHLEUSE UW,2026-06-30 05:09:00+00:00,18.22,18.185636999303235,18.17348244990477,-0.012154549398462442,2,0.04651755009522773,0.04651755009522773
Basel-Rheinhalle,2026-06-30 05:10:00+00:00,530.0,527.85627183544,527.7972552841669,-0.059016551273120915,2,2.2027447158330915,2.2027447158330915
DUISBURG-MEIDERICH SCHLEUSE OW,2026-06-30 05:10:00+00:00,24.99,24.986418420991306,25.00406196182306,0.01764354083175187,2,-0.014061961823060187,0.014061961823060187
DUISBURG-MEIDERICH SCHLEUSE UW,2026-06-30 05:10:00+00:00,18.22,18.185636999303235,18.17348244990477,-0.012154549398462442,2,0.04651755009522773,0.04651755009522773
LOBITH,2026-06-30 05:10:00+00:00,703.0,703.6666582108385,703.6666582108385,0.0,2,-0.6666582108384773,0.6666582108384773
DUISBURG-MEIDERICH SCHLEUSE OW,2026-06-30 05:11:00+00:00,24.99,24.986418420991306,25.00406196182306,0.01764354083175187,2,-0.014061961823060187,0.014061961823060187
DUISBURG-MEIDERICH SCHLEUSE UW,2026-06-30 05:11:00+00:00,18.22,18.185636999303235,18.17348244990477,-0.012154549398462442,2,0.04651755009522773,0.04651755009522773
DUISBURG-MEIDERICH SCHLEUSE OW,2026-06-30 05:12:00+00:00,24.99,24.986418420991306,25.00406196182306,0.01764354083175187,2,-0.014061961823060187,0.014061961823060187
DUISBURG-MEIDERICH SCHLEUSE UW,2026-06-30 05:12:00+00:00,18.22,18.185636999303235,18.17348244990477,-0.012154549398462442,2,0.04651755009522773,0.04651755009522773
DUISBURG-MEIDERICH SCHLEUSE OW,2026-06-30 05:13:00+00:00,24.99,24.986418420991306,25.00406196182306,0.01764354083175187,2,-0.014061961823060187,0.014061961823060187
DUISBURG-MEIDERICH SCHLEUSE UW,2026-06-30 05:13:00+00:00,18.22,18.185636999303235,18.17348244990477,-0.012154549398462442,2,0.04651755009522773,0.04651755009522773
DUISBURG-MEIDERICH SCHLEUSE OW,2026-06-30 05:14:00+00:00,24.99,24.986418420991306,25.00406196182306,0.01764354083175187,2,-0.014061961823060187,0.014061961823060187
DUISBURG-MEIDERICH SCHLEUSE UW,2026-06-30 05:14:00+00:00,18.22,18.185636999303235,18.17348244990477,-0.012154549398462442,2,0.04651755009522773,0.04651755009522773
BINGEN,2026-06-30 05:15:00+00:00,106.0,107.25719101563077,107.25719101563077,0.0,2,-1.2571910156307666,1.2571910156307666
BONN,2026-06-30 05:15:00+00:00,137.0,139.29341823735083,139.29341823735083,0.0,2,-2.293418237350835,2.293418237350835
BREISACH,2026-06-30 05:15:00+00:00,188.0,186.7403022521323,186.7403022521323,0.0,2,1.2596977478677047,1.2596977478677047
Basel-Rheinhalle,2026-06-30 05:15:00+00:00,528.0,527.85627183544,527.7972552841669,-0.059016551273120915,2,0.2027447158330915,0.2027447158330915
DUISBURG-MEIDERICH SCHLEUSE OW,2026-06-30 05:15:00+00:00,24.98,24.986418420991306,25.00406196182306,0.01764354083175187,2,-0.024061961823058198,0.024061961823058198
DUISBURG-MEIDERICH SCHLEUSE UW,2026-06-30 05:15:00+00:00,18.22,18.185636999303235,18.17348244990477,-0.012154549398462442,2,0.04651755009522773,0.04651755009522773
DUISBURG-RUHRORT,2026-06-30 05:15:00+00:00,215.0,213.49016501926118,213.49016501926118,0.0,2,1.509834980738816,1.509834980738816
DÜSSELDORF,2026-06-30 05:15:00+00:00,82.0,81.39951316782593,81.39951316782593,0.0,2,0.6004868321740702,0.6004868321740702
EMMERICH,2026-06-30 05:15:00+00:00,53.0,53.07513578562487,53.07513578562487,0.0,2,-0.07513578562487311,0.07513578562487311
IFFEZHEIM,2026-06-30 05:15:00+00:00,147.0,147.24122744018243,147.24122744018243,0.0,2,-0.2412274401824277,0.2412274401824277
KAUB,2026-06-30 05:15:00+00:00,90.0,87.31876429331507,87.31876429331507,0.0,2,2.68123570668493,2.68123570668493
KOBLENZ,2026-06-30 05:15:00+00:00,81.0,82.60820361772699,82.60820361772699,0.0,2,-1.6082036177269856,1.6082036177269856
KONSTANZ-RHEIN,2026-06-30 05:15:00+00:00,313.0,313.36725536220416,313.36725536220416,0.0,2,-0.3672553622041619,0.3672553622041619
Koblenz OP,2026-06-30 05:15:00+00:00,205.0,203.21433701617957,203.21433701617957,0.0,2,1.7856629838204299,1.7856629838204299
Koblenz UP,2026-06-30 05:15:00+00:00,30.0,45.71782891637937,45.71782891637937,0.0,2,-15.717828916379368,15.717828916379368
KÖLN,2026-06-30 05:15:00+00:00,133.0,134.11375550783427,134.11375550783427,0.0,2,-1.11375550783427,1.11375550783427
MAINZ,2026-06-30 05:15:00+00:00,182.0,187.3966063165564,187.3966063165564,0.0,2,-5.396606316556387,5.396606316556387
MANNHEIM,2026-06-30 05:15:00+00:00,165.0,162.5439627588862,162.5439627588862,0.0,2,2.4560372411137905,2.4560372411137905
MAXAU,2026-06-30 05:15:00+00:00,408.0,410.1357698675817,410.1357698675817,0.0,2,-2.1357698675817005,2.1357698675817005
REES,2026-06-30 05:15:00+00:00,96.0,95.97221360867971,95.97221360867971,0.0,2,0.027786391320290704,0.027786391320290704
RHEINE UNTERSCHLEUSE,2026-06-30 05:15:00+00:00,190.0,231.29172148577996,231.29172148577996,0.0,2,-41.29172148577996,41.29172148577996
RHEINWEILER,2026-06-30 05:15:00+00:00,223.0,223.47395337452468,223.47395337452468,0.0,2,-0.4739533745246831,0.4739533745246831
SANKT GOAR,2026-06-30 05:15:00+00:00,179.0,178.089605429018,178.089605429018,0.0,2,0.9103945709819925,0.9103945709819925
SPEYER,2026-06-30 05:15:00+00:00,258.0,256.46750215666367,256.46750215666367,0.0,2,1.5324978433363299,1.5324978433363299
WESEL,2026-06-30 05:15:00+00:00,151.0,151.79475272135107,151.79475272135107,0.0,2,-0.7947527213510739,0.7947527213510739
WORMS,2026-06-30 05:15:00+00:00,74.0,74.54818716799018,74.54818716799018,0.0,2,-0.5481871679901786,0.5481871679901786
DUISBURG-MEIDERICH SCHLEUSE OW,2026-06-30 05:16:00+00:00,24.98,24.986418420991306,25.00406196182306,0.01764354083175187,2,-0.024061961823058198,0.024061961823058198
DUISBURG-MEIDERICH SCHLEUSE UW,2026-06-30 05:16:00+00:00,18.22,18.185636999303235,18.17348244990477,-0.012154549398462442,2,0.04651755009522773,0.04651755009522773
DUISBURG-MEIDERICH SCHLEUSE OW,2026-06-30 05:17:00+00:00,24.98,24.986418420991306,25.00406196182306,0.01764354083175187,2,-0.024061961823058198,0.024061961823058198
DUISBURG-MEIDERICH SCHLEUSE UW,2026-06-30 05:17:00+00:00,18.22,18.185636999303235,18.17348244990477,-0.012154549398462442,2,0.04651755009522773,0.04651755009522773
DUISBURG-MEIDERICH SCHLEUSE OW,2026-06-30 05:18:00+00:00,24.98,24.986418420991306,25.00406196182306,0.01764354083175187,2,-0.024061961823058198,0.024061961823058198
DUISBURG-MEIDERICH SCHLEUSE UW,2026-06-30 05:18:00+00:00,18.22,18.185636999303235,18.17348244990477,-0.012154549398462442,2,0.04651755009522773,0.04651755009522773
DUISBURG-MEIDERICH SCHLEUSE OW,2026-06-30 05:19:00+00:00,24.98,24.986418420991306,25.00406196182306,0.01764354083175187,2,-0.024061961823058198,0.024061961823058198
DUISBURG-MEIDERICH SCHLEUSE UW,2026-06-30 05:19:00+00:00,18.22,18.185636999303235,18.17348244990477,-0.012154549398462442,2,0.04651755009522773,0.04651755009522773
Basel-Rheinhalle,2026-06-30 05:20:00+00:00,527.0,527.85627183544,527.7972552841669,-0.059016551273120915,2,-0.7972552841669085,0.7972552841669085
DUISBURG-MEIDERICH SCHLEUSE OW,2026-06-30 05:20:00+00:00,24.98,24.98075945088031,24.998402991712062,0.01764354083175187,2,-0.018402991712061834,0.018402991712061834
DUISBURG-MEIDERICH SCHLEUSE UW,2026-06-30 05:20:00+00:00,18.22,18.185636999303235,18.167110865038474,-0.018526134264761816,2,0.05288913496152503,0.05288913496152503
LOBITH,2026-06-30 05:20:00+00:00,705.0,704.3278530128277,704.3278530128277,0.0,2,0.6721469871722547,0.6721469871722547
DUISBURG-MEIDERICH SCHLEUSE OW,2026-06-30 05:21:00+00:00,24.98,24.98075945088031,24.995616144066098,0.014856693185788347,2,-0.015616144066097348,0.015616144066097348
DUISBURG-MEIDERICH SCHLEUSE UW,2026-06-30 05:21:00+00:00,18.23,18.185636999303235,18.167110865038474,-0.018526134264761816,2,0.0628891349615266,0.0628891349615266
DUISBURG-MEIDERICH SCHLEUSE OW,2026-06-30 05:22:00+00:00,24.98,24.98075945088031,24.991803556672753,0.011044105792442188,2,-0.01180355667275279,0.01180355667275279
DUISBURG-MEIDERICH SCHLEUSE UW,2026-06-30 05:22:00+00:00,18.23,18.185636999303235,18.17348244990477,-0.012154549398462442,2,0.056517550095229296,0.056517550095229296
DUISBURG-MEIDERICH SCHLEUSE OW,2026-06-30 05:23:00+00:00,24.98,24.98075945088031,24.99494814050372,0.014188689623408818,2,-0.014948140503719287,0.014948140503719287
DUISBURG-MEIDERICH SCHLEUSE UW,2026-06-30 05:23:00+00:00,18.22,18.185636999303235,18.17348244990477,-0.012154549398462442,2,0.04651755009522773,0.04651755009522773
DUISBURG-MEIDERICH SCHLEUSE OW,2026-06-30 05:24:00+00:00,24.98,24.98075945088031,24.99494814050372,0.014188689623408818,2,-0.014948140503719287,0.014948140503719287
DUISBURG-MEIDERICH SCHLEUSE UW,2026-06-30 05:24:00+00:00,18.22,18.185636999303235,18.17348244990477,-0.012154549398462442,2,0.04651755009522773,0.04651755009522773
Basel-Rheinhalle,2026-06-30 05:25:00+00:00,526.0,527.85627183544,527.7972552841669,-0.059016551273120915,2,-1.7972552841669085,1.7972552841669085
DUISBURG-MEIDERICH SCHLEUSE OW,2026-06-30 05:25:00+00:00,24.98,24.98075945088031,24.99494814050372,0.014188689623408818,2,-0.014948140503719287,0.014948140503719287
DUISBURG-MEIDERICH SCHLEUSE UW,2026-06-30 05:25:00+00:00,18.22,18.185636999303235,18.17348244990477,-0.012154549398462442,2,0.04651755009522773,0.04651755009522773
DUISBURG-MEIDERICH SCHLEUSE OW,2026-06-30 05:26:00+00:00,24.98,24.98075945088031,24.99494814050372,0.014188689623408818,2,-0.014948140503719287,0.014948140503719287
DUISBURG-MEIDERICH SCHLEUSE UW,2026-06-30 05:26:00+00:00,18.22,18.185636999303235,18.17348244990477,-0.012154549398462442,2,0.04651755009522773,0.04651755009522773
DUISBURG-MEIDERICH SCHLEUSE OW,2026-06-30 05:27:00+00:00,24.98,24.98075945088031,24.99494814050372,0.014188689623408818,2,-0.014948140503719287,0.014948140503719287
DUISBURG-MEIDERICH SCHLEUSE UW,2026-06-30 05:27:00+00:00,18.22,18.185636999303235,18.17348244990477,-0.012154549398462442,2,0.04651755009522773,0.04651755009522773
DUISBURG-MEIDERICH SCHLEUSE OW,2026-06-30 05:28:00+00:00,24.98,24.98075945088031,24.99494814050372,0.014188689623408818,2,-0.014948140503719287,0.014948140503719287
DUISBURG-MEIDERICH SCHLEUSE UW,2026-06-30 05:28:00+00:00,18.22,18.185636999303235,18.167110865038474,-0.018526134264761816,2,0.05288913496152503,0.05288913496152503
DUISBURG-MEIDERICH SCHLEUSE OW,2026-06-30 05:29:00+00:00,24.97,24.98075945088031,24.99494814050372,0.014188689623408818,2,-0.02494814050372085,0.02494814050372085
DUISBURG-MEIDERICH SCHLEUSE UW,2026-06-30 05:29:00+00:00,18.22,18.185636999303235,18.167110865038474,-0.018526134264761816,2,0.05288913496152503,0.05288913496152503
BINGEN,2026-06-30 05:30:00+00:00,107.0,107.25719101563077,107.25719101563077,0.0,2,-0.25719101563076663,0.25719101563076663
BONN,2026-06-30 05:30:00+00:00,137.0,139.29341823735083,139.29341823735083,0.0,2,-2.293418237350835,2.293418237350835
BREISACH,2026-06-30 05:30:00+00:00,187.0,188.23803000785293,188.23803000785293,0.0,2,-1.2380300078529274,1.2380300078529274
Basel-Rheinhalle,2026-06-30 05:30:00+00:00,526.0,527.7404340210833,527.6814174698102,-0.059016551273120915,2,-1.6814174698101851,1.6814174698101851
DUISBURG-MEIDERICH SCHLEUSE OW,2026-06-30 05:30:00+00:00,24.97,24.98075945088031,24.99494814050372,0.014188689623408818,2,-0.02494814050372085,0.02494814050372085
DUISBURG-MEIDERICH SCHLEUSE UW,2026-06-30 05:30:00+00:00,18.22,18.185636999303235,18.17348244990477,-0.012154549398462442,2,0.04651755009522773,0.04651755009522773
DUISBURG-RUHRORT,2026-06-30 05:30:00+00:00,215.0,213.9173149458405,213.9173149458405,0.0,2,1.082685054159498,1.082685054159498
DÜSSELDORF,2026-06-30 05:30:00+00:00,84.0,81.33942199879908,81.33942199879908,0.0,2,2.6605780012009177,2.6605780012009177
EMMERICH,2026-06-30 05:30:00+00:00,53.0,53.00878993182434,53.00878993182434,0.0,2,-0.008789931824338737,0.008789931824338737
IFFEZHEIM,2026-06-30 05:30:00+00:00,146.0,145.43715706490713,145.43715706490713,0.0,2,0.5628429350928741,0.5628429350928741
KAUB,2026-06-30 05:30:00+00:00,91.0,87.3679345937674,87.3679345937674,0.0,2,3.6320654062325985,3.6320654062325985
KOBLENZ,2026-06-30 05:30:00+00:00,83.0,82.32386949309164,82.32386949309164,0.0,2,0.6761305069083647,0.6761305069083647
KONSTANZ-RHEIN,2026-06-30 05:30:00+00:00,313.0,313.36725536220416,313.36725536220416,0.0,2,-0.3672553622041619,0.3672553622041619
Koblenz OP,2026-06-30 05:30:00+00:00,203.0,203.26175646558667,203.26175646558667,0.0,2,-0.26175646558667154,0.26175646558667154
Koblenz UP,2026-06-30 05:30:00+00:00,40.0,45.76868201460309,45.76868201460309,0.0,2,-5.768682014603087,5.768682014603087
KÖLN,2026-06-30 05:30:00+00:00,133.0,134.11375550783427,134.11375550783427,0.0,2,-1.11375550783427,1.11375550783427
LOBITH,2026-06-30 05:30:00+00:00,706.0,704.1615673697999,704.1615673697999,0.0,2,1.8384326302001455,1.8384326302001455
MAINZ,2026-06-30 05:30:00+00:00,182.0,187.5030616052999,187.5030616052999,0.0,2,-5.503061605299905,5.503061605299905
MANNHEIM,2026-06-30 05:30:00+00:00,163.0,162.53223998728413,162.53223998728413,0.0,2,0.4677600127158712,0.4677600127158712
MAXAU,2026-06-30 05:30:00+00:00,408.0,409.712042762537,409.712042762537,0.0,2,-1.7120427625370098,1.7120427625370098
REES,2026-06-30 05:30:00+00:00,96.0,95.9087757161109,95.9087757161109,0.0,2,0.09122428388910464,0.09122428388910464
RHEINE UNTERSCHLEUSE,2026-06-30 05:30:00+00:00,190.0,230.17291967852788,230.17291967852788,0.0,2,-40.172919678527876,40.172919678527876
RHEINWEILER,2026-06-30 05:30:00+00:00,223.0,223.47395337452468,223.47395337452468,0.0,2,-0.4739533745246831,0.4739533745246831
SANKT GOAR,2026-06-30 05:30:00+00:00,181.0,178.089605429018,178.089605429018,0.0,2,2.9103945709819925,2.9103945709819925
SPEYER,2026-06-30 05:30:00+00:00,258.0,256.46750215666367,256.46750215666367,0.0,2,1.5324978433363299,1.5324978433363299
WESEL,2026-06-30 05:30:00+00:00,153.0,151.78306804435738,151.78306804435738,0.0,2,1.2169319556426217,1.2169319556426217
WORMS,2026-06-30 05:30:00+00:00,75.0,74.54818716799018,74.54818716799018,0.0,2,0.45181283200982136,0.45181283200982136
DUISBURG-MEIDERICH SCHLEUSE OW,2026-06-30 05:31:00+00:00,24.97,24.98075945088031,24.99494814050372,0.014188689623408818,2,-0.02494814050372085,0.02494814050372085
DUISBURG-MEIDERICH SCHLEUSE UW,2026-06-30 05:31:00+00:00,18.22,18.185636999303235,18.17348244990477,-0.012154549398462442,2,0.04651755009522773,0.04651755009522773
DUISBURG-MEIDERICH SCHLEUSE OW,2026-06-30 05:32:00+00:00,24.97,24.98075945088031,24.99494814050372,0.014188689623408818,2,-0.02494814050372085,0.02494814050372085
DUISBURG-MEIDERICH SCHLEUSE UW,2026-06-30 05:32:00+00:00,18.22,18.185636999303235,18.17348244990477,-0.012154549398462442,2,0.04651755009522773,0.04651755009522773
DUISBURG-MEIDERICH SCHLEUSE OW,2026-06-30 05:33:00+00:00,24.97,24.98075945088031,24.99494814050372,0.014188689623408818,2,-0.02494814050372085,0.02494814050372085
DUISBURG-MEIDERICH SCHLEUSE UW,2026-06-30 05:33:00+00:00,18.22,18.185636999303235,18.17348244990477,-0.012154549398462442,2,0.04651755009522773,0.04651755009522773
DUISBURG-MEIDERICH SCHLEUSE OW,2026-06-30 05:34:00+00:00,24.97,24.98075945088031,24.99494814050372,0.014188689623408818,2,-0.02494814050372085,0.02494814050372085
DUISBURG-MEIDERICH SCHLEUSE UW,2026-06-30 05:34:00+00:00,18.22,18.185636999303235,18.17348244990477,-0.012154549398462442,2,0.04651755009522773,0.04651755009522773
Basel-Rheinhalle,2026-06-30 05:35:00+00:00,525.0,527.7404340210833,527.6814174698102,-0.059016551273120915,2,-2.681417469810185,2.681417469810185
DUISBURG-MEIDERICH SCHLEUSE OW,2026-06-30 05:35:00+00:00,24.97,24.98075945088031,24.99494814050372,0.014188689623408818,2,-0.02494814050372085,0.02494814050372085
DUISBURG-MEIDERICH SCHLEUSE UW,2026-06-30 05:35:00+00:00,18.22,18.185636999303235,18.17348244990477,-0.012154549398462442,2,0.04651755009522773,0.04651755009522773
DUISBURG-MEIDERICH SCHLEUSE OW,2026-06-30 05:36:00+00:00,24.97,24.98075945088031,24.99494814050372,0.014188689623408818,2,-0.02494814050372085,0.02494814050372085
DUISBURG-MEIDERICH SCHLEUSE UW,2026-06-30 05:36:00+00:00,18.23,18.185636999303235,18.17348244990477,-0.012154549398462442,2,0.056517550095229296,0.056517550095229296
DUISBURG-MEIDERICH SCHLEUSE OW,2026-06-30 05:37:00+00:00,24.97,24.98075945088031,24.99494814050372,0.014188689623408818,2,-0.02494814050372085,0.02494814050372085
DUISBURG-MEIDERICH SCHLEUSE UW,2026-06-30 05:37:00+00:00,18.23,18.185636999303235,18.17348244990477,-0.012154549398462442,2,0.056517550095229296,0.056517550095229296
DUISBURG-MEIDERICH SCHLEUSE OW,2026-06-30 05:38:00+00:00,24.97,24.98075945088031,24.99494814050372,0.014188689623408818,2,-0.02494814050372085,0.02494814050372085
DUISBURG-MEIDERICH SCHLEUSE UW,2026-06-30 05:38:00+00:00,18.23,18.185636999303235,18.17348244990477,-0.012154549398462442,2,0.056517550095229296,0.056517550095229296
DUISBURG-MEIDERICH SCHLEUSE OW,2026-06-30 05:39:00+00:00,24.97,24.975187323783363,24.989485607431398,0.014298283648035202,2,-0.019485607431398932,0.019485607431398932
DUISBURG-MEIDERICH SCHLEUSE UW,2026-06-30 05:39:00+00:00,18.23,18.185636999303235,18.17348244990477,-0.012154549398462442,2,0.056517550095229296,0.056517550095229296
Basel-Rheinhalle,2026-06-30 05:40:00+00:00,525.0,527.5751253322691,527.516108780996,-0.059016551273120915,2,-2.516108780995978,2.516108780995978
DUISBURG-MEIDERICH SCHLEUSE OW,2026-06-30 05:40:00+00:00,24.97,24.975187323783363,24.986193737993375,0.011006414210011852,2,-0.01619373799337609,0.01619373799337609
DUISBURG-MEIDERICH SCHLEUSE UW,2026-06-30 05:40:00+00:00,18.23,18.185636999303235,18.17348244990477,-0.012154549398462442,2,0.056517550095229296,0.056517550095229296
LOBITH,2026-06-30 05:40:00+00:00,703.0,704.0680283909369,704.0680283909369,0.0,2,-1.0680283909368882,1.0680283909368882
DUISBURG-MEIDERICH SCHLEUSE OW,2026-06-30 05:41:00+00:00,24.97,24.975187323783363,24.986193737993375,0.011006414210011852,2,-0.01619373799337609,0.01619373799337609
DUISBURG-MEIDERICH SCHLEUSE UW,2026-06-30 05:41:00+00:00,18.23,18.185636999303235,18.17348244990477,-0.012154549398462442,2,0.056517550095229296,0.056517550095229296
DUISBURG-MEIDERICH SCHLEUSE OW,2026-06-30 05:42:00+00:00,24.97,24.975187323783363,24.989365980230566,0.014178656447203682,2,-0.01936598023056746,0.01936598023056746
DUISBURG-MEIDERICH SCHLEUSE UW,2026-06-30 05:42:00+00:00,18.23,18.185636999303235,18.17348244990477,-0.012154549398462442,2,0.056517550095229296,0.056517550095229296
DUISBURG-MEIDERICH SCHLEUSE OW,2026-06-30 05:43:00+00:00,24.96,24.975187323783363,24.989365980230566,0.014178656447203682,2,-0.02936598023056547,0.02936598023056547
DUISBURG-MEIDERICH SCHLEUSE UW,2026-06-30 05:43:00+00:00,18.23,18.185636999303235,18.17348244990477,-0.012154549398462442,2,0.056517550095229296,0.056517550095229296
DUISBURG-MEIDERICH SCHLEUSE OW,2026-06-30 05:44:00+00:00,24.96,24.975187323783363,24.989365980230566,0.014178656447203682,2,-0.02936598023056547,0.02936598023056547
DUISBURG-MEIDERICH SCHLEUSE UW,2026-06-30 05:44:00+00:00,18.23,18.185636999303235,18.17348244990477,-0.012154549398462442,2,0.056517550095229296,0.056517550095229296
BINGEN,2026-06-30 05:45:00+00:00,106.0,107.25719101563077,107.25719101563077,0.0,2,-1.2571910156307666,1.2571910156307666
BONN,2026-06-30 05:45:00+00:00,138.0,139.29341823735083,139.29341823735083,0.0,2,-1.293418237350835,1.293418237350835
BREISACH,2026-06-30 05:45:00+00:00,186.0,187.56712858535658,187.56712858535658,0.0,2,-1.5671285853565848,1.5671285853565848
Basel-Rheinhalle,2026-06-30 05:45:00+00:00,525.0,527.3993146977675,527.3402981464944,-0.059016551273120915,2,-2.3402981464944332,2.3402981464944332
DUISBURG-MEIDERICH SCHLEUSE OW,2026-06-30 05:45:00+00:00,24.96,24.975187323783363,24.989365980230566,0.014178656447203682,2,-0.02936598023056547,0.02936598023056547
DUISBURG-MEIDERICH SCHLEUSE UW,2026-06-30 05:45:00+00:00,18.23,18.185636999303235,18.17348244990477,-0.012154549398462442,2,0.056517550095229296,0.056517550095229296
DUISBURG-RUHRORT,2026-06-30 05:45:00+00:00,216.0,213.9173149458405,213.9173149458405,0.0,2,2.082685054159498,2.082685054159498
DÜSSELDORF,2026-06-30 05:45:00+00:00,84.0,81.37142238238656,81.37142238238656,0.0,2,2.6285776176134448,2.6285776176134448
EMMERICH,2026-06-30 05:45:00+00:00,53.0,52.34810182448429,52.34810182448429,0.0,2,0.6518981755157114,0.6518981755157114
IFFEZHEIM,2026-06-30 05:45:00+00:00,148.0,145.25899551320418,145.25899551320418,0.0,2,2.7410044867958163,2.7410044867958163
KAUB,2026-06-30 05:45:00+00:00,90.0,87.3679345937674,87.3679345937674,0.0,2,2.6320654062325985,2.6320654062325985
KOBLENZ,2026-06-30 05:45:00+00:00,81.0,82.2927698114865,82.2927698114865,0.0,2,-1.2927698114864938,1.2927698114864938
KONSTANZ-RHEIN,2026-06-30 05:45:00+00:00,314.0,313.36725536220416,313.36725536220416,0.0,2,0.6327446377958381,0.6327446377958381
Koblenz OP,2026-06-30 05:45:00+00:00,207.0,203.1744583815844,203.1744583815844,0.0,2,3.825541618415599,3.825541618415599
Koblenz UP,2026-06-30 05:45:00+00:00,40.0,45.71782891637937,45.71782891637937,0.0,2,-5.717828916379368,5.717828916379368
KÖLN,2026-06-30 05:45:00+00:00,133.0,134.11375550783427,134.11375550783427,0.0,2,-1.11375550783427,1.11375550783427
MAINZ,2026-06-30 05:45:00+00:00,183.0,188.1101510488048,188.1101510488048,0.0,2,-5.110151048804795,5.110151048804795
MANNHEIM,2026-06-30 05:45:00+00:00,165.0,162.53223998728413,162.53223998728413,0.0,2,2.467760012715871,2.467760012715871
MAXAU,2026-06-30 05:45:00+00:00,408.0,409.2580283132176,409.2580283132176,0.0,2,-1.2580283132176078,1.2580283132176078
REES,2026-06-30 05:45:00+00:00,99.0,96.35873307485154,96.35873307485154,0.0,2,2.6412669251484573,2.6412669251484573
RHEINE UNTERSCHLEUSE,2026-06-30 05:45:00+00:00,191.0,229.83787731214346,229.83787731214346,0.0,2,-38.83787731214346,38.83787731214346
RHEINWEILER,2026-06-30 05:45:00+00:00,223.0,223.47395337452468,223.47395337452468,0.0,2,-0.4739533745246831,0.4739533745246831
SANKT GOAR,2026-06-30 05:45:00+00:00,180.0,178.089605429018,178.089605429018,0.0,2,1.9103945709819925,1.9103945709819925
SPEYER,2026-06-30 05:45:00+00:00,259.0,256.4558061319697,256.4558061319697,0.0,2,2.544193868030277,2.544193868030277
WESEL,2026-06-30 05:45:00+00:00,153.0,151.78306804435738,151.78306804435738,0.0,2,1.2169319556426217,1.2169319556426217
WORMS,2026-06-30 05:45:00+00:00,74.0,74.54818716799018,74.54818716799018,0.0,2,-0.5481871679901786,0.5481871679901786
DUISBURG-MEIDERICH SCHLEUSE OW,2026-06-30 05:46:00+00:00,24.96,24.975187323783363,24.989365980230566,0.014178656447203682,2,-0.02936598023056547,0.02936598023056547
DUISBURG-MEIDERICH SCHLEUSE UW,2026-06-30 05:46:00+00:00,18.23,18.185636999303235,18.167110865038474,-0.018526134264761816,2,0.0628891349615266,0.0628891349615266
DUISBURG-MEIDERICH SCHLEUSE OW,2026-06-30 05:47:00+00:00,24.96,24.975187323783363,24.989365980230566,0.014178656447203682,2,-0.02936598023056547,0.02936598023056547
DUISBURG-MEIDERICH SCHLEUSE UW,2026-06-30 05:47:00+00:00,18.22,18.185636999303235,18.167110865038474,-0.018526134264761816,2,0.05288913496152503,0.05288913496152503
DUISBURG-MEIDERICH SCHLEUSE OW,2026-06-30 05:48:00+00:00,24.96,24.975187323783363,24.989365980230566,0.014178656447203682,2,-0.02936598023056547,0.02936598023056547
DUISBURG-MEIDERICH SCHLEUSE UW,2026-06-30 05:48:00+00:00,18.22,18.185636999303235,18.167110865038474,-0.018526134264761816,2,0.05288913496152503,0.05288913496152503
DUISBURG-MEIDERICH SCHLEUSE OW,2026-06-30 05:49:00+00:00,24.96,24.975187323783363,24.989365980230566,0.014178656447203682,2,-0.02936598023056547,0.02936598023056547
DUISBURG-MEIDERICH SCHLEUSE UW,2026-06-30 05:49:00+00:00,18.22,18.185636999303235,18.167110865038474,-0.018526134264761816,2,0.05288913496152503,0.05288913496152503
Basel-Rheinhalle,2026-06-30 05:50:00+00:00,524.0,527.2382236740269,527.1282873129572,-0.10993636106973824,2,-3.128287312957241,3.128287312957241
DUISBURG-MEIDERICH SCHLEUSE OW,2026-06-30 05:50:00+00:00,24.96,24.975187323783363,24.989365980230566,0.014178656447203682,2,-0.02936598023056547,0.02936598023056547
DUISBURG-MEIDERICH SCHLEUSE UW,2026-06-30 05:50:00+00:00,18.23,18.185636999303235,18.17348244990477,-0.012154549398462442,2,0.056517550095229296,0.056517550095229296
LOBITH,2026-06-30 05:50:00+00:00,704.0,704.010344096019,704.010344096019,0.0,2,-0.010344096019025528,0.010344096019025528
DUISBURG-MEIDERICH SCHLEUSE OW,2026-06-30 05:51:00+00:00,24.96,24.975187323783363,24.989365980230566,0.014178656447203682,2,-0.02936598023056547,0.02936598023056547
DUISBURG-MEIDERICH SCHLEUSE UW,2026-06-30 05:51:00+00:00,18.23,18.185636999303235,18.17348244990477,-0.012154549398462442,2,0.056517550095229296,0.056517550095229296
DUISBURG-MEIDERICH SCHLEUSE OW,2026-06-30 05:52:00+00:00,24.96,24.975187323783363,24.989365980230566,0.014178656447203682,2,-0.02936598023056547,0.02936598023056547
DUISBURG-MEIDERICH SCHLEUSE UW,2026-06-30 05:52:00+00:00,18.23,18.185636999303235,18.17348244990477,-0.012154549398462442,2,0.056517550095229296,0.056517550095229296
DUISBURG-MEIDERICH SCHLEUSE OW,2026-06-30 05:53:00+00:00,24.96,24.967589298436618,24.982172567094516,0.014583268657899048,2,-0.02217256709451476,0.02217256709451476
DUISBURG-MEIDERICH SCHLEUSE UW,2026-06-30 05:53:00+00:00,18.23,18.185636999303235,18.17348244990477,-0.012154549398462442,2,0.056517550095229296,0.056517550095229296
DUISBURG-MEIDERICH SCHLEUSE OW,2026-06-30 05:54:00+00:00,24.96,24.967589298436618,24.978605003352545,0.011015704915927254,2,-0.018605003352544003,0.018605003352544003
DUISBURG-MEIDERICH SCHLEUSE UW,2026-06-30 05:54:00+00:00,18.23,18.185636999303235,18.17348244990477,-0.012154549398462442,2,0.056517550095229296,0.056517550095229296
Basel-Rheinhalle,2026-06-30 05:55:00+00:00,524.0,527.3628170052366,527.2058785685913,-0.15693843664530596,2,-3.205878568591288,3.205878568591288
DUISBURG-MEIDERICH SCHLEUSE OW,2026-06-30 05:55:00+00:00,24.96,24.967589298436618,24.978605003352545,0.011015704915927254,2,-0.018605003352544003,0.018605003352544003
DUISBURG-MEIDERICH SCHLEUSE UW,2026-06-30 05:55:00+00:00,18.23,18.185636999303235,18.17348244990477,-0.012154549398462442,2,0.056517550095229296,0.056517550095229296
DUISBURG-MEIDERICH SCHLEUSE OW,2026-06-30 05:56:00+00:00,24.95,24.967589298436618,24.98217159754091,0.014582299104289202,2,-0.03217159754090915,0.03217159754090915
DUISBURG-MEIDERICH SCHLEUSE UW,2026-06-30 05:56:00+00:00,18.23,18.185636999303235,18.17348244990477,-0.012154549398462442,2,0.056517550095229296,0.056517550095229296
DUISBURG-MEIDERICH SCHLEUSE OW,2026-06-30 05:57:00+00:00,24.95,24.967589298436618,24.98217159754091,0.014582299104289202,2,-0.03217159754090915,0.03217159754090915
DUISBURG-MEIDERICH SCHLEUSE UW,2026-06-30 05:57:00+00:00,18.23,18.185636999303235,18.17348244990477,-0.012154549398462442,2,0.056517550095229296,0.056517550095229296
DUISBURG-MEIDERICH SCHLEUSE OW,2026-06-30 05:58:00+00:00,24.95,24.967589298436618,24.98217159754091,0.014582299104289202,2,-0.03217159754090915,0.03217159754090915
DUISBURG-MEIDERICH SCHLEUSE UW,2026-06-30 05:58:00+00:00,18.23,18.185636999303235,18.17348244990477,-0.012154549398462442,2,0.056517550095229296,0.056517550095229296
DUISBURG-MEIDERICH SCHLEUSE OW,2026-06-30 05:59:00+00:00,24.95,24.967589298436618,24.981890686289464,0.014301387852846539,2,-0.03189068628946501,0.03189068628946501
DUISBURG-MEIDERICH SCHLEUSE UW,2026-06-30 05:59:00+00:00,18.23,18.185636999303235,18.17348244990477,-0.012154549398462442,2,0.056517550095229296,0.056517550095229296
BINGEN,2026-06-30 06:00:00+00:00,106.0,107.00040848039181,107.00040848039181,0.0,2,-1.0004084803918118,1.0004084803918118
BONN,2026-06-30 06:00:00+00:00,137.0,139.56806897982665,139.56806897982665,0.0,2,-2.5680689798266485,2.5680689798266485
BREISACH,2026-06-30 06:00:00+00:00,187.0,187.19877543500806,187.19877543500806,0.0,2,-0.19877543500805928,0.19877543500805928
Basel-Rheinhalle,2026-06-30 06:00:00+00:00,525.0,527.4910986101223,527.3811622490526,-0.10993636106973824,2,-2.381162249052636,2.381162249052636
DUISBURG-MEIDERICH SCHLEUSE OW,2026-06-30 06:00:00+00:00,24.95,24.38341780184071,24.439758770314935,0.05634096847422549,2,0.5102412296850645,0.5102412296850645
DUISBURG-MEIDERICH SCHLEUSE UW,2026-06-30 06:00:00+00:00,18.23,17.603319455055157,17.60845271074717,0.005133255692012986,2,0.6215472892528311,0.6215472892528311
DUISBURG-RUHRORT,2026-06-30 06:00:00+00:00,215.0,213.82033614190615,213.82033614190615,0.0,2,1.1796638580938463,1.1796638580938463
DÜSSELDORF,2026-06-30 06:00:00+00:00,85.0,80.95064083138656,80.95064083138656,0.0,2,4.049359168613435,4.049359168613435
EMMERICH,2026-06-30 06:00:00+00:00,54.0,53.15373286516946,53.15373286516946,0.0,2,0.8462671348305406,0.8462671348305406
IFFEZHEIM,2026-06-30 06:00:00+00:00,146.0,146.91131403990104,146.91131403990104,0.0,2,-0.9113140399010433,0.9113140399010433
KAUB,2026-06-30 06:00:00+00:00,91.0,86.46599215538436,86.46599215538436,0.0,2,4.534007844615644,4.534007844615644
KOBLENZ,2026-06-30 06:00:00+00:00,82.0,82.46483344915777,82.46483344915777,0.0,2,-0.4648334491577657,0.4648334491577657
KONSTANZ-RHEIN,2026-06-30 06:00:00+00:00,313.0,313.4493296267283,313.4493296267283,0.0,2,-0.4493296267282858,0.4493296267282858
Koblenz OP,2026-06-30 06:00:00+00:00,206.0,201.0909887207164,201.0909887207164,0.0,2,4.90901127928359,4.90901127928359
Koblenz UP,2026-06-30 06:00:00+00:00,41.0,45.967203983999504,45.967203983999504,0.0,2,-4.967203983999504,4.967203983999504
KÖLN,2026-06-30 06:00:00+00:00,133.0,134.1246927812488,134.1246927812488,0.0,2,-1.1246927812487968,1.1246927812487968
LOBITH,2026-06-30 06:00:00+00:00,704.0,702.9647494468549,702.9647494468549,0.0,2,1.035250553145147,1.035250553145147
MAINZ,2026-06-30 06:00:00+00:00,182.0,187.76674086335115,187.76674086335115,0.0,2,-5.766740863351146,5.766740863351146
MANNHEIM,2026-06-30 06:00:00+00:00,166.0,161.38974179935505,161.38974179935505,0.0,2,4.6102582006449495,4.6102582006449495
MAXAU,2026-06-30 06:00:00+00:00,407.0,409.6174637295619,409.6174637295619,0.0,2,-2.617463729561905,2.617463729561905
REES,2026-06-30 06:00:00+00:00,96.0,96.4597455440925,96.4597455440925,0.0,2,-0.4597455440924989,0.4597455440924989
RHEINE UNTERSCHLEUSE,2026-06-30 06:00:00+00:00,191.0,223.34267057170328,223.34267057170328,0.0,2,-32.34267057170328,32.34267057170328
RHEINWEILER,2026-06-30 06:00:00+00:00,223.0,223.6975162740495,223.6975162740495,0.0,2,-0.6975162740494909,0.6975162740494909
SANKT GOAR,2026-06-30 06:00:00+00:00,180.0,177.99720891770596,177.99720891770596,0.0,2,2.0027910822940385,2.0027910822940385
SPEYER,2026-06-30 06:00:00+00:00,258.0,255.9401215467636,255.9401215467636,0.0,2,2.0598784532363936,2.0598784532363936
WESEL,2026-06-30 06:00:00+00:00,152.0,150.72156053099243,150.72156053099243,0.0,2,1.2784394690075658,1.2784394690075658
WORMS,2026-06-30 06:00:00+00:00,74.0,74.43409539434477,74.43409539434477,0.0,2,-0.43409539434476585,0.43409539434476585
DUISBURG-MEIDERICH SCHLEUSE OW,2026-06-30 06:01:00+00:00,24.95,24.32767301061258,24.384013979086802,0.05634096847422549,2,0.565986020913197,0.565986020913197
DUISBURG-MEIDERICH SCHLEUSE UW,2026-06-30 06:01:00+00:00,18.23,17.16275743215509,17.165039625618423,0.002282193463334007,2,1.0649603743815774,1.0649603743815774
DUISBURG-MEIDERICH SCHLEUSE OW,2026-06-30 06:02:00+00:00,24.95,24.32767301061258,24.384013979086802,0.05634096847422549,2,0.565986020913197,0.565986020913197
DUISBURG-MEIDERICH SCHLEUSE UW,2026-06-30 06:02:00+00:00,18.23,17.16275743215509,17.165039625618423,0.002282193463334007,2,1.0649603743815774,1.0649603743815774
DUISBURG-MEIDERICH SCHLEUSE OW,2026-06-30 06:03:00+00:00,24.95,24.967589298436618,24.977024210944347,0.009434912507728509,2,-0.02702421094434726,0.02702421094434726
DUISBURG-MEIDERICH SCHLEUSE UW,2026-06-30 06:03:00+00:00,18.23,18.185636999303235,18.177721666334147,-0.00791533296908633,2,0.05227833366585344,0.05227833366585344
DUISBURG-MEIDERICH SCHLEUSE OW,2026-06-30 06:04:00+00:00,24.94,24.967589298436618,24.977024210944347,0.009434912507728509,2,-0.03702421094434527,0.03702421094434527
DUISBURG-MEIDERICH SCHLEUSE UW,2026-06-30 06:04:00+00:00,18.23,18.185636999303235,18.177721666334147,-0.00791533296908633,2,0.05227833366585344,0.05227833366585344
Basel-Rheinhalle,2026-06-30 06:05:00+00:00,527.0,527.3140526246411,527.2041162635714,-0.10993636106973824,2,-0.20411626357144996,0.20411626357144996
DUISBURG-MEIDERICH SCHLEUSE OW,2026-06-30 06:05:00+00:00,24.94,24.967589298436618,24.977024210944347,0.009434912507728509,2,-0.03702421094434527,0.03702421094434527
DUISBURG-MEIDERICH SCHLEUSE UW,2026-06-30 06:05:00+00:00,18.23,18.185636999303235,18.177721666334147,-0.00791533296908633,2,0.05227833366585344,0.05227833366585344
DUISBURG-MEIDERICH SCHLEUSE OW,2026-06-30 06:06:00+00:00,24.94,24.967589298436618,24.977024210944347,0.009434912507728509,2,-0.03702421094434527,0.03702421094434527
DUISBURG-MEIDERICH SCHLEUSE UW,2026-06-30 06:06:00+00:00,18.23,18.185636999303235,18.177721666334147,-0.00791533296908633,2,0.05227833366585344,0.05227833366585344
DUISBURG-MEIDERICH SCHLEUSE OW,2026-06-30 06:07:00+00:00,24.94,24.960026465077153,24.971743602811145,0.011717137733991757,2,-0.031743602811143745,0.031743602811143745
DUISBURG-MEIDERICH SCHLEUSE UW,2026-06-30 06:07:00+00:00,18.23,18.185636999303235,18.177721666334147,-0.00791533296908633,2,0.05227833366585344,0.05227833366585344
DUISBURG-MEIDERICH SCHLEUSE OW,2026-06-30 06:08:00+00:00,24.94,24.960026465077153,24.969100089719127,0.009073624641974195,2,-0.029100089719126032,0.029100089719126032
DUISBURG-MEIDERICH SCHLEUSE UW,2026-06-30 06:08:00+00:00,18.23,18.185636999303235,18.177721666334147,-0.00791533296908633,2,0.05227833366585344,0.05227833366585344
DUISBURG-MEIDERICH SCHLEUSE OW,2026-06-30 06:09:00+00:00,24.94,24.960026465077153,24.969100089719127,0.009073624641974195,2,-0.029100089719126032,0.029100089719126032
DUISBURG-MEIDERICH SCHLEUSE UW,2026-06-30 06:09:00+00:00,18.23,18.185636999303235,18.177721666334147,-0.00791533296908633,2,0.05227833366585344,0.05227833366585344
Basel-Rheinhalle,2026-06-30 06:10:00+00:00,525.0,525.0208550844046,524.9618385331315,-0.059016551273120915,2,0.038161466868473326,0.038161466868473326
DUISBURG-MEIDERICH SCHLEUSE OW,2026-06-30 06:10:00+00:00,24.94,24.960026465077153,24.971743602811145,0.011717137733991757,2,-0.031743602811143745,0.031743602811143745
DUISBURG-MEIDERICH SCHLEUSE UW,2026-06-30 06:10:00+00:00,18.23,18.185636999303235,18.177721666334147,-0.00791533296908633,2,0.05227833366585344,0.05227833366585344
LOBITH,2026-06-30 06:10:00+00:00,705.0,703.2651127466253,703.2651127466253,0.0,2,1.7348872533747226,1.7348872533747226
DUISBURG-MEIDERICH SCHLEUSE OW,2026-06-30 06:11:00+00:00,24.94,24.960026465077153,24.971743602811145,0.011717137733991757,2,-0.031743602811143745,0.031743602811143745
DUISBURG-MEIDERICH SCHLEUSE UW,2026-06-30 06:11:00+00:00,18.23,18.185636999303235,18.177721666334147,-0.00791533296908633,2,0.05227833366585344,0.05227833366585344
DUISBURG-MEIDERICH SCHLEUSE OW,2026-06-30 06:12:00+00:00,24.94,24.960026465077153,24.971743602811145,0.011717137733991757,2,-0.031743602811143745,0.031743602811143745
DUISBURG-MEIDERICH SCHLEUSE UW,2026-06-30 06:12:00+00:00,18.23,18.185636999303235,18.17135008146785,-0.014286917835385712,2,0.058649918532150735,0.058649918532150735
DUISBURG-MEIDERICH SCHLEUSE OW,2026-06-30 06:13:00+00:00,24.94,24.960026465077153,24.971743602811145,0.011717137733991757,2,-0.031743602811143745,0.031743602811143745
DUISBURG-MEIDERICH SCHLEUSE UW,2026-06-30 06:13:00+00:00,18.23,18.185636999303235,18.17135008146785,-0.014286917835385712,2,0.058649918532150735,0.058649918532150735
DUISBURG-MEIDERICH SCHLEUSE OW,2026-06-30 06:14:00+00:00,24.94,24.960026465077153,24.971743602811145,0.011717137733991757,2,-0.031743602811143745,0.031743602811143745
DUISBURG-MEIDERICH SCHLEUSE UW,2026-06-30 06:14:00+00:00,18.24,18.185636999303235,18.177721666334147,-0.00791533296908633,2,0.06227833366585145,0.06227833366585145
BINGEN,2026-06-30 06:15:00+00:00,106.0,107.01993925725684,107.01993925725684,0.0,2,-1.019939257256837,1.019939257256837
BONN,2026-06-30 06:15:00+00:00,137.0,139.37012762182977,139.37012762182977,0.0,2,-2.3701276218297664,2.3701276218297664
BREISACH,2026-06-30 06:15:00+00:00,190.0,187.19877543500806,187.19877543500806,0.0,2,2.8012245649919407,2.8012245649919407
Basel-Rheinhalle,2026-06-30 06:15:00+00:00,523.0,524.8360412083025,524.7770246570294,-0.059016551273120915,2,-1.7770246570294148,1.7770246570294148
DUISBURG-MEIDERICH SCHLEUSE OW,2026-06-30 06:15:00+00:00,24.94,24.960026465077153,24.971743602811145,0.011717137733991757,2,-0.031743602811143745,0.031743602811143745
DUISBURG-MEIDERICH SCHLEUSE UW,2026-06-30 06:15:00+00:00,18.24,18.185636999303235,18.17135008146785,-0.014286917835385712,2,0.06864991853214875,0.06864991853214875
DUISBURG-RUHRORT,2026-06-30 06:15:00+00:00,215.0,213.5683567777589,213.5683567777589,0.0,2,1.4316432222410924,1.4316432222410924
DÜSSELDORF,2026-06-30 06:15:00+00:00,84.0,81.98694718093314,81.98694718093314,0.0,2,2.013052819066857,2.013052819066857
EMMERICH,2026-06-30 06:15:00+00:00,52.0,53.79736659875695,53.79736659875695,0.0,2,-1.7973665987569518,1.7973665987569518
IFFEZHEIM,2026-06-30 06:15:00+00:00,144.0,146.96880269215453,146.96880269215453,0.0,2,-2.968802692154526,2.968802692154526
KAUB,2026-06-30 06:15:00+00:00,90.0,86.41241427877685,86.41241427877685,0.0,2,3.5875857212231494,3.5875857212231494
KOBLENZ,2026-06-30 06:15:00+00:00,82.0,81.52790229939285,81.52790229939285,0.0,2,0.4720977006071507,0.4720977006071507
KONSTANZ-RHEIN,2026-06-30 06:15:00+00:00,314.0,313.3509428438706,313.3509428438706,0.0,2,0.6490571561294018,0.6490571561294018
Koblenz OP,2026-06-30 06:15:00+00:00,207.0,200.65436850432576,200.65436850432576,0.0,2,6.34563149567424,6.34563149567424
Koblenz UP,2026-06-30 06:15:00+00:00,41.0,48.36893441642366,48.36893441642366,0.0,2,-7.368934416423663,7.368934416423663
KÖLN,2026-06-30 06:15:00+00:00,134.0,134.01547033893385,134.01547033893385,0.0,2,-0.01547033893385219,0.01547033893385219
MAINZ,2026-06-30 06:15:00+00:00,181.0,187.71613734398815,187.71613734398815,0.0,2,-6.7161373439881515,6.7161373439881515
MANNHEIM,2026-06-30 06:15:00+00:00,165.0,161.28573627330226,161.28573627330226,0.0,2,3.7142637266977374,3.7142637266977374
MAXAU,2026-06-30 06:15:00+00:00,406.0,409.98564951139707,409.98564951139707,0.0,2,-3.985649511397071,3.985649511397071
REES,2026-06-30 06:15:00+00:00,97.0,95.9299955334391,95.9299955334391,0.0,2,1.0700044665609028,1.0700044665609028
RHEINE UNTERSCHLEUSE,2026-06-30 06:15:00+00:00,192.0,223.18501185169362,223.18501185169362,0.0,2,-31.185011851693616,31.185011851693616
RHEINWEILER,2026-06-30 06:15:00+00:00,223.0,223.59912949119186,223.59912949119186,0.0,2,-0.5991294911918601,0.5991294911918601
SANKT GOAR,2026-06-30 06:15:00+00:00,181.0,178.016739694571,178.016739694571,0.0,2,2.983260305429013,2.983260305429013
SPEYER,2026-06-30 06:15:00+00:00,258.0,255.931574600636,255.931574600636,0.0,2,2.0684253993640027,2.0684253993640027
WESEL,2026-06-30 06:15:00+00:00,152.0,150.82623350926553,150.82623350926553,0.0,2,1.1737664907344652,1.1737664907344652
WORMS,2026-06-30 06:15:00+00:00,74.0,74.4255484482171,74.4255484482171,0.0,2,-0.4255484482170999,0.4255484482170999
DUISBURG-MEIDERICH SCHLEUSE OW,2026-06-30 06:16:00+00:00,24.94,24.960026465077153,24.971743602811145,0.011717137733991757,2,-0.031743602811143745,0.031743602811143745
DUISBURG-MEIDERICH SCHLEUSE UW,2026-06-30 06:16:00+00:00,18.24,18.185636999303235,18.17135008146785,-0.014286917835385712,2,0.06864991853214875,0.06864991853214875
DUISBURG-MEIDERICH SCHLEUSE OW,2026-06-30 06:17:00+00:00,24.94,24.960026465077153,24.971743602811145,0.011717137733991757,2,-0.031743602811143745,0.031743602811143745
DUISBURG-MEIDERICH SCHLEUSE UW,2026-06-30 06:17:00+00:00,18.24,18.185636999303235,18.177721666334147,-0.00791533296908633,2,0.06227833366585145,0.06227833366585145
DUISBURG-MEIDERICH SCHLEUSE OW,2026-06-30 06:18:00+00:00,24.94,24.960026465077153,24.971743602811145,0.011717137733991757,2,-0.031743602811143745,0.031743602811143745
DUISBURG-MEIDERICH SCHLEUSE UW,2026-06-30 06:18:00+00:00,18.24,18.185636999303235,18.177721666334147,-0.00791533296908633,2,0.06227833366585145,0.06227833366585145
DUISBURG-MEIDERICH SCHLEUSE OW,2026-06-30 06:19:00+00:00,24.94,24.960026465077153,24.971743602811145,0.011717137733991757,2,-0.031743602811143745,0.031743602811143745
DUISBURG-MEIDERICH SCHLEUSE UW,2026-06-30 06:19:00+00:00,18.24,18.185636999303235,18.177721666334147,-0.00791533296908633,2,0.06227833366585145,0.06227833366585145
Basel-Rheinhalle,2026-06-30 06:20:00+00:00,520.0,525.1532939609898,525.0942774097167,-0.059016551273120915,2,-5.09427740971671,5.09427740971671
DUISBURG-MEIDERICH SCHLEUSE OW,2026-06-30 06:20:00+00:00,24.93,24.958172512729323,24.96728676989779,0.009114257168465348,2,-0.037286769897789895,0.037286769897789895
DUISBURG-MEIDERICH SCHLEUSE UW,2026-06-30 06:20:00+00:00,18.23,18.185636999303235,18.177721666334147,-0.00791533296908633,2,0.05227833366585344,0.05227833366585344
LOBITH,2026-06-30 06:20:00+00:00,704.0,703.2651127466253,703.2651127466253,0.0,2,0.7348872533747226,0.7348872533747226
DUISBURG-MEIDERICH SCHLEUSE OW,2026-06-30 06:21:00+00:00,24.93,24.958172512729323,24.965459684272705,0.0072871715433815935,2,-0.035459684272705516,0.035459684272705516
DUISBURG-MEIDERICH SCHLEUSE UW,2026-06-30 06:21:00+00:00,18.23,18.185636999303235,18.177721666334147,-0.00791533296908633,2,0.05227833366585344,0.05227833366585344
DUISBURG-MEIDERICH SCHLEUSE OW,2026-06-30 06:22:00+00:00,24.93,24.958172512729323,24.965459684272705,0.0072871715433815935,2,-0.035459684272705516,0.035459684272705516
DUISBURG-MEIDERICH SCHLEUSE UW,2026-06-30 06:22:00+00:00,18.23,18.185636999303235,18.177721666334147,-0.00791533296908633,2,0.05227833366585344,0.05227833366585344
DUISBURG-MEIDERICH SCHLEUSE OW,2026-06-30 06:23:00+00:00,24.93,24.958172512729323,24.96728676989779,0.009114257168465348,2,-0.037286769897789895,0.037286769897789895
DUISBURG-MEIDERICH SCHLEUSE UW,2026-06-30 06:23:00+00:00,18.23,18.185636999303235,18.177721666334147,-0.00791533296908633,2,0.05227833366585344,0.05227833366585344
DUISBURG-MEIDERICH SCHLEUSE OW,2026-06-30 06:24:00+00:00,24.93,24.958172512729323,24.96728676989779,0.009114257168465348,2,-0.037286769897789895,0.037286769897789895
DUISBURG-MEIDERICH SCHLEUSE UW,2026-06-30 06:24:00+00:00,18.23,18.185636999303235,18.177721666334147,-0.00791533296908633,2,0.05227833366585344,0.05227833366585344
Basel-Rheinhalle,2026-06-30 06:25:00+00:00,519.0,524.7801061297815,524.7210895785084,-0.059016551273120915,2,-5.72108957850844,5.72108957850844
DUISBURG-MEIDERICH SCHLEUSE OW,2026-06-30 06:25:00+00:00,24.93,24.958172512729323,24.96728676989779,0.009114257168465348,2,-0.037286769897789895,0.037286769897789895
DUISBURG-MEIDERICH SCHLEUSE UW,2026-06-30 06:25:00+00:00,18.23,18.185636999303235,18.177721666334147,-0.00791533296908633,2,0.05227833366585344,0.05227833366585344
DUISBURG-MEIDERICH SCHLEUSE OW,2026-06-30 06:26:00+00:00,24.93,24.958172512729323,24.966870803700278,0.008698290970953416,2,-0.03687080370027829,0.03687080370027829
DUISBURG-MEIDERICH SCHLEUSE UW,2026-06-30 06:26:00+00:00,18.23,18.185636999303235,18.177721666334147,-0.00791533296908633,2,0.05227833366585344,0.05227833366585344
DUISBURG-MEIDERICH SCHLEUSE OW,2026-06-30 06:27:00+00:00,24.92,24.958172512729323,24.966870803700278,0.008698290970953416,2,-0.0468708037002763,0.0468708037002763
DUISBURG-MEIDERICH SCHLEUSE UW,2026-06-30 06:27:00+00:00,18.23,18.185636999303235,18.177721666334147,-0.00791533296908633,2,0.05227833366585344,0.05227833366585344
DUISBURG-MEIDERICH SCHLEUSE OW,2026-06-30 06:28:00+00:00,24.92,24.958172512729323,24.967159324042672,0.008986811313349925,2,-0.04715932404267065,0.04715932404267065
DUISBURG-MEIDERICH SCHLEUSE UW,2026-06-30 06:28:00+00:00,18.23,18.185636999303235,18.177721666334147,-0.00791533296908633,2,0.05227833366585344,0.05227833366585344
DUISBURG-MEIDERICH SCHLEUSE OW,2026-06-30 06:29:00+00:00,24.92,24.958172512729323,24.966056084002723,0.00788357127339953,2,-0.04605608400272132,0.04605608400272132
DUISBURG-MEIDERICH SCHLEUSE UW,2026-06-30 06:29:00+00:00,18.23,18.185636999303235,18.177721666334147,-0.00791533296908633,2,0.05227833366585344,0.05227833366585344
BINGEN,2026-06-30 06:30:00+00:00,106.0,107.04124797428126,107.04124797428126,0.0,2,-1.0412479742812621,1.0412479742812621
BONN,2026-06-30 06:30:00+00:00,137.0,139.83846145503952,139.83846145503952,0.0,2,-2.8384614550395213,2.8384614550395213
BREISACH,2026-06-30 06:30:00+00:00,194.0,185.57467030180212,185.57467030180212,0.0,2,8.425329698197885,8.425329698197885
Basel-Rheinhalle,2026-06-30 06:30:00+00:00,519.0,522.8240227268755,523.21863236886,0.3946096419844897,2,-4.218632368859971,4.218632368859971
DUISBURG-MEIDERICH SCHLEUSE OW,2026-06-30 06:30:00+00:00,24.92,24.958172512729323,24.966056084002723,0.00788357127339953,2,-0.04605608400272132,0.04605608400272132
DUISBURG-MEIDERICH SCHLEUSE UW,2026-06-30 06:30:00+00:00,18.23,18.185636999303235,18.177721666334147,-0.00791533296908633,2,0.05227833366585344,0.05227833366585344
DUISBURG-RUHRORT,2026-06-30 06:30:00+00:00,215.0,214.32987852455972,214.32987852455972,0.0,2,0.6701214754402827,0.6701214754402827
DÜSSELDORF,2026-06-30 06:30:00+00:00,84.0,80.94321019064999,80.94321019064999,0.0,2,3.0567898093500077,3.0567898093500077
EMMERICH,2026-06-30 06:30:00+00:00,54.0,53.14924089565964,53.14924089565964,0.0,2,0.8507591043403622,0.8507591043403622
IFFEZHEIM,2026-06-30 06:30:00+00:00,147.0,146.92052312049998,146.92052312049998,0.0,2,0.07947687950002091,0.07947687950002091
KAUB,2026-06-30 06:30:00+00:00,91.0,86.1027911898819,86.1027911898819,0.0,2,4.8972088101181015,4.8972088101181015
KOBLENZ,2026-06-30 06:30:00+00:00,83.0,82.44825909620808,82.44825909620808,0.0,2,0.5517409037919236,0.5517409037919236
KONSTANZ-RHEIN,2026-06-30 06:30:00+00:00,314.0,313.2838454110964,313.2838454110964,0.0,2,0.7161545889035779,0.7161545889035779
Koblenz OP,2026-06-30 06:30:00+00:00,207.0,200.65436850432576,200.65436850432576,0.0,2,6.34563149567424,6.34563149567424
Koblenz UP,2026-06-30 06:30:00+00:00,44.0,48.35854388792781,48.35854388792781,0.0,2,-4.358543887927809,4.358543887927809
KÖLN,2026-06-30 06:30:00+00:00,133.0,134.18368250928103,134.18368250928103,0.0,2,-1.1836825092810273,1.1836825092810273
LOBITH,2026-06-30 06:30:00+00:00,705.0,704.3348834455538,704.3348834455538,0.0,2,0.6651165544461719,0.6651165544461719
MAINZ,2026-06-30 06:30:00+00:00,181.0,185.50122662531297,185.50122662531297,0.0,2,-4.501226625312967,4.501226625312967
MANNHEIM,2026-06-30 06:30:00+00:00,165.0,161.33485236087876,161.33485236087876,0.0,2,3.665147639121244,3.665147639121244
MAXAU,2026-06-30 06:30:00+00:00,406.0,409.8281750605916,409.8281750605916,0.0,2,-3.8281750605916045,3.8281750605916045
REES,2026-06-30 06:30:00+00:00,97.0,95.9299955334391,95.9299955334391,0.0,2,1.0700044665609028,1.0700044665609028
RHEINE UNTERSCHLEUSE,2026-06-30 06:30:00+00:00,192.0,213.39721556292344,213.39721556292344,0.0,2,-21.397215562923435,21.397215562923435
RHEINWEILER,2026-06-30 06:30:00+00:00,223.0,223.43947364137478,223.43947364137478,0.0,2,-0.43947364137477507,0.43947364137477507
SANKT GOAR,2026-06-30 06:30:00+00:00,180.0,177.67497031285257,177.67497031285257,0.0,2,2.3250296871474347,2.3250296871474347
SPEYER,2026-06-30 06:30:00+00:00,260.0,255.931574600636,255.931574600636,0.0,2,4.068425399364003,4.068425399364003
WESEL,2026-06-30 06:30:00+00:00,151.0,150.61215829873433,150.61215829873433,0.0,2,0.3878417012656712,0.3878417012656712
WORMS,2026-06-30 06:30:00+00:00,74.0,74.35248945555206,74.35248945555206,0.0,2,-0.35248945555206035,0.35248945555206035
DUISBURG-MEIDERICH SCHLEUSE OW,2026-06-30 06:31:00+00:00,24.92,24.958172512729323,24.96752571770733,0.009353204978005694,2,-0.04752571770732672,0.04752571770732672
DUISBURG-MEIDERICH SCHLEUSE UW,2026-06-30 06:31:00+00:00,18.23,18.185636999303235,18.177721666334147,-0.00791533296908633,2,0.05227833366585344,0.05227833366585344
DUISBURG-MEIDERICH SCHLEUSE OW,2026-06-30 06:32:00+00:00,24.92,24.958172512729323,24.96752571770733,0.009353204978005694,2,-0.04752571770732672,0.04752571770732672
DUISBURG-MEIDERICH SCHLEUSE UW,2026-06-30 06:32:00+00:00,18.23,18.185636999303235,18.177721666334147,-0.00791533296908633,2,0.05227833366585344,0.05227833366585344
DUISBURG-MEIDERICH SCHLEUSE OW,2026-06-30 06:33:00+00:00,24.92,24.958172512729323,24.96752571770733,0.009353204978005694,2,-0.04752571770732672,0.04752571770732672
DUISBURG-MEIDERICH SCHLEUSE UW,2026-06-30 06:33:00+00:00,18.23,18.185636999303235,18.177721666334147,-0.00791533296908633,2,0.05227833366585344,0.05227833366585344
DUISBURG-MEIDERICH SCHLEUSE OW,2026-06-30 06:34:00+00:00,24.92,24.958172512729323,24.96992660821184,0.01175409548251593,2,-0.049926608211837475,0.049926608211837475
DUISBURG-MEIDERICH SCHLEUSE UW,2026-06-30 06:34:00+00:00,18.23,18.185636999303235,18.177721666334147,-0.00791533296908633,2,0.05227833366585344,0.05227833366585344
Basel-Rheinhalle,2026-06-30 06:35:00+00:00,520.0,522.4507637501988,522.7944535823867,0.3436898321878723,2,-2.7944535823867227,2.7944535823867227
DUISBURG-MEIDERICH SCHLEUSE OW,2026-06-30 06:35:00+00:00,24.92,24.958172512729323,24.96992660821184,0.01175409548251593,2,-0.049926608211837475,0.049926608211837475
DUISBURG-MEIDERICH SCHLEUSE UW,2026-06-30 06:35:00+00:00,18.23,18.185636999303235,18.177721666334147,-0.00791533296908633,2,0.05227833366585344,0.05227833366585344
DUISBURG-MEIDERICH SCHLEUSE OW,2026-06-30 06:36:00+00:00,24.92,24.958172512729323,24.96992660821184,0.01175409548251593,2,-0.049926608211837475,0.049926608211837475
DUISBURG-MEIDERICH SCHLEUSE UW,2026-06-30 06:36:00+00:00,18.23,18.185636999303235,18.177721666334147,-0.00791533296908633,2,0.05227833366585344,0.05227833366585344
DUISBURG-MEIDERICH SCHLEUSE OW,2026-06-30 06:37:00+00:00,24.92,24.958172512729323,24.96992660821184,0.01175409548251593,2,-0.049926608211837475,0.049926608211837475
DUISBURG-MEIDERICH SCHLEUSE UW,2026-06-30 06:37:00+00:00,18.23,18.185636999303235,18.177721666334147,-0.00791533296908633,2,0.05227833366585344,0.05227833366585344
DUISBURG-MEIDERICH SCHLEUSE OW,2026-06-30 06:38:00+00:00,24.92,24.958172512729323,24.96992660821184,0.01175409548251593,2,-0.049926608211837475,0.049926608211837475
DUISBURG-MEIDERICH SCHLEUSE UW,2026-06-30 06:38:00+00:00,18.23,18.185636999303235,18.177721666334147,-0.00791533296908633,2,0.05227833366585344,0.05227833366585344
DUISBURG-MEIDERICH SCHLEUSE OW,2026-06-30 06:39:00+00:00,24.92,24.958172512729323,24.96992660821184,0.01175409548251593,2,-0.049926608211837475,0.049926608211837475
DUISBURG-MEIDERICH SCHLEUSE UW,2026-06-30 06:39:00+00:00,18.23,18.185636999303235,18.17135008146785,-0.014286917835385712,2,0.058649918532150735,0.058649918532150735
Basel-Rheinhalle,2026-06-30 06:40:00+00:00,520.0,522.4801587467491,522.8747683887336,0.3946096419844897,2,-2.874768388733628,2.874768388733628
DUISBURG-MEIDERICH SCHLEUSE OW,2026-06-30 06:40:00+00:00,24.91,24.958172512729323,24.96992660821184,0.01175409548251593,2,-0.05992660821183904,0.05992660821183904
DUISBURG-MEIDERICH SCHLEUSE UW,2026-06-30 06:40:00+00:00,18.23,18.185636999303235,18.17135008146785,-0.014286917835385712,2,0.058649918532150735,0.058649918532150735
LOBITH,2026-06-30 06:40:00+00:00,705.0,704.48418959741,704.48418959741,0.0,2,0.5158104025899775,0.5158104025899775
DUISBURG-MEIDERICH SCHLEUSE OW,2026-06-30 06:41:00+00:00,24.91,24.958172512729323,24.96992660821184,0.01175409548251593,2,-0.05992660821183904,0.05992660821183904
DUISBURG-MEIDERICH SCHLEUSE UW,2026-06-30 06:41:00+00:00,18.22,18.185636999303235,18.177721666334147,-0.00791533296908633,2,0.042278333665851875,0.042278333665851875
DUISBURG-MEIDERICH SCHLEUSE OW,2026-06-30 06:42:00+00:00,24.91,24.958172512729323,24.96992660821184,0.01175409548251593,2,-0.05992660821183904,0.05992660821183904
DUISBURG-MEIDERICH SCHLEUSE UW,2026-06-30 06:42:00+00:00,18.22,18.185636999303235,18.177721666334147,-0.00791533296908633,2,0.042278333665851875,0.042278333665851875
DUISBURG-MEIDERICH SCHLEUSE OW,2026-06-30 06:43:00+00:00,24.91,24.958172512729323,24.96992660821184,0.01175409548251593,2,-0.05992660821183904,0.05992660821183904
DUISBURG-MEIDERICH SCHLEUSE UW,2026-06-30 06:43:00+00:00,18.22,18.185636999303235,18.177721666334147,-0.00791533296908633,2,0.042278333665851875,0.042278333665851875
DUISBURG-MEIDERICH SCHLEUSE OW,2026-06-30 06:44:00+00:00,24.91,24.958172512729323,24.96992660821184,0.01175409548251593,2,-0.05992660821183904,0.05992660821183904
DUISBURG-MEIDERICH SCHLEUSE UW,2026-06-30 06:44:00+00:00,18.22,18.185636999303235,18.177721666334147,-0.00791533296908633,2,0.042278333665851875,0.042278333665851875
BINGEN,2026-06-30 06:45:00+00:00,106.0,107.10178298058175,107.10178298058175,0.0,2,-1.1017829805817456,1.1017829805817456
BONN,2026-06-30 06:45:00+00:00,137.0,139.99136298224968,139.99136298224968,0.0,2,-2.991362982249683,2.991362982249683
BREISACH,2026-06-30 06:45:00+00:00,192.0,184.50727097902066,184.50727097902066,0.0,2,7.49272902097934,7.49272902097934
Basel-Rheinhalle,2026-06-30 06:45:00+00:00,520.0,522.7578674352385,523.152477077223,0.3946096419844897,2,-3.1524770772230113,3.1524770772230113
DUISBURG-MEIDERICH SCHLEUSE OW,2026-06-30 06:45:00+00:00,24.91,24.958172512729323,24.968456974507234,0.010284461777909766,2,-0.05845697450723364,0.05845697450723364
DUISBURG-MEIDERICH SCHLEUSE UW,2026-06-30 06:45:00+00:00,18.22,18.185636999303235,18.17135008146785,-0.014286917835385712,2,0.04864991853214917,0.04864991853214917
DUISBURG-RUHRORT,2026-06-30 06:45:00+00:00,215.0,213.95840874773248,213.95840874773248,0.0,2,1.0415912522675228,1.0415912522675228
DÜSSELDORF,2026-06-30 06:45:00+00:00,83.0,81.20329698706804,81.20329698706804,0.0,2,1.7967030129319568,1.7967030129319568
EMMERICH,2026-06-30 06:45:00+00:00,53.0,52.652675945613886,52.652675945613886,0.0,2,0.3473240543861138,0.3473240543861138
IFFEZHEIM,2026-06-30 06:45:00+00:00,144.0,146.68490159614825,146.68490159614825,0.0,2,-2.6849015961482507,2.6849015961482507
KAUB,2026-06-30 06:45:00+00:00,91.0,86.12197624992172,86.12197624992172,0.0,2,4.878023750078285,4.878023750078285
KOBLENZ,2026-06-30 06:45:00+00:00,83.0,82.37035024424348,82.37035024424348,0.0,2,0.6296497557565175,0.6296497557565175
KONSTANZ-RHEIN,2026-06-30 06:45:00+00:00,313.0,313.25159207585153,313.25159207585153,0.0,2,-0.25159207585153354,0.25159207585153354
Koblenz OP,2026-06-30 06:45:00+00:00,207.0,201.8891227660223,201.8891227660223,0.0,2,5.110877233977703,5.110877233977703
Koblenz UP,2026-06-30 06:45:00+00:00,57.0,48.35854388792781,48.35854388792781,0.0,2,8.641456112072191,8.641456112072191
KÖLN,2026-06-30 06:45:00+00:00,133.0,134.47636600224178,134.47636600224178,0.0,2,-1.4763660022417753,1.4763660022417753
MAINZ,2026-06-30 06:45:00+00:00,183.0,186.29215331135373,186.29215331135373,0.0,2,-3.2921533113537294,3.2921533113537294
MANNHEIM,2026-06-30 06:45:00+00:00,166.0,161.23541027418108,161.23541027418108,0.0,2,4.764589725818922,4.764589725818922
MAXAU,2026-06-30 06:45:00+00:00,405.0,409.8410392576521,409.8410392576521,0.0,2,-4.841039257652085,4.841039257652085
REES,2026-06-30 06:45:00+00:00,96.0,96.00726250522787,96.00726250522787,0.0,2,-0.0072625052278709745,0.0072625052278709745
RHEINE UNTERSCHLEUSE,2026-06-30 06:45:00+00:00,192.0,201.02958388690845,201.02958388690845,0.0,2,-9.029583886908455,9.029583886908455
RHEINWEILER,2026-06-30 06:45:00+00:00,223.0,223.4072203061299,223.4072203061299,0.0,2,-0.40722030612988647,0.40722030612988647
SANKT GOAR,2026-06-30 06:45:00+00:00,181.0,177.6792817517863,177.6792817517863,0.0,2,3.3207182482136943,3.3207182482136943
SPEYER,2026-06-30 06:45:00+00:00,258.0,255.90457497811644,255.90457497811644,0.0,2,2.095425021883557,2.095425021883557
WESEL,2026-06-30 06:45:00+00:00,152.0,150.76246754252458,150.76246754252458,0.0,2,1.2375324574754245,1.2375324574754245
WORMS,2026-06-30 06:45:00+00:00,74.0,74.30216345643089,74.30216345643089,0.0,2,-0.3021634564308897,0.3021634564308897
DUISBURG-MEIDERICH SCHLEUSE OW,2026-06-30 06:46:00+00:00,24.91,24.958172512729323,24.968456974507234,0.010284461777909766,2,-0.05845697450723364,0.05845697450723364
DUISBURG-MEIDERICH SCHLEUSE UW,2026-06-30 06:46:00+00:00,18.21,18.185636999303235,18.17135008146785,-0.014286917835385712,2,0.03864991853215116,0.03864991853215116
DUISBURG-MEIDERICH SCHLEUSE OW,2026-06-30 06:47:00+00:00,24.91,24.958172512729323,24.96992660821184,0.01175409548251593,2,-0.05992660821183904,0.05992660821183904
DUISBURG-MEIDERICH SCHLEUSE UW,2026-06-30 06:47:00+00:00,18.21,18.185636999303235,18.177721666334147,-0.00791533296908633,2,0.032278333665853864,0.032278333665853864
DUISBURG-MEIDERICH SCHLEUSE OW,2026-06-30 06:48:00+00:00,24.91,24.958172512729323,24.96992660821184,0.01175409548251593,2,-0.05992660821183904,0.05992660821183904
DUISBURG-MEIDERICH SCHLEUSE UW,2026-06-30 06:48:00+00:00,18.22,18.185636999303235,18.177721666334147,-0.00791533296908633,2,0.042278333665851875,0.042278333665851875
DUISBURG-MEIDERICH SCHLEUSE OW,2026-06-30 06:49:00+00:00,24.91,24.958172512729323,24.96992660821184,0.01175409548251593,2,-0.05992660821183904,0.05992660821183904
DUISBURG-MEIDERICH SCHLEUSE UW,2026-06-30 06:49:00+00:00,18.22,18.185636999303235,18.177721666334147,-0.00791533296908633,2,0.042278333665851875,0.042278333665851875
Basel-Rheinhalle,2026-06-30 06:50:00+00:00,519.0,522.9735808156412,523.3681904576257,0.3946096419844897,2,-4.368190457625701,4.368190457625701
DUISBURG-MEIDERICH SCHLEUSE OW,2026-06-30 06:50:00+00:00,24.91,24.958172512729323,24.96992660821184,0.01175409548251593,2,-0.05992660821183904,0.05992660821183904
DUISBURG-MEIDERICH SCHLEUSE UW,2026-06-30 06:50:00+00:00,18.22,18.185636999303235,18.177721666334147,-0.00791533296908633,2,0.042278333665851875,0.042278333665851875
LOBITH,2026-06-30 06:50:00+00:00,705.0,704.1705371455345,704.1705371455345,0.0,2,0.8294628544655325,0.8294628544655325
DUISBURG-MEIDERICH SCHLEUSE OW,2026-06-30 06:51:00+00:00,24.91,24.958172512729323,24.96992660821184,0.01175409548251593,2,-0.05992660821183904,0.05992660821183904
DUISBURG-MEIDERICH SCHLEUSE UW,2026-06-30 06:51:00+00:00,18.22,18.185636999303235,18.177721666334147,-0.00791533296908633,2,0.042278333665851875,0.042278333665851875
DUISBURG-MEIDERICH SCHLEUSE OW,2026-06-30 06:52:00+00:00,24.91,24.958172512729323,24.968456974507234,0.010284461777909766,2,-0.05845697450723364,0.05845697450723364
DUISBURG-MEIDERICH SCHLEUSE UW,2026-06-30 06:52:00+00:00,18.22,18.185636999303235,18.177721666334147,-0.00791533296908633,2,0.042278333665851875,0.042278333665851875
DUISBURG-MEIDERICH SCHLEUSE OW,2026-06-30 06:53:00+00:00,24.91,24.958172512729323,24.968456974507234,0.010284461777909766,2,-0.05845697450723364,0.05845697450723364
DUISBURG-MEIDERICH SCHLEUSE UW,2026-06-30 06:53:00+00:00,18.22,18.185636999303235,18.177721666334147,-0.00791533296908633,2,0.042278333665851875,0.042278333665851875
DUISBURG-MEIDERICH SCHLEUSE OW,2026-06-30 06:54:00+00:00,24.91,24.958172512729323,24.96992660821184,0.01175409548251593,2,-0.05992660821183904,0.05992660821183904
DUISBURG-MEIDERICH SCHLEUSE UW,2026-06-30 06:54:00+00:00,18.22,18.185636999303235,18.177721666334147,-0.00791533296908633,2,0.042278333665851875,0.042278333665851875
Basel-Rheinhalle,2026-06-30 06:55:00+00:00,519.0,521.0816505623741,521.516559480665,0.43490891829093714,2,-2.5165594806650233,2.5165594806650233
DUISBURG-MEIDERICH SCHLEUSE OW,2026-06-30 06:55:00+00:00,24.91,24.958172512729323,24.96992660821184,0.01175409548251593,2,-0.05992660821183904,0.05992660821183904
DUISBURG-MEIDERICH SCHLEUSE UW,2026-06-30 06:55:00+00:00,18.22,18.185636999303235,18.177721666334147,-0.00791533296908633,2,0.042278333665851875,0.042278333665851875
DUISBURG-MEIDERICH SCHLEUSE OW,2026-06-30 06:56:00+00:00,24.91,24.958172512729323,24.96992660821184,0.01175409548251593,2,-0.05992660821183904,0.05992660821183904
DUISBURG-MEIDERICH SCHLEUSE UW,2026-06-30 06:56:00+00:00,18.22,18.185636999303235,18.177721666334147,-0.00791533296908633,2,0.042278333665851875,0.042278333665851875
DUISBURG-MEIDERICH SCHLEUSE OW,2026-06-30 06:57:00+00:00,24.91,24.958172512729323,24.96992660821184,0.01175409548251593,2,-0.05992660821183904,0.05992660821183904
DUISBURG-MEIDERICH SCHLEUSE UW,2026-06-30 06:57:00+00:00,18.22,18.185636999303235,18.177721666334147,-0.00791533296908633,2,0.042278333665851875,0.042278333665851875
DUISBURG-MEIDERICH SCHLEUSE OW,2026-06-30 06:58:00+00:00,24.91,24.958172512729323,24.96992660821184,0.01175409548251593,2,-0.05992660821183904,0.05992660821183904
DUISBURG-MEIDERICH SCHLEUSE UW,2026-06-30 06:58:00+00:00,18.22,18.185636999303235,18.177721666334147,-0.00791533296908633,2,0.042278333665851875,0.042278333665851875
DUISBURG-MEIDERICH SCHLEUSE OW,2026-06-30 06:59:00+00:00,24.91,24.958172512729323,24.96992660821184,0.01175409548251593,2,-0.05992660821183904,0.05992660821183904
DUISBURG-MEIDERICH SCHLEUSE UW,2026-06-30 06:59:00+00:00,18.22,18.185636999303235,18.177721666334147,-0.00791533296908633,2,0.042278333665851875,0.042278333665851875
BINGEN,2026-06-30 07:00:00+00:00,106.0,107.26024713321381,107.26024713321381,0.0,2,-1.2602471332138094,1.2602471332138094
BONN,2026-06-30 07:00:00+00:00,137.0,140.01287582770007,140.01287582770007,0.0,2,-3.0128758277000713,3.0128758277000713
BREISACH,2026-06-30 07:00:00+00:00,190.0,186.46835063126474,186.46835063126474,0.0,2,3.531649368735259,3.531649368735259
Basel-Rheinhalle,2026-06-30 07:00:00+00:00,518.0,519.9728929927254,520.3402382603299,0.3673452676044379,2,-2.3402382603298975,2.3402382603298975
DUISBURG-MEIDERICH SCHLEUSE OW,2026-06-30 07:00:00+00:00,24.91,25.846732000707874,25.85644300519593,0.009711004488058655,2,-0.9464430051959312,0.9464430051959312
DUISBURG-MEIDERICH SCHLEUSE UW,2026-06-30 07:00:00+00:00,18.21,19.30627500393466,19.298525911351526,-0.0077490925831342015,2,-1.0885259113515247,1.0885259113515247
DUISBURG-RUHRORT,2026-06-30 07:00:00+00:00,215.0,213.97090356105358,213.97090356105358,0.0,2,1.029096438946425,1.029096438946425
DÜSSELDORF,2026-06-30 07:00:00+00:00,83.0,81.22480983251845,81.22480983251845,0.0,2,1.7751901674815542,1.7751901674815542
EMMERICH,2026-06-30 07:00:00+00:00,54.0,52.743677994882994,52.743677994882994,0.0,2,1.2563220051170063,1.2563220051170063
IFFEZHEIM,2026-06-30 07:00:00+00:00,145.0,146.2988243561089,146.2988243561089,0.0,2,-1.298824356108895,1.298824356108895
KAUB,2026-06-30 07:00:00+00:00,92.0,86.14943571146225,86.14943571146225,0.0,2,5.850564288537754,5.850564288537754
KOBLENZ,2026-06-30 07:00:00+00:00,85.0,82.28614925844664,82.28614925844664,0.0,2,2.713850741553358,2.713850741553358
KONSTANZ-RHEIN,2026-06-30 07:00:00+00:00,314.0,313.4258252015556,313.4258252015556,0.0,2,0.5741747984444032,0.5741747984444032
Koblenz OP,2026-06-30 07:00:00+00:00,206.0,201.9856982034902,201.9856982034902,0.0,2,4.0143017965098124,4.0143017965098124
Koblenz UP,2026-06-30 07:00:00+00:00,64.0,48.27434290213097,48.27434290213097,0.0,2,15.725657097869032,15.725657097869032
KÖLN,2026-06-30 07:00:00+00:00,133.0,134.49787884769216,134.49787884769216,0.0,2,-1.4978788476921636,1.4978788476921636
LOBITH,2026-06-30 07:00:00+00:00,705.0,703.8789387486472,703.8789387486472,0.0,2,1.121061251352785,1.121061251352785
MAINZ,2026-06-30 07:00:00+00:00,182.0,185.86427377837035,185.86427377837035,0.0,2,-3.8642737783703467,3.8642737783703467
MANNHEIM,2026-06-30 07:00:00+00:00,166.0,163.15443259320713,163.15443259320713,0.0,2,2.845567406792867,2.845567406792867
MAXAU,2026-06-30 07:00:00+00:00,405.0,410.1525855826237,410.1525855826237,0.0,2,-5.152585582623715,5.152585582623715
REES,2026-06-30 07:00:00+00:00,97.0,96.02877535067827,96.02877535067827,0.0,2,0.9712246493217265,0.9712246493217265
RHEINE UNTERSCHLEUSE,2026-06-30 07:00:00+00:00,192.0,196.74881576663049,196.74881576663049,0.0,2,-4.748815766630486,4.748815766630486
RHEINWEILER,2026-06-30 07:00:00+00:00,223.0,223.90295137206968,223.90295137206968,0.0,2,-0.9029513720696798,0.9029513720696798
SANKT GOAR,2026-06-30 07:00:00+00:00,181.0,177.67609714981424,177.67609714981424,0.0,2,3.3239028501857604,3.3239028501857604
SPEYER,2026-06-30 07:00:00+00:00,259.0,255.68528165751874,255.68528165751874,0.0,2,3.3147183424812567,3.3147183424812567
WESEL,2026-06-30 07:00:00+00:00,153.0,152.36076349791668,152.36076349791668,0.0,2,0.6392365020833211,0.6392365020833211
WORMS,2026-06-30 07:00:00+00:00,74.0,74.67866891682435,74.67866891682435,0.0,2,-0.6786689168243498,0.6786689168243498
DUISBURG-MEIDERICH SCHLEUSE OW,2026-06-30 07:01:00+00:00,24.91,25.846732000707874,25.85644300519593,0.009711004488058655,2,-0.9464430051959312,0.9464430051959312
DUISBURG-MEIDERICH SCHLEUSE UW,2026-06-30 07:01:00+00:00,18.21,19.30627500393466,19.298525911351526,-0.0077490925831342015,2,-1.0885259113515247,1.0885259113515247
DUISBURG-MEIDERICH SCHLEUSE OW,2026-06-30 07:02:00+00:00,24.91,25.846732000707874,25.85644300519593,0.009711004488058655,2,-0.9464430051959312,0.9464430051959312
DUISBURG-MEIDERICH SCHLEUSE UW,2026-06-30 07:02:00+00:00,18.21,19.30627500393466,19.298525911351526,-0.0077490925831342015,2,-1.0885259113515247,1.0885259113515247
DUISBURG-MEIDERICH SCHLEUSE OW,2026-06-30 07:03:00+00:00,24.91,25.846732000707874,25.85644300519593,0.009711004488058655,2,-0.9464430051959312,0.9464430051959312
DUISBURG-MEIDERICH SCHLEUSE UW,2026-06-30 07:03:00+00:00,18.21,19.30627500393466,19.298525911351526,-0.0077490925831342015,2,-1.0885259113515247,1.0885259113515247
DUISBURG-MEIDERICH SCHLEUSE OW,2026-06-30 07:04:00+00:00,24.91,26.8035521106874,26.813263115175456,0.009711004488058655,2,-1.9032631151754558,1.9032631151754558
DUISBURG-MEIDERICH SCHLEUSE UW,2026-06-30 07:04:00+00:00,18.21,20.528453775052842,20.52070468246971,-0.0077490925831342015,2,-2.3107046824697086,2.3107046824697086
Basel-Rheinhalle,2026-06-30 07:05:00+00:00,518.0,519.8153423306505,519.9872489354456,0.17190660479497752,2,-1.9872489354455638,1.9872489354455638
DUISBURG-MEIDERICH SCHLEUSE OW,2026-06-30 07:05:00+00:00,24.91,27.926841304822403,27.93527232297788,0.008431018155477485,2,-3.02527232297788,3.02527232297788
DUISBURG-MEIDERICH SCHLEUSE UW,2026-06-30 07:05:00+00:00,18.21,21.952268968008898,21.944519875425765,-0.0077490925831342015,2,-3.7345198754257645,3.7345198754257645
DUISBURG-MEIDERICH SCHLEUSE OW,2026-06-30 07:06:00+00:00,24.91,28.215259162637363,28.22369018079284,0.008431018155477485,2,-3.3136901807928396,3.3136901807928396
DUISBURG-MEIDERICH SCHLEUSE UW,2026-06-30 07:06:00+00:00,18.21,22.313323855203027,22.299203177753594,-0.014120677449433586,2,-4.089203177753593,4.089203177753593
DUISBURG-MEIDERICH SCHLEUSE OW,2026-06-30 07:07:00+00:00,24.91,28.215259162637363,28.22497016712542,0.009711004488058655,2,-3.31497016712542,3.31497016712542
DUISBURG-MEIDERICH SCHLEUSE UW,2026-06-30 07:07:00+00:00,18.21,22.313323855203027,22.299203177753594,-0.014120677449433586,2,-4.089203177753593,4.089203177753593
DUISBURG-MEIDERICH SCHLEUSE OW,2026-06-30 07:08:00+00:00,24.91,28.212710610388317,28.222421614876374,0.009711004488058655,2,-3.3124216148763743,3.3124216148763743
DUISBURG-MEIDERICH SCHLEUSE UW,2026-06-30 07:08:00+00:00,18.21,22.31077530295398,22.30302621037085,-0.0077490925831342015,2,-4.093026210370848,4.093026210370848
DUISBURG-MEIDERICH SCHLEUSE OW,2026-06-30 07:09:00+00:00,24.91,28.212710610388317,28.222421614876374,0.009711004488058655,2,-3.3124216148763743,3.3124216148763743
DUISBURG-MEIDERICH SCHLEUSE UW,2026-06-30 07:09:00+00:00,18.21,22.31077530295398,22.30302621037085,-0.0077490925831342015,2,-4.093026210370848,4.093026210370848
Basel-Rheinhalle,2026-06-30 07:10:00+00:00,519.0,519.6625162189672,519.7835030139655,0.12098679499836014,2,-0.7835030139655146,0.7835030139655146
DUISBURG-MEIDERICH SCHLEUSE OW,2026-06-30 07:10:00+00:00,24.91,28.212710610388317,28.222421614876374,0.009711004488058655,2,-3.3124216148763743,3.3124216148763743
DUISBURG-MEIDERICH SCHLEUSE UW,2026-06-30 07:10:00+00:00,18.21,22.31077530295398,22.30302621037085,-0.0077490925831342015,2,-4.093026210370848,4.093026210370848
LOBITH,2026-06-30 07:10:00+00:00,704.0,703.9450038299143,703.9450038299143,0.0,2,0.054996170085701124,0.054996170085701124
DUISBURG-MEIDERICH SCHLEUSE OW,2026-06-30 07:11:00+00:00,24.91,28.212710610388317,28.222421614876374,0.009711004488058655,2,-3.3124216148763743,3.3124216148763743
DUISBURG-MEIDERICH SCHLEUSE UW,2026-06-30 07:11:00+00:00,18.22,22.31077530295398,22.296654625504548,-0.014120677449433586,2,-4.076654625504549,4.076654625504549
DUISBURG-MEIDERICH SCHLEUSE OW,2026-06-30 07:12:00+00:00,24.91,28.227931460625477,28.237642465113534,0.009711004488058655,2,-3.3276424651135343,3.3276424651135343
DUISBURG-MEIDERICH SCHLEUSE UW,2026-06-30 07:12:00+00:00,18.22,22.32599615319114,22.311875475741708,-0.014120677449433586,2,-4.091875475741709,4.091875475741709
DUISBURG-MEIDERICH SCHLEUSE OW,2026-06-30 07:13:00+00:00,24.91,28.227931460625477,28.237642465113534,0.009711004488058655,2,-3.3276424651135343,3.3276424651135343
DUISBURG-MEIDERICH SCHLEUSE UW,2026-06-30 07:13:00+00:00,18.21,22.32599615319114,22.311875475741708,-0.014120677449433586,2,-4.101875475741707,4.101875475741707
DUISBURG-MEIDERICH SCHLEUSE OW,2026-06-30 07:14:00+00:00,24.91,28.227931460625477,28.237642465113534,0.009711004488058655,2,-3.3276424651135343,3.3276424651135343
DUISBURG-MEIDERICH SCHLEUSE UW,2026-06-30 07:14:00+00:00,18.21,22.32599615319114,22.311875475741708,-0.014120677449433586,2,-4.101875475741707,4.101875475741707
BINGEN,2026-06-30 07:15:00+00:00,105.0,106.72516050581538,106.72516050581538,0.0,2,-1.7251605058153814,1.7251605058153814
BONN,2026-06-30 07:15:00+00:00,137.0,140.01287582770007,140.01287582770007,0.0,2,-3.0128758277000713,3.0128758277000713
BREISACH,2026-06-30 07:15:00+00:00,189.0,187.64581248617614,187.64581248617614,0.0,2,1.3541875138238595,1.3541875138238595
Basel-Rheinhalle,2026-06-30 07:15:00+00:00,521.0,519.6891135924892,519.763098311912,0.07398471942279249,2,1.2369016880879826,1.2369016880879826
DUISBURG-MEIDERICH SCHLEUSE OW,2026-06-30 07:15:00+00:00,24.91,28.227931460625477,28.237642465113534,0.009711004488058655,2,-3.3276424651135343,3.3276424651135343
DUISBURG-MEIDERICH SCHLEUSE UW,2026-06-30 07:15:00+00:00,18.21,22.32599615319114,22.31824706060801,-0.0077490925831342015,2,-4.108247060608008,4.108247060608008
DUISBURG-RUHRORT,2026-06-30 07:15:00+00:00,215.0,213.93924518694445,213.93924518694445,0.0,2,1.0607548130555529,1.0607548130555529
DÜSSELDORF,2026-06-30 07:15:00+00:00,84.0,81.36093484424948,81.36093484424948,0.0,2,2.639065155750515,2.639065155750515
EMMERICH,2026-06-30 07:15:00+00:00,51.0,53.41539434986209,53.41539434986209,0.0,2,-2.4153943498620905,2.4153943498620905
IFFEZHEIM,2026-06-30 07:15:00+00:00,144.0,147.9276515333782,147.9276515333782,0.0,2,-3.927651533378196,3.927651533378196
KAUB,2026-06-30 07:15:00+00:00,92.0,85.84669684875904,85.84669684875904,0.0,2,6.153303151240962,6.153303151240962
KOBLENZ,2026-06-30 07:15:00+00:00,86.0,82.27434884929562,82.27434884929562,0.0,2,3.7256511507043797,3.7256511507043797
KONSTANZ-RHEIN,2026-06-30 07:15:00+00:00,314.0,313.350255056148,313.350255056148,0.0,2,0.6497449438519993,0.6497449438519993
Koblenz OP,2026-06-30 07:15:00+00:00,205.0,201.94915219881452,201.94915219881452,0.0,2,3.0508478011854834,3.0508478011854834
Koblenz UP,2026-06-30 07:15:00+00:00,65.0,48.30659363439903,48.30659363439903,0.0,2,16.69340636560097,16.69340636560097
KÖLN,2026-06-30 07:15:00+00:00,133.0,134.49787884769216,134.49787884769216,0.0,2,-1.4978788476921636,1.4978788476921636
MAINZ,2026-06-30 07:15:00+00:00,183.0,186.18346036333287,186.18346036333287,0.0,2,-3.1834603633328697,3.1834603633328697
MANNHEIM,2026-06-30 07:15:00+00:00,167.0,163.12441125786478,163.12441125786478,0.0,2,3.8755887421352213,3.8755887421352213
MAXAU,2026-06-30 07:15:00+00:00,405.0,410.17218239438256,410.17218239438256,0.0,2,-5.17218239438256,5.17218239438256
REES,2026-06-30 07:15:00+00:00,96.0,96.13128180124806,96.13128180124806,0.0,2,-0.13128180124806477,0.13128180124806477
RHEINE UNTERSCHLEUSE,2026-06-30 07:15:00+00:00,192.0,196.17883175797533,196.17883175797533,0.0,2,-4.178831757975331,4.178831757975331
RHEINWEILER,2026-06-30 07:15:00+00:00,223.0,223.82037447173482,223.82037447173482,0.0,2,-0.8203744717348229,0.8203744717348229
SANKT GOAR,2026-06-30 07:15:00+00:00,181.0,177.73162210357097,177.73162210357097,0.0,2,3.2683778964290298,3.2683778964290298
SPEYER,2026-06-30 07:15:00+00:00,259.0,255.0879655040002,255.0879655040002,0.0,2,3.912034495999791,3.912034495999791
WESEL,2026-06-30 07:15:00+00:00,152.0,152.15210909682435,152.15210909682435,0.0,2,-0.15210909682434703,0.15210909682434703
WORMS,2026-06-30 07:15:00+00:00,74.0,74.69246952804302,74.69246952804302,0.0,2,-0.69246952804302,0.69246952804302
DUISBURG-MEIDERICH SCHLEUSE OW,2026-06-30 07:16:00+00:00,24.91,28.227931460625477,28.237642465113534,0.009711004488058655,2,-3.3276424651135343,3.3276424651135343
DUISBURG-MEIDERICH SCHLEUSE UW,2026-06-30 07:16:00+00:00,18.21,22.32599615319114,22.31824706060801,-0.0077490925831342015,2,-4.108247060608008,4.108247060608008
DUISBURG-MEIDERICH SCHLEUSE OW,2026-06-30 07:17:00+00:00,24.91,28.227931460625477,28.237642465113534,0.009711004488058655,2,-3.3276424651135343,3.3276424651135343
DUISBURG-MEIDERICH SCHLEUSE UW,2026-06-30 07:17:00+00:00,18.21,22.32599615319114,22.31824706060801,-0.0077490925831342015,2,-4.108247060608008,4.108247060608008
DUISBURG-MEIDERICH SCHLEUSE OW,2026-06-30 07:18:00+00:00,24.91,28.227931460625477,28.237642465113534,0.009711004488058655,2,-3.3276424651135343,3.3276424651135343
DUISBURG-MEIDERICH SCHLEUSE UW,2026-06-30 07:18:00+00:00,18.21,22.32599615319114,22.31824706060801,-0.0077490925831342015,2,-4.108247060608008,4.108247060608008
DUISBURG-MEIDERICH SCHLEUSE OW,2026-06-30 07:19:00+00:00,24.91,28.227931460625477,28.237642465113534,0.009711004488058655,2,-3.3276424651135343,3.3276424651135343
DUISBURG-MEIDERICH SCHLEUSE UW,2026-06-30 07:19:00+00:00,18.21,22.32599615319114,22.31824706060801,-0.0077490925831342015,2,-4.108247060608008,4.108247060608008
Basel-Rheinhalle,2026-06-30 07:20:00+00:00,521.0,519.999427268702,520.3158527265098,0.31642545780782044,2,0.6841472734902254,0.6841472734902254
DUISBURG-MEIDERICH SCHLEUSE OW,2026-06-30 07:20:00+00:00,24.91,28.227931460625477,28.237642465113534,0.009711004488058655,2,-3.3276424651135343,3.3276424651135343
DUISBURG-MEIDERICH SCHLEUSE UW,2026-06-30 07:20:00+00:00,18.21,22.32599615319114,22.31824706060801,-0.0077490925831342015,2,-4.108247060608008,4.108247060608008
LOBITH,2026-06-30 07:20:00+00:00,705.0,703.880885857478,703.880885857478,0.0,2,1.119114142521994,1.119114142521994
DUISBURG-MEIDERICH SCHLEUSE OW,2026-06-30 07:21:00+00:00,24.91,28.227931460625477,28.237642465113534,0.009711004488058655,2,-3.3276424651135343,3.3276424651135343
DUISBURG-MEIDERICH SCHLEUSE UW,2026-06-30 07:21:00+00:00,18.21,22.32599615319114,22.31824706060801,-0.0077490925831342015,2,-4.108247060608008,4.108247060608008
DUISBURG-MEIDERICH SCHLEUSE OW,2026-06-30 07:22:00+00:00,24.91,28.227931460625477,28.237642465113534,0.009711004488058655,2,-3.3276424651135343,3.3276424651135343
DUISBURG-MEIDERICH SCHLEUSE UW,2026-06-30 07:22:00+00:00,18.21,22.32599615319114,22.31824706060801,-0.0077490925831342015,2,-4.108247060608008,4.108247060608008
DUISBURG-MEIDERICH SCHLEUSE OW,2026-06-30 07:23:00+00:00,24.91,28.227931460625477,28.237642465113534,0.009711004488058655,2,-3.3276424651135343,3.3276424651135343
DUISBURG-MEIDERICH SCHLEUSE UW,2026-06-30 07:23:00+00:00,18.21,22.32599615319114,22.31824706060801,-0.0077490925831342015,2,-4.108247060608008,4.108247060608008
DUISBURG-MEIDERICH SCHLEUSE OW,2026-06-30 07:24:00+00:00,24.91,28.227931460625477,28.237642465113534,0.009711004488058655,2,-3.3276424651135343,3.3276424651135343
DUISBURG-MEIDERICH SCHLEUSE UW,2026-06-30 07:24:00+00:00,18.21,22.32599615319114,22.31824706060801,-0.0077490925831342015,2,-4.108247060608008,4.108247060608008
Basel-Rheinhalle,2026-06-30 07:25:00+00:00,519.0,520.2770652751148,520.6595225964462,0.3824573213314744,2,-1.6595225964462088,1.6595225964462088
DUISBURG-MEIDERICH SCHLEUSE OW,2026-06-30 07:25:00+00:00,24.92,28.227931460625477,28.237642465113534,0.009711004488058655,2,-3.317642465113533,3.317642465113533
DUISBURG-MEIDERICH SCHLEUSE UW,2026-06-30 07:25:00+00:00,18.21,22.32599615319114,22.311875475741708,-0.014120677449433586,2,-4.101875475741707,4.101875475741707
DUISBURG-MEIDERICH SCHLEUSE OW,2026-06-30 07:26:00+00:00,24.92,28.227931460625477,28.237642465113534,0.009711004488058655,2,-3.317642465113533,3.317642465113533
DUISBURG-MEIDERICH SCHLEUSE UW,2026-06-30 07:26:00+00:00,18.21,22.32599615319114,22.311875475741708,-0.014120677449433586,2,-4.101875475741707,4.101875475741707
DUISBURG-MEIDERICH SCHLEUSE OW,2026-06-30 07:27:00+00:00,24.92,28.227931460625477,28.237642465113534,0.009711004488058655,2,-3.317642465113533,3.317642465113533
DUISBURG-MEIDERICH SCHLEUSE UW,2026-06-30 07:27:00+00:00,18.21,22.32599615319114,22.31824706060801,-0.0077490925831342015,2,-4.108247060608008,4.108247060608008
DUISBURG-MEIDERICH SCHLEUSE OW,2026-06-30 07:28:00+00:00,24.92,28.227931460625477,28.237642465113534,0.009711004488058655,2,-3.317642465113533,3.317642465113533
DUISBURG-MEIDERICH SCHLEUSE UW,2026-06-30 07:28:00+00:00,18.21,22.32599615319114,22.31824706060801,-0.0077490925831342015,2,-4.108247060608008,4.108247060608008
DUISBURG-MEIDERICH SCHLEUSE OW,2026-06-30 07:29:00+00:00,24.92,28.227931460625477,28.237642465113534,0.009711004488058655,2,-3.317642465113533,3.317642465113533
DUISBURG-MEIDERICH SCHLEUSE UW,2026-06-30 07:29:00+00:00,18.21,22.32599615319114,22.31824706060801,-0.0077490925831342015,2,-4.108247060608008,4.108247060608008
BINGEN,2026-06-30 07:30:00+00:00,106.0,106.68123806161252,106.68123806161252,0.0,2,-0.6812380616125182,0.6812380616125182
BONN,2026-06-30 07:30:00+00:00,137.0,140.01287582770007,140.01287582770007,0.0,2,-3.0128758277000713,3.0128758277000713
BREISACH,2026-06-30 07:30:00+00:00,191.0,186.45943690814042,186.45943690814042,0.0,2,4.540563091859582,4.540563091859582
Basel-Rheinhalle,2026-06-30 07:30:00+00:00,519.0,520.4867364621725,520.9227347851737,0.4359983230011387,2,-1.9227347851737022,1.9227347851737022
DUISBURG-MEIDERICH SCHLEUSE OW,2026-06-30 07:30:00+00:00,24.92,28.227931460625477,28.237642465113534,0.009711004488058655,2,-3.317642465113533,3.317642465113533
DUISBURG-MEIDERICH SCHLEUSE UW,2026-06-30 07:30:00+00:00,18.21,22.32599615319114,22.31824706060801,-0.0077490925831342015,2,-4.108247060608008,4.108247060608008
DUISBURG-RUHRORT,2026-06-30 07:30:00+00:00,216.0,214.0727328664637,214.0727328664637,0.0,2,1.9272671335363043,1.9272671335363043
DÜSSELDORF,2026-06-30 07:30:00+00:00,83.0,82.5226750372295,82.5226750372295,0.0,2,0.47732496277049563,0.47732496277049563
EMMERICH,2026-06-30 07:30:00+00:00,54.0,53.42317571077782,53.42317571077782,0.0,2,0.5768242892221807,0.5768242892221807
IFFEZHEIM,2026-06-30 07:30:00+00:00,143.0,146.48110597801548,146.48110597801548,0.0,2,-3.481105978015478,3.481105978015478
KAUB,2026-06-30 07:30:00+00:00,90.0,85.69140940618593,85.69140940618593,0.0,2,4.308590593814074,4.308590593814074
KOBLENZ,2026-06-30 07:30:00+00:00,86.0,82.23042640509276,82.23042640509276,0.0,2,3.769573594907243,3.769573594907243
KONSTANZ-RHEIN,2026-06-30 07:30:00+00:00,314.0,313.2731166807913,313.2731166807913,0.0,2,0.7268833192086959,0.7268833192086959
Koblenz OP,2026-06-30 07:30:00+00:00,205.0,202.25001243576216,202.25001243576216,0.0,2,2.7499875642378413,2.7499875642378413
Koblenz UP,2026-06-30 07:30:00+00:00,67.0,48.290067801510794,48.290067801510794,0.0,2,18.709932198489206,18.709932198489206
KÖLN,2026-06-30 07:30:00+00:00,133.0,134.49787884769216,134.49787884769216,0.0,2,-1.4978788476921636,1.4978788476921636
LOBITH,2026-06-30 07:30:00+00:00,704.0,703.9201830633405,703.9201830633405,0.0,2,0.07981693665954026,0.07981693665954026
MAINZ,2026-06-30 07:30:00+00:00,185.0,185.99383973080907,185.99383973080907,0.0,2,-0.9938397308090714,0.9938397308090714
MANNHEIM,2026-06-30 07:30:00+00:00,166.0,163.21111072196018,163.21111072196018,0.0,2,2.788889278039818,2.788889278039818
MAXAU,2026-06-30 07:30:00+00:00,405.0,410.17218239438256,410.17218239438256,0.0,2,-5.17218239438256,5.17218239438256
REES,2026-06-30 07:30:00+00:00,97.0,96.0274828648673,96.0274828648673,0.0,2,0.9725171351327049,0.9725171351327049
RHEINE UNTERSCHLEUSE,2026-06-30 07:30:00+00:00,193.0,185.60824935005482,185.60824935005482,0.0,2,7.39175064994518,7.39175064994518
RHEINWEILER,2026-06-30 07:30:00+00:00,223.0,223.61388092416036,223.61388092416036,0.0,2,-0.6138809241603553,0.6138809241603553
SANKT GOAR,2026-06-30 07:30:00+00:00,181.0,177.69956216821245,177.69956216821245,0.0,2,3.300437831787548,3.300437831787548
SPEYER,2026-06-30 07:30:00+00:00,261.0,255.1420001188865,255.1420001188865,0.0,2,5.8579998811135,5.8579998811135
WESEL,2026-06-30 07:30:00+00:00,153.0,152.16379377381804,152.16379377381804,0.0,2,0.8362062261819574,0.8362062261819574
WORMS,2026-06-30 07:30:00+00:00,75.0,74.73493411648204,74.73493411648204,0.0,2,0.2650658835179627,0.2650658835179627
DUISBURG-MEIDERICH SCHLEUSE OW,2026-06-30 07:31:00+00:00,24.92,28.227931460625477,28.237642465113534,0.009711004488058655,2,-3.317642465113533,3.317642465113533
DUISBURG-MEIDERICH SCHLEUSE UW,2026-06-30 07:31:00+00:00,18.21,22.32599615319114,22.31824706060801,-0.0077490925831342015,2,-4.108247060608008,4.108247060608008
DUISBURG-MEIDERICH SCHLEUSE OW,2026-06-30 07:32:00+00:00,24.93,28.227931460625477,28.237642465113534,0.009711004488058655,2,-3.3076424651135348,3.3076424651135348
DUISBURG-MEIDERICH SCHLEUSE UW,2026-06-30 07:32:00+00:00,18.21,22.32599615319114,22.31824706060801,-0.0077490925831342015,2,-4.108247060608008,4.108247060608008
DUISBURG-MEIDERICH SCHLEUSE OW,2026-06-30 07:33:00+00:00,24.93,28.227931460625477,28.237642465113534,0.009711004488058655,2,-3.3076424651135348,3.3076424651135348
DUISBURG-MEIDERICH SCHLEUSE UW,2026-06-30 07:33:00+00:00,18.21,22.32599615319114,22.31824706060801,-0.0077490925831342015,2,-4.108247060608008,4.108247060608008
DUISBURG-MEIDERICH SCHLEUSE OW,2026-06-30 07:34:00+00:00,24.93,28.227931460625477,28.237642465113534,0.009711004488058655,2,-3.3076424651135348,3.3076424651135348
DUISBURG-MEIDERICH SCHLEUSE UW,2026-06-30 07:34:00+00:00,18.21,22.32599615319114,22.31824706060801,-0.0077490925831342015,2,-4.108247060608008,4.108247060608008
Basel-Rheinhalle,2026-06-30 07:35:00+00:00,520.0,520.5040767587631,520.9899054868506,0.48582872808755456,2,-0.9899054868506028,0.9899054868506028
DUISBURG-MEIDERICH SCHLEUSE OW,2026-06-30 07:35:00+00:00,24.93,28.227931460625477,28.237642465113534,0.009711004488058655,2,-3.3076424651135348,3.3076424651135348
DUISBURG-MEIDERICH SCHLEUSE UW,2026-06-30 07:35:00+00:00,18.21,22.32599615319114,22.31824706060801,-0.0077490925831342015,2,-4.108247060608008,4.108247060608008
DUISBURG-MEIDERICH SCHLEUSE OW,2026-06-30 07:36:00+00:00,24.93,28.227931460625477,28.237642465113534,0.009711004488058655,2,-3.3076424651135348,3.3076424651135348
DUISBURG-MEIDERICH SCHLEUSE UW,2026-06-30 07:36:00+00:00,18.21,22.32599615319114,22.311875475741708,-0.014120677449433586,2,-4.101875475741707,4.101875475741707
DUISBURG-MEIDERICH SCHLEUSE OW,2026-06-30 07:37:00+00:00,24.93,28.227931460625477,28.237642465113534,0.009711004488058655,2,-3.3076424651135348,3.3076424651135348
DUISBURG-MEIDERICH SCHLEUSE UW,2026-06-30 07:37:00+00:00,18.21,22.32599615319114,22.311875475741708,-0.014120677449433586,2,-4.101875475741707,4.101875475741707
DUISBURG-MEIDERICH SCHLEUSE OW,2026-06-30 07:38:00+00:00,24.93,28.227931460625477,28.237642465113534,0.009711004488058655,2,-3.3076424651135348,3.3076424651135348
DUISBURG-MEIDERICH SCHLEUSE UW,2026-06-30 07:38:00+00:00,18.21,22.32599615319114,22.311875475741708,-0.014120677449433586,2,-4.101875475741707,4.101875475741707
DUISBURG-MEIDERICH SCHLEUSE OW,2026-06-30 07:39:00+00:00,24.93,28.227931460625477,28.237642465113534,0.009711004488058655,2,-3.3076424651135348,3.3076424651135348
DUISBURG-MEIDERICH SCHLEUSE UW,2026-06-30 07:39:00+00:00,18.21,22.32599615319114,22.311875475741708,-0.014120677449433586,2,-4.101875475741707,4.101875475741707
Basel-Rheinhalle,2026-06-30 07:40:00+00:00,519.0,520.4368670656579,520.9237851984557,0.48691813279775614,2,-1.9237851984556755,1.9237851984556755
DUISBURG-MEIDERICH SCHLEUSE OW,2026-06-30 07:40:00+00:00,24.93,28.227931460625477,28.237642465113534,0.009711004488058655,2,-3.3076424651135348,3.3076424651135348
DUISBURG-MEIDERICH SCHLEUSE UW,2026-06-30 07:40:00+00:00,18.21,22.32599615319114,22.31824706060801,-0.0077490925831342015,2,-4.108247060608008,4.108247060608008
LOBITH,2026-06-30 07:40:00+00:00,703.0,703.925211482164,703.925211482164,0.0,2,-0.9252114821639452,0.9252114821639452
DUISBURG-MEIDERICH SCHLEUSE OW,2026-06-30 07:41:00+00:00,24.93,28.227931460625477,28.237642465113534,0.009711004488058655,2,-3.3076424651135348,3.3076424651135348
DUISBURG-MEIDERICH SCHLEUSE UW,2026-06-30 07:41:00+00:00,18.21,22.32599615319114,22.31824706060801,-0.0077490925831342015,2,-4.108247060608008,4.108247060608008
DUISBURG-MEIDERICH SCHLEUSE OW,2026-06-30 07:42:00+00:00,24.93,28.227931460625477,28.237642465113534,0.009711004488058655,2,-3.3076424651135348,3.3076424651135348
DUISBURG-MEIDERICH SCHLEUSE UW,2026-06-30 07:42:00+00:00,18.2,22.32599615319114,22.31824706060801,-0.0077490925831342015,2,-4.1182470606080095,4.1182470606080095
DUISBURG-MEIDERICH SCHLEUSE OW,2026-06-30 07:43:00+00:00,24.93,28.227931460625477,28.237642465113534,0.009711004488058655,2,-3.3076424651135348,3.3076424651135348
DUISBURG-MEIDERICH SCHLEUSE UW,2026-06-30 07:43:00+00:00,18.2,22.32599615319114,22.31824706060801,-0.0077490925831342015,2,-4.1182470606080095,4.1182470606080095
DUISBURG-MEIDERICH SCHLEUSE OW,2026-06-30 07:44:00+00:00,24.93,28.227931460625477,28.237642465113534,0.009711004488058655,2,-3.3076424651135348,3.3076424651135348
DUISBURG-MEIDERICH SCHLEUSE UW,2026-06-30 07:44:00+00:00,18.21,22.32599615319114,22.31824706060801,-0.0077490925831342015,2,-4.108247060608008,4.108247060608008
BINGEN,2026-06-30 07:45:00+00:00,106.0,106.585013099321,106.585013099321,0.0,2,-0.585013099321003,0.585013099321003
BONN,2026-06-30 07:45:00+00:00,136.0,140.06995740262565,140.06995740262565,0.0,2,-4.069957402625647,4.069957402625647
BREISACH,2026-06-30 07:45:00+00:00,193.0,186.64193310429522,186.64193310429522,0.0,2,6.358066895704781,6.358066895704781
Basel-Rheinhalle,2026-06-30 07:45:00+00:00,517.0,520.0804379175811,520.4477831851856,0.3673452676044379,2,-3.4477831851855854,3.4477831851855854
DUISBURG-MEIDERICH SCHLEUSE OW,2026-06-30 07:45:00+00:00,24.93,25.01039566081844,24.91766864713538,-0.09272701368306102,3,0.012331352864620726,0.012331352864620726
DUISBURG-MEIDERICH SCHLEUSE UW,2026-06-30 07:45:00+00:00,18.21,18.32631217621006,18.19555350673506,-0.13075866947500028,3,0.014446493264941296,0.014446493264941296
DUISBURG-RUHRORT,2026-06-30 07:45:00+00:00,215.0,215.13397451697648,215.13397451697648,0.0,3,-0.13397451697647966,0.13397451697647966
DÜSSELDORF,2026-06-30 07:45:00+00:00,85.0,82.9997659740991,82.9997659740991,0.0,3,2.0002340259008946,2.0002340259008946
EMMERICH,2026-06-30 07:45:00+00:00,53.0,52.29526527911011,52.29526527911011,0.0,3,0.7047347208898884,0.7047347208898884
IFFEZHEIM,2026-06-30 07:45:00+00:00,141.0,141.27571940404547,141.27571940404547,0.0,3,-0.2757194040454749,0.2757194040454749
KAUB,2026-06-30 07:45:00+00:00,91.0,92.30575210913447,92.30575210913447,0.0,3,-1.305752109134474,1.305752109134474
KOBLENZ,2026-06-30 07:45:00+00:00,87.0,85.15915536585304,85.15915536585304,0.0,3,1.8408446341469613,1.8408446341469613
KONSTANZ-RHEIN,2026-06-30 07:45:00+00:00,314.0,313.6839958010083,313.6839958010083,0.0,3,0.3160041989917204,0.3160041989917204
Koblenz OP,2026-06-30 07:45:00+00:00,205.0,205.06713637199383,205.06713637199383,0.0,3,-0.0671363719938256,0.0671363719938256
Koblenz UP,2026-06-30 07:45:00+00:00,67.0,58.879480164802196,58.879480164802196,0.0,3,8.120519835197804,8.120519835197804
KÖLN,2026-06-30 07:45:00+00:00,133.0,133.3762304211405,133.3762304211405,0.0,3,-0.376230421140491,0.376230421140491
MAINZ,2026-06-30 07:45:00+00:00,185.0,184.89034535822188,184.89034535822188,0.0,3,0.10965464177812123,0.10965464177812123
MANNHEIM,2026-06-30 07:45:00+00:00,166.0,165.95815361977003,165.95815361977003,0.0,3,0.04184638022996978,0.04184638022996978
MAXAU,2026-06-30 07:45:00+00:00,404.0,405.62550745535685,405.62550745535685,0.0,3,-1.6255074553568534,1.6255074553568534
REES,2026-06-30 07:45:00+00:00,97.0,96.37852086015022,96.37852086015022,0.0,3,0.6214791398497823,0.6214791398497823
RHEINE UNTERSCHLEUSE,2026-06-30 07:45:00+00:00,193.0,185.18816926970965,185.18816926970965,0.0,3,7.811830730290353,7.811830730290353
RHEINWEILER,2026-06-30 07:45:00+00:00,223.0,222.92034810663336,222.92034810663336,0.0,3,0.0796518933666448,0.0796518933666448
SANKT GOAR,2026-06-30 07:45:00+00:00,182.0,181.05815990842544,181.05815990842544,0.0,3,0.9418400915745622,0.9418400915745622
SPEYER,2026-06-30 07:45:00+00:00,260.0,260.71249083544484,260.71249083544484,0.0,3,-0.7124908354448394,0.7124908354448394
WESEL,2026-06-30 07:45:00+00:00,155.0,151.42160536055425,151.42160536055425,0.0,3,3.5783946394457473,3.5783946394457473
WORMS,2026-06-30 07:45:00+00:00,74.0,73.74144349995288,73.74144349995288,0.0,3,0.2585565000471206,0.2585565000471206
DUISBURG-MEIDERICH SCHLEUSE OW,2026-06-30 07:46:00+00:00,24.93,25.01039566081844,24.91766864713538,-0.09272701368306102,3,0.012331352864620726,0.012331352864620726
DUISBURG-MEIDERICH SCHLEUSE UW,2026-06-30 07:46:00+00:00,18.21,18.32631217621006,18.19555350673506,-0.13075866947500028,3,0.014446493264941296,0.014446493264941296
DUISBURG-MEIDERICH SCHLEUSE OW,2026-06-30 07:47:00+00:00,24.93,25.01039566081844,24.91766864713538,-0.09272701368306102,3,0.012331352864620726,0.012331352864620726
DUISBURG-MEIDERICH SCHLEUSE UW,2026-06-30 07:47:00+00:00,18.21,18.32631217621006,18.19555350673506,-0.13075866947500028,3,0.014446493264941296,0.014446493264941296
DUISBURG-MEIDERICH SCHLEUSE OW,2026-06-30 07:48:00+00:00,24.93,25.01039566081844,24.91766864713538,-0.09272701368306102,3,0.012331352864620726,0.012331352864620726
DUISBURG-MEIDERICH SCHLEUSE UW,2026-06-30 07:48:00+00:00,18.21,18.32631217621006,18.19555350673506,-0.13075866947500028,3,0.014446493264941296,0.014446493264941296
DUISBURG-MEIDERICH SCHLEUSE OW,2026-06-30 07:49:00+00:00,24.94,25.01039566081844,24.911389673491485,-0.09900598732695445,3,0.028610326508516692,0.028610326508516692
DUISBURG-MEIDERICH SCHLEUSE UW,2026-06-30 07:49:00+00:00,18.21,18.32631217621006,18.19555350673506,-0.13075866947500028,3,0.014446493264941296,0.014446493264941296
Basel-Rheinhalle,2026-06-30 07:50:00+00:00,517.0,518.8292999274372,518.1866843776207,-0.6426155498164418,3,-1.186684377620736,1.186684377620736
DUISBURG-MEIDERICH SCHLEUSE OW,2026-06-30 07:50:00+00:00,24.94,25.149303589179144,25.021305326864802,-0.12799826231434375,3,-0.08130532686480052,0.08130532686480052
DUISBURG-MEIDERICH SCHLEUSE UW,2026-06-30 07:50:00+00:00,18.21,18.32631217621006,18.19555350673506,-0.13075866947500028,3,0.014446493264941296,0.014446493264941296
LOBITH,2026-06-30 07:50:00+00:00,705.0,703.4216862639358,703.4216862639358,0.0,3,1.5783137360641604,1.5783137360641604
DUISBURG-MEIDERICH SCHLEUSE OW,2026-06-30 07:51:00+00:00,24.94,25.149303589179144,25.021305326864802,-0.12799826231434375,3,-0.08130532686480052,0.08130532686480052
DUISBURG-MEIDERICH SCHLEUSE UW,2026-06-30 07:51:00+00:00,18.21,18.32631217621006,18.19555350673506,-0.13075866947500028,3,0.014446493264941296,0.014446493264941296
DUISBURG-MEIDERICH SCHLEUSE OW,2026-06-30 07:52:00+00:00,24.94,25.10175503848611,24.97375677617177,-0.12799826231434375,3,-0.0337567761717672,0.0337567761717672
DUISBURG-MEIDERICH SCHLEUSE UW,2026-06-30 07:52:00+00:00,18.21,18.32631217621006,18.19555350673506,-0.13075866947500028,3,0.014446493264941296,0.014446493264941296
DUISBURG-MEIDERICH SCHLEUSE OW,2026-06-30 07:53:00+00:00,24.94,25.10175503848611,24.97375677617177,-0.12799826231434375,3,-0.0337567761717672,0.0337567761717672
DUISBURG-MEIDERICH SCHLEUSE UW,2026-06-30 07:53:00+00:00,18.21,18.32631217621006,18.19555350673506,-0.13075866947500028,3,0.014446493264941296,0.014446493264941296
DUISBURG-MEIDERICH SCHLEUSE OW,2026-06-30 07:54:00+00:00,24.94,25.10175503848611,24.97375677617177,-0.12799826231434375,3,-0.0337567761717672,0.0337567761717672
DUISBURG-MEIDERICH SCHLEUSE UW,2026-06-30 07:54:00+00:00,18.21,18.32631217621006,18.19555350673506,-0.13075866947500028,3,0.014446493264941296,0.014446493264941296
Basel-Rheinhalle,2026-06-30 07:55:00+00:00,519.0,518.4286410346481,517.9831173861841,-0.4455236484640387,3,1.0168826138159375,1.0168826138159375
DUISBURG-MEIDERICH SCHLEUSE OW,2026-06-30 07:55:00+00:00,24.94,25.10175503848611,24.97375677617177,-0.12799826231434375,3,-0.0337567761717672,0.0337567761717672
DUISBURG-MEIDERICH SCHLEUSE UW,2026-06-30 07:55:00+00:00,18.21,18.32631217621006,18.19555350673506,-0.13075866947500028,3,0.014446493264941296,0.014446493264941296
DUISBURG-MEIDERICH SCHLEUSE OW,2026-06-30 07:56:00+00:00,24.95,25.10175503848611,24.97375677617177,-0.12799826231434375,3,-0.02375677617176919,0.02375677617176919
DUISBURG-MEIDERICH SCHLEUSE UW,2026-06-30 07:56:00+00:00,18.21,18.32631217621006,18.19555350673506,-0.13075866947500028,3,0.014446493264941296,0.014446493264941296
DUISBURG-MEIDERICH SCHLEUSE OW,2026-06-30 07:57:00+00:00,24.95,25.149303589179144,25.021305326864802,-0.12799826231434375,3,-0.07130532686480251,0.07130532686480251
DUISBURG-MEIDERICH SCHLEUSE UW,2026-06-30 07:57:00+00:00,18.21,18.32631217621006,18.19555350673506,-0.13075866947500028,3,0.014446493264941296,0.014446493264941296
DUISBURG-MEIDERICH SCHLEUSE OW,2026-06-30 07:58:00+00:00,24.95,25.149303589179144,25.021305326864802,-0.12799826231434375,3,-0.07130532686480251,0.07130532686480251
DUISBURG-MEIDERICH SCHLEUSE UW,2026-06-30 07:58:00+00:00,18.21,18.32631217621006,18.19555350673506,-0.13075866947500028,3,0.014446493264941296,0.014446493264941296
DUISBURG-MEIDERICH SCHLEUSE OW,2026-06-30 07:59:00+00:00,24.95,25.10175503848611,24.97375677617177,-0.12799826231434375,3,-0.02375677617176919,0.02375677617176919
DUISBURG-MEIDERICH SCHLEUSE UW,2026-06-30 07:59:00+00:00,18.21,18.32631217621006,18.19555350673506,-0.13075866947500028,3,0.014446493264941296,0.014446493264941296
BINGEN,2026-06-30 08:00:00+00:00,106.0,106.27905633375094,106.27905633375094,0.0,3,-0.27905633375094396,0.27905633375094396
BONN,2026-06-30 08:00:00+00:00,137.0,138.38852724772087,138.38852724772087,0.0,3,-1.388527247720873,1.388527247720873
BREISACH,2026-06-30 08:00:00+00:00,190.0,193.89758669039534,193.89758669039534,0.0,3,-3.897586690395343,3.897586690395343
Basel-Rheinhalle,2026-06-30 08:00:00+00:00,520.0,518.4286410346481,517.9831173861841,-0.4455236484640387,3,2.0168826138159375,2.0168826138159375
DUISBURG-MEIDERICH SCHLEUSE OW,2026-06-30 08:00:00+00:00,24.95,25.788444594764165,25.660446332449823,-0.12799826231434375,3,-0.7104463324498234,0.7104463324498234
DUISBURG-MEIDERICH SCHLEUSE UW,2026-06-30 08:00:00+00:00,18.21,18.7399890886903,18.6092304192153,-0.13075866947500028,3,-0.3992304192153,0.3992304192153
DUISBURG-RUHRORT,2026-06-30 08:00:00+00:00,215.0,215.2183371088009,215.2183371088009,0.0,3,-0.21833710880090962,0.21833710880090962
DÜSSELDORF,2026-06-30 08:00:00+00:00,85.0,82.74003269209972,82.74003269209972,0.0,3,2.2599673079002827,2.2599673079002827
EMMERICH,2026-06-30 08:00:00+00:00,54.0,53.34291568991128,53.34291568991128,0.0,3,0.6570843100887203,0.6570843100887203
IFFEZHEIM,2026-06-30 08:00:00+00:00,140.0,141.59736155764443,141.59736155764443,0.0,3,-1.597361557644433,1.597361557644433
KAUB,2026-06-30 08:00:00+00:00,91.0,92.34826698032562,92.34826698032562,0.0,3,-1.3482669803256186,1.3482669803256186
KOBLENZ,2026-06-30 08:00:00+00:00,88.0,84.86008944197802,84.86008944197802,0.0,3,3.139910558021981,3.139910558021981
KONSTANZ-RHEIN,2026-06-30 08:00:00+00:00,314.0,313.52104647124224,313.52104647124224,0.0,3,0.47895352875775643,0.47895352875775643
Koblenz OP,2026-06-30 08:00:00+00:00,207.0,204.82857986863652,204.82857986863652,0.0,3,2.171420131363476,2.171420131363476
Koblenz UP,2026-06-30 08:00:00+00:00,67.0,54.78843374697235,54.78843374697235,0.0,3,12.211566253027648,12.211566253027648
KÖLN,2026-06-30 08:00:00+00:00,132.0,133.57361816161844,133.57361816161844,0.0,3,-1.573618161618441,1.573618161618441
LOBITH,2026-06-30 08:00:00+00:00,704.0,705.9219508769947,705.9219508769947,0.0,3,-1.9219508769947424,1.9219508769947424
MAINZ,2026-06-30 08:00:00+00:00,184.0,186.25867644439805,186.25867644439805,0.0,3,-2.2586764443980485,2.2586764443980485
MANNHEIM,2026-06-30 08:00:00+00:00,167.0,165.58061274459178,165.58061274459178,0.0,3,1.4193872554082247,1.4193872554082247
MAXAU,2026-06-30 08:00:00+00:00,404.0,405.8863176849968,405.8863176849968,0.0,3,-1.8863176849968113,1.8863176849968113
REES,2026-06-30 08:00:00+00:00,97.0,96.00464527077101,96.00464527077101,0.0,3,0.9953547292289926,0.9953547292289926
RHEINE UNTERSCHLEUSE,2026-06-30 08:00:00+00:00,193.0,192.5851995827139,192.5851995827139,0.0,3,0.4148004172861022,0.4148004172861022
RHEINWEILER,2026-06-30 08:00:00+00:00,223.0,223.743660863966,223.743660863966,0.0,3,-0.7436608639659994,0.7436608639659994
SANKT GOAR,2026-06-30 08:00:00+00:00,183.0,182.5567538986462,182.5567538986462,0.0,3,0.44324610135379316,0.44324610135379316
SPEYER,2026-06-30 08:00:00+00:00,260.0,260.59093963787194,260.59093963787194,0.0,3,-0.5909396378719407,0.5909396378719407
WESEL,2026-06-30 08:00:00+00:00,155.0,151.5262129341969,151.5262129341969,0.0,3,3.4737870658030943,3.4737870658030943
WORMS,2026-06-30 08:00:00+00:00,75.0,73.45766291445892,73.45766291445892,0.0,3,1.542337085541078,1.542337085541078
DUISBURG-MEIDERICH SCHLEUSE OW,2026-06-30 08:01:00+00:00,24.95,29.674787897214422,29.54678963490008,-0.12799826231434375,3,-4.59678963490008,4.59678963490008
DUISBURG-MEIDERICH SCHLEUSE UW,2026-06-30 08:01:00+00:00,18.21,23.469177597994992,23.338418928519992,-0.13075866947500028,3,-5.1284189285199915,5.1284189285199915
DUISBURG-MEIDERICH SCHLEUSE OW,2026-06-30 08:02:00+00:00,24.95,30.538650706878375,30.410652444564032,-0.12799826231434375,3,-5.460652444564033,5.460652444564033
DUISBURG-MEIDERICH SCHLEUSE UW,2026-06-30 08:02:00+00:00,18.21,24.333040407658945,24.202281738183945,-0.13075866947500028,3,-5.992281738183944,5.992281738183944
DUISBURG-MEIDERICH SCHLEUSE OW,2026-06-30 08:03:00+00:00,24.95,31.318290309960624,31.19029204764628,-0.12799826231434375,3,-6.240292047646282,6.240292047646282
DUISBURG-MEIDERICH SCHLEUSE UW,2026-06-30 08:03:00+00:00,18.21,25.352904471611907,25.222145802136907,-0.13075866947500028,3,-7.0121458021369065,7.0121458021369065
DUISBURG-MEIDERICH SCHLEUSE OW,2026-06-30 08:04:00+00:00,24.95,31.318290309960624,31.19029204764628,-0.12799826231434375,3,-6.240292047646282,6.240292047646282
DUISBURG-MEIDERICH SCHLEUSE UW,2026-06-30 08:04:00+00:00,18.21,25.352904471611907,25.222145802136907,-0.13075866947500028,3,-7.0121458021369065,7.0121458021369065
Basel-Rheinhalle,2026-06-30 08:05:00+00:00,521.0,518.1454721399849,517.7175914694789,-0.4278806705060707,3,3.2824085305211383,3.2824085305211383
DUISBURG-MEIDERICH SCHLEUSE OW,2026-06-30 08:05:00+00:00,24.95,31.167683604337924,31.03968534202358,-0.12799826231434375,3,-6.089685342023582,6.089685342023582
DUISBURG-MEIDERICH SCHLEUSE UW,2026-06-30 08:05:00+00:00,18.21,25.202297765989208,25.071539096514208,-0.13075866947500028,3,-6.861539096514207,6.861539096514207
DUISBURG-MEIDERICH SCHLEUSE OW,2026-06-30 08:06:00+00:00,24.95,30.79607969550443,30.66808143319009,-0.12799826231434375,3,-5.71808143319009,5.71808143319009
DUISBURG-MEIDERICH SCHLEUSE UW,2026-06-30 08:06:00+00:00,18.21,24.838215568332725,24.707456898857725,-0.13075866947500028,3,-6.497456898857724,6.497456898857724
DUISBURG-MEIDERICH SCHLEUSE OW,2026-06-30 08:07:00+00:00,24.96,30.79607969550443,30.66808143319009,-0.12799826231434375,3,-5.708081433190088,5.708081433190088
DUISBURG-MEIDERICH SCHLEUSE UW,2026-06-30 08:07:00+00:00,18.21,24.885764119025758,24.749791722446858,-0.13597239657889842,3,-6.539791722446857,6.539791722446857
DUISBURG-MEIDERICH SCHLEUSE OW,2026-06-30 08:08:00+00:00,24.96,29.923935332974636,29.795937070660294,-0.12799826231434375,3,-4.835937070660293,4.835937070660293
DUISBURG-MEIDERICH SCHLEUSE UW,2026-06-30 08:08:00+00:00,18.21,24.013619756495963,23.877340306231076,-0.13627945026488542,3,-5.667340306231075,5.667340306231075
DUISBURG-MEIDERICH SCHLEUSE OW,2026-06-30 08:09:00+00:00,24.96,29.923935332974636,29.795937070660294,-0.12799826231434375,3,-4.835937070660293,4.835937070660293
DUISBURG-MEIDERICH SCHLEUSE UW,2026-06-30 08:09:00+00:00,18.21,24.013619756495963,23.877340306231076,-0.13627945026488542,3,-5.667340306231075,5.667340306231075
Basel-Rheinhalle,2026-06-30 08:10:00+00:00,525.0,517.6758838353642,517.3177387960873,-0.3581450392768867,3,7.682261203912731,7.682261203912731
DUISBURG-MEIDERICH SCHLEUSE OW,2026-06-30 08:10:00+00:00,24.96,29.923935332974636,29.795937070660294,-0.12799826231434375,3,-4.835937070660293,4.835937070660293
DUISBURG-MEIDERICH SCHLEUSE UW,2026-06-30 08:10:00+00:00,18.21,24.013619756495963,23.877647359917063,-0.13597239657889842,3,-5.667647359917062,5.667647359917062
LOBITH,2026-06-30 08:10:00+00:00,705.0,705.6986783503827,705.6986783503827,0.0,3,-0.6986783503826928,0.6986783503826928
DUISBURG-MEIDERICH SCHLEUSE OW,2026-06-30 08:11:00+00:00,24.96,29.923935332974636,29.795937070660294,-0.12799826231434375,3,-4.835937070660293,4.835937070660293
DUISBURG-MEIDERICH SCHLEUSE UW,2026-06-30 08:11:00+00:00,18.21,23.96607120580293,23.83531253632793,-0.13075866947500028,3,-5.625312536327929,5.625312536327929
DUISBURG-MEIDERICH SCHLEUSE OW,2026-06-30 08:12:00+00:00,24.97,29.759296737716248,29.631298475401906,-0.12799826231434375,3,-4.661298475401907,4.661298475401907
DUISBURG-MEIDERICH SCHLEUSE UW,2026-06-30 08:12:00+00:00,18.21,23.80143261054454,23.67067394106954,-0.13075866947500028,3,-5.46067394106954,5.46067394106954
DUISBURG-MEIDERICH SCHLEUSE OW,2026-06-30 08:13:00+00:00,24.97,29.759296737716248,29.631298475401906,-0.12799826231434375,3,-4.661298475401907,4.661298475401907
DUISBURG-MEIDERICH SCHLEUSE UW,2026-06-30 08:13:00+00:00,18.21,23.80143261054454,23.67067394106954,-0.13075866947500028,3,-5.46067394106954,5.46067394106954
DUISBURG-MEIDERICH SCHLEUSE OW,2026-06-30 08:14:00+00:00,24.97,29.80684528840928,29.67884702609494,-0.12799826231434375,3,-4.70884702609494,4.70884702609494
DUISBURG-MEIDERICH SCHLEUSE UW,2026-06-30 08:14:00+00:00,18.21,23.80143261054454,23.67067394106954,-0.13075866947500028,3,-5.46067394106954,5.46067394106954
BINGEN,2026-06-30 08:15:00+00:00,105.0,106.2362932530422,106.2362932530422,0.0,3,-1.2362932530422057,1.2362932530422057
BONN,2026-06-30 08:15:00+00:00,137.0,138.1215048007265,138.1215048007265,0.0,3,-1.1215048007265125,1.1215048007265125
BREISACH,2026-06-30 08:15:00+00:00,189.0,190.7037694203898,190.7037694203898,0.0,3,-1.70376942038979,1.70376942038979
Basel-Rheinhalle,2026-06-30 08:15:00+00:00,524.0,517.8365872769685,517.7967378828805,-0.039849394088033056,3,6.203262117119493,6.203262117119493
DUISBURG-MEIDERICH SCHLEUSE OW,2026-06-30 08:15:00+00:00,24.97,29.80684528840928,29.67884702609494,-0.12799826231434375,3,-4.70884702609494,4.70884702609494
DUISBURG-MEIDERICH SCHLEUSE UW,2026-06-30 08:15:00+00:00,18.21,23.80143261054454,23.67067394106954,-0.13075866947500028,3,-5.46067394106954,5.46067394106954
DUISBURG-RUHRORT,2026-06-30 08:15:00+00:00,215.0,215.10261955647078,215.10261955647078,0.0,3,-0.1026195564707848,0.1026195564707848
DÜSSELDORF,2026-06-30 08:15:00+00:00,86.0,82.57394754279083,82.57394754279083,0.0,3,3.426052457209167,3.426052457209167
EMMERICH,2026-06-30 08:15:00+00:00,53.0,52.965819552937916,52.965819552937916,0.0,3,0.03418044706208434,0.03418044706208434
IFFEZHEIM,2026-06-30 08:15:00+00:00,142.0,141.7192281357831,141.7192281357831,0.0,3,0.28077186421688793,0.28077186421688793
KAUB,2026-06-30 08:15:00+00:00,91.0,92.36195816487987,92.36195816487987,0.0,3,-1.3619581648798658,1.3619581648798658
KOBLENZ,2026-06-30 08:15:00+00:00,89.0,83.82002848849326,83.82002848849326,0.0,3,5.179971511506736,5.179971511506736
KONSTANZ-RHEIN,2026-06-30 08:15:00+00:00,314.0,312.713386522954,312.713386522954,0.0,3,1.2866134770459894,1.2866134770459894
Koblenz OP,2026-06-30 08:15:00+00:00,206.0,205.4510958313186,205.4510958313186,0.0,3,0.5489041686813891,0.5489041686813891
Koblenz UP,2026-06-30 08:15:00+00:00,67.0,53.37483769275249,53.37483769275249,0.0,3,13.625162307247507,13.625162307247507
KÖLN,2026-06-30 08:15:00+00:00,133.0,133.28076979646048,133.28076979646048,0.0,3,-0.2807697964604756,0.2807697964604756
MAINZ,2026-06-30 08:15:00+00:00,185.0,186.2658434151727,186.2658434151727,0.0,3,-1.2658434151726965,1.2658434151726965
MANNHEIM,2026-06-30 08:15:00+00:00,166.0,165.11760433344895,165.11760433344895,0.0,3,0.882395666551048,0.882395666551048
MAXAU,2026-06-30 08:15:00+00:00,404.0,405.34161363188986,405.34161363188986,0.0,3,-1.3416136318898566,1.3416136318898566
REES,2026-06-30 08:15:00+00:00,97.0,95.97793438529088,95.97793438529088,0.0,3,1.0220656147091205,1.0220656147091205
RHEINE UNTERSCHLEUSE,2026-06-30 08:15:00+00:00,193.0,206.03169465549888,206.03169465549888,0.0,3,-13.031694655498882,13.031694655498882
RHEINWEILER,2026-06-30 08:15:00+00:00,223.0,222.4385315118648,222.4385315118648,0.0,3,0.5614684881352048,0.5614684881352048
SANKT GOAR,2026-06-30 08:15:00+00:00,181.0,182.48209469691287,182.48209469691287,0.0,3,-1.482094696912867,1.482094696912867
SPEYER,2026-06-30 08:15:00+00:00,260.0,259.97177379651276,259.97177379651276,0.0,3,0.028226203487236035,0.028226203487236035
WESEL,2026-06-30 08:15:00+00:00,154.0,150.8407548805038,150.8407548805038,0.0,3,3.1592451194962052,3.1592451194962052
WORMS,2026-06-30 08:15:00+00:00,75.0,72.99332524952462,72.99332524952462,0.0,3,2.0066747504753835,2.0066747504753835
DUISBURG-MEIDERICH SCHLEUSE OW,2026-06-30 08:16:00+00:00,24.97,29.759296737716248,29.631298475401906,-0.12799826231434375,3,-4.661298475401907,4.661298475401907
DUISBURG-MEIDERICH SCHLEUSE UW,2026-06-30 08:16:00+00:00,18.2,23.80143261054454,23.67067394106954,-0.13075866947500028,3,-5.470673941069542,5.470673941069542
DUISBURG-MEIDERICH SCHLEUSE OW,2026-06-30 08:17:00+00:00,24.97,29.759296737716248,29.631298475401906,-0.12799826231434375,3,-4.661298475401907,4.661298475401907
DUISBURG-MEIDERICH SCHLEUSE UW,2026-06-30 08:17:00+00:00,18.2,23.80143261054454,23.67067394106954,-0.13075866947500028,3,-5.470673941069542,5.470673941069542
DUISBURG-MEIDERICH SCHLEUSE OW,2026-06-30 08:18:00+00:00,24.97,29.759296737716248,29.631298475401906,-0.12799826231434375,3,-4.661298475401907,4.661298475401907
DUISBURG-MEIDERICH SCHLEUSE UW,2026-06-30 08:18:00+00:00,18.2,23.80143261054454,23.67067394106954,-0.13075866947500028,3,-5.470673941069542,5.470673941069542
DUISBURG-MEIDERICH SCHLEUSE OW,2026-06-30 08:19:00+00:00,24.97,29.759296737716248,29.631298475401906,-0.12799826231434375,3,-4.661298475401907,4.661298475401907
DUISBURG-MEIDERICH SCHLEUSE UW,2026-06-30 08:19:00+00:00,18.2,23.80143261054454,23.67067394106954,-0.13075866947500028,3,-5.470673941069542,5.470673941069542
Basel-Rheinhalle,2026-06-30 08:20:00+00:00,522.0,517.9881935253044,517.4228234285894,-0.5653700967150018,3,4.577176571410632,4.577176571410632
DUISBURG-MEIDERICH SCHLEUSE OW,2026-06-30 08:20:00+00:00,24.97,29.759296737716248,29.631298475401906,-0.12799826231434375,3,-4.661298475401907,4.661298475401907
DUISBURG-MEIDERICH SCHLEUSE UW,2026-06-30 08:20:00+00:00,18.2,23.80143261054454,23.67067394106954,-0.13075866947500028,3,-5.470673941069542,5.470673941069542
LOBITH,2026-06-30 08:20:00+00:00,706.0,704.522808122057,704.522808122057,0.0,3,1.477191877943028,1.477191877943028
DUISBURG-MEIDERICH SCHLEUSE OW,2026-06-30 08:21:00+00:00,24.97,29.80684528840928,29.67884702609494,-0.12799826231434375,3,-4.70884702609494,4.70884702609494
DUISBURG-MEIDERICH SCHLEUSE UW,2026-06-30 08:21:00+00:00,18.2,23.80143261054454,23.67067394106954,-0.13075866947500028,3,-5.470673941069542,5.470673941069542
DUISBURG-MEIDERICH SCHLEUSE OW,2026-06-30 08:22:00+00:00,24.97,29.80684528840928,29.67884702609494,-0.12799826231434375,3,-4.70884702609494,4.70884702609494
DUISBURG-MEIDERICH SCHLEUSE UW,2026-06-30 08:22:00+00:00,18.19,23.80143261054454,23.67067394106954,-0.13075866947500028,3,-5.48067394106954,5.48067394106954
DUISBURG-MEIDERICH SCHLEUSE OW,2026-06-30 08:23:00+00:00,24.98,29.759296737716248,29.631298475401906,-0.12799826231434375,3,-4.651298475401905,4.651298475401905
DUISBURG-MEIDERICH SCHLEUSE UW,2026-06-30 08:23:00+00:00,18.19,23.80143261054454,23.67067394106954,-0.13075866947500028,3,-5.48067394106954,5.48067394106954
DUISBURG-MEIDERICH SCHLEUSE OW,2026-06-30 08:24:00+00:00,24.98,29.759296737716248,29.631298475401906,-0.12799826231434375,3,-4.651298475401905,4.651298475401905
DUISBURG-MEIDERICH SCHLEUSE UW,2026-06-30 08:24:00+00:00,18.19,23.80143261054454,23.67067394106954,-0.13075866947500028,3,-5.48067394106954,5.48067394106954
Basel-Rheinhalle,2026-06-30 08:25:00+00:00,522.0,517.7549297665141,517.1025044397725,-0.6524253267416387,3,4.897495560227526,4.897495560227526
DUISBURG-MEIDERICH SCHLEUSE OW,2026-06-30 08:25:00+00:00,24.98,29.759296737716248,29.631298475401906,-0.12799826231434375,3,-4.651298475401905,4.651298475401905
DUISBURG-MEIDERICH SCHLEUSE UW,2026-06-30 08:25:00+00:00,18.19,23.80143261054454,23.67067394106954,-0.13075866947500028,3,-5.48067394106954,5.48067394106954
DUISBURG-MEIDERICH SCHLEUSE OW,2026-06-30 08:26:00+00:00,24.98,29.759296737716248,29.631298475401906,-0.12799826231434375,3,-4.651298475401905,4.651298475401905
DUISBURG-MEIDERICH SCHLEUSE UW,2026-06-30 08:26:00+00:00,18.19,23.80143261054454,23.67067394106954,-0.13075866947500028,3,-5.48067394106954,5.48067394106954
DUISBURG-MEIDERICH SCHLEUSE OW,2026-06-30 08:27:00+00:00,24.98,29.759296737716248,29.631298475401906,-0.12799826231434375,3,-4.651298475401905,4.651298475401905
DUISBURG-MEIDERICH SCHLEUSE UW,2026-06-30 08:27:00+00:00,18.19,23.80143261054454,23.67067394106954,-0.13075866947500028,3,-5.48067394106954,5.48067394106954
DUISBURG-MEIDERICH SCHLEUSE OW,2026-06-30 08:28:00+00:00,24.98,29.759296737716248,29.631298475401906,-0.12799826231434375,3,-4.651298475401905,4.651298475401905
DUISBURG-MEIDERICH SCHLEUSE UW,2026-06-30 08:28:00+00:00,18.19,23.80143261054454,23.67067394106954,-0.13075866947500028,3,-5.48067394106954,5.48067394106954
DUISBURG-MEIDERICH SCHLEUSE OW,2026-06-30 08:29:00+00:00,24.98,29.759296737716248,29.631298475401906,-0.12799826231434375,3,-4.651298475401905,4.651298475401905
DUISBURG-MEIDERICH SCHLEUSE UW,2026-06-30 08:29:00+00:00,18.19,23.80143261054454,23.67067394106954,-0.13075866947500028,3,-5.48067394106954,5.48067394106954
BINGEN,2026-06-30 08:30:00+00:00,105.0,106.28697561036496,106.28697561036496,0.0,3,-1.286975610364962,1.286975610364962
BONN,2026-06-30 08:30:00+00:00,136.0,138.8420446282988,138.8420446282988,0.0,3,-2.842044628298794,2.842044628298794
BREISACH,2026-06-30 08:30:00+00:00,190.0,190.51860063163073,190.51860063163073,0.0,3,-0.5186006316307328,0.5186006316307328
Basel-Rheinhalle,2026-06-30 08:30:00+00:00,522.0,517.3831682778184,516.8655680004038,-0.5176002774146795,3,5.134431999596245,5.134431999596245
DUISBURG-MEIDERICH SCHLEUSE OW,2026-06-30 08:30:00+00:00,24.98,29.759296737716248,29.631298475401906,-0.12799826231434375,3,-4.651298475401905,4.651298475401905
DUISBURG-MEIDERICH SCHLEUSE UW,2026-06-30 08:30:00+00:00,18.19,23.80143261054454,23.67067394106954,-0.13075866947500028,3,-5.48067394106954,5.48067394106954
DUISBURG-RUHRORT,2026-06-30 08:30:00+00:00,216.0,214.99774055672717,214.99774055672717,0.0,3,1.002259443272834,1.002259443272834
DÜSSELDORF,2026-06-30 08:30:00+00:00,84.0,84.20522294735261,84.20522294735261,0.0,3,-0.2052229473526097,0.2052229473526097
EMMERICH,2026-06-30 08:30:00+00:00,52.0,56.62733403580555,56.62733403580555,0.0,3,-4.6273340358055535,4.6273340358055535
IFFEZHEIM,2026-06-30 08:30:00+00:00,140.0,142.07810625202166,142.07810625202166,0.0,3,-2.078106252021655,2.078106252021655
KAUB,2026-06-30 08:30:00+00:00,90.0,92.41264052220262,92.41264052220262,0.0,3,-2.412640522202622,2.412640522202622
KOBLENZ,2026-06-30 08:30:00+00:00,90.0,83.88542797965853,83.88542797965853,0.0,3,6.11457202034147,6.11457202034147
KONSTANZ-RHEIN,2026-06-30 08:30:00+00:00,314.0,312.15829421043946,312.15829421043946,0.0,3,1.8417057895605353,1.8417057895605353
Koblenz OP,2026-06-30 08:30:00+00:00,206.0,205.38711791274585,205.38711791274585,0.0,3,0.6128820872541496,0.6128820872541496
Koblenz UP,2026-06-30 08:30:00+00:00,67.0,53.399803495389406,53.399803495389406,0.0,3,13.600196504610594,13.600196504610594
KÖLN,2026-06-30 08:30:00+00:00,132.0,134.00130962403276,134.00130962403276,0.0,3,-2.001309624032757,2.001309624032757
LOBITH,2026-06-30 08:30:00+00:00,703.0,703.6148477904219,703.6148477904219,0.0,3,-0.6148477904218907,0.6148477904218907
MAINZ,2026-06-30 08:30:00+00:00,184.0,187.09335718410188,187.09335718410188,0.0,3,-3.093357184101876,3.093357184101876
MANNHEIM,2026-06-30 08:30:00+00:00,166.0,164.97283370392086,164.97283370392086,0.0,3,1.0271662960791446,1.0271662960791446
MAXAU,2026-06-30 08:30:00+00:00,404.0,405.3921514552718,405.3921514552718,0.0,3,-1.3921514552718008,1.3921514552718008
REES,2026-06-30 08:30:00+00:00,97.0,96.09870354964659,96.09870354964659,0.0,3,0.9012964503534135,0.9012964503534135
RHEINE UNTERSCHLEUSE,2026-06-30 08:30:00+00:00,194.0,203.1167272431969,203.1167272431969,0.0,3,-9.116727243196891,9.116727243196891
RHEINWEILER,2026-06-30 08:30:00+00:00,223.0,222.0783236519677,222.0783236519677,0.0,3,0.9216763480322925,0.9216763480322925
SANKT GOAR,2026-06-30 08:30:00+00:00,182.0,188.39145692472277,188.39145692472277,0.0,3,-6.391456924722775,6.391456924722775
SPEYER,2026-06-30 08:30:00+00:00,260.0,259.97177379651276,259.97177379651276,0.0,3,0.028226203487236035,0.028226203487236035
WESEL,2026-06-30 08:30:00+00:00,153.0,151.59414090439398,151.59414090439398,0.0,3,1.4058590956060186,1.4058590956060186
WORMS,2026-06-30 08:30:00+00:00,75.0,72.5562367293003,72.5562367293003,0.0,3,2.443763270699705,2.443763270699705
DUISBURG-MEIDERICH SCHLEUSE OW,2026-06-30 08:31:00+00:00,24.98,29.759296737716248,29.631298475401906,-0.12799826231434375,3,-4.651298475401905,4.651298475401905
DUISBURG-MEIDERICH SCHLEUSE UW,2026-06-30 08:31:00+00:00,18.19,23.80143261054454,23.67067394106954,-0.13075866947500028,3,-5.48067394106954,5.48067394106954
DUISBURG-MEIDERICH SCHLEUSE OW,2026-06-30 08:32:00+00:00,24.98,29.80684528840928,29.67884702609494,-0.12799826231434375,3,-4.698847026094938,4.698847026094938
DUISBURG-MEIDERICH SCHLEUSE UW,2026-06-30 08:32:00+00:00,18.19,23.80143261054454,23.67067394106954,-0.13075866947500028,3,-5.48067394106954,5.48067394106954
DUISBURG-MEIDERICH SCHLEUSE OW,2026-06-30 08:33:00+00:00,24.99,29.80684528840928,29.67884702609494,-0.12799826231434375,3,-4.68884702609494,4.68884702609494
DUISBURG-MEIDERICH SCHLEUSE UW,2026-06-30 08:33:00+00:00,18.19,23.80143261054454,23.67067394106954,-0.13075866947500028,3,-5.48067394106954,5.48067394106954
DUISBURG-MEIDERICH SCHLEUSE OW,2026-06-30 08:34:00+00:00,24.99,29.759296737716248,29.631298475401906,-0.12799826231434375,3,-4.641298475401907,4.641298475401907
DUISBURG-MEIDERICH SCHLEUSE UW,2026-06-30 08:34:00+00:00,18.18,23.80143261054454,23.67067394106954,-0.13075866947500028,3,-5.4906739410695415,5.4906739410695415
Basel-Rheinhalle,2026-06-30 08:35:00+00:00,522.0,517.8211194896305,517.449368265586,-0.371751224044437,3,4.550631734413969,4.550631734413969
DUISBURG-MEIDERICH SCHLEUSE OW,2026-06-30 08:35:00+00:00,24.99,29.759296737716248,29.631298475401906,-0.12799826231434375,3,-4.641298475401907,4.641298475401907
DUISBURG-MEIDERICH SCHLEUSE UW,2026-06-30 08:35:00+00:00,18.18,23.80143261054454,23.67067394106954,-0.13075866947500028,3,-5.4906739410695415,5.4906739410695415
DUISBURG-MEIDERICH SCHLEUSE OW,2026-06-30 08:36:00+00:00,24.99,29.759296737716248,29.631298475401906,-0.12799826231434375,3,-4.641298475401907,4.641298475401907
DUISBURG-MEIDERICH SCHLEUSE UW,2026-06-30 08:36:00+00:00,18.18,23.80143261054454,23.67067394106954,-0.13075866947500028,3,-5.4906739410695415,5.4906739410695415
DUISBURG-MEIDERICH SCHLEUSE OW,2026-06-30 08:37:00+00:00,24.99,29.80684528840928,29.67884702609494,-0.12799826231434375,3,-4.68884702609494,4.68884702609494
DUISBURG-MEIDERICH SCHLEUSE UW,2026-06-30 08:37:00+00:00,18.18,23.80143261054454,23.67067394106954,-0.13075866947500028,3,-5.4906739410695415,5.4906739410695415
DUISBURG-MEIDERICH SCHLEUSE OW,2026-06-30 08:38:00+00:00,24.99,29.80684528840928,29.67884702609494,-0.12799826231434375,3,-4.68884702609494,4.68884702609494
DUISBURG-MEIDERICH SCHLEUSE UW,2026-06-30 08:38:00+00:00,18.18,23.80143261054454,23.67067394106954,-0.13075866947500028,3,-5.4906739410695415,5.4906739410695415
DUISBURG-MEIDERICH SCHLEUSE OW,2026-06-30 08:39:00+00:00,24.99,29.759296737716248,29.631298475401906,-0.12799826231434375,3,-4.641298475401907,4.641298475401907
DUISBURG-MEIDERICH SCHLEUSE UW,2026-06-30 08:39:00+00:00,18.18,23.80143261054454,23.67067394106954,-0.13075866947500028,3,-5.4906739410695415,5.4906739410695415
Basel-Rheinhalle,2026-06-30 08:40:00+00:00,523.0,517.5979772477087,517.2438690016222,-0.35410824608646896,3,5.756130998377785,5.756130998377785
DUISBURG-MEIDERICH SCHLEUSE OW,2026-06-30 08:40:00+00:00,24.99,29.759296737716248,29.631298475401906,-0.12799826231434375,3,-4.641298475401907,4.641298475401907
DUISBURG-MEIDERICH SCHLEUSE UW,2026-06-30 08:40:00+00:00,18.18,23.80143261054454,23.67067394106954,-0.13075866947500028,3,-5.4906739410695415,5.4906739410695415
LOBITH,2026-06-30 08:40:00+00:00,703.0,703.6148477904219,703.6148477904219,0.0,3,-0.6148477904218907,0.6148477904218907
DUISBURG-MEIDERICH SCHLEUSE OW,2026-06-30 08:41:00+00:00,24.99,29.759296737716248,29.631298475401906,-0.12799826231434375,3,-4.641298475401907,4.641298475401907
DUISBURG-MEIDERICH SCHLEUSE UW,2026-06-30 08:41:00+00:00,18.18,23.848981161237575,23.713008764658674,-0.13597239657889842,3,-5.533008764658675,5.533008764658675
DUISBURG-MEIDERICH SCHLEUSE OW,2026-06-30 08:42:00+00:00,24.99,29.759296737716248,29.631298475401906,-0.12799826231434375,3,-4.641298475401907,4.641298475401907
DUISBURG-MEIDERICH SCHLEUSE UW,2026-06-30 08:42:00+00:00,18.18,23.848981161237575,23.712701710972688,-0.13627945026488542,3,-5.532701710972688,5.532701710972688
DUISBURG-MEIDERICH SCHLEUSE OW,2026-06-30 08:43:00+00:00,24.99,29.759296737716248,29.631298475401906,-0.12799826231434375,3,-4.641298475401907,4.641298475401907
DUISBURG-MEIDERICH SCHLEUSE UW,2026-06-30 08:43:00+00:00,18.18,23.80143261054454,23.670366887383555,-0.13106572316098727,3,-5.490366887383555,5.490366887383555
DUISBURG-MEIDERICH SCHLEUSE OW,2026-06-30 08:44:00+00:00,24.99,29.759296737716248,29.631298475401906,-0.12799826231434375,3,-4.641298475401907,4.641298475401907
DUISBURG-MEIDERICH SCHLEUSE UW,2026-06-30 08:44:00+00:00,18.18,23.80143261054454,23.670366887383555,-0.13106572316098727,3,-5.490366887383555,5.490366887383555
BINGEN,2026-06-30 08:45:00+00:00,105.0,106.3209329065926,106.3209329065926,0.0,3,-1.3209329065926028,1.3209329065926028
BONN,2026-06-30 08:45:00+00:00,137.0,139.2780086363168,139.2780086363168,0.0,3,-2.278008636316798,2.278008636316798
BREISACH,2026-06-30 08:45:00+00:00,193.0,189.244330229548,189.244330229548,0.0,3,3.7556697704519877,3.7556697704519877
Basel-Rheinhalle,2026-06-30 08:45:00+00:00,521.0,517.9057280141166,516.9937606954447,-0.9119673186717865,3,4.006239304555265,4.006239304555265
DUISBURG-MEIDERICH SCHLEUSE OW,2026-06-30 08:45:00+00:00,25.0,29.759296737716248,29.631298475401906,-0.12799826231434375,3,-4.6312984754019055,4.6312984754019055
DUISBURG-MEIDERICH SCHLEUSE UW,2026-06-30 08:45:00+00:00,18.18,23.80143261054454,23.670366887383555,-0.13106572316098727,3,-5.490366887383555,5.490366887383555
DUISBURG-RUHRORT,2026-06-30 08:45:00+00:00,215.0,214.83747608077934,214.83747608077934,0.0,3,0.16252391922066067,0.16252391922066067
DÜSSELDORF,2026-06-30 08:45:00+00:00,82.0,84.87245131916718,84.87245131916718,0.0,3,-2.872451319167183,2.872451319167183
EMMERICH,2026-06-30 08:45:00+00:00,53.0,56.624920474063565,56.624920474063565,0.0,3,-3.6249204740635648,3.6249204740635648
IFFEZHEIM,2026-06-30 08:45:00+00:00,138.0,141.55038764907405,141.55038764907405,0.0,3,-3.550387649074054,3.550387649074054
KAUB,2026-06-30 08:45:00+00:00,90.0,92.37949311220734,92.37949311220734,0.0,3,-2.379493112207342,2.379493112207342
KOBLENZ,2026-06-30 08:45:00+00:00,90.0,84.80925535880036,84.80925535880036,0.0,3,5.190744641199643,5.190744641199643
KONSTANZ-RHEIN,2026-06-30 08:45:00+00:00,314.0,312.9004827418916,312.9004827418916,0.0,3,1.099517258108392,1.099517258108392
Koblenz OP,2026-06-30 08:45:00+00:00,206.0,205.0875338922439,205.0875338922439,0.0,3,0.9124661077561029,0.9124661077561029
Koblenz UP,2026-06-30 08:45:00+00:00,68.0,53.62336129877013,53.62336129877013,0.0,3,14.376638701229872,14.376638701229872
KÖLN,2026-06-30 08:45:00+00:00,132.0,134.4247567971473,134.4247567971473,0.0,3,-2.424756797147296,2.424756797147296
MAINZ,2026-06-30 08:45:00+00:00,184.0,186.94031076164168,186.94031076164168,0.0,3,-2.9403107616416833,2.9403107616416833
MANNHEIM,2026-06-30 08:45:00+00:00,167.0,165.5600175504701,165.5600175504701,0.0,3,1.4399824495299072,1.4399824495299072
MAXAU,2026-06-30 08:45:00+00:00,403.0,405.626146848863,405.626146848863,0.0,3,-2.6261468488630157,2.6261468488630157
REES,2026-06-30 08:45:00+00:00,98.0,96.31991746820593,96.31991746820593,0.0,3,1.6800825317940706,1.6800825317940706
RHEINE UNTERSCHLEUSE,2026-06-30 08:45:00+00:00,194.0,194.50032546588437,194.50032546588437,0.0,3,-0.500325465884373,0.500325465884373
RHEINWEILER,2026-06-30 08:45:00+00:00,223.0,223.20620356823616,223.20620356823616,0.0,3,-0.20620356823616248,0.20620356823616248
SANKT GOAR,2026-06-30 08:45:00+00:00,181.0,182.61945787834813,182.61945787834813,0.0,3,-1.619457878348129,1.619457878348129
SPEYER,2026-06-30 08:45:00+00:00,261.0,260.3691233090242,260.3691233090242,0.0,3,0.6308766909758106,0.6308766909758106
WESEL,2026-06-30 08:45:00+00:00,154.0,152.11116845335337,152.11116845335337,0.0,3,1.8888315466466281,1.8888315466466281
WORMS,2026-06-30 08:45:00+00:00,75.0,72.90730053806051,72.90730053806051,0.0,3,2.092699461939489,2.092699461939489
DUISBURG-MEIDERICH SCHLEUSE OW,2026-06-30 08:46:00+00:00,25.0,29.759296737716248,29.631298475401906,-0.12799826231434375,3,-4.6312984754019055,4.6312984754019055
DUISBURG-MEIDERICH SCHLEUSE UW,2026-06-30 08:46:00+00:00,18.19,23.80143261054454,23.670366887383555,-0.13106572316098727,3,-5.480366887383553,5.480366887383553
DUISBURG-MEIDERICH SCHLEUSE OW,2026-06-30 08:47:00+00:00,25.0,29.775531617230506,29.667034608278772,-0.10849700895173389,3,-4.667034608278772,4.667034608278772
DUISBURG-MEIDERICH SCHLEUSE UW,2026-06-30 08:47:00+00:00,18.19,23.848981161237575,23.712701710972688,-0.13627945026488542,3,-5.522701710972687,5.522701710972687
DUISBURG-MEIDERICH SCHLEUSE OW,2026-06-30 08:48:00+00:00,25.0,29.82308016792354,29.714583158971806,-0.10849700895173389,3,-4.714583158971806,4.714583158971806
DUISBURG-MEIDERICH SCHLEUSE UW,2026-06-30 08:48:00+00:00,18.19,23.848981161237575,23.712701710972688,-0.13627945026488542,3,-5.522701710972687,5.522701710972687
DUISBURG-MEIDERICH SCHLEUSE OW,2026-06-30 08:49:00+00:00,25.0,29.82308016792354,29.714583158971806,-0.10849700895173389,3,-4.714583158971806,4.714583158971806
DUISBURG-MEIDERICH SCHLEUSE UW,2026-06-30 08:49:00+00:00,18.19,23.80143261054454,23.670366887383555,-0.13106572316098727,3,-5.480366887383553,5.480366887383553
Basel-Rheinhalle,2026-06-30 08:50:00+00:00,520.0,517.5887909058888,515.9901983468772,-1.598592559011629,3,4.0098016531228495,4.0098016531228495
DUISBURG-MEIDERICH SCHLEUSE OW,2026-06-30 08:50:00+00:00,25.0,29.775531617230506,29.667034608278772,-0.10849700895173389,3,-4.667034608278772,4.667034608278772
DUISBURG-MEIDERICH SCHLEUSE UW,2026-06-30 08:50:00+00:00,18.19,23.80143261054454,23.670366887383555,-0.13106572316098727,3,-5.480366887383553,5.480366887383553
LOBITH,2026-06-30 08:50:00+00:00,704.0,703.6148477904219,703.6148477904219,0.0,3,0.38515220957810925,0.38515220957810925
DUISBURG-MEIDERICH SCHLEUSE OW,2026-06-30 08:51:00+00:00,25.0,29.775531617230506,29.667034608278772,-0.10849700895173389,3,-4.667034608278772,4.667034608278772
DUISBURG-MEIDERICH SCHLEUSE UW,2026-06-30 08:51:00+00:00,18.19,23.80143261054454,23.670366887383555,-0.13106572316098727,3,-5.480366887383553,5.480366887383553
DUISBURG-MEIDERICH SCHLEUSE OW,2026-06-30 08:52:00+00:00,25.0,29.775531617230506,29.667034608278772,-0.10849700895173389,3,-4.667034608278772,4.667034608278772
DUISBURG-MEIDERICH SCHLEUSE UW,2026-06-30 08:52:00+00:00,18.19,23.80143261054454,23.670366887383555,-0.13106572316098727,3,-5.480366887383553,5.480366887383553
DUISBURG-MEIDERICH SCHLEUSE OW,2026-06-30 08:53:00+00:00,25.0,29.775531617230506,29.66841676034073,-0.10711485688977548,3,-4.66841676034073,4.66841676034073
DUISBURG-MEIDERICH SCHLEUSE UW,2026-06-30 08:53:00+00:00,18.19,23.80143261054454,23.670366887383555,-0.13106572316098727,3,-5.480366887383553,5.480366887383553
DUISBURG-MEIDERICH SCHLEUSE OW,2026-06-30 08:54:00+00:00,25.0,29.775531617230506,29.66841676034073,-0.10711485688977548,3,-4.66841676034073,4.66841676034073
DUISBURG-MEIDERICH SCHLEUSE UW,2026-06-30 08:54:00+00:00,18.2,23.80143261054454,23.670366887383555,-0.13106572316098727,3,-5.470366887383555,5.470366887383555
Basel-Rheinhalle,2026-06-30 08:55:00+00:00,520.0,517.8938212611636,516.3565347944639,-1.537286466699717,3,3.643465205536131,3.643465205536131
DUISBURG-MEIDERICH SCHLEUSE OW,2026-06-30 08:55:00+00:00,25.0,29.775531617230506,29.66841676034073,-0.10711485688977548,3,-4.66841676034073,4.66841676034073
DUISBURG-MEIDERICH SCHLEUSE UW,2026-06-30 08:55:00+00:00,18.2,23.80143261054454,23.670366887383555,-0.13106572316098727,3,-5.470366887383555,5.470366887383555
DUISBURG-MEIDERICH SCHLEUSE OW,2026-06-30 08:56:00+00:00,25.0,29.775531617230506,29.66841676034073,-0.10711485688977548,3,-4.66841676034073,4.66841676034073
DUISBURG-MEIDERICH SCHLEUSE UW,2026-06-30 08:56:00+00:00,18.2,23.80143261054454,23.670366887383555,-0.13106572316098727,3,-5.470366887383555,5.470366887383555
DUISBURG-MEIDERICH SCHLEUSE OW,2026-06-30 08:57:00+00:00,25.0,29.78270231428274,29.675587457392965,-0.10711485688977548,3,-4.6755874573929646,4.6755874573929646
DUISBURG-MEIDERICH SCHLEUSE UW,2026-06-30 08:57:00+00:00,18.2,23.80143261054454,23.670366887383555,-0.13106572316098727,3,-5.470366887383555,5.470366887383555
DUISBURG-MEIDERICH SCHLEUSE OW,2026-06-30 08:58:00+00:00,25.0,29.830250864975774,29.725982900578106,-0.10426796439766828,3,-4.725982900578106,4.725982900578106
DUISBURG-MEIDERICH SCHLEUSE UW,2026-06-30 08:58:00+00:00,18.2,23.80143261054454,23.670366887383555,-0.13106572316098727,3,-5.470366887383555,5.470366887383555
DUISBURG-MEIDERICH SCHLEUSE OW,2026-06-30 08:59:00+00:00,25.0,29.830250864975774,29.725982900578106,-0.10426796439766828,3,-4.725982900578106,4.725982900578106
DUISBURG-MEIDERICH SCHLEUSE UW,2026-06-30 08:59:00+00:00,18.2,23.848981161237575,23.712701710972688,-0.13627945026488542,3,-5.512701710972689,5.512701710972689
BINGEN,2026-06-30 09:00:00+00:00,104.0,106.56175925688774,106.56175925688774,0.0,3,-2.56175925688774,2.56175925688774
BONN,2026-06-30 09:00:00+00:00,136.0,140.16819755738607,140.16819755738607,0.0,3,-4.1681975573860655,4.1681975573860655
BREISACH,2026-06-30 09:00:00+00:00,194.0,189.72433267561252,189.72433267561252,0.0,3,4.275667324387484,4.275667324387484
Basel-Rheinhalle,2026-06-30 09:00:00+00:00,521.0,517.8382242938909,516.3009378271912,-1.537286466699717,3,4.6990621728087945,4.6990621728087945
DUISBURG-MEIDERICH SCHLEUSE OW,2026-06-30 09:00:00+00:00,25.0,27.206898109202893,27.102630144805225,-0.10426796439766828,3,-2.102630144805225,2.102630144805225
DUISBURG-MEIDERICH SCHLEUSE UW,2026-06-30 09:00:00+00:00,18.2,21.181082007538393,21.044802557273506,-0.13627945026488542,3,-2.844802557273507,2.844802557273507
DUISBURG-RUHRORT,2026-06-30 09:00:00+00:00,215.0,215.46216123212136,215.46216123212136,0.0,3,-0.4621612321213604,0.4621612321213604
DÜSSELDORF,2026-06-30 09:00:00+00:00,83.0,82.58510161504279,82.58510161504279,0.0,3,0.4148983849572119,0.4148983849572119
EMMERICH,2026-06-30 09:00:00+00:00,52.0,54.48754864655994,54.48754864655994,0.0,3,-2.4875486465599366,2.4875486465599366
IFFEZHEIM,2026-06-30 09:00:00+00:00,141.0,142.111504554754,142.111504554754,0.0,3,-1.1115045547539921,1.1115045547539921
KAUB,2026-06-30 09:00:00+00:00,91.0,92.64605251752097,92.64605251752097,0.0,3,-1.646052517520971,1.646052517520971
KOBLENZ,2026-06-30 09:00:00+00:00,90.0,83.07749029441398,83.07749029441398,0.0,3,6.922509705586023,6.922509705586023
KONSTANZ-RHEIN,2026-06-30 09:00:00+00:00,314.0,312.36688527121214,312.36688527121214,0.0,3,1.6331147287878593,1.6331147287878593
Koblenz OP,2026-06-30 09:00:00+00:00,205.0,202.73065412123321,202.73065412123321,0.0,3,2.269345878766785,2.269345878766785
Koblenz UP,2026-06-30 09:00:00+00:00,69.0,50.68612275002632,50.68612275002632,0.0,3,18.31387724997368,18.31387724997368
KÖLN,2026-06-30 09:00:00+00:00,132.0,135.06626357172573,135.06626357172573,0.0,3,-3.0662635717257274,3.0662635717257274
LOBITH,2026-06-30 09:00:00+00:00,703.0,704.7283200275997,704.7283200275997,0.0,3,-1.7283200275996933,1.7283200275996933
MAINZ,2026-06-30 09:00:00+00:00,185.0,187.4496677720384,187.4496677720384,0.0,3,-2.4496677720383957,2.4496677720383957
MANNHEIM,2026-06-30 09:00:00+00:00,166.0,164.48023015066738,164.48023015066738,0.0,3,1.5197698493326186,1.5197698493326186
MAXAU,2026-06-30 09:00:00+00:00,403.0,405.16992589736446,405.16992589736446,0.0,3,-2.1699258973644646,2.1699258973644646
REES,2026-06-30 09:00:00+00:00,97.0,94.55721138263324,94.55721138263324,0.0,3,2.442788617366759,2.442788617366759
RHEINE UNTERSCHLEUSE,2026-06-30 09:00:00+00:00,194.0,192.5253370552493,192.5253370552493,0.0,3,1.4746629447506905,1.4746629447506905
RHEINWEILER,2026-06-30 09:00:00+00:00,223.0,223.42461986072578,223.42461986072578,0.0,3,-0.42461986072578384,0.42461986072578384
SANKT GOAR,2026-06-30 09:00:00+00:00,182.0,181.34146424698716,181.34146424698716,0.0,3,0.658535753012842,0.658535753012842
SPEYER,2026-06-30 09:00:00+00:00,260.0,259.1124896991379,259.1124896991379,0.0,3,0.8875103008621181,0.8875103008621181
WESEL,2026-06-30 09:00:00+00:00,154.0,151.52460170883273,151.52460170883273,0.0,3,2.4753982911672665,2.4753982911672665
WORMS,2026-06-30 09:00:00+00:00,75.0,72.42669169141995,72.42669169141995,0.0,3,2.573308308580053,2.573308308580053
DUISBURG-MEIDERICH SCHLEUSE OW,2026-06-30 09:01:00+00:00,25.0,26.855443211524484,26.751175247126817,-0.10426796439766828,3,-1.7511752471268167,1.7511752471268167
DUISBURG-MEIDERICH SCHLEUSE UW,2026-06-30 09:01:00+00:00,18.2,20.63791727936711,20.506851556206122,-0.13106572316098727,3,-2.306851556206123,2.306851556206123
DUISBURG-MEIDERICH SCHLEUSE OW,2026-06-30 09:02:00+00:00,25.0,26.755473786303885,26.651205821906217,-0.10426796439766828,3,-1.651205821906217,1.651205821906217
DUISBURG-MEIDERICH SCHLEUSE UW,2026-06-30 09:02:00+00:00,18.2,20.53794785414651,20.406882130985522,-0.13106572316098727,3,-2.206882130985523,2.206882130985523
DUISBURG-MEIDERICH SCHLEUSE OW,2026-06-30 09:03:00+00:00,25.0,27.221869675984955,27.117601711587287,-0.10426796439766828,3,-2.1176017115872874,2.1176017115872874
DUISBURG-MEIDERICH SCHLEUSE UW,2026-06-30 09:03:00+00:00,18.2,21.252410322682564,21.121344599521578,-0.13106572316098727,3,-2.9213445995215785,2.9213445995215785
DUISBURG-MEIDERICH SCHLEUSE OW,2026-06-30 09:04:00+00:00,25.0,27.257628526261332,27.153360561863664,-0.10426796439766828,3,-2.153360561863664,2.153360561863664
DUISBURG-MEIDERICH SCHLEUSE UW,2026-06-30 09:04:00+00:00,18.21,21.28816917295894,21.157103449797955,-0.13106572316098727,3,-2.947103449797954,2.947103449797954
Basel-Rheinhalle,2026-06-30 09:05:00+00:00,516.0,517.3589148077066,515.9111707199243,-1.447744087782355,3,0.08882928007574264,0.08882928007574264
DUISBURG-MEIDERICH SCHLEUSE OW,2026-06-30 09:05:00+00:00,25.0,27.257628526261332,27.153360561863664,-0.10426796439766828,3,-2.153360561863664,2.153360561863664
DUISBURG-MEIDERICH SCHLEUSE UW,2026-06-30 09:05:00+00:00,18.21,21.28816917295894,21.157103449797955,-0.13106572316098727,3,-2.947103449797954,2.947103449797954
DUISBURG-MEIDERICH SCHLEUSE OW,2026-06-30 09:06:00+00:00,25.0,27.25457536881868,27.150307404421014,-0.10426796439766828,3,-2.1503074044210138,2.1503074044210138
DUISBURG-MEIDERICH SCHLEUSE UW,2026-06-30 09:06:00+00:00,18.21,21.28511601551629,21.154050292355304,-0.13106572316098727,3,-2.9440502923553034,2.9440502923553034
DUISBURG-MEIDERICH SCHLEUSE OW,2026-06-30 09:07:00+00:00,25.0,27.25457536881868,27.150307404421014,-0.10426796439766828,3,-2.1503074044210138,2.1503074044210138
DUISBURG-MEIDERICH SCHLEUSE UW,2026-06-30 09:07:00+00:00,18.21,21.28511601551629,21.154050292355304,-0.13106572316098727,3,-2.9440502923553034,2.9440502923553034
DUISBURG-MEIDERICH SCHLEUSE OW,2026-06-30 09:08:00+00:00,25.0,27.25457536881868,27.150307404421014,-0.10426796439766828,3,-2.1503074044210138,2.1503074044210138
DUISBURG-MEIDERICH SCHLEUSE UW,2026-06-30 09:08:00+00:00,18.21,21.28511601551629,21.154050292355304,-0.13106572316098727,3,-2.9440502923553034,2.9440502923553034
DUISBURG-MEIDERICH SCHLEUSE OW,2026-06-30 09:09:00+00:00,25.01,27.180870456099928,27.08086341255448,-0.10000704354544905,3,-2.070863412554477,2.070863412554477
DUISBURG-MEIDERICH SCHLEUSE UW,2026-06-30 09:09:00+00:00,18.21,21.211411102797538,21.08034537963655,-0.13106572316098727,3,-2.87034537963655,2.87034537963655
Basel-Rheinhalle,2026-06-30 09:10:00+00:00,514.0,517.3589148077066,515.9111707199243,-1.447744087782355,3,-1.9111707199242574,1.9111707199242574
DUISBURG-MEIDERICH SCHLEUSE OW,2026-06-30 09:10:00+00:00,25.01,27.22841900679296,27.128411963247512,-0.10000704354544905,3,-2.1184119632475102,2.1184119632475102
DUISBURG-MEIDERICH SCHLEUSE UW,2026-06-30 09:10:00+00:00,18.21,21.211411102797538,21.08034537963655,-0.13106572316098727,3,-2.87034537963655,2.87034537963655
LOBITH,2026-06-30 09:10:00+00:00,704.0,704.2710628768967,704.2710628768967,0.0,3,-0.27106287689673536,0.27106287689673536
DUISBURG-MEIDERICH SCHLEUSE OW,2026-06-30 09:11:00+00:00,25.01,27.22841900679296,27.128411963247512,-0.10000704354544905,3,-2.1184119632475102,2.1184119632475102
DUISBURG-MEIDERICH SCHLEUSE UW,2026-06-30 09:11:00+00:00,18.21,21.25895965349057,21.122680203225684,-0.13627945026488542,3,-2.9126802032256833,2.9126802032256833
DUISBURG-MEIDERICH SCHLEUSE OW,2026-06-30 09:12:00+00:00,25.01,27.180870456099928,27.08086341255448,-0.10000704354544905,3,-2.070863412554477,2.070863412554477
DUISBURG-MEIDERICH SCHLEUSE UW,2026-06-30 09:12:00+00:00,18.21,21.25895965349057,21.122680203225684,-0.13627945026488542,3,-2.9126802032256833,2.9126802032256833
DUISBURG-MEIDERICH SCHLEUSE OW,2026-06-30 09:13:00+00:00,25.01,27.180870456099928,27.08086341255448,-0.10000704354544905,3,-2.070863412554477,2.070863412554477
DUISBURG-MEIDERICH SCHLEUSE UW,2026-06-30 09:13:00+00:00,18.21,21.211411102797538,21.08034537963655,-0.13106572316098727,3,-2.87034537963655,2.87034537963655
DUISBURG-MEIDERICH SCHLEUSE OW,2026-06-30 09:14:00+00:00,25.01,27.180870456099928,27.08086341255448,-0.10000704354544905,3,-2.070863412554477,2.070863412554477
DUISBURG-MEIDERICH SCHLEUSE UW,2026-06-30 09:14:00+00:00,18.21,21.211411102797538,21.08034537963655,-0.13106572316098727,3,-2.87034537963655,2.87034537963655
BINGEN,2026-06-30 09:15:00+00:00,105.0,106.17094004457665,106.17094004457665,0.0,3,-1.1709400445766533,1.1709400445766533
BONN,2026-06-30 09:15:00+00:00,137.0,139.62937668108293,139.62937668108293,0.0,3,-2.629376681082931,2.629376681082931
BREISACH,2026-06-30 09:15:00+00:00,195.0,189.0556256461283,189.0556256461283,0.0,3,5.944374353871694,5.944374353871694
Basel-Rheinhalle,2026-06-30 09:15:00+00:00,516.0,517.4679321548224,515.8224619253124,-1.6454702295099768,3,0.17753807468761806,0.17753807468761806
DUISBURG-MEIDERICH SCHLEUSE OW,2026-06-30 09:15:00+00:00,25.01,27.180870456099928,27.08086341255448,-0.10000704354544905,3,-2.070863412554477,2.070863412554477
DUISBURG-MEIDERICH SCHLEUSE UW,2026-06-30 09:15:00+00:00,18.21,21.211411102797538,21.08034537963655,-0.13106572316098727,3,-2.87034537963655,2.87034537963655
DUISBURG-RUHRORT,2026-06-30 09:15:00+00:00,216.0,215.41664960985187,215.41664960985187,0.0,3,0.5833503901481265,0.5833503901481265
DÜSSELDORF,2026-06-30 09:15:00+00:00,86.0,82.43379688416765,82.43379688416765,0.0,3,3.5662031158323515,3.5662031158323515
EMMERICH,2026-06-30 09:15:00+00:00,53.0,53.45923745108045,53.45923745108045,0.0,3,-0.45923745108044756,0.45923745108044756
IFFEZHEIM,2026-06-30 09:15:00+00:00,138.0,137.6315798555084,137.6315798555084,0.0,3,0.3684201444916084,0.3684201444916084
KAUB,2026-06-30 09:15:00+00:00,91.0,91.98210353726469,91.98210353726469,0.0,3,-0.9821035372646918,0.9821035372646918
KOBLENZ,2026-06-30 09:15:00+00:00,91.0,80.66881655665925,80.66881655665925,0.0,3,10.331183443340748,10.331183443340748
KONSTANZ-RHEIN,2026-06-30 09:15:00+00:00,314.0,311.7484576763994,311.7484576763994,0.0,3,2.2515423236005745,2.2515423236005745
Koblenz OP,2026-06-30 09:15:00+00:00,205.0,202.8255470815899,202.8255470815899,0.0,3,2.174452918410111,2.174452918410111
Koblenz UP,2026-06-30 09:15:00+00:00,69.0,49.724446022007974,49.724446022007974,0.0,3,19.275553977992026,19.275553977992026
KÖLN,2026-06-30 09:15:00+00:00,131.0,134.64399892219035,134.64399892219035,0.0,3,-3.643998922190349,3.643998922190349
MAINZ,2026-06-30 09:15:00+00:00,184.0,187.25149248687146,187.25149248687146,0.0,3,-3.251492486871456,3.251492486871456
MANNHEIM,2026-06-30 09:15:00+00:00,166.0,164.25412124514037,164.25412124514037,0.0,3,1.745878754859632,1.745878754859632
MAXAU,2026-06-30 09:15:00+00:00,403.0,404.7097809958543,404.7097809958543,0.0,3,-1.7097809958543166,1.7097809958543166
REES,2026-06-30 09:15:00+00:00,97.0,94.01222727500249,94.01222727500249,0.0,3,2.9877727249975123,2.9877727249975123
RHEINE UNTERSCHLEUSE,2026-06-30 09:15:00+00:00,194.0,188.99612873556035,188.99612873556035,0.0,3,5.003871264439653,5.003871264439653
RHEINWEILER,2026-06-30 09:15:00+00:00,223.0,223.09131845828466,223.09131845828466,0.0,3,-0.09131845828466112,0.09131845828466112
SANKT GOAR,2026-06-30 09:15:00+00:00,182.0,180.94256658124124,180.94256658124124,0.0,3,1.0574334187587624,1.0574334187587624
SPEYER,2026-06-30 09:15:00+00:00,261.0,259.0267869144218,259.0267869144218,0.0,3,1.9732130855782088,1.9732130855782088
WESEL,2026-06-30 09:15:00+00:00,153.0,151.0311261504002,151.0311261504002,0.0,3,1.9688738495997882,1.9688738495997882
WORMS,2026-06-30 09:15:00+00:00,75.0,72.07886405489346,72.07886405489346,0.0,3,2.921135945106542,2.921135945106542
DUISBURG-MEIDERICH SCHLEUSE OW,2026-06-30 09:16:00+00:00,25.01,27.180870456099928,27.08086341255448,-0.10000704354544905,3,-2.070863412554477,2.070863412554477
DUISBURG-MEIDERICH SCHLEUSE UW,2026-06-30 09:16:00+00:00,18.21,21.211411102797538,21.08034537963655,-0.13106572316098727,3,-2.87034537963655,2.87034537963655
DUISBURG-MEIDERICH SCHLEUSE OW,2026-06-30 09:17:00+00:00,25.01,27.180870456099928,27.08086341255448,-0.10000704354544905,3,-2.070863412554477,2.070863412554477
DUISBURG-MEIDERICH SCHLEUSE UW,2026-06-30 09:17:00+00:00,18.21,21.211411102797538,21.08034537963655,-0.13106572316098727,3,-2.87034537963655,2.87034537963655
DUISBURG-MEIDERICH SCHLEUSE OW,2026-06-30 09:18:00+00:00,25.01,27.180870456099928,27.08086341255448,-0.10000704354544905,3,-2.070863412554477,2.070863412554477
DUISBURG-MEIDERICH SCHLEUSE UW,2026-06-30 09:18:00+00:00,18.21,21.211411102797538,21.08034537963655,-0.13106572316098727,3,-2.87034537963655,2.87034537963655
DUISBURG-MEIDERICH SCHLEUSE OW,2026-06-30 09:19:00+00:00,25.01,27.180870456099928,27.08086341255448,-0.10000704354544905,3,-2.070863412554477,2.070863412554477
DUISBURG-MEIDERICH SCHLEUSE UW,2026-06-30 09:19:00+00:00,18.21,21.25895965349057,21.122680203225684,-0.13627945026488542,3,-2.9126802032256833,2.9126802032256833
Basel-Rheinhalle,2026-06-30 09:20:00+00:00,518.0,517.6559134579949,516.1956627134026,-1.4602507445922737,3,1.804337286597388,1.804337286597388
DUISBURG-MEIDERICH SCHLEUSE OW,2026-06-30 09:20:00+00:00,25.01,27.180870456099928,27.08086341255448,-0.10000704354544905,3,-2.070863412554477,2.070863412554477
DUISBURG-MEIDERICH SCHLEUSE UW,2026-06-30 09:20:00+00:00,18.21,21.25895965349057,21.122680203225684,-0.13627945026488542,3,-2.9126802032256833,2.9126802032256833
LOBITH,2026-06-30 09:20:00+00:00,704.0,704.1622744412705,704.1622744412705,0.0,3,-0.1622744412704833,0.1622744412704833
DUISBURG-MEIDERICH SCHLEUSE OW,2026-06-30 09:21:00+00:00,25.01,27.180870456099928,27.08086341255448,-0.10000704354544905,3,-2.070863412554477,2.070863412554477
DUISBURG-MEIDERICH SCHLEUSE UW,2026-06-30 09:21:00+00:00,18.21,21.211411102797538,21.08034537963655,-0.13106572316098727,3,-2.87034537963655,2.87034537963655
DUISBURG-MEIDERICH SCHLEUSE OW,2026-06-30 09:22:00+00:00,25.01,27.180870456099928,27.08086341255448,-0.10000704354544905,3,-2.070863412554477,2.070863412554477
DUISBURG-MEIDERICH SCHLEUSE UW,2026-06-30 09:22:00+00:00,18.21,21.211411102797538,21.08034537963655,-0.13106572316098727,3,-2.87034537963655,2.87034537963655
DUISBURG-MEIDERICH SCHLEUSE OW,2026-06-30 09:23:00+00:00,25.01,27.180870456099928,27.08086341255448,-0.10000704354544905,3,-2.070863412554477,2.070863412554477
DUISBURG-MEIDERICH SCHLEUSE UW,2026-06-30 09:23:00+00:00,18.21,21.211411102797538,21.08034537963655,-0.13106572316098727,3,-2.87034537963655,2.87034537963655
DUISBURG-MEIDERICH SCHLEUSE OW,2026-06-30 09:24:00+00:00,25.01,27.180870456099928,27.08086341255448,-0.10000704354544905,3,-2.070863412554477,2.070863412554477
DUISBURG-MEIDERICH SCHLEUSE UW,2026-06-30 09:24:00+00:00,18.21,21.211411102797538,21.08034537963655,-0.13106572316098727,3,-2.87034537963655,2.87034537963655
Basel-Rheinhalle,2026-06-30 09:25:00+00:00,519.0,517.5777947833908,516.1644217092969,-1.4133730740939254,3,2.835578290703097,2.835578290703097
DUISBURG-MEIDERICH SCHLEUSE OW,2026-06-30 09:25:00+00:00,25.01,27.180870456099928,27.08086341255448,-0.10000704354544905,3,-2.070863412554477,2.070863412554477
DUISBURG-MEIDERICH SCHLEUSE UW,2026-06-30 09:25:00+00:00,18.2,21.211411102797538,21.08034537963655,-0.13106572316098727,3,-2.8803453796365517,2.8803453796365517
DUISBURG-MEIDERICH SCHLEUSE OW,2026-06-30 09:26:00+00:00,25.01,27.180870456099928,27.08086341255448,-0.10000704354544905,3,-2.070863412554477,2.070863412554477
DUISBURG-MEIDERICH SCHLEUSE UW,2026-06-30 09:26:00+00:00,18.2,21.211411102797538,21.08034537963655,-0.13106572316098727,3,-2.8803453796365517,2.8803453796365517
DUISBURG-MEIDERICH SCHLEUSE OW,2026-06-30 09:27:00+00:00,25.01,27.180870456099928,27.08086341255448,-0.10000704354544905,3,-2.070863412554477,2.070863412554477
DUISBURG-MEIDERICH SCHLEUSE UW,2026-06-30 09:27:00+00:00,18.21,21.211411102797538,21.08034537963655,-0.13106572316098727,3,-2.87034537963655,2.87034537963655
DUISBURG-MEIDERICH SCHLEUSE OW,2026-06-30 09:28:00+00:00,25.01,27.180870456099928,27.08086341255448,-0.10000704354544905,3,-2.070863412554477,2.070863412554477
DUISBURG-MEIDERICH SCHLEUSE UW,2026-06-30 09:28:00+00:00,18.21,21.211411102797538,21.08034537963655,-0.13106572316098727,3,-2.87034537963655,2.87034537963655
DUISBURG-MEIDERICH SCHLEUSE OW,2026-06-30 09:29:00+00:00,25.01,27.180870456099928,27.08086341255448,-0.10000704354544905,3,-2.070863412554477,2.070863412554477
DUISBURG-MEIDERICH SCHLEUSE UW,2026-06-30 09:29:00+00:00,18.21,21.25895965349057,21.122680203225684,-0.13627945026488542,3,-2.9126802032256833,2.9126802032256833
BINGEN,2026-06-30 09:30:00+00:00,105.0,105.9899862963302,105.9899862963302,0.0,3,-0.9899862963302013,0.9899862963302013
BONN,2026-06-30 09:30:00+00:00,136.0,139.37679704542927,139.37679704542927,0.0,3,-3.376797045429271,3.376797045429271
BREISACH,2026-06-30 09:30:00+00:00,195.0,188.93612257607057,188.93612257607057,0.0,3,6.063877423929426,6.063877423929426
Basel-Rheinhalle,2026-06-30 09:30:00+00:00,522.0,517.7261258711761,516.3056659598135,-1.4204599113625906,3,5.694334040186504,5.694334040186504
DUISBURG-MEIDERICH SCHLEUSE OW,2026-06-30 09:30:00+00:00,25.01,27.180870456099928,27.08086341255448,-0.10000704354544905,3,-2.070863412554477,2.070863412554477
DUISBURG-MEIDERICH SCHLEUSE UW,2026-06-30 09:30:00+00:00,18.21,21.25895965349057,21.12298725691167,-0.13597239657889842,3,-2.91298725691167,2.91298725691167
DUISBURG-RUHRORT,2026-06-30 09:30:00+00:00,216.0,215.36394236048397,215.36394236048397,0.0,3,0.6360576395160251,0.6360576395160251
DÜSSELDORF,2026-06-30 09:30:00+00:00,86.0,83.41553842915731,83.41553842915731,0.0,3,2.5844615708426915,2.5844615708426915
EMMERICH,2026-06-30 09:30:00+00:00,52.0,52.813233841432485,52.813233841432485,0.0,3,-0.8132338414324849,0.8132338414324849
IFFEZHEIM,2026-06-30 09:30:00+00:00,136.0,137.70363735423666,137.70363735423666,0.0,3,-1.7036373542366618,1.7036373542366618
KAUB,2026-06-30 09:30:00+00:00,91.0,91.80114978901824,91.80114978901824,0.0,3,-0.8011497890182397,0.8011497890182397
KOBLENZ,2026-06-30 09:30:00+00:00,91.0,81.76822092207492,81.76822092207492,0.0,3,9.231779077925083,9.231779077925083
KONSTANZ-RHEIN,2026-06-30 09:30:00+00:00,314.0,312.2379224739467,312.2379224739467,0.0,3,1.7620775260533037,1.7620775260533037
Koblenz OP,2026-06-30 09:30:00+00:00,206.0,203.35415295000544,203.35415295000544,0.0,3,2.6458470499945577,2.6458470499945577
Koblenz UP,2026-06-30 09:30:00+00:00,70.0,46.19852848693145,46.19852848693145,0.0,3,23.80147151306855,23.80147151306855
KÖLN,2026-06-30 09:30:00+00:00,131.0,134.41465497383808,134.41465497383808,0.0,3,-3.4146549738380827,3.4146549738380827
LOBITH,2026-06-30 09:30:00+00:00,703.0,703.0496741971259,703.0496741971259,0.0,3,-0.049674197125909814,0.049674197125909814
MAINZ,2026-06-30 09:30:00+00:00,182.0,187.90550322959186,187.90550322959186,0.0,3,-5.905503229591858,5.905503229591858
MANNHEIM,2026-06-30 09:30:00+00:00,166.0,164.885911295166,164.885911295166,0.0,3,1.1140887048339891,1.1140887048339891
MAXAU,2026-06-30 09:30:00+00:00,403.0,404.6963181520931,404.6963181520931,0.0,3,-1.696318152093113,1.696318152093113
REES,2026-06-30 09:30:00+00:00,96.0,93.6381246770662,93.6381246770662,0.0,3,2.3618753229337983,2.3618753229337983
RHEINE UNTERSCHLEUSE,2026-06-30 09:30:00+00:00,194.0,189.71733231987892,189.71733231987892,0.0,3,4.2826676801210795,4.2826676801210795
RHEINWEILER,2026-06-30 09:30:00+00:00,223.0,223.50595383712033,223.50595383712033,0.0,3,-0.5059538371203303,0.5059538371203303
SANKT GOAR,2026-06-30 09:30:00+00:00,181.0,180.99303043448882,180.99303043448882,0.0,3,0.006969565511184328,0.006969565511184328
SPEYER,2026-06-30 09:30:00+00:00,261.0,259.17255612969547,259.17255612969547,0.0,3,1.8274438703045348,1.8274438703045348
WESEL,2026-06-30 09:30:00+00:00,154.0,151.16347085020934,151.16347085020934,0.0,3,2.836529149790664,2.836529149790664
WORMS,2026-06-30 09:30:00+00:00,75.0,72.17676294748276,72.17676294748276,0.0,3,2.8232370525172428,2.8232370525172428
DUISBURG-MEIDERICH SCHLEUSE OW,2026-06-30 09:31:00+00:00,25.01,27.180870456099928,27.08086341255448,-0.10000704354544905,3,-2.070863412554477,2.070863412554477
DUISBURG-MEIDERICH SCHLEUSE UW,2026-06-30 09:31:00+00:00,18.2,21.211411102797538,21.080652433322538,-0.13075866947500028,3,-2.8806524333225383,2.8806524333225383
DUISBURG-MEIDERICH SCHLEUSE OW,2026-06-30 09:32:00+00:00,25.01,27.180870456099928,27.08086341255448,-0.10000704354544905,3,-2.070863412554477,2.070863412554477
DUISBURG-MEIDERICH SCHLEUSE UW,2026-06-30 09:32:00+00:00,18.2,21.211411102797538,21.080652433322538,-0.13075866947500028,3,-2.8806524333225383,2.8806524333225383
DUISBURG-MEIDERICH SCHLEUSE OW,2026-06-30 09:33:00+00:00,25.01,27.180870456099928,27.08086341255448,-0.10000704354544905,3,-2.070863412554477,2.070863412554477
DUISBURG-MEIDERICH SCHLEUSE UW,2026-06-30 09:33:00+00:00,18.2,21.211411102797538,21.080652433322538,-0.13075866947500028,3,-2.8806524333225383,2.8806524333225383
DUISBURG-MEIDERICH SCHLEUSE OW,2026-06-30 09:34:00+00:00,25.01,27.22841900679296,27.128411963247512,-0.10000704354544905,3,-2.1184119632475102,2.1184119632475102
DUISBURG-MEIDERICH SCHLEUSE UW,2026-06-30 09:34:00+00:00,18.2,21.211411102797538,21.080652433322538,-0.13075866947500028,3,-2.8806524333225383,2.8806524333225383
Basel-Rheinhalle,2026-06-30 09:35:00+00:00,519.0,517.9304809569769,516.5100210456143,-1.4204599113625906,3,2.4899789543857196,2.4899789543857196
DUISBURG-MEIDERICH SCHLEUSE OW,2026-06-30 09:35:00+00:00,25.01,27.22841900679296,27.128411963247512,-0.10000704354544905,3,-2.1184119632475102,2.1184119632475102
DUISBURG-MEIDERICH SCHLEUSE UW,2026-06-30 09:35:00+00:00,18.2,21.211411102797538,21.080652433322538,-0.13075866947500028,3,-2.8806524333225383,2.8806524333225383
DUISBURG-MEIDERICH SCHLEUSE OW,2026-06-30 09:36:00+00:00,25.01,27.180870456099928,27.08086341255448,-0.10000704354544905,3,-2.070863412554477,2.070863412554477
DUISBURG-MEIDERICH SCHLEUSE UW,2026-06-30 09:36:00+00:00,18.2,21.211411102797538,21.080652433322538,-0.13075866947500028,3,-2.8806524333225383,2.8806524333225383
DUISBURG-MEIDERICH SCHLEUSE OW,2026-06-30 09:37:00+00:00,25.01,27.180870456099928,27.08086341255448,-0.10000704354544905,3,-2.070863412554477,2.070863412554477
DUISBURG-MEIDERICH SCHLEUSE UW,2026-06-30 09:37:00+00:00,18.2,21.211411102797538,21.080652433322538,-0.13075866947500028,3,-2.8806524333225383,2.8806524333225383
DUISBURG-MEIDERICH SCHLEUSE OW,2026-06-30 09:38:00+00:00,25.01,27.180870456099928,27.08086341255448,-0.10000704354544905,3,-2.070863412554477,2.070863412554477
DUISBURG-MEIDERICH SCHLEUSE UW,2026-06-30 09:38:00+00:00,18.19,21.211411102797538,21.080652433322538,-0.13075866947500028,3,-2.8906524333225363,2.8906524333225363
DUISBURG-MEIDERICH SCHLEUSE OW,2026-06-30 09:39:00+00:00,25.01,27.180870456099928,27.08086341255448,-0.10000704354544905,3,-2.070863412554477,2.070863412554477
DUISBURG-MEIDERICH SCHLEUSE UW,2026-06-30 09:39:00+00:00,18.19,21.211411102797538,21.080652433322538,-0.13075866947500028,3,-2.8906524333225363,2.8906524333225363
Basel-Rheinhalle,2026-06-30 09:40:00+00:00,519.0,517.8991989212939,516.3619124545942,-1.537286466699717,3,2.638087545405824,2.638087545405824
DUISBURG-MEIDERICH SCHLEUSE OW,2026-06-30 09:40:00+00:00,25.01,27.180870456099928,27.08086341255448,-0.10000704354544905,3,-2.070863412554477,2.070863412554477
DUISBURG-MEIDERICH SCHLEUSE UW,2026-06-30 09:40:00+00:00,18.19,21.211411102797538,21.080652433322538,-0.13075866947500028,3,-2.8906524333225363,2.8906524333225363
LOBITH,2026-06-30 09:40:00+00:00,704.0,703.1741177331756,703.1741177331756,0.0,3,0.8258822668243511,0.8258822668243511
DUISBURG-MEIDERICH SCHLEUSE OW,2026-06-30 09:41:00+00:00,25.0,27.180870456099928,27.08086341255448,-0.10000704354544905,3,-2.0808634125544785,2.0808634125544785
DUISBURG-MEIDERICH SCHLEUSE UW,2026-06-30 09:41:00+00:00,18.19,21.211411102797538,21.080652433322538,-0.13075866947500028,3,-2.8906524333225363,2.8906524333225363
DUISBURG-MEIDERICH SCHLEUSE OW,2026-06-30 09:42:00+00:00,25.0,27.180870456099928,27.08086341255448,-0.10000704354544905,3,-2.0808634125544785,2.0808634125544785
DUISBURG-MEIDERICH SCHLEUSE UW,2026-06-30 09:42:00+00:00,18.19,21.211411102797538,21.080652433322538,-0.13075866947500028,3,-2.8906524333225363,2.8906524333225363
DUISBURG-MEIDERICH SCHLEUSE OW,2026-06-30 09:43:00+00:00,25.0,27.180870456099928,27.08086341255448,-0.10000704354544905,3,-2.0808634125544785,2.0808634125544785
DUISBURG-MEIDERICH SCHLEUSE UW,2026-06-30 09:43:00+00:00,18.19,21.211411102797538,21.080652433322538,-0.13075866947500028,3,-2.8906524333225363,2.8906524333225363
DUISBURG-MEIDERICH SCHLEUSE OW,2026-06-30 09:44:00+00:00,25.0,27.180870456099928,27.08086341255448,-0.10000704354544905,3,-2.0808634125544785,2.0808634125544785
DUISBURG-MEIDERICH SCHLEUSE UW,2026-06-30 09:44:00+00:00,18.2,21.211411102797538,21.080652433322538,-0.13075866947500028,3,-2.8806524333225383,2.8806524333225383
BINGEN,2026-06-30 09:45:00+00:00,105.0,106.39591119658962,106.39591119658962,0.0,3,-1.3959111965896227,1.3959111965896227
BONN,2026-06-30 09:45:00+00:00,137.0,140.34472772597806,140.34472772597806,0.0,3,-3.3447277259780606,3.3447277259780606
BREISACH,2026-06-30 09:45:00+00:00,195.0,187.680286871462,187.680286871462,0.0,3,7.319713128538012,7.319713128538012
Basel-Rheinhalle,2026-06-30 09:45:00+00:00,522.0,517.5941685660191,515.9955760070075,-1.598592559011629,3,6.0044239929925425,6.0044239929925425
DUISBURG-MEIDERICH SCHLEUSE OW,2026-06-30 09:45:00+00:00,25.0,27.180870456099928,27.08086341255448,-0.10000704354544905,3,-2.0808634125544785,2.0808634125544785
DUISBURG-MEIDERICH SCHLEUSE UW,2026-06-30 09:45:00+00:00,18.2,21.211411102797538,21.080652433322538,-0.13075866947500028,3,-2.8806524333225383,2.8806524333225383
DUISBURG-RUHRORT,2026-06-30 09:45:00+00:00,215.0,214.986046251,214.986046251,0.0,3,0.013953748999995241,0.013953748999995241
DÜSSELDORF,2026-06-30 09:45:00+00:00,87.0,83.89067370491537,83.89067370491537,0.0,3,3.109326295084628,3.109326295084628
EMMERICH,2026-06-30 09:45:00+00:00,54.0,51.78974250637813,51.78974250637813,0.0,3,2.2102574936218673,2.2102574936218673
IFFEZHEIM,2026-06-30 09:45:00+00:00,138.0,142.8053291056524,142.8053291056524,0.0,3,-4.80532910565239,4.80532910565239
KAUB,2026-06-30 09:45:00+00:00,89.0,92.20707468927766,92.20707468927766,0.0,3,-3.207074689277661,3.207074689277661
KOBLENZ,2026-06-30 09:45:00+00:00,91.0,81.5570109277521,81.5570109277521,0.0,3,9.442989072247897,9.442989072247897
KONSTANZ-RHEIN,2026-06-30 09:45:00+00:00,314.0,312.7512105908071,312.7512105908071,0.0,3,1.2487894091929093,1.2487894091929093
Koblenz OP,2026-06-30 09:45:00+00:00,205.0,204.80479227903743,204.80479227903743,0.0,3,0.19520772096257133,0.19520772096257133
Koblenz UP,2026-06-30 09:45:00+00:00,70.0,46.68256402609766,46.68256402609766,0.0,3,23.31743597390234,23.31743597390234
KÖLN,2026-06-30 09:45:00+00:00,133.0,135.28031413661196,135.28031413661196,0.0,3,-2.2803141366119632,2.2803141366119632
MAINZ,2026-06-30 09:45:00+00:00,181.0,188.31901466251827,188.31901466251827,0.0,3,-7.319014662518271,7.319014662518271
MANNHEIM,2026-06-30 09:45:00+00:00,167.0,165.51195044029902,165.51195044029902,0.0,3,1.4880495597009826,1.4880495597009826
MAXAU,2026-06-30 09:45:00+00:00,402.0,405.96369672387465,405.96369672387465,0.0,3,-3.963696723874648,3.963696723874648
REES,2026-06-30 09:45:00+00:00,96.0,94.65048151927537,94.65048151927537,0.0,3,1.349518480724626,1.349518480724626
RHEINE UNTERSCHLEUSE,2026-06-30 09:45:00+00:00,194.0,187.16568228231571,187.16568228231571,0.0,3,6.834317717684286,6.834317717684286
RHEINWEILER,2026-06-30 09:45:00+00:00,223.0,223.79219422778692,223.79219422778692,0.0,3,-0.7921942277869221,0.7921942277869221
SANKT GOAR,2026-06-30 09:45:00+00:00,182.0,187.22482692864148,187.22482692864148,0.0,3,-5.224826928641477,5.224826928641477
SPEYER,2026-06-30 09:45:00+00:00,261.0,261.0568821503289,261.0568821503289,0.0,3,-0.05688215032887456,0.05688215032887456
WESEL,2026-06-30 09:45:00+00:00,154.0,151.4317950881265,151.4317950881265,0.0,3,2.5682049118734938,2.5682049118734938
WORMS,2026-06-30 09:45:00+00:00,76.0,73.65210876527806,73.65210876527806,0.0,3,2.347891234721942,2.347891234721942
DUISBURG-MEIDERICH SCHLEUSE OW,2026-06-30 09:46:00+00:00,25.0,27.180870456099928,27.08086341255448,-0.10000704354544905,3,-2.0808634125544785,2.0808634125544785
DUISBURG-MEIDERICH SCHLEUSE UW,2026-06-30 09:46:00+00:00,18.2,21.211411102797538,21.080652433322538,-0.13075866947500028,3,-2.8806524333225383,2.8806524333225383
DUISBURG-MEIDERICH SCHLEUSE OW,2026-06-30 09:47:00+00:00,25.0,27.180870456099928,27.08086341255448,-0.10000704354544905,3,-2.0808634125544785,2.0808634125544785
DUISBURG-MEIDERICH SCHLEUSE UW,2026-06-30 09:47:00+00:00,18.2,21.211411102797538,21.080652433322538,-0.13075866947500028,3,-2.8806524333225383,2.8806524333225383
DUISBURG-MEIDERICH SCHLEUSE OW,2026-06-30 09:48:00+00:00,25.0,27.180870456099928,27.08086341255448,-0.10000704354544905,3,-2.0808634125544785,2.0808634125544785
DUISBURG-MEIDERICH SCHLEUSE UW,2026-06-30 09:48:00+00:00,18.2,21.211411102797538,21.080652433322538,-0.13075866947500028,3,-2.8806524333225383,2.8806524333225383
DUISBURG-MEIDERICH SCHLEUSE OW,2026-06-30 09:49:00+00:00,25.0,27.180870456099928,27.08086341255448,-0.10000704354544905,3,-2.0808634125544785,2.0808634125544785
DUISBURG-MEIDERICH SCHLEUSE UW,2026-06-30 09:49:00+00:00,18.2,21.211411102797538,21.080652433322538,-0.13075866947500028,3,-2.8806524333225383,2.8806524333225383
Basel-Rheinhalle,2026-06-30 09:50:00+00:00,519.0,517.6783890245381,516.3545583293616,-1.3238306951765635,3,2.6454416706384336,2.6454416706384336
DUISBURG-MEIDERICH SCHLEUSE OW,2026-06-30 09:50:00+00:00,25.0,27.180870456099928,27.08086341255448,-0.10000704354544905,3,-2.0808634125544785,2.0808634125544785
DUISBURG-MEIDERICH SCHLEUSE UW,2026-06-30 09:50:00+00:00,18.2,21.25895965349057,21.12298725691167,-0.13597239657889842,3,-2.9229872569116715,2.9229872569116715
LOBITH,2026-06-30 09:50:00+00:00,704.0,703.2350923605786,703.2350923605786,0.0,3,0.7649076394213807,0.7649076394213807
DUISBURG-MEIDERICH SCHLEUSE OW,2026-06-30 09:51:00+00:00,25.0,27.180870456099928,27.08086341255448,-0.10000704354544905,3,-2.0808634125544785,2.0808634125544785
DUISBURG-MEIDERICH SCHLEUSE UW,2026-06-30 09:51:00+00:00,18.2,21.25895965349057,21.122680203225684,-0.13627945026488542,3,-2.922680203225685,2.922680203225685
DUISBURG-MEIDERICH SCHLEUSE OW,2026-06-30 09:52:00+00:00,25.0,27.180870456099928,27.08086341255448,-0.10000704354544905,3,-2.0808634125544785,2.0808634125544785
DUISBURG-MEIDERICH SCHLEUSE UW,2026-06-30 09:52:00+00:00,18.2,21.25895965349057,21.122680203225684,-0.13627945026488542,3,-2.922680203225685,2.922680203225685
DUISBURG-MEIDERICH SCHLEUSE OW,2026-06-30 09:53:00+00:00,25.0,27.180870456099928,27.08086341255448,-0.10000704354544905,3,-2.0808634125544785,2.0808634125544785
DUISBURG-MEIDERICH SCHLEUSE UW,2026-06-30 09:53:00+00:00,18.2,21.25895965349057,21.12298725691167,-0.13597239657889842,3,-2.9229872569116715,2.9229872569116715
DUISBURG-MEIDERICH SCHLEUSE OW,2026-06-30 09:54:00+00:00,25.0,27.180870456099928,27.08086341255448,-0.10000704354544905,3,-2.0808634125544785,2.0808634125544785
DUISBURG-MEIDERICH SCHLEUSE UW,2026-06-30 09:54:00+00:00,18.2,21.211411102797538,21.080652433322538,-0.13075866947500028,3,-2.8806524333225383,2.8806524333225383
Basel-Rheinhalle,2026-06-30 09:55:00+00:00,519.0,517.9834193798129,516.7208947769482,-1.2625246028646515,3,2.279105223051829,2.279105223051829
DUISBURG-MEIDERICH SCHLEUSE OW,2026-06-30 09:55:00+00:00,25.0,27.180870456099928,27.08086341255448,-0.10000704354544905,3,-2.0808634125544785,2.0808634125544785
DUISBURG-MEIDERICH SCHLEUSE UW,2026-06-30 09:55:00+00:00,18.2,21.211411102797538,21.080652433322538,-0.13075866947500028,3,-2.8806524333225383,2.8806524333225383
DUISBURG-MEIDERICH SCHLEUSE OW,2026-06-30 09:56:00+00:00,25.0,27.180870456099928,27.08086341255448,-0.10000704354544905,3,-2.0808634125544785,2.0808634125544785
DUISBURG-MEIDERICH SCHLEUSE UW,2026-06-30 09:56:00+00:00,18.2,21.25895965349057,21.12298725691167,-0.13597239657889842,3,-2.9229872569116715,2.9229872569116715
DUISBURG-MEIDERICH SCHLEUSE OW,2026-06-30 09:57:00+00:00,25.0,27.180870456099928,27.08086341255448,-0.10000704354544905,3,-2.0808634125544785,2.0808634125544785
DUISBURG-MEIDERICH SCHLEUSE UW,2026-06-30 09:57:00+00:00,18.2,21.25895965349057,21.122680203225684,-0.13627945026488542,3,-2.922680203225685,2.922680203225685
DUISBURG-MEIDERICH SCHLEUSE OW,2026-06-30 09:58:00+00:00,25.0,27.180870456099928,27.08086341255448,-0.10000704354544905,3,-2.0808634125544785,2.0808634125544785
DUISBURG-MEIDERICH SCHLEUSE UW,2026-06-30 09:58:00+00:00,18.2,21.211411102797538,21.08034537963655,-0.13106572316098727,3,-2.8803453796365517,2.8803453796365517
DUISBURG-MEIDERICH SCHLEUSE OW,2026-06-30 09:59:00+00:00,25.0,27.180870456099928,27.08086341255448,-0.10000704354544905,3,-2.0808634125544785,2.0808634125544785
DUISBURG-MEIDERICH SCHLEUSE UW,2026-06-30 09:59:00+00:00,18.2,21.211411102797538,21.08034537963655,-0.13106572316098727,3,-2.8803453796365517,2.8803453796365517
BINGEN,2026-06-30 10:00:00+00:00,105.0,106.39591119658962,106.39591119658962,0.0,3,-1.3959111965896227,1.3959111965896227
BONN,2026-06-30 10:00:00+00:00,137.0,140.12495331773485,140.12495331773485,0.0,3,-3.1249533177348496,3.1249533177348496
BREISACH,2026-06-30 10:00:00+00:00,193.0,189.22985181303937,189.22985181303937,0.0,3,3.7701481869606255,3.7701481869606255
Basel-Rheinhalle,2026-06-30 10:00:00+00:00,519.0,517.8042445457802,516.3439938011879,-1.4602507445922737,3,2.656006198812065,2.656006198812065
DUISBURG-MEIDERICH SCHLEUSE OW,2026-06-30 10:00:00+00:00,25.0,27.175438166121822,27.075431122576372,-0.10000704354544905,3,-2.075431122576372,2.075431122576372
DUISBURG-MEIDERICH SCHLEUSE UW,2026-06-30 10:00:00+00:00,18.21,20.957912233964446,20.827442290014076,-0.13046994395036876,3,-2.6174422900140755,2.6174422900140755
DUISBURG-RUHRORT,2026-06-30 10:00:00+00:00,217.0,214.69938471821374,214.69938471821374,0.0,3,2.300615281786264,2.300615281786264
DÜSSELDORF,2026-06-30 10:00:00+00:00,86.0,83.82966019669792,83.82966019669792,0.0,3,2.1703398033020846,2.1703398033020846
EMMERICH,2026-06-30 10:00:00+00:00,53.0,50.60249828920321,50.60249828920321,0.0,3,2.3975017107967886,2.3975017107967886
IFFEZHEIM,2026-06-30 10:00:00+00:00,137.0,142.27311120606717,142.27311120606717,0.0,3,-5.2731112060671705,5.2731112060671705
KAUB,2026-06-30 10:00:00+00:00,90.0,92.20707468927766,92.20707468927766,0.0,3,-2.207074689277661,2.207074689277661
KOBLENZ,2026-06-30 10:00:00+00:00,92.0,82.60043148018607,82.60043148018607,0.0,3,9.399568519813926,9.399568519813926
KONSTANZ-RHEIN,2026-06-30 10:00:00+00:00,313.0,312.8121852182101,312.8121852182101,0.0,3,0.1878147817898821,0.1878147817898821
Koblenz OP,2026-06-30 10:00:00+00:00,205.0,203.92595685383398,203.92595685383398,0.0,3,1.0740431461660194,1.0740431461660194
Koblenz UP,2026-06-30 10:00:00+00:00,70.0,46.68256402609766,46.68256402609766,0.0,3,23.31743597390234,23.31743597390234
KÖLN,2026-06-30 10:00:00+00:00,131.0,134.91613184390636,134.91613184390636,0.0,3,-3.9161318439063564,3.9161318439063564
LOBITH,2026-06-30 10:00:00+00:00,704.0,705.2018144651943,705.2018144651943,0.0,3,-1.2018144651942748,1.2018144651942748
MAINZ,2026-06-30 10:00:00+00:00,182.0,188.28665865371494,188.28665865371494,0.0,3,-6.286658653714937,6.286658653714937
MANNHEIM,2026-06-30 10:00:00+00:00,167.0,164.99317444323088,164.99317444323088,0.0,3,2.0068255567691153,2.0068255567691153
MAXAU,2026-06-30 10:00:00+00:00,402.0,405.6718470184407,405.6718470184407,0.0,3,-3.671847018440701,3.671847018440701
REES,2026-06-30 10:00:00+00:00,96.0,94.17530169402654,94.17530169402654,0.0,3,1.824698305973456,1.824698305973456
RHEINE UNTERSCHLEUSE,2026-06-30 10:00:00+00:00,194.0,198.5510400966449,198.5510400966449,0.0,3,-4.551040096644897,4.551040096644897
RHEINWEILER,2026-06-30 10:00:00+00:00,223.0,223.79219422778692,223.79219422778692,0.0,3,-0.7921942277869221,0.7921942277869221
SANKT GOAR,2026-06-30 10:00:00+00:00,181.0,187.22482692864148,187.22482692864148,0.0,3,-6.224826928641477,6.224826928641477
SPEYER,2026-06-30 10:00:00+00:00,261.0,259.41490198343683,259.41490198343683,0.0,3,1.5850980165631654,1.5850980165631654
WESEL,2026-06-30 10:00:00+00:00,154.0,152.0120562091385,152.0120562091385,0.0,3,1.9879437908614932,1.9879437908614932
WORMS,2026-06-30 10:00:00+00:00,75.0,72.71777929810862,72.71777929810862,0.0,3,2.282220701891376,2.282220701891376
DUISBURG-MEIDERICH SCHLEUSE OW,2026-06-30 10:01:00+00:00,25.0,26.823983268443413,26.723976224897964,-0.10000704354544905,3,-1.7239762248979638,1.7239762248979638
DUISBURG-MEIDERICH SCHLEUSE UW,2026-06-30 10:01:00+00:00,18.21,20.606457336286038,20.475987392335668,-0.13046994395036876,3,-2.265987392335667,2.265987392335667
DUISBURG-MEIDERICH SCHLEUSE OW,2026-06-30 10:02:00+00:00,25.0,26.56661695249479,26.46660990894934,-0.10000704354544905,3,-1.4666099089493407,1.4666099089493407
DUISBURG-MEIDERICH SCHLEUSE UW,2026-06-30 10:02:00+00:00,18.21,20.349091020337415,20.218621076387045,-0.13046994395036876,3,-2.008621076387044,2.008621076387044
DUISBURG-MEIDERICH SCHLEUSE OW,2026-06-30 10:03:00+00:00,25.0,26.973861100929838,26.87385405738439,-0.10000704354544905,3,-1.8738540573843885,1.8738540573843885
DUISBURG-MEIDERICH SCHLEUSE UW,2026-06-30 10:03:00+00:00,18.21,21.05195029832048,20.916266627266214,-0.13568367105426693,3,-2.7062666272662135,2.7062666272662135
DUISBURG-MEIDERICH SCHLEUSE OW,2026-06-30 10:04:00+00:00,25.0,27.001098264277186,26.901091220731736,-0.10000704354544905,3,-1.901091220731736,1.901091220731736
DUISBURG-MEIDERICH SCHLEUSE UW,2026-06-30 10:04:00+00:00,18.21,21.07918746166783,20.943503790613562,-0.13568367105426693,3,-2.733503790613561,2.733503790613561
Basel-Rheinhalle,2026-06-30 10:05:00+00:00,519.0,517.211022009357,515.6894651724527,-1.5215568369041852,3,3.310534827547258,3.310534827547258
DUISBURG-MEIDERICH SCHLEUSE OW,2026-06-30 10:05:00+00:00,24.99,26.923546534033445,26.823539490487995,-0.10000704354544905,3,-1.833539490487997,1.833539490487997
DUISBURG-MEIDERICH SCHLEUSE UW,2026-06-30 10:05:00+00:00,18.22,20.954087180731054,20.823617236780684,-0.13046994395036876,3,-2.6036172367806856,2.6036172367806856
DUISBURG-MEIDERICH SCHLEUSE OW,2026-06-30 10:06:00+00:00,24.99,27.376095559750414,27.276088516204965,-0.10000704354544905,3,-2.2860885162049662,2.2860885162049662
DUISBURG-MEIDERICH SCHLEUSE UW,2026-06-30 10:06:00+00:00,18.22,21.35908765575499,21.22861771180462,-0.13046994395036876,3,-3.0086177118046216,3.0086177118046216
DUISBURG-MEIDERICH SCHLEUSE OW,2026-06-30 10:07:00+00:00,24.99,27.376095559750414,27.276088516204965,-0.10000704354544905,3,-2.2860885162049662,2.2860885162049662
DUISBURG-MEIDERICH SCHLEUSE UW,2026-06-30 10:07:00+00:00,18.22,21.35908765575499,21.22861771180462,-0.13046994395036876,3,-3.0086177118046216,3.0086177118046216
DUISBURG-MEIDERICH SCHLEUSE OW,2026-06-30 10:08:00+00:00,24.99,27.32854700905738,27.22853996551193,-0.10000704354544905,3,-2.238539965511933,2.238539965511933
DUISBURG-MEIDERICH SCHLEUSE UW,2026-06-30 10:08:00+00:00,18.22,21.35908765575499,21.22861771180462,-0.13046994395036876,3,-3.0086177118046216,3.0086177118046216
DUISBURG-MEIDERICH SCHLEUSE OW,2026-06-30 10:09:00+00:00,24.99,27.32854700905738,27.22853996551193,-0.10000704354544905,3,-2.238539965511933,2.238539965511933
DUISBURG-MEIDERICH SCHLEUSE UW,2026-06-30 10:09:00+00:00,18.22,21.406636206448024,21.270952535393757,-0.13568367105426693,3,-3.0509525353937583,3.0509525353937583
Basel-Rheinhalle,2026-06-30 10:10:00+00:00,519.0,517.3057844297485,515.655112814789,-1.6506716149595044,3,3.3448871852109505,3.3448871852109505
DUISBURG-MEIDERICH SCHLEUSE OW,2026-06-30 10:10:00+00:00,24.99,27.32854700905738,27.22853996551193,-0.10000704354544905,3,-2.238539965511933,2.238539965511933
DUISBURG-MEIDERICH SCHLEUSE UW,2026-06-30 10:10:00+00:00,18.22,21.406636206448024,21.270952535393757,-0.13568367105426693,3,-3.0509525353937583,3.0509525353937583
LOBITH,2026-06-30 10:10:00+00:00,705.0,704.7194353682365,704.7194353682365,0.0,3,0.28056463176346824,0.28056463176346824
DUISBURG-MEIDERICH SCHLEUSE OW,2026-06-30 10:11:00+00:00,24.99,27.32854700905738,27.22853996551193,-0.10000704354544905,3,-2.238539965511933,2.238539965511933
DUISBURG-MEIDERICH SCHLEUSE UW,2026-06-30 10:11:00+00:00,18.22,21.35908765575499,21.22861771180462,-0.13046994395036876,3,-3.0086177118046216,3.0086177118046216
DUISBURG-MEIDERICH SCHLEUSE OW,2026-06-30 10:12:00+00:00,24.99,27.32854700905738,27.22853996551193,-0.10000704354544905,3,-2.238539965511933,2.238539965511933
DUISBURG-MEIDERICH SCHLEUSE UW,2026-06-30 10:12:00+00:00,18.22,21.35908765575499,21.22861771180462,-0.13046994395036876,3,-3.0086177118046216,3.0086177118046216
DUISBURG-MEIDERICH SCHLEUSE OW,2026-06-30 10:13:00+00:00,24.99,27.32854700905738,27.22853996551193,-0.10000704354544905,3,-2.238539965511933,2.238539965511933
DUISBURG-MEIDERICH SCHLEUSE UW,2026-06-30 10:13:00+00:00,18.22,21.35908765575499,21.22861771180462,-0.13046994395036876,3,-3.0086177118046216,3.0086177118046216
DUISBURG-MEIDERICH SCHLEUSE OW,2026-06-30 10:14:00+00:00,24.99,27.32854700905738,27.22853996551193,-0.10000704354544905,3,-2.238539965511933,2.238539965511933
DUISBURG-MEIDERICH SCHLEUSE UW,2026-06-30 10:14:00+00:00,18.23,21.35908765575499,21.22861771180462,-0.13046994395036876,3,-2.99861771180462,2.99861771180462
BINGEN,2026-06-30 10:15:00+00:00,105.0,106.35788720747941,106.35788720747941,0.0,3,-1.3578872074794077,1.3578872074794077
BONN,2026-06-30 10:15:00+00:00,137.0,139.69463962717364,139.69463962717364,0.0,3,-2.6946396271736432,2.6946396271736432
BREISACH,2026-06-30 10:15:00+00:00,193.0,189.35092406164736,189.35092406164736,0.0,3,3.649075938352638,3.649075938352638
Basel-Rheinhalle,2026-06-30 10:15:00+00:00,514.0,516.5499410707693,514.9376229159116,-1.6123181548576955,3,-0.937622915911561,0.937622915911561
DUISBURG-MEIDERICH SCHLEUSE OW,2026-06-30 10:15:00+00:00,24.99,27.32854700905738,27.22853996551193,-0.10000704354544905,3,-2.238539965511933,2.238539965511933
DUISBURG-MEIDERICH SCHLEUSE UW,2026-06-30 10:15:00+00:00,18.22,21.35908765575499,21.22861771180462,-0.13046994395036876,3,-3.0086177118046216,3.0086177118046216
DUISBURG-RUHRORT,2026-06-30 10:15:00+00:00,217.0,215.47891343129325,215.47891343129325,0.0,3,1.5210865687067496,1.5210865687067496
DÜSSELDORF,2026-06-30 10:15:00+00:00,87.0,82.7768502874965,82.7768502874965,0.0,3,4.223149712503499,4.223149712503499
EMMERICH,2026-06-30 10:15:00+00:00,53.0,49.22305959246427,49.22305959246427,0.0,3,3.776940407535733,3.776940407535733
IFFEZHEIM,2026-06-30 10:15:00+00:00,135.0,138.4228844772776,138.4228844772776,0.0,3,-3.4228844772775915,3.4228844772775915
KAUB,2026-06-30 10:15:00+00:00,89.0,92.16905070016745,92.16905070016745,0.0,3,-3.169050700167446,3.169050700167446
KOBLENZ,2026-06-30 10:15:00+00:00,93.0,82.40922902109345,82.40922902109345,0.0,3,10.590770978906548,10.590770978906548
KONSTANZ-RHEIN,2026-06-30 10:15:00+00:00,313.0,312.2988971013497,312.2988971013497,0.0,3,0.7011028986502765,0.7011028986502765
Koblenz OP,2026-06-30 10:15:00+00:00,204.0,202.77551712820474,202.77551712820474,0.0,3,1.22448287179526,1.22448287179526
Koblenz UP,2026-06-30 10:15:00+00:00,72.0,46.45900622271694,46.45900622271694,0.0,3,25.540993777283063,25.540993777283063
KÖLN,2026-06-30 10:15:00+00:00,132.0,134.49386719437098,134.49386719437098,0.0,3,-2.493867194370978,2.493867194370978
MAINZ,2026-06-30 10:15:00+00:00,181.0,188.2706117160076,188.2706117160076,0.0,3,-7.270611716007608,7.270611716007608
MANNHEIM,2026-06-30 10:15:00+00:00,167.0,164.56865131556734,164.56865131556734,0.0,3,2.4313486844326633,2.4313486844326633
MAXAU,2026-06-30 10:15:00+00:00,402.0,405.6846272897747,405.6846272897747,0.0,3,-3.68462728977471,3.68462728977471
REES,2026-06-30 10:15:00+00:00,96.0,93.72854861562413,93.72854861562413,0.0,3,2.2714513843758652,2.2714513843758652
RHEINE UNTERSCHLEUSE,2026-06-30 10:15:00+00:00,194.0,196.79809459641885,196.79809459641885,0.0,3,-2.7980945964188493,2.7980945964188493
RHEINWEILER,2026-06-30 10:15:00+00:00,223.0,223.62347720048248,223.62347720048248,0.0,3,-0.6234772004824833,0.6234772004824833
SANKT GOAR,2026-06-30 10:15:00+00:00,182.0,187.20877999093415,187.20877999093415,0.0,3,-5.208779990934147,5.208779990934147
SPEYER,2026-06-30 10:15:00+00:00,262.0,259.47587661083986,259.47587661083986,0.0,3,2.5241233891601382,2.5241233891601382
WESEL,2026-06-30 10:15:00+00:00,154.0,151.21746870574947,151.21746870574947,0.0,3,2.782531294250532,2.782531294250532
WORMS,2026-06-30 10:15:00+00:00,76.0,72.54093373848168,72.54093373848168,0.0,3,3.4590662615183163,3.4590662615183163
DUISBURG-MEIDERICH SCHLEUSE OW,2026-06-30 10:16:00+00:00,24.99,27.32854700905738,27.22853996551193,-0.10000704354544905,3,-2.238539965511933,2.238539965511933
DUISBURG-MEIDERICH SCHLEUSE UW,2026-06-30 10:16:00+00:00,18.22,21.35908765575499,21.22861771180462,-0.13046994395036876,3,-3.0086177118046216,3.0086177118046216
DUISBURG-MEIDERICH SCHLEUSE OW,2026-06-30 10:17:00+00:00,24.99,27.32854700905738,27.22853996551193,-0.10000704354544905,3,-2.238539965511933,2.238539965511933
DUISBURG-MEIDERICH SCHLEUSE UW,2026-06-30 10:17:00+00:00,18.22,21.35908765575499,21.22861771180462,-0.13046994395036876,3,-3.0086177118046216,3.0086177118046216
DUISBURG-MEIDERICH SCHLEUSE OW,2026-06-30 10:18:00+00:00,24.99,27.32854700905738,27.22853996551193,-0.10000704354544905,3,-2.238539965511933,2.238539965511933
DUISBURG-MEIDERICH SCHLEUSE UW,2026-06-30 10:18:00+00:00,18.22,21.35908765575499,21.22861771180462,-0.13046994395036876,3,-3.0086177118046216,3.0086177118046216
DUISBURG-MEIDERICH SCHLEUSE OW,2026-06-30 10:19:00+00:00,24.98,27.32854700905738,27.22853996551193,-0.10000704354544905,3,-2.248539965511931,2.248539965511931
DUISBURG-MEIDERICH SCHLEUSE UW,2026-06-30 10:19:00+00:00,18.22,21.35908765575499,21.22861771180462,-0.13046994395036876,3,-3.0086177118046216,3.0086177118046216
Basel-Rheinhalle,2026-06-30 10:20:00+00:00,513.0,517.0783060713311,515.6085360771233,-1.4697699942077664,3,-2.60853607712329,2.60853607712329
DUISBURG-MEIDERICH SCHLEUSE OW,2026-06-30 10:20:00+00:00,24.98,27.32854700905738,27.22853996551193,-0.10000704354544905,3,-2.248539965511931,2.248539965511931
DUISBURG-MEIDERICH SCHLEUSE UW,2026-06-30 10:20:00+00:00,18.23,21.35908765575499,21.22861771180462,-0.13046994395036876,3,-2.99861771180462,2.99861771180462
LOBITH,2026-06-30 10:20:00+00:00,704.0,704.332223359799,704.332223359799,0.0,3,-0.33222335979894524,0.33222335979894524
DUISBURG-MEIDERICH SCHLEUSE OW,2026-06-30 10:21:00+00:00,24.98,27.32854700905738,27.22853996551193,-0.10000704354544905,3,-2.248539965511931,2.248539965511931
DUISBURG-MEIDERICH SCHLEUSE UW,2026-06-30 10:21:00+00:00,18.23,21.35908765575499,21.22861771180462,-0.13046994395036876,3,-2.99861771180462,2.99861771180462
DUISBURG-MEIDERICH SCHLEUSE OW,2026-06-30 10:22:00+00:00,24.98,27.32854700905738,27.22853996551193,-0.10000704354544905,3,-2.248539965511931,2.248539965511931
DUISBURG-MEIDERICH SCHLEUSE UW,2026-06-30 10:22:00+00:00,18.23,21.35908765575499,21.22861771180462,-0.13046994395036876,3,-2.99861771180462,2.99861771180462
DUISBURG-MEIDERICH SCHLEUSE OW,2026-06-30 10:23:00+00:00,24.98,27.32854700905738,27.22853996551193,-0.10000704354544905,3,-2.248539965511931,2.248539965511931
DUISBURG-MEIDERICH SCHLEUSE UW,2026-06-30 10:23:00+00:00,18.23,21.35908765575499,21.22861771180462,-0.13046994395036876,3,-2.99861771180462,2.99861771180462
DUISBURG-MEIDERICH SCHLEUSE OW,2026-06-30 10:24:00+00:00,24.98,27.32854700905738,27.22853996551193,-0.10000704354544905,3,-2.248539965511931,2.248539965511931
DUISBURG-MEIDERICH SCHLEUSE UW,2026-06-30 10:24:00+00:00,18.23,21.35908765575499,21.22861771180462,-0.13046994395036876,3,-2.99861771180462,2.99861771180462
Basel-Rheinhalle,2026-06-30 10:25:00+00:00,513.0,516.9565251953688,515.4990594213276,-1.4574657740412242,3,-2.4990594213276154,2.4990594213276154
DUISBURG-MEIDERICH SCHLEUSE OW,2026-06-30 10:25:00+00:00,24.98,27.32854700905738,27.22853996551193,-0.10000704354544905,3,-2.248539965511931,2.248539965511931
DUISBURG-MEIDERICH SCHLEUSE UW,2026-06-30 10:25:00+00:00,18.23,21.406636206448024,21.270952535393757,-0.13568367105426693,3,-3.0409525353937568,3.0409525353937568
DUISBURG-MEIDERICH SCHLEUSE OW,2026-06-30 10:26:00+00:00,24.98,27.32854700905738,27.22853996551193,-0.10000704354544905,3,-2.248539965511931,2.248539965511931
DUISBURG-MEIDERICH SCHLEUSE UW,2026-06-30 10:26:00+00:00,18.23,21.406636206448024,21.271259589079744,-0.13537661736827994,3,-3.0412595890797434,3.0412595890797434
DUISBURG-MEIDERICH SCHLEUSE OW,2026-06-30 10:27:00+00:00,24.98,27.32854700905738,27.22853996551193,-0.10000704354544905,3,-2.248539965511931,2.248539965511931
DUISBURG-MEIDERICH SCHLEUSE UW,2026-06-30 10:27:00+00:00,18.23,21.35908765575499,21.228924765490607,-0.13016289026438177,3,-2.9989247654906066,2.9989247654906066
DUISBURG-MEIDERICH SCHLEUSE OW,2026-06-30 10:28:00+00:00,24.98,27.32854700905738,27.22853996551193,-0.10000704354544905,3,-2.248539965511931,2.248539965511931
DUISBURG-MEIDERICH SCHLEUSE UW,2026-06-30 10:28:00+00:00,18.23,21.35908765575499,21.228924765490607,-0.13016289026438177,3,-2.9989247654906066,2.9989247654906066
DUISBURG-MEIDERICH SCHLEUSE OW,2026-06-30 10:29:00+00:00,24.98,27.32854700905738,27.224279044659713,-0.10426796439766828,3,-2.244279044659713,2.244279044659713
DUISBURG-MEIDERICH SCHLEUSE UW,2026-06-30 10:29:00+00:00,18.23,21.35908765575499,21.228924765490607,-0.13016289026438177,3,-2.9989247654906066,2.9989247654906066
BINGEN,2026-06-30 10:30:00+00:00,104.0,106.02485314908093,106.02485314908093,0.0,3,-2.0248531490809256,2.0248531490809256
BONN,2026-06-30 10:30:00+00:00,137.0,139.39859238317462,139.39859238317462,0.0,3,-2.3985923831746163,2.3985923831746163
BREISACH,2026-06-30 10:30:00+00:00,196.0,189.88170037825967,189.88170037825967,0.0,3,6.118299621740334,6.118299621740334
Basel-Rheinhalle,2026-06-30 10:30:00+00:00,513.0,516.6514948400941,515.1538444182138,-1.4976504218803155,3,-2.1538444182137937,2.1538444182137937
DUISBURG-MEIDERICH SCHLEUSE OW,2026-06-30 10:30:00+00:00,24.98,27.376095559750414,27.271827595352747,-0.10426796439766828,3,-2.2918275953527463,2.2918275953527463
DUISBURG-MEIDERICH SCHLEUSE UW,2026-06-30 10:30:00+00:00,18.23,21.406636206448024,21.270570189179573,-0.1360660172684498,3,-3.0405701891795722,3.0405701891795722
DUISBURG-RUHRORT,2026-06-30 10:30:00+00:00,217.0,215.13983308240236,215.13983308240236,0.0,3,1.8601669175976383,1.8601669175976383
DÜSSELDORF,2026-06-30 10:30:00+00:00,88.0,82.51643081410522,82.51643081410522,0.0,3,5.48356918589478,5.48356918589478
EMMERICH,2026-06-30 10:30:00+00:00,53.0,48.96264011907301,48.96264011907301,0.0,3,4.037359880926992,4.037359880926992
IFFEZHEIM,2026-06-30 10:30:00+00:00,136.0,142.59234577834965,142.59234577834965,0.0,3,-6.592345778349653,6.592345778349653
KAUB,2026-06-30 10:30:00+00:00,90.0,91.83601664176896,91.83601664176896,0.0,3,-1.836016641768964,1.836016641768964
KOBLENZ,2026-06-30 10:30:00+00:00,92.0,82.22559391912449,82.22559391912449,0.0,3,9.774406080875508,9.774406080875508
KONSTANZ-RHEIN,2026-06-30 10:30:00+00:00,313.0,312.2988971013497,312.2988971013497,0.0,3,0.7011028986502765,0.7011028986502765
Koblenz OP,2026-06-30 10:30:00+00:00,204.0,203.07852626680122,203.07852626680122,0.0,3,0.9214737331987806,0.9214737331987806
Koblenz UP,2026-06-30 10:30:00+00:00,72.0,46.23100448101387,46.23100448101387,0.0,3,25.76899551898613,25.76899551898613
KÖLN,2026-06-30 10:30:00+00:00,130.0,134.3210442699564,134.3210442699564,0.0,3,-4.3210442699563885,4.3210442699563885
LOBITH,2026-06-30 10:30:00+00:00,705.0,703.1489054098637,703.1489054098637,0.0,3,1.851094590136313,1.851094590136313
MAINZ,2026-06-30 10:30:00+00:00,180.0,187.93757765760904,187.93757765760904,0.0,3,-7.93757765760904,7.93757765760904
MANNHEIM,2026-06-30 10:30:00+00:00,167.0,164.69959375099168,164.69959375099168,0.0,3,2.3004062490083186,2.3004062490083186
MAXAU,2026-06-30 10:30:00+00:00,401.0,405.4816792560994,405.4816792560994,0.0,3,-4.481679256099426,4.481679256099426
REES,2026-06-30 10:30:00+00:00,96.0,93.46812914223285,93.46812914223285,0.0,3,2.531870857767146,2.531870857767146
RHEINE UNTERSCHLEUSE,2026-06-30 10:30:00+00:00,194.0,191.67887508437224,191.67887508437224,0.0,3,2.321124915627763,2.321124915627763
RHEINWEILER,2026-06-30 10:30:00+00:00,223.0,223.62347720048248,223.62347720048248,0.0,3,-0.6234772004824833,0.6234772004824833
SANKT GOAR,2026-06-30 10:30:00+00:00,182.0,186.84338992373225,186.84338992373225,0.0,3,-4.843389923732246,4.843389923732246
SPEYER,2026-06-30 10:30:00+00:00,262.0,259.486912057319,259.486912057319,0.0,3,2.513087942681011,2.513087942681011
WESEL,2026-06-30 10:30:00+00:00,154.0,151.38770181491026,151.38770181491026,0.0,3,2.6122981850897418,2.6122981850897418
WORMS,2026-06-30 10:30:00+00:00,76.0,72.49702057555575,72.49702057555575,0.0,3,3.5029794244442485,3.5029794244442485
DUISBURG-MEIDERICH SCHLEUSE OW,2026-06-30 10:31:00+00:00,24.98,27.376095559750414,27.271827595352747,-0.10426796439766828,3,-2.2918275953527463,2.2918275953527463
DUISBURG-MEIDERICH SCHLEUSE UW,2026-06-30 10:31:00+00:00,18.23,21.406636206448024,21.270570189179573,-0.1360660172684498,3,-3.0405701891795722,3.0405701891795722
DUISBURG-MEIDERICH SCHLEUSE OW,2026-06-30 10:32:00+00:00,24.98,27.32854700905738,27.224279044659713,-0.10426796439766828,3,-2.244279044659713,2.244279044659713
DUISBURG-MEIDERICH SCHLEUSE UW,2026-06-30 10:32:00+00:00,18.23,21.35908765575499,21.236728891932348,-0.12235876382264278,3,-3.0067288919323474,3.0067288919323474
DUISBURG-MEIDERICH SCHLEUSE OW,2026-06-30 10:33:00+00:00,24.98,27.32854700905738,27.224279044659713,-0.10426796439766828,3,-2.244279044659713,2.244279044659713
DUISBURG-MEIDERICH SCHLEUSE UW,2026-06-30 10:33:00+00:00,18.23,21.35908765575499,21.236728891932348,-0.12235876382264278,3,-3.0067288919323474,3.0067288919323474
DUISBURG-MEIDERICH SCHLEUSE OW,2026-06-30 10:34:00+00:00,24.98,27.32854700905738,27.224279044659713,-0.10426796439766828,3,-2.244279044659713,2.244279044659713
DUISBURG-MEIDERICH SCHLEUSE UW,2026-06-30 10:34:00+00:00,18.22,21.35908765575499,21.236728891932348,-0.12235876382264278,3,-3.016728891932349,3.016728891932349
Basel-Rheinhalle,2026-06-30 10:35:00+00:00,514.0,516.620212804411,514.998648989925,-1.621563814486107,3,-0.9986489899249591,0.9986489899249591
DUISBURG-MEIDERICH SCHLEUSE OW,2026-06-30 10:35:00+00:00,24.98,27.32854700905738,27.224279044659713,-0.10426796439766828,3,-2.244279044659713,2.244279044659713
DUISBURG-MEIDERICH SCHLEUSE UW,2026-06-30 10:35:00+00:00,18.23,21.35908765575499,21.236728891932348,-0.12235876382264278,3,-3.0067288919323474,3.0067288919323474
DUISBURG-MEIDERICH SCHLEUSE OW,2026-06-30 10:36:00+00:00,24.98,27.32854700905738,27.224279044659713,-0.10426796439766828,3,-2.244279044659713,2.244279044659713
DUISBURG-MEIDERICH SCHLEUSE UW,2026-06-30 10:36:00+00:00,18.23,21.35908765575499,21.236728891932348,-0.12235876382264278,3,-3.0067288919323474,3.0067288919323474
DUISBURG-MEIDERICH SCHLEUSE OW,2026-06-30 10:37:00+00:00,24.98,27.32854700905738,27.224279044659713,-0.10426796439766828,3,-2.244279044659713,2.244279044659713
DUISBURG-MEIDERICH SCHLEUSE UW,2026-06-30 10:37:00+00:00,18.23,21.35908765575499,21.236728891932348,-0.12235876382264278,3,-3.0067288919323474,3.0067288919323474
DUISBURG-MEIDERICH SCHLEUSE OW,2026-06-30 10:38:00+00:00,24.97,27.32854700905738,27.224279044659713,-0.10426796439766828,3,-2.2542790446597145,2.2542790446597145
DUISBURG-MEIDERICH SCHLEUSE UW,2026-06-30 10:38:00+00:00,18.23,21.35908765575499,21.238508638572654,-0.12057901718233688,3,-3.0085086385726534,3.0085086385726534
DUISBURG-MEIDERICH SCHLEUSE OW,2026-06-30 10:39:00+00:00,24.97,27.32854700905738,27.224279044659713,-0.10426796439766828,3,-2.2542790446597145,2.2542790446597145
DUISBURG-MEIDERICH SCHLEUSE UW,2026-06-30 10:39:00+00:00,18.22,21.40499264696599,21.27742015603945,-0.12757249092654088,3,-3.057420156039452,3.057420156039452
Basel-Rheinhalle,2026-06-30 10:40:00+00:00,515.0,516.931906059935,516.42816281593,-0.5037432440050628,3,-1.4281628159300226,1.4281628159300226
DUISBURG-MEIDERICH SCHLEUSE OW,2026-06-30 10:40:00+00:00,24.97,27.32854700905738,27.224279044659713,-0.10426796439766828,3,-2.2542790446597145,2.2542790446597145
DUISBURG-MEIDERICH SCHLEUSE UW,2026-06-30 10:40:00+00:00,18.22,21.40499264696599,21.27742015603945,-0.12757249092654088,3,-3.057420156039452,3.057420156039452
LOBITH,2026-06-30 10:40:00+00:00,703.0,703.176142573211,703.176142573211,0.0,3,-0.17614257321099558,0.17614257321099558
DUISBURG-MEIDERICH SCHLEUSE OW,2026-06-30 10:41:00+00:00,24.97,27.32854700905738,27.224279044659713,-0.10426796439766828,3,-2.2542790446597145,2.2542790446597145
DUISBURG-MEIDERICH SCHLEUSE UW,2026-06-30 10:41:00+00:00,18.23,21.40499264696599,21.27742015603945,-0.12757249092654088,3,-3.0474201560394505,3.0474201560394505
DUISBURG-MEIDERICH SCHLEUSE OW,2026-06-30 10:42:00+00:00,24.97,27.32854700905738,27.224279044659713,-0.10426796439766828,3,-2.2542790446597145,2.2542790446597145
DUISBURG-MEIDERICH SCHLEUSE UW,2026-06-30 10:42:00+00:00,18.23,21.357444096272957,21.235085332450314,-0.12235876382264278,3,-3.0050853324503137,3.0050853324503137
DUISBURG-MEIDERICH SCHLEUSE OW,2026-06-30 10:43:00+00:00,24.97,27.325344544456684,27.221076580059016,-0.10426796439766828,3,-2.251076580059017,2.251076580059017
DUISBURG-MEIDERICH SCHLEUSE UW,2026-06-30 10:43:00+00:00,18.23,21.357444096272957,21.235085332450314,-0.12235876382264278,3,-3.0050853324503137,3.0050853324503137
DUISBURG-MEIDERICH SCHLEUSE OW,2026-06-30 10:44:00+00:00,24.97,27.372893095149717,27.26862513075205,-0.10426796439766828,3,-2.2986251307520504,2.2986251307520504
DUISBURG-MEIDERICH SCHLEUSE UW,2026-06-30 10:44:00+00:00,18.23,21.357444096272957,21.23686507909062,-0.12057901718233688,3,-3.0068650790906197,3.0068650790906197
BINGEN,2026-06-30 10:45:00+00:00,105.0,106.06287713819114,106.06287713819114,0.0,3,-1.0628771381911406,1.0628771381911406
BONN,2026-06-30 10:45:00+00:00,137.0,140.33452311272072,140.33452311272072,0.0,3,-3.334523112720717,3.334523112720717
BREISACH,2026-06-30 10:45:00+00:00,194.0,188.04320444882998,188.04320444882998,0.0,3,5.956795551170018,5.956795551170018
Basel-Rheinhalle,2026-06-30 10:45:00+00:00,514.0,516.7299674132574,516.2216430604088,-0.5083243528486349,3,-2.2216430604088373,2.2216430604088373
DUISBURG-MEIDERICH SCHLEUSE OW,2026-06-30 10:45:00+00:00,24.97,27.372893095149717,27.26862513075205,-0.10426796439766828,3,-2.2986251307520504,2.2986251307520504
DUISBURG-MEIDERICH SCHLEUSE UW,2026-06-30 10:45:00+00:00,18.23,21.40499264696599,21.279199902679757,-0.125792744286235,3,-3.0491999026797565,3.0491999026797565
DUISBURG-RUHRORT,2026-06-30 10:45:00+00:00,216.0,214.10925364057212,214.10925364057212,0.0,3,1.8907463594278795,1.8907463594278795
DÜSSELDORF,2026-06-30 10:45:00+00:00,86.0,83.12752037077087,83.12752037077087,0.0,3,2.872479629229133,2.872479629229133
EMMERICH,2026-06-30 10:45:00+00:00,53.0,44.25238000357827,44.25238000357827,0.0,3,8.747619996421733,8.747619996421733
IFFEZHEIM,2026-06-30 10:45:00+00:00,137.0,139.68099371844787,139.68099371844787,0.0,3,-2.6809937184478656,2.6809937184478656
KAUB,2026-06-30 10:45:00+00:00,89.0,91.93366858618475,91.93366858618475,0.0,3,-2.9336685861847513,2.9336685861847513
KOBLENZ,2026-06-30 10:45:00+00:00,93.0,82.17719082512932,82.17719082512932,0.0,3,10.822809174870685,10.822809174870685
KONSTANZ-RHEIN,2026-06-30 10:45:00+00:00,313.0,312.7821965174152,312.7821965174152,0.0,3,0.21780348258482718,0.21780348258482718
Koblenz OP,2026-06-30 10:45:00+00:00,203.0,202.95292504191485,202.95292504191485,0.0,3,0.0470749580851475,0.0470749580851475
Koblenz UP,2026-06-30 10:45:00+00:00,72.0,46.44833256554042,46.44833256554042,0.0,3,25.55166743445958,25.55166743445958
KÖLN,2026-06-30 10:45:00+00:00,131.0,135.15470348172758,135.15470348172758,0.0,3,-4.15470348172758,4.15470348172758
MAINZ,2026-06-30 10:45:00+00:00,180.0,187.95362459531637,187.95362459531637,0.0,3,-7.95362459531637,7.95362459531637
MANNHEIM,2026-06-30 10:45:00+00:00,167.0,165.55111193184885,165.55111193184885,0.0,3,1.448888068151149,1.448888068151149
MAXAU,2026-06-30 10:45:00+00:00,401.0,406.7030241392729,406.7030241392729,0.0,3,-5.703024139272884,5.703024139272884
REES,2026-06-30 10:45:00+00:00,96.0,94.44848603343941,94.44848603343941,0.0,3,1.5515139665605915,1.5515139665605915
RHEINE UNTERSCHLEUSE,2026-06-30 10:45:00+00:00,195.0,183.63747716897112,183.63747716897112,0.0,3,11.362522831028883,11.362522831028883
RHEINWEILER,2026-06-30 10:45:00+00:00,223.0,223.90971759114908,223.90971759114908,0.0,3,-0.9097175911490751,0.9097175911490751
SANKT GOAR,2026-06-30 10:45:00+00:00,181.0,186.85943686143958,186.85943686143958,0.0,3,-5.859436861439576,5.859436861439576
SPEYER,2026-06-30 10:45:00+00:00,263.0,261.0271967297134,261.0271967297134,0.0,3,1.9728032702865903,1.9728032702865903
WESEL,2026-06-30 10:45:00+00:00,155.0,151.85349657795834,151.85349657795834,0.0,3,3.1465034220416612,3.1465034220416612
WORMS,2026-06-30 10:45:00+00:00,77.0,73.53965217209377,73.53965217209377,0.0,3,3.460347827906233,3.460347827906233
DUISBURG-MEIDERICH SCHLEUSE OW,2026-06-30 10:46:00+00:00,24.97,27.325344544456684,27.221076580059016,-0.10426796439766828,3,-2.251076580059017,2.251076580059017
DUISBURG-MEIDERICH SCHLEUSE UW,2026-06-30 10:46:00+00:00,18.23,21.40499264696599,21.279199902679757,-0.125792744286235,3,-3.0491999026797565,3.0491999026797565
DUISBURG-MEIDERICH SCHLEUSE OW,2026-06-30 10:47:00+00:00,24.97,27.325344544456684,27.221076580059016,-0.10426796439766828,3,-2.251076580059017,2.251076580059017
DUISBURG-MEIDERICH SCHLEUSE UW,2026-06-30 10:47:00+00:00,18.23,21.357444096272957,21.23686507909062,-0.12057901718233688,3,-3.0068650790906197,3.0068650790906197
DUISBURG-MEIDERICH SCHLEUSE OW,2026-06-30 10:48:00+00:00,24.97,27.325344544456684,27.221076580059016,-0.10426796439766828,3,-2.251076580059017,2.251076580059017
DUISBURG-MEIDERICH SCHLEUSE UW,2026-06-30 10:48:00+00:00,18.23,21.357444096272957,21.23686507909062,-0.12057901718233688,3,-3.0068650790906197,3.0068650790906197
DUISBURG-MEIDERICH SCHLEUSE OW,2026-06-30 10:49:00+00:00,24.97,27.325344544456684,27.218229687566907,-0.10711485688977548,3,-2.2482296875669086,2.2482296875669086
DUISBURG-MEIDERICH SCHLEUSE UW,2026-06-30 10:49:00+00:00,18.23,21.357444096272957,21.23686507909062,-0.12057901718233688,3,-3.0068650790906197,3.0068650790906197
Basel-Rheinhalle,2026-06-30 10:50:00+00:00,514.0,516.9279635708189,515.3884530496074,-1.5395105212115185,3,-1.3884530496073921,1.3884530496073921
DUISBURG-MEIDERICH SCHLEUSE OW,2026-06-30 10:50:00+00:00,24.97,27.325344544456684,27.218229687566907,-0.10711485688977548,3,-2.2482296875669086,2.2482296875669086
DUISBURG-MEIDERICH SCHLEUSE UW,2026-06-30 10:50:00+00:00,18.22,21.357444096272957,21.235273515897312,-0.1221705803756449,3,-3.015273515897313,3.015273515897313
LOBITH,2026-06-30 10:50:00+00:00,703.0,703.176142573211,703.176142573211,0.0,3,-0.17614257321099558,0.17614257321099558
DUISBURG-MEIDERICH SCHLEUSE OW,2026-06-30 10:51:00+00:00,24.97,27.325344544456684,27.218229687566907,-0.10711485688977548,3,-2.2482296875669086,2.2482296875669086
DUISBURG-MEIDERICH SCHLEUSE UW,2026-06-30 10:51:00+00:00,18.22,21.357444096272957,21.235273515897312,-0.1221705803756449,3,-3.015273515897313,3.015273515897313
DUISBURG-MEIDERICH SCHLEUSE OW,2026-06-30 10:52:00+00:00,24.96,27.325344544456684,27.218229687566907,-0.10711485688977548,3,-2.2582296875669066,2.2582296875669066
DUISBURG-MEIDERICH SCHLEUSE UW,2026-06-30 10:52:00+00:00,18.22,21.357444096272957,21.235273515897312,-0.1221705803756449,3,-3.015273515897313,3.015273515897313
DUISBURG-MEIDERICH SCHLEUSE OW,2026-06-30 10:53:00+00:00,24.96,27.325344544456684,27.218229687566907,-0.10711485688977548,3,-2.2582296875669066,2.2582296875669066
DUISBURG-MEIDERICH SCHLEUSE UW,2026-06-30 10:53:00+00:00,18.22,21.357444096272957,21.235273515897312,-0.1221705803756449,3,-3.015273515897313,3.015273515897313
DUISBURG-MEIDERICH SCHLEUSE OW,2026-06-30 10:54:00+00:00,24.96,27.325344544456684,27.218229687566907,-0.10711485688977548,3,-2.2582296875669066,2.2582296875669066
DUISBURG-MEIDERICH SCHLEUSE UW,2026-06-30 10:54:00+00:00,18.22,21.357444096272957,21.235273515897312,-0.1221705803756449,3,-3.015273515897313,3.015273515897313
Basel-Rheinhalle,2026-06-30 10:55:00+00:00,517.0,517.1075766942871,515.6258106906126,-1.4817660036745026,3,1.3741893093873614,1.3741893093873614
DUISBURG-MEIDERICH SCHLEUSE OW,2026-06-30 10:55:00+00:00,24.96,27.325344544456684,27.218229687566907,-0.10711485688977548,3,-2.2582296875669066,2.2582296875669066
DUISBURG-MEIDERICH SCHLEUSE UW,2026-06-30 10:55:00+00:00,18.22,21.357444096272957,21.235273515897312,-0.1221705803756449,3,-3.015273515897313,3.015273515897313
DUISBURG-MEIDERICH SCHLEUSE OW,2026-06-30 10:56:00+00:00,24.96,27.325344544456684,27.218229687566907,-0.10711485688977548,3,-2.2582296875669066,2.2582296875669066
DUISBURG-MEIDERICH SCHLEUSE UW,2026-06-30 10:56:00+00:00,18.22,21.357444096272957,21.235273515897312,-0.1221705803756449,3,-3.015273515897313,3.015273515897313
DUISBURG-MEIDERICH SCHLEUSE OW,2026-06-30 10:57:00+00:00,24.96,27.325344544456684,27.218229687566907,-0.10711485688977548,3,-2.2582296875669066,2.2582296875669066
DUISBURG-MEIDERICH SCHLEUSE UW,2026-06-30 10:57:00+00:00,18.22,21.357444096272957,21.235273515897312,-0.1221705803756449,3,-3.015273515897313,3.015273515897313
DUISBURG-MEIDERICH SCHLEUSE OW,2026-06-30 10:58:00+00:00,24.96,27.325344544456684,27.218229687566907,-0.10711485688977548,3,-2.2582296875669066,2.2582296875669066
DUISBURG-MEIDERICH SCHLEUSE UW,2026-06-30 10:58:00+00:00,18.22,21.357444096272957,21.233493769257006,-0.12395032701595081,3,-3.013493769257007,3.013493769257007
DUISBURG-MEIDERICH SCHLEUSE OW,2026-06-30 10:59:00+00:00,24.96,27.325344544456684,27.218229687566907,-0.10711485688977548,3,-2.2582296875669066,2.2582296875669066
DUISBURG-MEIDERICH SCHLEUSE UW,2026-06-30 10:59:00+00:00,18.22,21.40499264696599,21.279199902679757,-0.125792744286235,3,-3.059199902679758,3.059199902679758
BINGEN,2026-06-30 11:00:00+00:00,105.0,105.9882792226324,105.9882792226324,0.0,3,-0.9882792226324,0.9882792226324
BONN,2026-06-30 11:00:00+00:00,137.0,140.18295799955388,140.18295799955388,0.0,3,-3.182957999553878,3.182957999553878
BREISACH,2026-06-30 11:00:00+00:00,193.0,190.27931177626832,190.27931177626832,0.0,3,2.7206882237316847,2.7206882237316847
Basel-Rheinhalle,2026-06-30 11:00:00+00:00,514.0,517.2473556618802,515.6416762655999,-1.6056793962802938,3,-1.6416762655999264,1.6416762655999264
DUISBURG-MEIDERICH SCHLEUSE OW,2026-06-30 11:00:00+00:00,24.96,27.256772964169823,27.149658107280047,-0.10711485688977548,3,-2.189658107280046,2.189658107280046
DUISBURG-MEIDERICH SCHLEUSE UW,2026-06-30 11:00:00+00:00,18.22,21.232515767623987,21.10672302333775,-0.125792744286235,3,-2.886723023337751,2.886723023337751
DUISBURG-RUHRORT,2026-06-30 11:00:00+00:00,217.0,215.5375148883711,215.5375148883711,0.0,3,1.4624851116288937,1.4624851116288937
DÜSSELDORF,2026-06-30 11:00:00+00:00,87.0,82.68507628807767,82.68507628807767,0.0,3,4.314923711922333,4.314923711922333
EMMERICH,2026-06-30 11:00:00+00:00,53.0,49.62345738564827,49.62345738564827,0.0,3,3.3765426143517274,3.3765426143517274
IFFEZHEIM,2026-06-30 11:00:00+00:00,135.0,142.51450060035884,142.51450060035884,0.0,3,-7.5145006003588435,7.5145006003588435
KAUB,2026-06-30 11:00:00+00:00,89.0,96.9682546222144,96.9682546222144,0.0,3,-7.968254622214403,7.968254622214403
KOBLENZ,2026-06-30 11:00:00+00:00,94.0,82.05651504305361,82.05651504305361,0.0,3,11.943484956946392,11.943484956946392
KONSTANZ-RHEIN,2026-06-30 11:00:00+00:00,314.0,312.7821965174152,312.7821965174152,0.0,3,1.2178034825848272,1.2178034825848272
Koblenz OP,2026-06-30 11:00:00+00:00,204.0,202.8797739520941,202.8797739520941,0.0,3,1.120226047905902,1.120226047905902
Koblenz UP,2026-06-30 11:00:00+00:00,74.0,46.74936197216182,46.74936197216182,0.0,3,27.25063802783818,27.25063802783818
KÖLN,2026-06-30 11:00:00+00:00,131.0,135.02045942865954,135.02045942865954,0.0,3,-4.020459428659535,4.020459428659535
LOBITH,2026-06-30 11:00:00+00:00,703.0,706.3704237354561,706.3704237354561,0.0,3,-3.370423735456143,3.370423735456143
MAINZ,2026-06-30 11:00:00+00:00,180.0,187.9859806041197,187.9859806041197,0.0,3,-7.985980604119703,7.985980604119703
MANNHEIM,2026-06-30 11:00:00+00:00,167.0,161.35762204643765,161.35762204643765,0.0,3,5.642377953562345,5.642377953562345
MAXAU,2026-06-30 11:00:00+00:00,401.0,405.4754312180291,405.4754312180291,0.0,3,-4.475431218029087,4.475431218029087
REES,2026-06-30 11:00:00+00:00,97.0,94.03549499635074,94.03549499635074,0.0,3,2.964505003649265,2.964505003649265
RHEINE UNTERSCHLEUSE,2026-06-30 11:00:00+00:00,195.0,194.79699901444283,194.79699901444283,0.0,3,0.20300098555716772,0.20300098555716772
RHEINWEILER,2026-06-30 11:00:00+00:00,223.0,223.90971759114908,223.90971759114908,0.0,3,-0.9097175911490751,0.9097175911490751
SANKT GOAR,2026-06-30 11:00:00+00:00,181.0,186.8917928702429,186.8917928702429,0.0,3,-5.891792870242909,5.891792870242909
SPEYER,2026-06-30 11:00:00+00:00,261.0,259.4409485591403,259.4409485591403,0.0,3,1.5590514408597187,1.5590514408597187
WESEL,2026-06-30 11:00:00+00:00,154.0,151.8091672028153,151.8091672028153,0.0,3,2.1908327971846973,2.1908327971846973
WORMS,2026-06-30 11:00:00+00:00,76.0,72.46342824467051,72.46342824467051,0.0,3,3.53657175532949,3.53657175532949
DUISBURG-MEIDERICH SCHLEUSE OW,2026-06-30 11:01:00+00:00,24.96,27.12322543759507,27.016110580705295,-0.10711485688977548,3,-2.056110580705294,2.056110580705294
DUISBURG-MEIDERICH SCHLEUSE UW,2026-06-30 11:01:00+00:00,18.22,21.098968241049235,20.973175496762998,-0.125792744286235,3,-2.7531754967629993,2.7531754967629993
DUISBURG-MEIDERICH SCHLEUSE OW,2026-06-30 11:02:00+00:00,24.95,27.106990558080813,26.980374447828428,-0.12661611025238534,3,-2.0303744478284287,2.0303744478284287
DUISBURG-MEIDERICH SCHLEUSE UW,2026-06-30 11:02:00+00:00,18.22,20.880488924625,20.759909907442662,-0.12057901718233688,3,-2.539909907442663,2.539909907442663
DUISBURG-MEIDERICH SCHLEUSE OW,2026-06-30 11:03:00+00:00,24.95,27.484356779583674,27.35635851726933,-0.12799826231434375,3,-2.4063585172693323,2.4063585172693323
DUISBURG-MEIDERICH SCHLEUSE UW,2026-06-30 11:03:00+00:00,18.22,21.48514266022117,21.362926006329598,-0.12221665389157226,3,-3.142926006329599,3.142926006329599
DUISBURG-MEIDERICH SCHLEUSE OW,2026-06-30 11:04:00+00:00,24.95,27.484356779583674,27.35635851726933,-0.12799826231434375,3,-2.4063585172693323,2.4063585172693323
DUISBURG-MEIDERICH SCHLEUSE UW,2026-06-30 11:04:00+00:00,18.22,21.532691210914205,21.405260829918735,-0.1274303809954703,3,-3.185260829918736,3.185260829918736
Basel-Rheinhalle,2026-06-30 11:05:00+00:00,514.0,516.9232293434727,515.3246367844611,-1.598592559011629,3,-1.3246367844610631,1.3246367844610631
DUISBURG-MEIDERICH SCHLEUSE OW,2026-06-30 11:05:00+00:00,24.95,27.379179490419467,27.251181228105125,-0.12799826231434375,3,-2.3011812281051256,2.3011812281051256
DUISBURG-MEIDERICH SCHLEUSE UW,2026-06-30 11:05:00+00:00,18.22,21.47506247244303,21.3492697281568,-0.125792744286235,3,-3.1292697281567996,3.1292697281567996
DUISBURG-MEIDERICH SCHLEUSE OW,2026-06-30 11:06:00+00:00,24.95,27.32677848643353,27.198780224119186,-0.12799826231434375,3,-2.248780224119187,2.248780224119187
DUISBURG-MEIDERICH SCHLEUSE UW,2026-06-30 11:06:00+00:00,18.22,21.422661468457093,21.296868724170857,-0.125792744286235,3,-3.0768687241708577,3.0768687241708577
DUISBURG-MEIDERICH SCHLEUSE OW,2026-06-30 11:07:00+00:00,24.95,27.32677848643353,27.198780224119186,-0.12799826231434375,3,-2.248780224119187,2.248780224119187
DUISBURG-MEIDERICH SCHLEUSE UW,2026-06-30 11:07:00+00:00,18.22,21.422661468457093,21.296868724170857,-0.125792744286235,3,-3.0768687241708577,3.0768687241708577
DUISBURG-MEIDERICH SCHLEUSE OW,2026-06-30 11:08:00+00:00,24.95,27.32677848643353,27.198780224119186,-0.12799826231434375,3,-2.248780224119187,2.248780224119187
DUISBURG-MEIDERICH SCHLEUSE UW,2026-06-30 11:08:00+00:00,18.22,21.37511291776406,21.254533900581723,-0.12057901718233688,3,-3.0345339005817245,3.0345339005817245
DUISBURG-MEIDERICH SCHLEUSE OW,2026-06-30 11:09:00+00:00,24.95,27.32677848643353,27.198780224119186,-0.12799826231434375,3,-2.248780224119187,2.248780224119187
DUISBURG-MEIDERICH SCHLEUSE UW,2026-06-30 11:09:00+00:00,18.22,21.37511291776406,21.254533900581723,-0.12057901718233688,3,-3.0345339005817245,3.0345339005817245
Basel-Rheinhalle,2026-06-30 11:10:00+00:00,512.0,517.2640151602401,516.312254521617,-0.9517606386231273,3,-4.312254521616978,4.312254521616978
DUISBURG-MEIDERICH SCHLEUSE OW,2026-06-30 11:10:00+00:00,24.95,27.32677848643353,27.198780224119186,-0.12799826231434375,3,-2.248780224119187,2.248780224119187
DUISBURG-MEIDERICH SCHLEUSE UW,2026-06-30 11:10:00+00:00,18.22,21.37511291776406,21.254533900581723,-0.12057901718233688,3,-3.0345339005817245,3.0345339005817245
LOBITH,2026-06-30 11:10:00+00:00,703.0,706.5690667699597,706.5690667699597,0.0,3,-3.5690667699597043,3.5690667699597043
DUISBURG-MEIDERICH SCHLEUSE OW,2026-06-30 11:11:00+00:00,24.95,27.32677848643353,27.198780224119186,-0.12799826231434375,3,-2.248780224119187,2.248780224119187
DUISBURG-MEIDERICH SCHLEUSE UW,2026-06-30 11:11:00+00:00,18.22,21.37511291776406,21.252942337388415,-0.1221705803756449,3,-3.032942337388416,3.032942337388416
DUISBURG-MEIDERICH SCHLEUSE OW,2026-06-30 11:12:00+00:00,24.95,27.32677848643353,27.198780224119186,-0.12799826231434375,3,-2.248780224119187,2.248780224119187
DUISBURG-MEIDERICH SCHLEUSE UW,2026-06-30 11:12:00+00:00,18.22,21.37511291776406,21.252942337388415,-0.1221705803756449,3,-3.032942337388416,3.032942337388416
DUISBURG-MEIDERICH SCHLEUSE OW,2026-06-30 11:13:00+00:00,24.95,27.32677848643353,27.198780224119186,-0.12799826231434375,3,-2.248780224119187,2.248780224119187
DUISBURG-MEIDERICH SCHLEUSE UW,2026-06-30 11:13:00+00:00,18.22,21.37511291776406,21.252942337388415,-0.1221705803756449,3,-3.032942337388416,3.032942337388416
DUISBURG-MEIDERICH SCHLEUSE OW,2026-06-30 11:14:00+00:00,24.95,27.32677848643353,27.198780224119186,-0.12799826231434375,3,-2.248780224119187,2.248780224119187
DUISBURG-MEIDERICH SCHLEUSE UW,2026-06-30 11:14:00+00:00,18.22,21.37511291776406,21.251304700679178,-0.12380821708488028,3,-3.031304700679179,3.031304700679179
BINGEN,2026-06-30 11:15:00+00:00,105.0,105.70695089780764,105.70695089780764,0.0,3,-0.7069508978076442,0.7069508978076442
BONN,2026-06-30 11:15:00+00:00,137.0,140.16549341531154,140.16549341531154,0.0,3,-3.165493415311545,3.165493415311545
BREISACH,2026-06-30 11:15:00+00:00,196.0,190.32745044955536,190.32745044955536,0.0,3,5.672549550444643,5.672549550444643
Basel-Rheinhalle,2026-06-30 11:15:00+00:00,511.0,517.3966493257507,516.0657317933054,-1.3309175324452287,3,-5.065731793305417,5.065731793305417
DUISBURG-MEIDERICH SCHLEUSE OW,2026-06-30 11:15:00+00:00,24.95,27.32677848643353,27.198780224119186,-0.12799826231434375,3,-2.248780224119187,2.248780224119187
DUISBURG-MEIDERICH SCHLEUSE UW,2026-06-30 11:15:00+00:00,18.22,21.422661468457093,21.295231087461623,-0.1274303809954703,3,-3.075231087461624,3.075231087461624
DUISBURG-RUHRORT,2026-06-30 11:15:00+00:00,217.0,216.58151016788796,216.58151016788796,0.0,3,0.41848983211204427,0.41848983211204427
DÜSSELDORF,2026-06-30 11:15:00+00:00,87.0,81.70091192032952,81.70091192032952,0.0,3,5.299088079670483,5.299088079670483
EMMERICH,2026-06-30 11:15:00+00:00,54.0,49.6481393627624,49.6481393627624,0.0,3,4.3518606372376,4.3518606372376
IFFEZHEIM,2026-06-30 11:15:00+00:00,133.0,142.10598071690706,142.10598071690706,0.0,3,-9.105980716907055,9.105980716907055
KAUB,2026-06-30 11:15:00+00:00,90.0,91.47710786402155,91.47710786402155,0.0,3,-1.4771078640215478,1.4771078640215478
KOBLENZ,2026-06-30 11:15:00+00:00,94.0,79.92267234946948,79.92267234946948,0.0,3,14.07732765053052,14.07732765053052
KONSTANZ-RHEIN,2026-06-30 11:15:00+00:00,313.0,312.27616587312906,312.27616587312906,0.0,3,0.7238341268709405,0.7238341268709405
Koblenz OP,2026-06-30 11:15:00+00:00,203.0,202.63113923016567,202.63113923016567,0.0,3,0.3688607698343276,0.3688607698343276
Koblenz UP,2026-06-30 11:15:00+00:00,73.0,46.0716631779151,46.0716631779151,0.0,3,26.9283368220849,26.9283368220849
KÖLN,2026-06-30 11:15:00+00:00,131.0,131.47308054379502,131.47308054379502,0.0,4,-0.47308054379502096,0.47308054379502096
MAINZ,2026-06-30 11:15:00+00:00,180.0,183.32582887258417,183.32582887258417,0.0,4,-3.325828872584168,3.325828872584168
MANNHEIM,2026-06-30 11:15:00+00:00,168.0,165.11063865233623,165.11063865233623,0.0,4,2.8893613476637654,2.8893613476637654
MAXAU,2026-06-30 11:15:00+00:00,401.0,401.1857059671161,401.1857059671161,0.0,4,-0.18570596711612097,0.18570596711612097
REES,2026-06-30 11:15:00+00:00,98.0,95.7151314615221,95.7151314615221,0.0,4,2.2848685384778946,2.2848685384778946
RHEINE UNTERSCHLEUSE,2026-06-30 11:15:00+00:00,195.0,196.34215561681765,196.34215561681765,0.0,4,-1.3421556168176494,1.3421556168176494
RHEINWEILER,2026-06-30 11:15:00+00:00,224.0,222.71877038936714,222.71877038936714,0.0,4,1.2812296106328631,1.2812296106328631
SANKT GOAR,2026-06-30 11:15:00+00:00,181.0,181.9579080356413,181.9579080356413,0.0,4,-0.9579080356413101,0.9579080356413101
SPEYER,2026-06-30 11:15:00+00:00,262.0,261.2375531694958,261.2375531694958,0.0,4,0.7624468305041887,0.7624468305041887
WESEL,2026-06-30 11:15:00+00:00,156.0,152.8261576188721,152.8261576188721,0.0,4,3.173842381127912,3.173842381127912
WORMS,2026-06-30 11:15:00+00:00,77.0,75.25016043231766,75.25016043231766,0.0,4,1.7498395676823435,1.7498395676823435
DUISBURG-MEIDERICH SCHLEUSE OW,2026-06-30 11:16:00+00:00,24.95,24.986028066135407,24.96405102081896,-0.021977045316447223,4,-0.014051020818961035,0.014051020818961035
DUISBURG-MEIDERICH SCHLEUSE UW,2026-06-30 11:16:00+00:00,18.22,18.347073472580018,18.134862390837835,-0.21221108174218317,4,0.08513760916216384,0.08513760916216384
DUISBURG-MEIDERICH SCHLEUSE OW,2026-06-30 11:17:00+00:00,24.95,25.087440012185336,24.839255950066633,-0.24818406211870458,4,0.11074404993336628,0.11074404993336628
DUISBURG-MEIDERICH SCHLEUSE UW,2026-06-30 11:17:00+00:00,18.22,18.268276384618254,18.21136786783683,-0.05690851678142449,4,0.008632132163167938,0.008632132163167938
DUISBURG-MEIDERICH SCHLEUSE OW,2026-06-30 11:18:00+00:00,24.95,25.087440012185336,24.839255950066633,-0.24818406211870458,4,0.11074404993336628,0.11074404993336628
DUISBURG-MEIDERICH SCHLEUSE UW,2026-06-30 11:18:00+00:00,18.23,18.268276384618254,18.21136786783683,-0.05690851678142449,4,0.0186321321631695,0.0186321321631695
DUISBURG-MEIDERICH SCHLEUSE OW,2026-06-30 11:19:00+00:00,24.95,24.973371500165882,24.965990060610324,-0.007381439555560471,4,-0.015990060610324264,0.015990060610324264
DUISBURG-MEIDERICH SCHLEUSE UW,2026-06-30 11:19:00+00:00,18.23,18.268276384618254,18.21136786783683,-0.05690851678142449,4,0.0186321321631695,0.0186321321631695
Basel-Rheinhalle,2026-06-30 11:20:00+00:00,514.0,515.3027089406629,514.5751231920572,-0.7275857486056962,4,-0.5751231920571627,0.5751231920571627
DUISBURG-MEIDERICH SCHLEUSE OW,2026-06-30 11:20:00+00:00,24.95,24.973371500165882,24.965990060610324,-0.007381439555560471,4,-0.015990060610324264,0.015990060610324264
DUISBURG-MEIDERICH SCHLEUSE UW,2026-06-30 11:20:00+00:00,18.23,18.268276384618254,18.21136786783683,-0.05690851678142449,4,0.0186321321631695,0.0186321321631695
LOBITH,2026-06-30 11:20:00+00:00,704.0,703.1271320999927,703.0073267379497,-0.11980536204289327,4,0.9926732620502889,0.9926732620502889
DUISBURG-MEIDERICH SCHLEUSE OW,2026-06-30 11:21:00+00:00,24.94,24.973371500165882,24.965990060610324,-0.007381439555560471,4,-0.025990060610322274,0.025990060610322274
DUISBURG-MEIDERICH SCHLEUSE UW,2026-06-30 11:21:00+00:00,18.23,18.268276384618254,18.21136786783683,-0.05690851678142449,4,0.0186321321631695,0.0186321321631695
DUISBURG-MEIDERICH SCHLEUSE OW,2026-06-30 11:22:00+00:00,24.94,24.973371500165882,24.965990060610324,-0.007381439555560471,4,-0.025990060610322274,0.025990060610322274
DUISBURG-MEIDERICH SCHLEUSE UW,2026-06-30 11:22:00+00:00,18.23,18.268276384618254,18.21136786783683,-0.05690851678142449,4,0.0186321321631695,0.0186321321631695
DUISBURG-MEIDERICH SCHLEUSE OW,2026-06-30 11:23:00+00:00,24.94,24.973371500165882,24.965990060610324,-0.007381439555560471,4,-0.025990060610322274,0.025990060610322274
DUISBURG-MEIDERICH SCHLEUSE UW,2026-06-30 11:23:00+00:00,18.23,18.268276384618254,18.21136786783683,-0.05690851678142449,4,0.0186321321631695,0.0186321321631695
DUISBURG-MEIDERICH SCHLEUSE OW,2026-06-30 11:24:00+00:00,24.94,24.973371500165882,24.965990060610324,-0.007381439555560471,4,-0.025990060610322274,0.025990060610322274
DUISBURG-MEIDERICH SCHLEUSE UW,2026-06-30 11:24:00+00:00,18.23,18.268276384618254,18.21136786783683,-0.05690851678142449,4,0.0186321321631695,0.0186321321631695
Basel-Rheinhalle,2026-06-30 11:25:00+00:00,513.0,515.0938675353974,514.3937000381165,-0.7001674972808399,4,-1.393700038116549,1.393700038116549
DUISBURG-MEIDERICH SCHLEUSE OW,2026-06-30 11:25:00+00:00,24.94,24.973371500165882,24.965990060610324,-0.007381439555560471,4,-0.025990060610322274,0.025990060610322274
DUISBURG-MEIDERICH SCHLEUSE UW,2026-06-30 11:25:00+00:00,18.23,18.268276384618254,18.21136786783683,-0.05690851678142449,4,0.0186321321631695,0.0186321321631695
DUISBURG-MEIDERICH SCHLEUSE OW,2026-06-30 11:26:00+00:00,24.94,24.973371500165882,24.961337026916357,-0.012034473249523987,4,-0.021337026916356194,0.021337026916356194
DUISBURG-MEIDERICH SCHLEUSE UW,2026-06-30 11:26:00+00:00,18.23,18.268276384618254,18.21136786783683,-0.05690851678142449,4,0.0186321321631695,0.0186321321631695
DUISBURG-MEIDERICH SCHLEUSE OW,2026-06-30 11:27:00+00:00,24.94,25.07478344621581,24.960851819774895,-0.11393162644091559,4,-0.0208518197748937,0.0208518197748937
DUISBURG-MEIDERICH SCHLEUSE UW,2026-06-30 11:27:00+00:00,18.23,18.268276384618254,18.21136786783683,-0.05690851678142449,4,0.0186321321631695,0.0186321321631695
DUISBURG-MEIDERICH SCHLEUSE OW,2026-06-30 11:28:00+00:00,24.94,25.07478344621581,24.960851819774895,-0.11393162644091559,4,-0.0208518197748937,0.0208518197748937
DUISBURG-MEIDERICH SCHLEUSE UW,2026-06-30 11:28:00+00:00,18.23,18.268276384618254,18.21136786783683,-0.05690851678142449,4,0.0186321321631695,0.0186321321631695
DUISBURG-MEIDERICH SCHLEUSE OW,2026-06-30 11:29:00+00:00,24.94,24.973371500165882,24.961337026916357,-0.012034473249523987,4,-0.021337026916356194,0.021337026916356194
DUISBURG-MEIDERICH SCHLEUSE UW,2026-06-30 11:29:00+00:00,18.23,18.268276384618254,18.21136786783683,-0.05690851678142449,4,0.0186321321631695,0.0186321321631695
BINGEN,2026-06-30 11:30:00+00:00,104.0,105.50919106789752,105.50919106789752,0.0,4,-1.5091910678975182,1.5091910678975182
BONN,2026-06-30 11:30:00+00:00,138.0,136.59697296897474,136.59697296897474,0.0,4,1.4030270310252604,1.4030270310252604
BREISACH,2026-06-30 11:30:00+00:00,195.0,194.20448420673802,194.20448420673802,0.0,4,0.7955157932619841,0.7955157932619841
Basel-Rheinhalle,2026-06-30 11:30:00+00:00,513.0,514.9624522674752,514.2893387788051,-0.6731134886700528,4,-1.2893387788051314,1.2893387788051314
DUISBURG-MEIDERICH SCHLEUSE OW,2026-06-30 11:30:00+00:00,24.94,24.973371500165882,24.961337026916357,-0.012034473249523987,4,-0.021337026916356194,0.021337026916356194
DUISBURG-MEIDERICH SCHLEUSE UW,2026-06-30 11:30:00+00:00,18.23,18.268276384618254,18.21136786783683,-0.05690851678142449,4,0.0186321321631695,0.0186321321631695
DUISBURG-RUHRORT,2026-06-30 11:30:00+00:00,217.0,216.9147386503434,216.9147386503434,0.0,4,0.08526134965660503,0.08526134965660503
DÜSSELDORF,2026-06-30 11:30:00+00:00,88.0,88.69114393446752,88.69114393446752,0.0,4,-0.6911439344675188,0.6911439344675188
EMMERICH,2026-06-30 11:30:00+00:00,54.0,58.16566439997832,58.16566439997832,0.0,4,-4.1656643999783185,4.1656643999783185
IFFEZHEIM,2026-06-30 11:30:00+00:00,136.0,135.24717915937933,135.24717915937933,0.0,4,0.7528208406206716,0.7528208406206716
KAUB,2026-06-30 11:30:00+00:00,90.0,91.02194491826133,91.02194491826133,0.0,4,-1.021944918261326,1.021944918261326
KOBLENZ,2026-06-30 11:30:00+00:00,95.0,89.89839864320015,89.89839864320015,0.0,4,5.101601356799847,5.101601356799847
KONSTANZ-RHEIN,2026-06-30 11:30:00+00:00,314.0,312.5778808975296,312.5778808975296,0.0,4,1.4221191024703899,1.4221191024703899
Koblenz OP,2026-06-30 11:30:00+00:00,203.0,203.3134164096985,203.3134164096985,0.0,4,-0.3134164096985046,0.3134164096985046
Koblenz UP,2026-06-30 11:30:00+00:00,73.0,70.46033498493345,70.46033498493345,0.0,4,2.5396650150665465,2.5396650150665465
KÖLN,2026-06-30 11:30:00+00:00,130.0,131.70229271145385,131.70229271145385,0.0,4,-1.7022927114538504,1.7022927114538504
LOBITH,2026-06-30 11:30:00+00:00,703.0,702.9706821009466,702.7847734848383,-0.18590861610829565,4,0.215226515161703,0.215226515161703
MAINZ,2026-06-30 11:30:00+00:00,179.0,184.91319836940016,184.91319836940016,0.0,4,-5.913198369400163,5.913198369400163
MANNHEIM,2026-06-30 11:30:00+00:00,169.0,165.15653086090683,165.15653086090683,0.0,4,3.8434691390931732,3.8434691390931732
MAXAU,2026-06-30 11:30:00+00:00,400.0,401.1857059671161,401.1857059671161,0.0,4,-1.185705967116121,1.185705967116121
REES,2026-06-30 11:30:00+00:00,97.0,95.72505375600728,95.72505375600728,0.0,4,1.2749462439927157,1.2749462439927157
RHEINE UNTERSCHLEUSE,2026-06-30 11:30:00+00:00,195.0,195.5947771544405,195.5947771544405,0.0,4,-0.594777154440493,0.594777154440493
RHEINWEILER,2026-06-30 11:30:00+00:00,223.0,222.25136077218502,222.25136077218502,0.0,4,0.7486392278149765,0.7486392278149765
SANKT GOAR,2026-06-30 11:30:00+00:00,181.0,190.33143924612858,190.33143924612858,0.0,4,-9.331439246128582,9.331439246128582
SPEYER,2026-06-30 11:30:00+00:00,262.0,261.3089298913135,261.3089298913135,0.0,4,0.6910701086865174,0.6910701086865174
WESEL,2026-06-30 11:30:00+00:00,154.0,152.8570112546169,152.8570112546169,0.0,4,1.142988745383093,1.142988745383093
WORMS,2026-06-30 11:30:00+00:00,76.0,75.23216221029776,75.23216221029776,0.0,4,0.7678377897022415,0.7678377897022415
DUISBURG-MEIDERICH SCHLEUSE OW,2026-06-30 11:31:00+00:00,24.94,24.973371500165882,24.961337026916357,-0.012034473249523987,4,-0.021337026916356194,0.021337026916356194
DUISBURG-MEIDERICH SCHLEUSE UW,2026-06-30 11:31:00+00:00,18.23,18.268276384618254,18.21136786783683,-0.05690851678142449,4,0.0186321321631695,0.0186321321631695
DUISBURG-MEIDERICH SCHLEUSE OW,2026-06-30 11:32:00+00:00,24.94,24.973371500165882,24.961337026916357,-0.012034473249523987,4,-0.021337026916356194,0.021337026916356194
DUISBURG-MEIDERICH SCHLEUSE UW,2026-06-30 11:32:00+00:00,18.23,18.268276384618254,18.21136786783683,-0.05690851678142449,4,0.0186321321631695,0.0186321321631695
DUISBURG-MEIDERICH SCHLEUSE OW,2026-06-30 11:33:00+00:00,24.94,24.973371500165882,24.961337026916357,-0.012034473249523987,4,-0.021337026916356194,0.021337026916356194
DUISBURG-MEIDERICH SCHLEUSE UW,2026-06-30 11:33:00+00:00,18.23,18.268276384618254,18.21136786783683,-0.05690851678142449,4,0.0186321321631695,0.0186321321631695
DUISBURG-MEIDERICH SCHLEUSE OW,2026-06-30 11:34:00+00:00,24.94,24.973371500165882,24.961337026916357,-0.012034473249523987,4,-0.021337026916356194,0.021337026916356194
DUISBURG-MEIDERICH SCHLEUSE UW,2026-06-30 11:34:00+00:00,18.23,18.268276384618254,18.21136786783683,-0.05690851678142449,4,0.0186321321631695,0.0186321321631695
Basel-Rheinhalle,2026-06-30 11:35:00+00:00,516.0,514.695248801933,514.1576937398727,-0.5375550620602375,4,1.842306260127316,1.842306260127316
DUISBURG-MEIDERICH SCHLEUSE OW,2026-06-30 11:35:00+00:00,24.94,24.973371500165882,24.961337026916357,-0.012034473249523987,4,-0.021337026916356194,0.021337026916356194
DUISBURG-MEIDERICH SCHLEUSE UW,2026-06-30 11:35:00+00:00,18.23,18.268276384618254,18.21136786783683,-0.05690851678142449,4,0.0186321321631695,0.0186321321631695
DUISBURG-MEIDERICH SCHLEUSE OW,2026-06-30 11:36:00+00:00,24.94,24.973371500165882,24.961337026916357,-0.012034473249523987,4,-0.021337026916356194,0.021337026916356194
DUISBURG-MEIDERICH SCHLEUSE UW,2026-06-30 11:36:00+00:00,18.23,18.268276384618254,18.21136786783683,-0.05690851678142449,4,0.0186321321631695,0.0186321321631695
DUISBURG-MEIDERICH SCHLEUSE OW,2026-06-30 11:37:00+00:00,24.93,24.973371500165882,24.961337026916357,-0.012034473249523987,4,-0.03133702691635776,0.03133702691635776
DUISBURG-MEIDERICH SCHLEUSE UW,2026-06-30 11:37:00+00:00,18.23,18.268276384618254,18.21136786783683,-0.05690851678142449,4,0.0186321321631695,0.0186321321631695
DUISBURG-MEIDERICH SCHLEUSE OW,2026-06-30 11:38:00+00:00,24.93,24.973371500165882,24.961337026916357,-0.012034473249523987,4,-0.03133702691635776,0.03133702691635776
DUISBURG-MEIDERICH SCHLEUSE UW,2026-06-30 11:38:00+00:00,18.23,18.268276384618254,18.21136786783683,-0.05690851678142449,4,0.0186321321631695,0.0186321321631695
DUISBURG-MEIDERICH SCHLEUSE OW,2026-06-30 11:39:00+00:00,24.93,24.973371500165882,24.961337026916357,-0.012034473249523987,4,-0.03133702691635776,0.03133702691635776
DUISBURG-MEIDERICH SCHLEUSE UW,2026-06-30 11:39:00+00:00,18.23,18.268276384618254,18.21136786783683,-0.05690851678142449,4,0.0186321321631695,0.0186321321631695
Basel-Rheinhalle,2026-06-30 11:40:00+00:00,515.0,515.6919999884688,515.2601784806512,-0.43182150781750545,4,-0.26017848065123417,0.26017848065123417
DUISBURG-MEIDERICH SCHLEUSE OW,2026-06-30 11:40:00+00:00,24.93,24.973371500165882,24.961337026916357,-0.012034473249523987,4,-0.03133702691635776,0.03133702691635776
DUISBURG-MEIDERICH SCHLEUSE UW,2026-06-30 11:40:00+00:00,18.23,18.268276384618254,18.21136786783683,-0.05690851678142449,4,0.0186321321631695,0.0186321321631695
LOBITH,2026-06-30 11:40:00+00:00,704.0,703.0827781215993,703.0536609354417,-0.029117186157612773,4,0.9463390645582876,0.9463390645582876
DUISBURG-MEIDERICH SCHLEUSE OW,2026-06-30 11:41:00+00:00,24.93,24.973371500165882,24.961337026916357,-0.012034473249523987,4,-0.03133702691635776,0.03133702691635776
DUISBURG-MEIDERICH SCHLEUSE UW,2026-06-30 11:41:00+00:00,18.23,18.268276384618254,18.21136786783683,-0.05690851678142449,4,0.0186321321631695,0.0186321321631695
DUISBURG-MEIDERICH SCHLEUSE OW,2026-06-30 11:42:00+00:00,24.93,24.973371500165882,24.961337026916357,-0.012034473249523987,4,-0.03133702691635776,0.03133702691635776
DUISBURG-MEIDERICH SCHLEUSE UW,2026-06-30 11:42:00+00:00,18.23,18.268276384618254,18.21136786783683,-0.05690851678142449,4,0.0186321321631695,0.0186321321631695
DUISBURG-MEIDERICH SCHLEUSE OW,2026-06-30 11:43:00+00:00,24.93,24.973371500165882,24.961337026916357,-0.012034473249523987,4,-0.03133702691635776,0.03133702691635776
DUISBURG-MEIDERICH SCHLEUSE UW,2026-06-30 11:43:00+00:00,18.23,18.347073472580018,18.134158132840437,-0.21291533973958204,4,0.09584186715956378,0.09584186715956378
DUISBURG-MEIDERICH SCHLEUSE OW,2026-06-30 11:44:00+00:00,24.93,24.973371500165882,24.961337026916357,-0.012034473249523987,4,-0.03133702691635776,0.03133702691635776
DUISBURG-MEIDERICH SCHLEUSE UW,2026-06-30 11:44:00+00:00,18.23,18.347073472580018,18.134158132840437,-0.21291533973958204,4,0.09584186715956378,0.09584186715956378
BINGEN,2026-06-30 11:45:00+00:00,104.0,105.4771672680753,105.4771672680753,0.0,4,-1.4771672680753056,1.4771672680753056
BONN,2026-06-30 11:45:00+00:00,137.0,138.11915125876777,138.11915125876777,0.0,4,-1.119151258767772,1.119151258767772
BREISACH,2026-06-30 11:45:00+00:00,193.0,193.16393027819495,193.16393027819495,0.0,4,-0.16393027819495387,0.16393027819495387
Basel-Rheinhalle,2026-06-30 11:45:00+00:00,514.0,514.9310153514,514.4243017376751,-0.5067136137248364,4,-0.4243017376751368,0.4243017376751368
DUISBURG-MEIDERICH SCHLEUSE OW,2026-06-30 11:45:00+00:00,24.93,24.973371500165882,24.960280846286924,-0.013090653878956554,4,-0.0302808462869244,0.0302808462869244
DUISBURG-MEIDERICH SCHLEUSE UW,2026-06-30 11:45:00+00:00,18.23,18.24566152653009,18.22393971408631,-0.021721812443778948,4,0.006060285913690677,0.006060285913690677
DUISBURG-RUHRORT,2026-06-30 11:45:00+00:00,218.0,216.84988785381083,216.84988785381083,0.0,4,1.1501121461891728,1.1501121461891728
DÜSSELDORF,2026-06-30 11:45:00+00:00,88.0,89.82668864125861,89.82668864125861,0.0,4,-1.8266886412586132,1.8266886412586132
EMMERICH,2026-06-30 11:45:00+00:00,53.0,58.892710909319796,58.892710909319796,0.0,4,-5.892710909319796,5.892710909319796
IFFEZHEIM,2026-06-30 11:45:00+00:00,134.0,136.7775521438932,136.7775521438932,0.0,4,-2.777552143893189,2.777552143893189
KAUB,2026-06-30 11:45:00+00:00,89.0,90.73038353872332,90.73038353872332,0.0,4,-1.7303835387233164,1.7303835387233164
KOBLENZ,2026-06-30 11:45:00+00:00,93.0,89.01727338492208,89.01727338492208,0.0,4,3.9827266150779224,3.9827266150779224
KONSTANZ-RHEIN,2026-06-30 11:45:00+00:00,314.0,312.68184523733106,312.68184523733106,0.0,4,1.3181547626689394,1.3181547626689394
Koblenz OP,2026-06-30 11:45:00+00:00,200.0,203.7099440421727,203.7099440421727,0.0,4,-3.709944042172708,3.709944042172708
Koblenz UP,2026-06-30 11:45:00+00:00,74.0,69.76943966012676,69.76943966012676,0.0,4,4.230560339873236,4.230560339873236
KÖLN,2026-06-30 11:45:00+00:00,130.0,131.9946635027805,131.9946635027805,0.0,4,-1.9946635027804973,1.9946635027804973
MAINZ,2026-06-30 11:45:00+00:00,179.0,185.5639297173082,185.5639297173082,0.0,4,-6.563929717308213,6.563929717308213
MANNHEIM,2026-06-30 11:45:00+00:00,169.0,160.50297304332565,160.50297304332565,0.0,4,8.497026956674347,8.497026956674347
MAXAU,2026-06-30 11:45:00+00:00,400.0,402.63626507718755,402.63626507718755,0.0,4,-2.636265077187545,2.636265077187545
REES,2026-06-30 11:45:00+00:00,97.0,95.56936611684624,95.56936611684624,0.0,4,1.4306338831537602,1.4306338831537602
RHEINE UNTERSCHLEUSE,2026-06-30 11:45:00+00:00,195.0,193.07327957764127,193.07327957764127,0.0,4,1.926720422358727,1.926720422358727
RHEINWEILER,2026-06-30 11:45:00+00:00,223.0,222.27565318668763,222.27565318668763,0.0,4,0.7243468133123656,0.7243468133123656
SANKT GOAR,2026-06-30 11:45:00+00:00,181.0,190.37924029804648,190.37924029804648,0.0,4,-9.379240298046483,9.379240298046483
SPEYER,2026-06-30 11:45:00+00:00,262.0,261.1858651888118,261.1858651888118,0.0,4,0.8141348111881825,0.8141348111881825
WESEL,2026-06-30 11:45:00+00:00,155.0,153.11966720122908,153.11966720122908,0.0,4,1.8803327987709224,1.8803327987709224
WORMS,2026-06-30 11:45:00+00:00,76.0,75.10574646897854,75.10574646897854,0.0,4,0.8942535310214623,0.8942535310214623
DUISBURG-MEIDERICH SCHLEUSE OW,2026-06-30 11:46:00+00:00,24.93,25.07478344621581,24.95979563914546,-0.11498780707034814,4,-0.029795639145461905,0.029795639145461905
DUISBURG-MEIDERICH SCHLEUSE UW,2026-06-30 11:46:00+00:00,18.23,18.24566152653009,18.22393971408631,-0.021721812443778948,4,0.006060285913690677,0.006060285913690677
DUISBURG-MEIDERICH SCHLEUSE OW,2026-06-30 11:47:00+00:00,24.93,25.07478344621581,24.95979563914546,-0.11498780707034814,4,-0.029795639145461905,0.029795639145461905
DUISBURG-MEIDERICH SCHLEUSE UW,2026-06-30 11:47:00+00:00,18.23,18.24566152653009,18.22393971408631,-0.021721812443778948,4,0.006060285913690677,0.006060285913690677
DUISBURG-MEIDERICH SCHLEUSE OW,2026-06-30 11:48:00+00:00,24.93,24.96365077474151,24.95472121611957,-0.0089295586219399,4,-0.02472121611956979,0.02472121611956979
DUISBURG-MEIDERICH SCHLEUSE UW,2026-06-30 11:48:00+00:00,18.23,18.24566152653009,18.22393971408631,-0.021721812443778948,4,0.006060285913690677,0.006060285913690677
DUISBURG-MEIDERICH SCHLEUSE OW,2026-06-30 11:49:00+00:00,24.93,24.96365077474151,24.95472121611957,-0.0089295586219399,4,-0.02472121611956979,0.02472121611956979
DUISBURG-MEIDERICH SCHLEUSE UW,2026-06-30 11:49:00+00:00,18.23,18.24566152653009,18.22393971408631,-0.021721812443778948,4,0.006060285913690677,0.006060285913690677
Basel-Rheinhalle,2026-06-30 11:50:00+00:00,514.0,515.5615606385472,515.0392119240709,-0.5223487144763899,4,-1.0392119240708553,1.0392119240708553
DUISBURG-MEIDERICH SCHLEUSE OW,2026-06-30 11:50:00+00:00,24.93,24.96365077474151,24.95472121611957,-0.0089295586219399,4,-0.02472121611956979,0.02472121611956979
DUISBURG-MEIDERICH SCHLEUSE UW,2026-06-30 11:50:00+00:00,18.23,18.24566152653009,18.22393971408631,-0.021721812443778948,4,0.006060285913690677,0.006060285913690677
LOBITH,2026-06-30 11:50:00+00:00,704.0,702.8810517657863,702.5692118677442,-0.3118398980421069,4,1.4307881322557705,1.4307881322557705
DUISBURG-MEIDERICH SCHLEUSE OW,2026-06-30 11:51:00+00:00,24.93,24.96365077474151,24.95472121611957,-0.0089295586219399,4,-0.02472121611956979,0.02472121611956979
DUISBURG-MEIDERICH SCHLEUSE UW,2026-06-30 11:51:00+00:00,18.23,18.24566152653009,18.22393971408631,-0.021721812443778948,4,0.006060285913690677,0.006060285913690677
DUISBURG-MEIDERICH SCHLEUSE OW,2026-06-30 11:52:00+00:00,24.93,24.96365077474151,24.95472121611957,-0.0089295586219399,4,-0.02472121611956979,0.02472121611956979
DUISBURG-MEIDERICH SCHLEUSE UW,2026-06-30 11:52:00+00:00,18.23,18.24566152653009,18.22393971408631,-0.021721812443778948,4,0.006060285913690677,0.006060285913690677
DUISBURG-MEIDERICH SCHLEUSE OW,2026-06-30 11:53:00+00:00,24.93,24.96365077474151,24.95472121611957,-0.0089295586219399,4,-0.02472121611956979,0.02472121611956979
DUISBURG-MEIDERICH SCHLEUSE UW,2026-06-30 11:53:00+00:00,18.23,18.24566152653009,18.22393971408631,-0.021721812443778948,4,0.006060285913690677,0.006060285913690677
DUISBURG-MEIDERICH SCHLEUSE OW,2026-06-30 11:54:00+00:00,24.93,24.96365077474151,24.95472121611957,-0.0089295586219399,4,-0.02472121611956979,0.02472121611956979
DUISBURG-MEIDERICH SCHLEUSE UW,2026-06-30 11:54:00+00:00,18.23,18.24566152653009,18.22393971408631,-0.021721812443778948,4,0.006060285913690677,0.006060285913690677
Basel-Rheinhalle,2026-06-30 11:55:00+00:00,513.0,515.7199924552092,515.2764581349469,-0.44353432026227224,4,-2.2764581349468926,2.2764581349468926
DUISBURG-MEIDERICH SCHLEUSE OW,2026-06-30 11:55:00+00:00,24.93,24.96365077474151,24.95472121611957,-0.0089295586219399,4,-0.02472121611956979,0.02472121611956979
DUISBURG-MEIDERICH SCHLEUSE UW,2026-06-30 11:55:00+00:00,18.23,18.24566152653009,18.22393971408631,-0.021721812443778948,4,0.006060285913690677,0.006060285913690677
DUISBURG-MEIDERICH SCHLEUSE OW,2026-06-30 11:56:00+00:00,24.93,24.96365077474151,24.95472121611957,-0.0089295586219399,4,-0.02472121611956979,0.02472121611956979
DUISBURG-MEIDERICH SCHLEUSE UW,2026-06-30 11:56:00+00:00,18.23,18.24566152653009,18.22393971408631,-0.021721812443778948,4,0.006060285913690677,0.006060285913690677
DUISBURG-MEIDERICH SCHLEUSE OW,2026-06-30 11:57:00+00:00,24.93,24.96365077474151,24.95472121611957,-0.0089295586219399,4,-0.02472121611956979,0.02472121611956979
DUISBURG-MEIDERICH SCHLEUSE UW,2026-06-30 11:57:00+00:00,18.23,18.24566152653009,18.22393971408631,-0.021721812443778948,4,0.006060285913690677,0.006060285913690677
DUISBURG-MEIDERICH SCHLEUSE OW,2026-06-30 11:58:00+00:00,24.93,24.96365077474151,24.95472121611957,-0.0089295586219399,4,-0.02472121611956979,0.02472121611956979
DUISBURG-MEIDERICH SCHLEUSE UW,2026-06-30 11:58:00+00:00,18.23,18.24566152653009,18.22393971408631,-0.021721812443778948,4,0.006060285913690677,0.006060285913690677
DUISBURG-MEIDERICH SCHLEUSE OW,2026-06-30 11:59:00+00:00,24.93,24.96365077474151,24.95472121611957,-0.0089295586219399,4,-0.02472121611956979,0.02472121611956979
DUISBURG-MEIDERICH SCHLEUSE UW,2026-06-30 11:59:00+00:00,18.23,18.24566152653009,18.22393971408631,-0.021721812443778948,4,0.006060285913690677,0.006060285913690677
BINGEN,2026-06-30 12:00:00+00:00,104.0,105.39539376334541,105.39539376334541,0.0,4,-1.3953937633454103,1.3953937633454103
BONN,2026-06-30 12:00:00+00:00,137.0,136.75810477720847,136.75810477720847,0.0,4,0.24189522279152698,0.24189522279152698
BREISACH,2026-06-30 12:00:00+00:00,192.0,194.17437538077652,194.17437538077652,0.0,4,-2.1743753807765245,2.1743753807765245
Basel-Rheinhalle,2026-06-30 12:00:00+00:00,513.0,515.2519094885262,514.6748865172067,-0.5770229713195204,4,-1.6748865172066871,1.6748865172066871
DUISBURG-MEIDERICH SCHLEUSE OW,2026-06-30 12:00:00+00:00,24.93,24.771413696968263,25.065644548739314,0.2942308517710502,4,-0.13564454873931453,0.13564454873931453
DUISBURG-MEIDERICH SCHLEUSE UW,2026-06-30 12:00:00+00:00,18.23,18.075340371722003,18.28595418050424,0.21061380878223665,4,-0.055954180504240725,0.055954180504240725
DUISBURG-RUHRORT,2026-06-30 12:00:00+00:00,217.0,216.33071811913604,216.33071811913604,0.0,4,0.6692818808639629,0.6692818808639629
DÜSSELDORF,2026-06-30 12:00:00+00:00,88.0,88.8084679106204,88.8084679106204,0.0,4,-0.8084679106203936,0.8084679106203936
EMMERICH,2026-06-30 12:00:00+00:00,53.0,56.88359061445358,56.88359061445358,0.0,4,-3.8835906144535812,3.8835906144535812
IFFEZHEIM,2026-06-30 12:00:00+00:00,133.0,135.53534090802324,135.53534090802324,0.0,4,-2.535340908023244,2.535340908023244
KAUB,2026-06-30 12:00:00+00:00,89.0,89.92947068415971,89.92947068415971,0.0,4,-0.9294706841597105,0.9294706841597105
KOBLENZ,2026-06-30 12:00:00+00:00,93.0,86.88306673430652,86.88306673430652,0.0,4,6.116933265693476,6.116933265693476
KONSTANZ-RHEIN,2026-06-30 12:00:00+00:00,313.0,312.63275367604086,312.63275367604086,0.0,4,0.3672463239591366,0.3672463239591366
Koblenz OP,2026-06-30 12:00:00+00:00,201.0,203.33720283757575,203.33720283757575,0.0,4,-2.337202837575745,2.337202837575745
Koblenz UP,2026-06-30 12:00:00+00:00,74.0,69.43559517058523,69.43559517058523,0.0,4,4.564404829414769,4.564404829414769
KÖLN,2026-06-30 12:00:00+00:00,131.0,132.15110324468566,132.15110324468566,0.0,4,-1.1511032446856575,1.1511032446856575
LOBITH,2026-06-30 12:00:00+00:00,705.0,703.3800591267286,703.4754005621278,0.09534143539913323,4,1.5245994378722116,1.5245994378722116
MAINZ,2026-06-30 12:00:00+00:00,180.0,185.21637434787613,185.21637434787613,0.0,4,-5.216374347876126,5.216374347876126
MANNHEIM,2026-06-30 12:00:00+00:00,168.0,159.42761735335836,159.42761735335836,0.0,4,8.572382646641643,8.572382646641643
MAXAU,2026-06-30 12:00:00+00:00,400.0,401.20260811388727,401.20260811388727,0.0,4,-1.2026081138872655,1.2026081138872655
REES,2026-06-30 12:00:00+00:00,97.0,95.67895014720563,95.67895014720563,0.0,4,1.3210498527943741,1.3210498527943741
RHEINE UNTERSCHLEUSE,2026-06-30 12:00:00+00:00,195.0,197.80347567715427,197.80347567715427,0.0,4,-2.8034756771542675,2.8034756771542675
RHEINWEILER,2026-06-30 12:00:00+00:00,224.0,222.27565318668763,222.27565318668763,0.0,4,1.7243468133123656,1.7243468133123656
SANKT GOAR,2026-06-30 12:00:00+00:00,180.0,190.31830237315697,190.31830237315697,0.0,4,-10.318302373156968,10.318302373156968
SPEYER,2026-06-30 12:00:00+00:00,262.0,261.0521627968798,261.0521627968798,0.0,4,0.9478372031201729,0.9478372031201729
WESEL,2026-06-30 12:00:00+00:00,156.0,152.73845087501053,152.73845087501053,0.0,4,3.2615491249894717,3.2615491249894717
WORMS,2026-06-30 12:00:00+00:00,76.0,74.61968561377228,74.61968561377228,0.0,4,1.3803143862277238,1.3803143862277238
DUISBURG-MEIDERICH SCHLEUSE OW,2026-06-30 12:01:00+00:00,24.93,24.80727958660456,25.0965393143079,0.28925972770333713,4,-0.1665393143079008,0.1665393143079008
DUISBURG-MEIDERICH SCHLEUSE UW,2026-06-30 12:01:00+00:00,18.23,18.1112062613583,18.32182007014054,0.21061380878223665,4,-0.09182007014053895,0.09182007014053895
DUISBURG-MEIDERICH SCHLEUSE OW,2026-06-30 12:02:00+00:00,24.93,24.855656577857864,25.010344104941982,0.15468752708411848,4,-0.08034410494198241,0.08034410494198241
DUISBURG-MEIDERICH SCHLEUSE UW,2026-06-30 12:02:00+00:00,18.23,18.12098615474633,18.331599963528568,0.21061380878223665,4,-0.10159996352856737,0.10159996352856737
DUISBURG-MEIDERICH SCHLEUSE OW,2026-06-30 12:03:00+00:00,24.92,25.093772474240783,24.845137176304252,-0.24863529793652991,4,0.07486282369574937,0.07486282369574937
DUISBURG-MEIDERICH SCHLEUSE UW,2026-06-30 12:03:00+00:00,18.23,18.30041201517718,18.24617244271278,-0.05423957246439941,4,-0.0161724427127794,0.0161724427127794
DUISBURG-MEIDERICH SCHLEUSE OW,2026-06-30 12:04:00+00:00,24.93,24.98779117819207,24.959211061148192,-0.028580117043878275,4,-0.029211061148192385,0.029211061148192385
DUISBURG-MEIDERICH SCHLEUSE UW,2026-06-30 12:04:00+00:00,18.23,18.30041201517718,18.24617244271278,-0.05423957246439941,4,-0.0161724427127794,0.0161724427127794
Basel-Rheinhalle,2026-06-30 12:05:00+00:00,511.0,515.5726124361297,515.0180530226712,-0.554559413458442,4,-4.018053022671211,4.018053022671211
DUISBURG-MEIDERICH SCHLEUSE OW,2026-06-30 12:05:00+00:00,24.93,24.98779117819207,24.959211061148192,-0.028580117043878275,4,-0.029211061148192385,0.029211061148192385
DUISBURG-MEIDERICH SCHLEUSE UW,2026-06-30 12:05:00+00:00,18.23,18.30041201517718,18.24617244271278,-0.05423957246439941,4,-0.0161724427127794,0.0161724427127794
DUISBURG-MEIDERICH SCHLEUSE OW,2026-06-30 12:06:00+00:00,24.93,24.89263334146713,24.954682446939685,0.06204910547255702,4,-0.024682446939685576,0.024682446939685576
DUISBURG-MEIDERICH SCHLEUSE UW,2026-06-30 12:06:00+00:00,18.23,18.20525417845224,18.2133225253576,0.008068346905361552,4,0.01667747464239966,0.01667747464239966
DUISBURG-MEIDERICH SCHLEUSE OW,2026-06-30 12:07:00+00:00,24.93,24.89263334146713,24.954682446939685,0.06204910547255702,4,-0.024682446939685576,0.024682446939685576
DUISBURG-MEIDERICH SCHLEUSE UW,2026-06-30 12:07:00+00:00,18.23,18.20525417845224,18.2133225253576,0.008068346905361552,4,0.01667747464239966,0.01667747464239966
DUISBURG-MEIDERICH SCHLEUSE OW,2026-06-30 12:08:00+00:00,24.93,24.89263334146713,24.954682446939685,0.06204910547255702,4,-0.024682446939685576,0.024682446939685576
DUISBURG-MEIDERICH SCHLEUSE UW,2026-06-30 12:08:00+00:00,18.23,18.20525417845224,18.2133225253576,0.008068346905361552,4,0.01667747464239966,0.01667747464239966
DUISBURG-MEIDERICH SCHLEUSE OW,2026-06-30 12:09:00+00:00,24.93,24.874883332615447,24.936932438088004,0.06204910547255702,4,-0.006932438088004034,0.006932438088004034
DUISBURG-MEIDERICH SCHLEUSE UW,2026-06-30 12:09:00+00:00,18.23,18.187504169600558,18.200930331069625,0.013426161469065417,4,0.02906966893037577,0.02906966893037577
Basel-Rheinhalle,2026-06-30 12:10:00+00:00,511.0,515.5726124361297,515.0180530226712,-0.554559413458442,4,-4.018053022671211,4.018053022671211
DUISBURG-MEIDERICH SCHLEUSE OW,2026-06-30 12:10:00+00:00,24.92,24.874883332615447,24.936932438088004,0.06204910547255702,4,-0.016932438088002044,0.016932438088002044
DUISBURG-MEIDERICH SCHLEUSE UW,2026-06-30 12:10:00+00:00,18.23,18.187504169600558,18.200930331069625,0.013426161469065417,4,0.02906966893037577,0.02906966893037577
LOBITH,2026-06-30 12:10:00+00:00,705.0,703.4230507975327,703.4718643731528,0.048813575620155966,4,1.5281356268471882,1.5281356268471882
DUISBURG-MEIDERICH SCHLEUSE OW,2026-06-30 12:11:00+00:00,24.92,24.88878539016829,24.950834495640848,0.06204910547255702,4,-0.03083449564084617,0.03083449564084617
DUISBURG-MEIDERICH SCHLEUSE UW,2026-06-30 12:11:00+00:00,18.23,18.201406227153402,18.210432092238573,0.009025865085172531,4,0.01956790776142725,0.01956790776142725
DUISBURG-MEIDERICH SCHLEUSE OW,2026-06-30 12:12:00+00:00,24.92,24.8947037518137,24.936114691905058,0.04141094009135588,4,-0.016114691905055878,0.016114691905055878
DUISBURG-MEIDERICH SCHLEUSE UW,2026-06-30 12:12:00+00:00,18.23,18.207324588798812,18.215392935704173,0.008068346905361552,4,0.014607064295827143,0.014607064295827143
DUISBURG-MEIDERICH SCHLEUSE OW,2026-06-30 12:13:00+00:00,24.92,24.8947037518137,24.936114691905058,0.04141094009135588,4,-0.016114691905055878,0.016114691905055878
DUISBURG-MEIDERICH SCHLEUSE UW,2026-06-30 12:13:00+00:00,18.22,18.207324588798812,18.215392935704173,0.008068346905361552,4,0.00460706429582558,0.00460706429582558
DUISBURG-MEIDERICH SCHLEUSE OW,2026-06-30 12:14:00+00:00,24.92,24.8947037518137,24.936114691905058,0.04141094009135588,4,-0.016114691905055878,0.016114691905055878
DUISBURG-MEIDERICH SCHLEUSE UW,2026-06-30 12:14:00+00:00,18.22,18.207324588798812,18.215392935704173,0.008068346905361552,4,0.00460706429582558,0.00460706429582558
BINGEN,2026-06-30 12:15:00+00:00,104.0,105.31885949256987,105.31885949256987,0.0,4,-1.318859492569871,1.318859492569871
BONN,2026-06-30 12:15:00+00:00,137.0,136.71219716211485,136.71219716211485,0.0,4,0.2878028378851525,0.2878028378851525
BREISACH,2026-06-30 12:15:00+00:00,195.0,194.2062501824565,194.2062501824565,0.0,4,0.7937498175434996,0.7937498175434996
Basel-Rheinhalle,2026-06-30 12:15:00+00:00,512.0,514.3479092966502,513.894088676038,-0.45382062061217726,4,-1.8940886760379954,1.8940886760379954
DUISBURG-MEIDERICH SCHLEUSE OW,2026-06-30 12:15:00+00:00,24.92,24.8947037518137,24.936114691905058,0.04141094009135588,4,-0.016114691905055878,0.016114691905055878
DUISBURG-MEIDERICH SCHLEUSE UW,2026-06-30 12:15:00+00:00,18.22,18.207324588798812,18.215392935704173,0.008068346905361552,4,0.00460706429582558,0.00460706429582558
DUISBURG-RUHRORT,2026-06-30 12:15:00+00:00,217.0,216.3431332800089,216.3431332800089,0.0,4,0.6568667199910863,0.6568667199910863
DÜSSELDORF,2026-06-30 12:15:00+00:00,88.0,87.90351613631454,87.90351613631454,0.0,4,0.09648386368546369,0.09648386368546369
EMMERICH,2026-06-30 12:15:00+00:00,53.0,56.898568163050356,56.898568163050356,0.0,4,-3.8985681630503564,3.8985681630503564
IFFEZHEIM,2026-06-30 12:15:00+00:00,135.0,135.28231302391157,135.28231302391157,0.0,4,-0.28231302391156987,0.28231302391156987
KAUB,2026-06-30 12:15:00+00:00,89.0,89.86631791292012,89.86631791292012,0.0,4,-0.866317912920124,0.866317912920124
KOBLENZ,2026-06-30 12:15:00+00:00,94.0,87.91967322016403,87.91967322016403,0.0,4,6.080326779835971,6.080326779835971
KONSTANZ-RHEIN,2026-06-30 12:15:00+00:00,313.0,312.68184523733106,312.68184523733106,0.0,4,0.3181547626689394,0.3181547626689394
Koblenz OP,2026-06-30 12:15:00+00:00,200.0,202.86529677600163,202.86529677600163,0.0,4,-2.865296776001628,2.865296776001628
Koblenz UP,2026-06-30 12:15:00+00:00,75.0,68.14012885012308,68.14012885012308,0.0,4,6.859871149876923,6.859871149876923
KÖLN,2026-06-30 12:15:00+00:00,131.0,132.10519562959203,132.10519562959203,0.0,4,-1.105195629592032,1.105195629592032
MAINZ,2026-06-30 12:15:00+00:00,179.0,185.47498330828702,185.47498330828702,0.0,4,-6.4749833082870225,6.4749833082870225
MANNHEIM,2026-06-30 12:15:00+00:00,168.0,157.28510602542931,157.28510602542931,0.0,4,10.714893974570685,10.714893974570685
MAXAU,2026-06-30 12:15:00+00:00,399.0,401.1619081982393,401.1619081982393,0.0,4,-2.1619081982393027,2.1619081982393027
REES,2026-06-30 12:15:00+00:00,97.0,94.52302766378934,94.52302766378934,0.0,4,2.4769723362106646,2.4769723362106646
RHEINE UNTERSCHLEUSE,2026-06-30 12:15:00+00:00,195.0,197.72170217242436,197.72170217242436,0.0,4,-2.721702172424358,2.721702172424358
RHEINWEILER,2026-06-30 12:15:00+00:00,223.0,222.35516974443803,222.35516974443803,0.0,4,0.6448302555619705,0.6448302555619705
SANKT GOAR,2026-06-30 12:15:00+00:00,180.0,190.32890553150602,190.32890553150602,0.0,4,-10.328905531506024,10.328905531506024
SPEYER,2026-06-30 12:15:00+00:00,262.0,261.4181700107498,261.4181700107498,0.0,4,0.5818299892501955,0.5818299892501955
WESEL,2026-06-30 12:15:00+00:00,155.0,153.13920837425746,153.13920837425746,0.0,4,1.8607916257425359,1.8607916257425359
WORMS,2026-06-30 12:15:00+00:00,76.0,75.76245292406348,75.76245292406348,0.0,4,0.23754707593651858,0.23754707593651858
DUISBURG-MEIDERICH SCHLEUSE OW,2026-06-30 12:16:00+00:00,24.92,24.8947037518137,24.936114691905058,0.04141094009135588,4,-0.016114691905055878,0.016114691905055878
DUISBURG-MEIDERICH SCHLEUSE UW,2026-06-30 12:16:00+00:00,18.22,18.207324588798812,18.215392935704173,0.008068346905361552,4,0.00460706429582558,0.00460706429582558
DUISBURG-MEIDERICH SCHLEUSE OW,2026-06-30 12:17:00+00:00,24.92,24.8947037518137,24.936114691905058,0.04141094009135588,4,-0.016114691905055878,0.016114691905055878
DUISBURG-MEIDERICH SCHLEUSE UW,2026-06-30 12:17:00+00:00,18.22,18.207324588798812,18.215392935704173,0.008068346905361552,4,0.00460706429582558,0.00460706429582558
DUISBURG-MEIDERICH SCHLEUSE OW,2026-06-30 12:18:00+00:00,24.92,24.8947037518137,24.936114691905058,0.04141094009135588,4,-0.016114691905055878,0.016114691905055878
DUISBURG-MEIDERICH SCHLEUSE UW,2026-06-30 12:18:00+00:00,18.22,18.207324588798812,18.215392935704173,0.008068346905361552,4,0.00460706429582558,0.00460706429582558
DUISBURG-MEIDERICH SCHLEUSE OW,2026-06-30 12:19:00+00:00,24.92,24.8947037518137,24.936114691905058,0.04141094009135588,4,-0.016114691905055878,0.016114691905055878
DUISBURG-MEIDERICH SCHLEUSE UW,2026-06-30 12:19:00+00:00,18.22,18.207324588798812,18.215392935704173,0.008068346905361552,4,0.00460706429582558,0.00460706429582558
Basel-Rheinhalle,2026-06-30 12:20:00+00:00,513.0,512.9050924616923,512.2605847709041,-0.644507690788238,4,0.7394152290959255,0.7394152290959255
DUISBURG-MEIDERICH SCHLEUSE OW,2026-06-30 12:20:00+00:00,24.92,24.8947037518137,24.936114691905058,0.04141094009135588,4,-0.016114691905055878,0.016114691905055878
DUISBURG-MEIDERICH SCHLEUSE UW,2026-06-30 12:20:00+00:00,18.22,18.207324588798812,18.215392935704173,0.008068346905361552,4,0.00460706429582558,0.00460706429582558
LOBITH,2026-06-30 12:20:00+00:00,703.0,703.6712553048638,703.5814805487156,-0.08977475614822376,4,-0.5814805487156036,0.5814805487156036
DUISBURG-MEIDERICH SCHLEUSE OW,2026-06-30 12:21:00+00:00,24.92,24.8947037518137,24.936114691905058,0.04141094009135588,4,-0.016114691905055878,0.016114691905055878
DUISBURG-MEIDERICH SCHLEUSE UW,2026-06-30 12:21:00+00:00,18.22,18.207324588798812,18.215392935704173,0.008068346905361552,4,0.00460706429582558,0.00460706429582558
DUISBURG-MEIDERICH SCHLEUSE OW,2026-06-30 12:22:00+00:00,24.92,24.8947037518137,24.936114691905058,0.04141094009135588,4,-0.016114691905055878,0.016114691905055878
DUISBURG-MEIDERICH SCHLEUSE UW,2026-06-30 12:22:00+00:00,18.22,18.207324588798812,18.215392935704173,0.008068346905361552,4,0.00460706429582558,0.00460706429582558
DUISBURG-MEIDERICH SCHLEUSE OW,2026-06-30 12:23:00+00:00,24.92,24.8947037518137,24.936114691905058,0.04141094009135588,4,-0.016114691905055878,0.016114691905055878
DUISBURG-MEIDERICH SCHLEUSE UW,2026-06-30 12:23:00+00:00,18.22,18.207324588798812,18.215392935704173,0.008068346905361552,4,0.00460706429582558,0.00460706429582558
DUISBURG-MEIDERICH SCHLEUSE OW,2026-06-30 12:24:00+00:00,24.92,24.8947037518137,24.936114691905058,0.04141094009135588,4,-0.016114691905055878,0.016114691905055878
DUISBURG-MEIDERICH SCHLEUSE UW,2026-06-30 12:24:00+00:00,18.22,18.207324588798812,18.215392935704173,0.008068346905361552,4,0.00460706429582558,0.00460706429582558
Basel-Rheinhalle,2026-06-30 12:25:00+00:00,513.0,512.8710104396105,512.2265027488222,-0.644507690788238,4,0.7734972511777869,0.7734972511777869
DUISBURG-MEIDERICH SCHLEUSE OW,2026-06-30 12:25:00+00:00,24.92,24.8947037518137,24.936114691905058,0.04141094009135588,4,-0.016114691905055878,0.016114691905055878
DUISBURG-MEIDERICH SCHLEUSE UW,2026-06-30 12:25:00+00:00,18.22,18.207324588798812,18.215392935704173,0.008068346905361552,4,0.00460706429582558,0.00460706429582558
DUISBURG-MEIDERICH SCHLEUSE OW,2026-06-30 12:26:00+00:00,24.92,24.8947037518137,24.936114691905058,0.04141094009135588,4,-0.016114691905055878,0.016114691905055878
DUISBURG-MEIDERICH SCHLEUSE UW,2026-06-30 12:26:00+00:00,18.22,18.207324588798812,18.215392935704173,0.008068346905361552,4,0.00460706429582558,0.00460706429582558
DUISBURG-MEIDERICH SCHLEUSE OW,2026-06-30 12:27:00+00:00,24.93,24.8947037518137,24.936114691905058,0.04141094009135588,4,-0.006114691905057867,0.006114691905057867
DUISBURG-MEIDERICH SCHLEUSE UW,2026-06-30 12:27:00+00:00,18.22,18.207324588798812,18.215392935704173,0.008068346905361552,4,0.00460706429582558,0.00460706429582558
DUISBURG-MEIDERICH SCHLEUSE OW,2026-06-30 12:28:00+00:00,24.93,24.991026192886256,24.96244607584238,-0.028580117043878275,4,-0.032446075842379685,0.032446075842379685
DUISBURG-MEIDERICH SCHLEUSE UW,2026-06-30 12:28:00+00:00,18.22,18.207324588798812,18.215392935704173,0.008068346905361552,4,0.00460706429582558,0.00460706429582558
DUISBURG-MEIDERICH SCHLEUSE OW,2026-06-30 12:29:00+00:00,24.93,24.991026192886256,24.96244607584238,-0.028580117043878275,4,-0.032446075842379685,0.032446075842379685
DUISBURG-MEIDERICH SCHLEUSE UW,2026-06-30 12:29:00+00:00,18.22,18.207324588798812,18.215392935704173,0.008068346905361552,4,0.00460706429582558,0.00460706429582558
BINGEN,2026-06-30 12:30:00+00:00,104.0,105.19919451282433,105.19919451282433,0.0,4,-1.1991945128243344,1.1991945128243344
BONN,2026-06-30 12:30:00+00:00,138.0,136.84699149534532,136.84699149534532,0.0,4,1.1530085046546787,1.1530085046546787
BREISACH,2026-06-30 12:30:00+00:00,195.0,193.7522586754083,193.7522586754083,0.0,4,1.2477413245916864,1.2477413245916864
Basel-Rheinhalle,2026-06-30 12:30:00+00:00,514.0,514.3123508295607,513.5185872263495,-0.7937636032112481,4,0.4814127736505043,0.4814127736505043
DUISBURG-MEIDERICH SCHLEUSE OW,2026-06-30 12:30:00+00:00,24.93,24.991026192886256,24.96244607584238,-0.028580117043878275,4,-0.032446075842379685,0.032446075842379685
DUISBURG-MEIDERICH SCHLEUSE UW,2026-06-30 12:30:00+00:00,18.22,18.207324588798812,18.215392935704173,0.008068346905361552,4,0.00460706429582558,0.00460706429582558
DUISBURG-RUHRORT,2026-06-30 12:30:00+00:00,219.0,216.3915349531863,216.3915349531863,0.0,4,2.6084650468137056,2.6084650468137056
DÜSSELDORF,2026-06-30 12:30:00+00:00,88.0,87.9716922935447,87.9716922935447,0.0,4,0.028307706455294124,0.028307706455294124
EMMERICH,2026-06-30 12:30:00+00:00,54.0,57.499088332659376,57.499088332659376,0.0,4,-3.499088332659376,3.499088332659376
IFFEZHEIM,2026-06-30 12:30:00+00:00,135.0,135.1750798326922,135.1750798326922,0.0,4,-0.17507983269220517,0.17507983269220517
KAUB,2026-06-30 12:30:00+00:00,88.0,89.934945287733,89.934945287733,0.0,4,-1.934945287733001,1.934945287733001
KOBLENZ,2026-06-30 12:30:00+00:00,93.0,86.17737297751644,86.17737297751644,0.0,4,6.822627022483559,6.822627022483559
KONSTANZ-RHEIN,2026-06-30 12:30:00+00:00,313.0,312.68184523733106,312.68184523733106,0.0,4,0.3181547626689394,0.3181547626689394
Koblenz OP,2026-06-30 12:30:00+00:00,199.0,205.6281421014416,205.6281421014416,0.0,4,-6.628142101441597,6.628142101441597
Koblenz UP,2026-06-30 12:30:00+00:00,75.0,66.21040957959119,66.21040957959119,0.0,4,8.789590420408814,8.789590420408814
KÖLN,2026-06-30 12:30:00+00:00,131.0,131.99938386095,131.99938386095,0.0,4,-0.9993838609499903,0.9993838609499903
LOBITH,2026-06-30 12:30:00+00:00,703.0,703.7999660190039,703.8324118264036,0.03244580739960771,4,-0.832411826403586,0.832411826403586
MAINZ,2026-06-30 12:30:00+00:00,180.0,185.6311394820894,185.6311394820894,0.0,4,-5.631139482089395,5.631139482089395
MANNHEIM,2026-06-30 12:30:00+00:00,169.0,158.0108732324621,158.0108732324621,0.0,4,10.989126767537897,10.989126767537897
MAXAU,2026-06-30 12:30:00+00:00,399.0,402.5233971674126,402.5233971674126,0.0,4,-3.523397167412611,3.523397167412611
REES,2026-06-30 12:30:00+00:00,97.0,94.57442734987954,94.57442734987954,0.0,4,2.4255726501204578,2.4255726501204578
RHEINE UNTERSCHLEUSE,2026-06-30 12:30:00+00:00,195.0,198.27963246854117,198.27963246854117,0.0,4,-3.279632468541166,3.279632468541166
RHEINWEILER,2026-06-30 12:30:00+00:00,224.0,222.35516974443803,222.35516974443803,0.0,4,1.6448302555619705,1.6448302555619705
SANKT GOAR,2026-06-30 12:30:00+00:00,180.0,190.39753290631893,190.39753290631893,0.0,4,-10.39753290631893,10.39753290631893
SPEYER,2026-06-30 12:30:00+00:00,262.0,261.66282750750565,261.66282750750565,0.0,4,0.33717249249434644,0.33717249249434644
WESEL,2026-06-30 12:30:00+00:00,155.0,152.70914422687233,152.70914422687233,0.0,4,2.2908557731276744,2.2908557731276744
WORMS,2026-06-30 12:30:00+00:00,76.0,75.90228897081796,75.90228897081796,0.0,4,0.09771102918203667,0.09771102918203667
DUISBURG-MEIDERICH SCHLEUSE OW,2026-06-30 12:31:00+00:00,24.93,24.889614246836327,24.951663352308884,0.06204910547255702,4,-0.021663352308884498,0.021663352308884498
DUISBURG-MEIDERICH SCHLEUSE UW,2026-06-30 12:31:00+00:00,18.22,18.207324588798812,18.215392935704173,0.008068346905361552,4,0.00460706429582558,0.00460706429582558
DUISBURG-MEIDERICH SCHLEUSE OW,2026-06-30 12:32:00+00:00,24.93,24.889614246836327,24.951663352308884,0.06204910547255702,4,-0.021663352308884498,0.021663352308884498
DUISBURG-MEIDERICH SCHLEUSE UW,2026-06-30 12:32:00+00:00,18.23,18.207324588798812,18.215392935704173,0.008068346905361552,4,0.014607064295827143,0.014607064295827143
DUISBURG-MEIDERICH SCHLEUSE OW,2026-06-30 12:33:00+00:00,24.93,24.889614246836327,24.951663352308884,0.06204910547255702,4,-0.021663352308884498,0.021663352308884498
DUISBURG-MEIDERICH SCHLEUSE UW,2026-06-30 12:33:00+00:00,18.23,18.207324588798812,18.215392935704173,0.008068346905361552,4,0.014607064295827143,0.014607064295827143
DUISBURG-MEIDERICH SCHLEUSE OW,2026-06-30 12:34:00+00:00,24.93,24.8947037518137,24.936114691905058,0.04141094009135588,4,-0.006114691905057867,0.006114691905057867
DUISBURG-MEIDERICH SCHLEUSE UW,2026-06-30 12:34:00+00:00,18.23,18.207324588798812,18.215392935704173,0.008068346905361552,4,0.014607064295827143,0.014607064295827143
Basel-Rheinhalle,2026-06-30 12:35:00+00:00,518.0,514.2463894055475,513.4526258023362,-0.7937636032112481,4,4.547374197663771,4.547374197663771
DUISBURG-MEIDERICH SCHLEUSE OW,2026-06-30 12:35:00+00:00,24.93,24.991026192886256,24.96244607584238,-0.028580117043878275,4,-0.032446075842379685,0.032446075842379685
DUISBURG-MEIDERICH SCHLEUSE UW,2026-06-30 12:35:00+00:00,18.23,18.207324588798812,18.215392935704173,0.008068346905361552,4,0.014607064295827143,0.014607064295827143
DUISBURG-MEIDERICH SCHLEUSE OW,2026-06-30 12:36:00+00:00,24.92,24.991026192886256,24.96244607584238,-0.028580117043878275,4,-0.042446075842377695,0.042446075842377695
DUISBURG-MEIDERICH SCHLEUSE UW,2026-06-30 12:36:00+00:00,18.23,18.207324588798812,18.215392935704173,0.008068346905361552,4,0.014607064295827143,0.014607064295827143
DUISBURG-MEIDERICH SCHLEUSE OW,2026-06-30 12:37:00+00:00,24.92,24.889614246836327,24.951663352308884,0.06204910547255702,4,-0.03166335230888251,0.03166335230888251
DUISBURG-MEIDERICH SCHLEUSE UW,2026-06-30 12:37:00+00:00,18.23,18.207324588798812,18.215392935704173,0.008068346905361552,4,0.014607064295827143,0.014607064295827143
DUISBURG-MEIDERICH SCHLEUSE OW,2026-06-30 12:38:00+00:00,24.92,24.889614246836327,24.951663352308884,0.06204910547255702,4,-0.03166335230888251,0.03166335230888251
DUISBURG-MEIDERICH SCHLEUSE UW,2026-06-30 12:38:00+00:00,18.22,18.30873653484874,18.10210085693683,-0.2066356779119106,4,0.11789914306316973,0.11789914306316973
DUISBURG-MEIDERICH SCHLEUSE OW,2026-06-30 12:39:00+00:00,24.92,24.889614246836327,24.951663352308884,0.06204910547255702,4,-0.03166335230888251,0.03166335230888251
DUISBURG-MEIDERICH SCHLEUSE UW,2026-06-30 12:39:00+00:00,18.23,18.30873653484874,18.10210085693683,-0.2066356779119106,4,0.1278991430631713,0.1278991430631713
Basel-Rheinhalle,2026-06-30 12:40:00+00:00,517.0,514.3123508295607,513.5185872263495,-0.7937636032112481,4,3.4814127736505043,3.4814127736505043
DUISBURG-MEIDERICH SCHLEUSE OW,2026-06-30 12:40:00+00:00,24.93,24.889614246836327,24.951663352308884,0.06204910547255702,4,-0.021663352308884498,0.021663352308884498
DUISBURG-MEIDERICH SCHLEUSE UW,2026-06-30 12:40:00+00:00,18.23,18.229939446886977,18.224694177006924,-0.0052452698800543145,4,0.005305822993076248,0.005305822993076248
LOBITH,2026-06-30 12:40:00+00:00,704.0,703.9868851300173,703.8625395074662,-0.12434562255107498,4,0.13746049253381898,0.13746049253381898
DUISBURG-MEIDERICH SCHLEUSE OW,2026-06-30 12:41:00+00:00,24.92,24.889614246836327,24.951663352308884,0.06204910547255702,4,-0.03166335230888251,0.03166335230888251
DUISBURG-MEIDERICH SCHLEUSE UW,2026-06-30 12:41:00+00:00,18.23,18.229939446886977,18.224694177006924,-0.0052452698800543145,4,0.005305822993076248,0.005305822993076248
DUISBURG-MEIDERICH SCHLEUSE OW,2026-06-30 12:42:00+00:00,24.93,24.889614246836327,24.951663352308884,0.06204910547255702,4,-0.021663352308884498,0.021663352308884498
DUISBURG-MEIDERICH SCHLEUSE UW,2026-06-30 12:42:00+00:00,18.23,18.229939446886977,18.224694177006924,-0.0052452698800543145,4,0.005305822993076248,0.005305822993076248
DUISBURG-MEIDERICH SCHLEUSE OW,2026-06-30 12:43:00+00:00,24.93,24.889614246836327,24.951663352308884,0.06204910547255702,4,-0.021663352308884498,0.021663352308884498
DUISBURG-MEIDERICH SCHLEUSE UW,2026-06-30 12:43:00+00:00,18.23,18.229939446886977,18.224694177006924,-0.0052452698800543145,4,0.005305822993076248,0.005305822993076248
DUISBURG-MEIDERICH SCHLEUSE OW,2026-06-30 12:44:00+00:00,24.93,24.889614246836327,24.951663352308884,0.06204910547255702,4,-0.021663352308884498,0.021663352308884498
DUISBURG-MEIDERICH SCHLEUSE UW,2026-06-30 12:44:00+00:00,18.23,18.229939446886977,18.224694177006924,-0.0052452698800543145,4,0.005305822993076248,0.005305822993076248
BINGEN,2026-06-30 12:45:00+00:00,104.0,105.27919663396426,105.27919663396426,0.0,4,-1.2791966339642613,1.2791966339642613
BONN,2026-06-30 12:45:00+00:00,137.0,136.9328127742825,136.9328127742825,0.0,4,0.0671872257175039,0.0671872257175039
BREISACH,2026-06-30 12:45:00+00:00,193.0,192.4340456510625,192.4340456510625,0.0,4,0.5659543489375096,0.5659543489375096
Basel-Rheinhalle,2026-06-30 12:45:00+00:00,517.0,514.340504701099,513.6458363396326,-0.6946683614664005,4,3.3541636603673624,3.3541636603673624
DUISBURG-MEIDERICH SCHLEUSE OW,2026-06-30 12:45:00+00:00,24.93,24.889614246836327,24.951663352308884,0.06204910547255702,4,-0.021663352308884498,0.021663352308884498
DUISBURG-MEIDERICH SCHLEUSE UW,2026-06-30 12:45:00+00:00,18.23,18.229939446886977,18.224694177006924,-0.0052452698800543145,4,0.005305822993076248,0.005305822993076248
DUISBURG-RUHRORT,2026-06-30 12:45:00+00:00,218.0,216.27976621833682,216.27976621833682,0.0,4,1.7202337816631825,1.7202337816631825
DÜSSELDORF,2026-06-30 12:45:00+00:00,88.0,87.58397249933971,87.58397249933971,0.0,4,0.4160275006602916,0.4160275006602916
EMMERICH,2026-06-30 12:45:00+00:00,53.0,57.863590392356464,57.863590392356464,0.0,4,-4.863590392356464,4.863590392356464
IFFEZHEIM,2026-06-30 12:45:00+00:00,134.0,136.24300905829665,136.24300905829665,0.0,4,-2.24300905829665,2.24300905829665
KAUB,2026-06-30 12:45:00+00:00,88.0,90.01855054961221,90.01855054961221,0.0,4,-2.0185505496122147,2.0185505496122147
KOBLENZ,2026-06-30 12:45:00+00:00,93.0,88.29505026852162,88.29505026852162,0.0,4,4.704949731478379,4.704949731478379
KONSTANZ-RHEIN,2026-06-30 12:45:00+00:00,313.0,312.63275367604086,312.63275367604086,0.0,4,0.3672463239591366,0.3672463239591366
Koblenz OP,2026-06-30 12:45:00+00:00,198.0,204.76957936042007,204.76957936042007,0.0,4,-6.769579360420067,6.769579360420067
Koblenz UP,2026-06-30 12:45:00+00:00,70.0,67.0161158005228,67.0161158005228,0.0,4,2.9838841994772025,2.9838841994772025
KÖLN,2026-06-30 12:45:00+00:00,131.0,132.12655340791272,132.12655340791272,0.0,4,-1.1265534079127235,1.1265534079127235
MAINZ,2026-06-30 12:45:00+00:00,181.0,186.20573692068623,186.20573692068623,0.0,4,-5.205736920686235,5.205736920686235
MANNHEIM,2026-06-30 12:45:00+00:00,169.0,156.7343916855582,156.7343916855582,0.0,4,12.265608314441806,12.265608314441806
MAXAU,2026-06-30 12:45:00+00:00,399.0,402.9327243352103,402.9327243352103,0.0,4,-3.9327243352103096,3.9327243352103096
REES,2026-06-30 12:45:00+00:00,98.0,95.05510594392776,95.05510594392776,0.0,4,2.9448940560722434,2.9448940560722434
RHEINE UNTERSCHLEUSE,2026-06-30 12:45:00+00:00,195.0,191.55167339569218,191.55167339569218,0.0,4,3.448326604307823,3.448326604307823
RHEINWEILER,2026-06-30 12:45:00+00:00,225.0,222.27565318668763,222.27565318668763,0.0,4,2.7243468133123656,2.7243468133123656
SANKT GOAR,2026-06-30 12:45:00+00:00,181.0,190.32489480376995,190.32489480376995,0.0,4,-9.32489480376995,9.32489480376995
SPEYER,2026-06-30 12:45:00+00:00,262.0,261.48045867182503,261.48045867182503,0.0,4,0.5195413281749666,0.5195413281749666
WESEL,2026-06-30 12:45:00+00:00,155.0,153.1584994303168,153.1584994303168,0.0,4,1.8415005696832054,1.8415005696832054
WORMS,2026-06-30 12:45:00+00:00,77.0,76.07590429769556,76.07590429769556,0.0,4,0.9240957023044416,0.9240957023044416
DUISBURG-MEIDERICH SCHLEUSE OW,2026-06-30 12:46:00+00:00,24.93,24.889614246836327,24.951663352308884,0.06204910547255702,4,-0.021663352308884498,0.021663352308884498
DUISBURG-MEIDERICH SCHLEUSE UW,2026-06-30 12:46:00+00:00,18.23,18.229939446886977,18.224694177006924,-0.0052452698800543145,4,0.005305822993076248,0.005305822993076248
DUISBURG-MEIDERICH SCHLEUSE OW,2026-06-30 12:47:00+00:00,24.93,24.889614246836327,24.951663352308884,0.06204910547255702,4,-0.021663352308884498,0.021663352308884498
DUISBURG-MEIDERICH SCHLEUSE UW,2026-06-30 12:47:00+00:00,18.23,18.229939446886977,18.224694177006924,-0.0052452698800543145,4,0.005305822993076248,0.005305822993076248
DUISBURG-MEIDERICH SCHLEUSE OW,2026-06-30 12:48:00+00:00,24.93,24.889614246836327,24.951663352308884,0.06204910547255702,4,-0.021663352308884498,0.021663352308884498
DUISBURG-MEIDERICH SCHLEUSE UW,2026-06-30 12:48:00+00:00,18.23,18.229939446886977,18.224694177006924,-0.0052452698800543145,4,0.005305822993076248,0.005305822993076248
DUISBURG-MEIDERICH SCHLEUSE OW,2026-06-30 12:49:00+00:00,24.93,24.889614246836327,24.951663352308884,0.06204910547255702,4,-0.021663352308884498,0.021663352308884498
DUISBURG-MEIDERICH SCHLEUSE UW,2026-06-30 12:49:00+00:00,18.23,18.229939446886977,18.224694177006924,-0.0052452698800543145,4,0.005305822993076248,0.005305822993076248
Basel-Rheinhalle,2026-06-30 12:50:00+00:00,516.0,514.2699605423845,513.5752921809182,-0.6946683614664005,4,2.4247078190818456,2.4247078190818456
DUISBURG-MEIDERICH SCHLEUSE OW,2026-06-30 12:50:00+00:00,24.93,24.889614246836327,24.951663352308884,0.06204910547255702,4,-0.021663352308884498,0.021663352308884498
DUISBURG-MEIDERICH SCHLEUSE UW,2026-06-30 12:50:00+00:00,18.23,18.229939446886977,18.224694177006924,-0.0052452698800543145,4,0.005305822993076248,0.005305822993076248
LOBITH,2026-06-30 12:50:00+00:00,704.0,703.8853164235786,703.7791738992098,-0.10614252436877189,4,0.22082610079019105,0.22082610079019105
DUISBURG-MEIDERICH SCHLEUSE OW,2026-06-30 12:51:00+00:00,24.93,24.889614246836327,24.951663352308884,0.06204910547255702,4,-0.021663352308884498,0.021663352308884498
DUISBURG-MEIDERICH SCHLEUSE UW,2026-06-30 12:51:00+00:00,18.23,18.229939446886977,18.224694177006924,-0.0052452698800543145,4,0.005305822993076248,0.005305822993076248
DUISBURG-MEIDERICH SCHLEUSE OW,2026-06-30 12:52:00+00:00,24.93,24.991026192886256,24.96244607584238,-0.028580117043878275,4,-0.032446075842379685,0.032446075842379685
DUISBURG-MEIDERICH SCHLEUSE UW,2026-06-30 12:52:00+00:00,18.23,18.229939446886977,18.224694177006924,-0.0052452698800543145,4,0.005305822993076248,0.005305822993076248
DUISBURG-MEIDERICH SCHLEUSE OW,2026-06-30 12:53:00+00:00,24.93,24.991026192886256,24.96244607584238,-0.028580117043878275,4,-0.032446075842379685,0.032446075842379685
DUISBURG-MEIDERICH SCHLEUSE UW,2026-06-30 12:53:00+00:00,18.23,18.229939446886977,18.224694177006924,-0.0052452698800543145,4,0.005305822993076248,0.005305822993076248
DUISBURG-MEIDERICH SCHLEUSE OW,2026-06-30 12:54:00+00:00,24.93,24.889614246836327,24.951663352308884,0.06204910547255702,4,-0.021663352308884498,0.021663352308884498
DUISBURG-MEIDERICH SCHLEUSE UW,2026-06-30 12:54:00+00:00,18.23,18.229939446886977,18.224694177006924,-0.0052452698800543145,4,0.005305822993076248,0.005305822993076248
Basel-Rheinhalle,2026-06-30 12:55:00+00:00,515.0,515.1842510895948,514.4895827281284,-0.6946683614664005,4,0.5104172718715745,0.5104172718715745
DUISBURG-MEIDERICH SCHLEUSE OW,2026-06-30 12:55:00+00:00,24.93,24.889614246836327,24.951663352308884,0.06204910547255702,4,-0.021663352308884498,0.021663352308884498
DUISBURG-MEIDERICH SCHLEUSE UW,2026-06-30 12:55:00+00:00,18.23,18.229939446886977,18.224694177006924,-0.0052452698800543145,4,0.005305822993076248,0.005305822993076248
DUISBURG-MEIDERICH SCHLEUSE OW,2026-06-30 12:56:00+00:00,24.93,24.889614246836327,24.951663352308884,0.06204910547255702,4,-0.021663352308884498,0.021663352308884498
DUISBURG-MEIDERICH SCHLEUSE UW,2026-06-30 12:56:00+00:00,18.23,18.229939446886977,18.224694177006924,-0.0052452698800543145,4,0.005305822993076248,0.005305822993076248
DUISBURG-MEIDERICH SCHLEUSE OW,2026-06-30 12:57:00+00:00,24.93,24.8947037518137,24.936114691905058,0.04141094009135588,4,-0.006114691905057867,0.006114691905057867
DUISBURG-MEIDERICH SCHLEUSE UW,2026-06-30 12:57:00+00:00,18.23,18.30873653484874,18.10139659893943,-0.20733993590930946,4,0.12860340106056967,0.12860340106056967
DUISBURG-MEIDERICH SCHLEUSE OW,2026-06-30 12:58:00+00:00,24.93,24.8947037518137,24.936114691905058,0.04141094009135588,4,-0.006114691905057867,0.006114691905057867
DUISBURG-MEIDERICH SCHLEUSE UW,2026-06-30 12:58:00+00:00,18.23,18.30873653484874,18.10139659893943,-0.20733993590930946,4,0.12860340106056967,0.12860340106056967
DUISBURG-MEIDERICH SCHLEUSE OW,2026-06-30 12:59:00+00:00,24.93,24.8947037518137,24.936114691905058,0.04141094009135588,4,-0.006114691905057867,0.006114691905057867
DUISBURG-MEIDERICH SCHLEUSE UW,2026-06-30 12:59:00+00:00,18.23,18.207324588798812,18.215392935704173,0.008068346905361552,4,0.014607064295827143,0.014607064295827143
BINGEN,2026-06-30 13:00:00+00:00,104.0,105.37435447068921,105.37435447068921,0.0,4,-1.3743544706892123,1.3743544706892123
BONN,2026-06-30 13:00:00+00:00,137.0,137.04458004356815,137.04458004356815,0.0,4,-0.044580043568146266,0.044580043568146266
BREISACH,2026-06-30 13:00:00+00:00,195.0,194.414150991344,194.414150991344,0.0,4,0.5858490086559982,0.5858490086559982
Basel-Rheinhalle,2026-06-30 13:00:00+00:00,515.0,514.2994396983399,513.6417182864814,-0.6577214118585711,4,1.358281713518636,1.358281713518636
DUISBURG-MEIDERICH SCHLEUSE OW,2026-06-30 13:00:00+00:00,24.93,25.11759806087184,24.904820366294665,-0.21277769457717527,4,0.025179633705334936,0.025179633705334936
DUISBURG-MEIDERICH SCHLEUSE UW,2026-06-30 13:00:00+00:00,18.23,18.43021889785695,18.259804198186384,-0.1704146996705676,4,-0.029804198186383246,0.029804198186383246
DUISBURG-RUHRORT,2026-06-30 13:00:00+00:00,218.0,216.0818183899368,216.0818183899368,0.0,4,1.9181816100631863,1.9181816100631863
DÜSSELDORF,2026-06-30 13:00:00+00:00,89.0,87.0682955389306,87.0682955389306,0.0,4,1.9317044610694012,1.9317044610694012
EMMERICH,2026-06-30 13:00:00+00:00,53.0,58.7637026249753,58.7637026249753,0.0,4,-5.763702624975302,5.763702624975302
IFFEZHEIM,2026-06-30 13:00:00+00:00,133.0,135.2798266882385,135.2798266882385,0.0,4,-2.2798266882385008,2.2798266882385008
KAUB,2026-06-30 13:00:00+00:00,88.0,90.11370838633717,90.11370838633717,0.0,4,-2.1137083863371657,2.1137083863371657
KOBLENZ,2026-06-30 13:00:00+00:00,92.0,89.17828913681238,89.17828913681238,0.0,4,2.8217108631876187,2.8217108631876187
KONSTANZ-RHEIN,2026-06-30 13:00:00+00:00,313.0,312.68184523733106,312.68184523733106,0.0,4,0.3181547626689394,0.3181547626689394
Koblenz OP,2026-06-30 13:00:00+00:00,200.0,205.31199442688222,205.31199442688222,0.0,4,-5.311994426882222,5.311994426882222
Koblenz UP,2026-06-30 13:00:00+00:00,58.0,80.55857830831698,80.55857830831698,0.0,4,-22.55857830831698,22.55857830831698
KÖLN,2026-06-30 13:00:00+00:00,130.0,132.28073228458453,132.28073228458453,0.0,4,-2.2807322845845306,2.2807322845845306
LOBITH,2026-06-30 13:00:00+00:00,704.0,703.4549427017641,703.6000196230082,0.14507692124398733,4,0.3999803769918344,0.3999803769918344
MAINZ,2026-06-30 13:00:00+00:00,181.0,186.0638827336898,186.0638827336898,0.0,4,-5.063882733689809,5.063882733689809
MANNHEIM,2026-06-30 13:00:00+00:00,169.0,156.24747298217426,156.24747298217426,0.0,4,12.752527017825741,12.752527017825741
MAXAU,2026-06-30 13:00:00+00:00,399.0,403.04934723213427,403.04934723213427,0.0,4,-4.0493472321342665,4.0493472321342665
REES,2026-06-30 13:00:00+00:00,97.0,95.33532376921613,95.33532376921613,0.0,4,1.6646762307838685,1.6646762307838685
RHEINE UNTERSCHLEUSE,2026-06-30 13:00:00+00:00,195.0,198.72105786489453,198.72105786489453,0.0,4,-3.721057864894533,3.721057864894533
RHEINWEILER,2026-06-30 13:00:00+00:00,225.0,222.27565318668763,222.27565318668763,0.0,4,2.7243468133123656,2.7243468133123656
SANKT GOAR,2026-06-30 13:00:00+00:00,179.0,190.4200526404949,190.4200526404949,0.0,4,-11.420052640494902,11.420052640494902
SPEYER,2026-06-30 13:00:00+00:00,262.0,260.79360764770854,260.79360764770854,0.0,4,1.2063923522914592,1.2063923522914592
WESEL,2026-06-30 13:00:00+00:00,154.0,153.5503293425217,153.5503293425217,0.0,4,0.4496706574782934,0.4496706574782934
WORMS,2026-06-30 13:00:00+00:00,77.0,75.47233738324756,75.47233738324756,0.0,4,1.527662616752437,1.527662616752437
DUISBURG-MEIDERICH SCHLEUSE OW,2026-06-30 13:01:00+00:00,24.92,25.472617131752546,25.259839437175373,-0.21277769457717527,4,-0.339839437175371,0.339839437175371
DUISBURG-MEIDERICH SCHLEUSE UW,2026-06-30 13:01:00+00:00,18.23,18.688098172488544,18.51768347281798,-0.1704146996705676,4,-0.287683472817978,0.287683472817978
DUISBURG-MEIDERICH SCHLEUSE OW,2026-06-30 13:02:00+00:00,24.92,25.567774968477487,25.354997273900313,-0.21277769457717527,4,-0.4349972739003114,0.4349972739003114
DUISBURG-MEIDERICH SCHLEUSE UW,2026-06-30 13:02:00+00:00,18.23,18.783256009213485,18.61284130954292,-0.1704146996705676,4,-0.3828413095429184,0.3828413095429184
DUISBURG-MEIDERICH SCHLEUSE OW,2026-06-30 13:03:00+00:00,24.92,25.330216055440438,25.081580757503907,-0.24863529793652991,4,-0.16158075750390566,0.16158075750390566
DUISBURG-MEIDERICH SCHLEUSE UW,2026-06-30 13:03:00+00:00,18.23,18.74933834345285,18.54270266554094,-0.2066356779119106,4,-0.3127026655409395,0.3127026655409395
DUISBURG-MEIDERICH SCHLEUSE OW,2026-06-30 13:04:00+00:00,24.93,25.330216055440438,25.081580757503907,-0.24863529793652991,4,-0.15158075750390765,0.15158075750390765
DUISBURG-MEIDERICH SCHLEUSE UW,2026-06-30 13:04:00+00:00,18.23,18.74933834345285,18.54199840754354,-0.20733993590930946,4,-0.31199840754354113,0.31199840754354113
Basel-Rheinhalle,2026-06-30 13:05:00+00:00,515.0,514.3364285934612,513.6787071816026,-0.6577214118585711,4,1.32129281839741,1.32129281839741
DUISBURG-MEIDERICH SCHLEUSE OW,2026-06-30 13:05:00+00:00,24.93,25.431628001490367,25.182992703553836,-0.24863529793652991,4,-0.2529927035538364,0.2529927035538364
DUISBURG-MEIDERICH SCHLEUSE UW,2026-06-30 13:05:00+00:00,18.23,18.74933834345285,18.54199840754354,-0.20733993590930946,4,-0.31199840754354113,0.31199840754354113
DUISBURG-MEIDERICH SCHLEUSE OW,2026-06-30 13:06:00+00:00,24.93,25.72953424455658,25.480898946620048,-0.24863529793652991,4,-0.5508989466200482,0.5508989466200482
DUISBURG-MEIDERICH SCHLEUSE UW,2026-06-30 13:06:00+00:00,18.23,18.945832640469135,18.738492704559825,-0.20733993590930946,4,-0.5084927045598242,0.5084927045598242
DUISBURG-MEIDERICH SCHLEUSE OW,2026-06-30 13:07:00+00:00,24.93,25.72953424455658,25.480898946620048,-0.24863529793652991,4,-0.5508989466200482,0.5508989466200482
DUISBURG-MEIDERICH SCHLEUSE UW,2026-06-30 13:07:00+00:00,18.23,18.945832640469135,18.738492704559825,-0.20733993590930946,4,-0.5084927045598242,0.5084927045598242
DUISBURG-MEIDERICH SCHLEUSE OW,2026-06-30 13:08:00+00:00,24.93,25.72953424455658,25.480898946620048,-0.24863529793652991,4,-0.5508989466200482,0.5508989466200482
DUISBURG-MEIDERICH SCHLEUSE UW,2026-06-30 13:08:00+00:00,18.23,18.945832640469135,18.738492704559825,-0.20733993590930946,4,-0.5084927045598242,0.5084927045598242
DUISBURG-MEIDERICH SCHLEUSE OW,2026-06-30 13:09:00+00:00,24.93,25.614220240953806,25.365584943017275,-0.24863529793652991,4,-0.43558494301727535,0.43558494301727535
DUISBURG-MEIDERICH SCHLEUSE UW,2026-06-30 13:09:00+00:00,18.23,18.93193058291629,18.72459064700698,-0.20733993590930946,4,-0.4945906470069801,0.4945906470069801
Basel-Rheinhalle,2026-06-30 13:10:00+00:00,518.0,514.3364285934612,513.6787071816026,-0.6577214118585711,4,4.32129281839741,4.32129281839741
DUISBURG-MEIDERICH SCHLEUSE OW,2026-06-30 13:10:00+00:00,24.93,25.614220240953806,25.365584943017275,-0.24863529793652991,4,-0.43558494301727535,0.43558494301727535
DUISBURG-MEIDERICH SCHLEUSE UW,2026-06-30 13:10:00+00:00,18.23,18.93193058291629,18.72459064700698,-0.20733993590930946,4,-0.4945906470069801,0.4945906470069801
LOBITH,2026-06-30 13:10:00+00:00,704.0,703.6607636716158,703.8240436910421,0.16328001942629045,4,0.17595630895789327,0.17595630895789327
DUISBURG-MEIDERICH SCHLEUSE OW,2026-06-30 13:11:00+00:00,24.93,25.614220240953806,25.365584943017275,-0.24863529793652991,4,-0.43558494301727535,0.43558494301727535
DUISBURG-MEIDERICH SCHLEUSE UW,2026-06-30 13:11:00+00:00,18.23,18.93193058291629,18.72459064700698,-0.20733993590930946,4,-0.4945906470069801,0.4945906470069801
DUISBURG-MEIDERICH SCHLEUSE OW,2026-06-30 13:12:00+00:00,24.93,25.61930974593118,25.37067444799465,-0.24863529793652991,4,-0.44067444799464894,0.44067444799464894
DUISBURG-MEIDERICH SCHLEUSE UW,2026-06-30 13:12:00+00:00,18.23,18.93193058291629,18.72459064700698,-0.20733993590930946,4,-0.4945906470069801,0.4945906470069801
DUISBURG-MEIDERICH SCHLEUSE OW,2026-06-30 13:13:00+00:00,24.93,25.61930974593118,25.37067444799465,-0.24863529793652991,4,-0.44067444799464894,0.44067444799464894
DUISBURG-MEIDERICH SCHLEUSE UW,2026-06-30 13:13:00+00:00,18.23,18.93193058291629,18.72459064700698,-0.20733993590930946,4,-0.4945906470069801,0.4945906470069801
DUISBURG-MEIDERICH SCHLEUSE OW,2026-06-30 13:14:00+00:00,24.93,25.61930974593118,25.37067444799465,-0.24863529793652991,4,-0.44067444799464894,0.44067444799464894
DUISBURG-MEIDERICH SCHLEUSE UW,2026-06-30 13:14:00+00:00,18.23,18.93193058291629,18.72459064700698,-0.20733993590930946,4,-0.4945906470069801,0.4945906470069801
BINGEN,2026-06-30 13:15:00+00:00,104.0,105.13868953414581,105.13868953414581,0.0,4,-1.1386895341458114,1.1386895341458114
BONN,2026-06-30 13:15:00+00:00,137.0,137.21520433984097,137.21520433984097,0.0,4,-0.21520433984096599,0.21520433984096599
BREISACH,2026-06-30 13:15:00+00:00,195.0,194.84271012854464,194.84271012854464,0.0,4,0.15728987145536166,0.15728987145536166
Basel-Rheinhalle,2026-06-30 13:15:00+00:00,520.0,514.2987303833655,513.641008971507,-0.6577214118585711,4,6.358991028493051,6.358991028493051
DUISBURG-MEIDERICH SCHLEUSE OW,2026-06-30 13:15:00+00:00,24.93,25.61930974593118,25.37067444799465,-0.24863529793652991,4,-0.44067444799464894,0.44067444799464894
DUISBURG-MEIDERICH SCHLEUSE UW,2026-06-30 13:15:00+00:00,18.23,18.93193058291629,18.72459064700698,-0.20733993590930946,4,-0.4945906470069801,0.4945906470069801
DUISBURG-RUHRORT,2026-06-30 13:15:00+00:00,219.0,216.35468989212148,216.35468989212148,0.0,4,2.6453101078785153,2.6453101078785153
DÜSSELDORF,2026-06-30 13:15:00+00:00,89.0,88.02861937961951,88.02861937961951,0.0,4,0.9713806203804864,0.9713806203804864
EMMERICH,2026-06-30 13:15:00+00:00,54.0,58.719559809426435,58.719559809426435,0.0,4,-4.7195598094264355,4.7195598094264355
IFFEZHEIM,2026-06-30 13:15:00+00:00,136.0,135.26888630897525,135.26888630897525,0.0,4,0.7311136910247455,0.7311136910247455
KAUB,2026-06-30 13:15:00+00:00,88.0,89.85569557489158,89.85569557489158,0.0,4,-1.855695574891584,1.855695574891584
KOBLENZ,2026-06-30 13:15:00+00:00,91.0,92.80637072438608,92.80637072438608,0.0,4,-1.8063707243860847,1.8063707243860847
KONSTANZ-RHEIN,2026-06-30 13:15:00+00:00,313.0,312.7188341324523,312.7188341324523,0.0,4,0.28116586754771333,0.28116586754771333
Koblenz OP,2026-06-30 13:15:00+00:00,199.0,205.58734757359116,205.58734757359116,0.0,4,-6.58734757359116,6.58734757359116
Koblenz UP,2026-06-30 13:15:00+00:00,66.0,80.58766050864702,80.58766050864702,0.0,4,-14.58766050864702,14.58766050864702
KÖLN,2026-06-30 13:15:00+00:00,131.0,132.34824624327152,132.34824624327152,0.0,4,-1.348246243271518,1.348246243271518
MAINZ,2026-06-30 13:15:00+00:00,181.0,185.551889769248,185.551889769248,0.0,4,-4.5518897692479925,4.5518897692479925
MANNHEIM,2026-06-30 13:15:00+00:00,169.0,156.23415564284832,156.23415564284832,0.0,4,12.765844357151678,12.765844357151678
MAXAU,2026-06-30 13:15:00+00:00,396.0,403.069202084432,403.069202084432,0.0,4,-7.069202084431993,7.069202084431993
REES,2026-06-30 13:15:00+00:00,97.0,95.50756657833924,95.50756657833924,0.0,4,1.4924334216607633,1.4924334216607633
RHEINE UNTERSCHLEUSE,2026-06-30 13:15:00+00:00,195.0,198.5337249539268,198.5337249539268,0.0,4,-3.533724953926793,3.533724953926793
RHEINWEILER,2026-06-30 13:15:00+00:00,225.0,222.39215863955926,222.39215863955926,0.0,4,2.6078413604407444,2.6078413604407444
SANKT GOAR,2026-06-30 13:15:00+00:00,180.0,190.31828319347753,190.31828319347753,0.0,4,-10.318283193477527,10.318283193477527
SPEYER,2026-06-30 13:15:00+00:00,262.0,261.2826854059083,261.2826854059083,0.0,4,0.7173145940917038,0.7173145940917038
WESEL,2026-06-30 13:15:00+00:00,156.0,153.7267427531864,153.7267427531864,0.0,4,2.273257246813614,2.273257246813614
WORMS,2026-06-30 13:15:00+00:00,77.0,75.30155940809362,75.30155940809362,0.0,4,1.698440591906376,1.698440591906376
DUISBURG-MEIDERICH SCHLEUSE OW,2026-06-30 13:16:00+00:00,24.93,25.61930974593118,25.37067444799465,-0.24863529793652991,4,-0.44067444799464894,0.44067444799464894
DUISBURG-MEIDERICH SCHLEUSE UW,2026-06-30 13:16:00+00:00,18.23,18.93193058291629,18.72459064700698,-0.20733993590930946,4,-0.4945906470069801,0.4945906470069801
DUISBURG-MEIDERICH SCHLEUSE OW,2026-06-30 13:17:00+00:00,24.93,25.61930974593118,25.37067444799465,-0.24863529793652991,4,-0.44067444799464894,0.44067444799464894
DUISBURG-MEIDERICH SCHLEUSE UW,2026-06-30 13:17:00+00:00,18.23,18.93193058291629,18.72459064700698,-0.20733993590930946,4,-0.4945906470069801,0.4945906470069801
DUISBURG-MEIDERICH SCHLEUSE OW,2026-06-30 13:18:00+00:00,24.93,25.61930974593118,25.37067444799465,-0.24863529793652991,4,-0.44067444799464894,0.44067444799464894
DUISBURG-MEIDERICH SCHLEUSE UW,2026-06-30 13:18:00+00:00,18.22,18.93193058291629,18.72459064700698,-0.20733993590930946,4,-0.5045906470069816,0.5045906470069816
DUISBURG-MEIDERICH SCHLEUSE OW,2026-06-30 13:19:00+00:00,24.93,25.61930974593118,25.37067444799465,-0.24863529793652991,4,-0.44067444799464894,0.44067444799464894
DUISBURG-MEIDERICH SCHLEUSE UW,2026-06-30 13:19:00+00:00,18.22,18.93193058291629,18.72459064700698,-0.20733993590930946,4,-0.5045906470069816,0.5045906470069816
Basel-Rheinhalle,2026-06-30 13:20:00+00:00,520.0,514.3024377112528,513.6447162993942,-0.6577214118585711,4,6.35528370060581,6.35528370060581
DUISBURG-MEIDERICH SCHLEUSE OW,2026-06-30 13:20:00+00:00,24.93,25.61930974593118,25.37067444799465,-0.24863529793652991,4,-0.44067444799464894,0.44067444799464894
DUISBURG-MEIDERICH SCHLEUSE UW,2026-06-30 13:20:00+00:00,18.22,18.93193058291629,18.72459064700698,-0.20733993590930946,4,-0.5045906470069816,0.5045906470069816
LOBITH,2026-06-30 13:20:00+00:00,703.0,703.6724114627772,703.8356914822035,0.16328001942629045,4,-0.8356914822035151,0.8356914822035151
DUISBURG-MEIDERICH SCHLEUSE OW,2026-06-30 13:21:00+00:00,24.94,25.61930974593118,25.37067444799465,-0.24863529793652991,4,-0.4306744479946474,0.4306744479946474
DUISBURG-MEIDERICH SCHLEUSE UW,2026-06-30 13:21:00+00:00,18.22,18.93193058291629,18.72459064700698,-0.20733993590930946,4,-0.5045906470069816,0.5045906470069816
DUISBURG-MEIDERICH SCHLEUSE OW,2026-06-30 13:22:00+00:00,24.94,25.61930974593118,25.37067444799465,-0.24863529793652991,4,-0.4306744479946474,0.4306744479946474
DUISBURG-MEIDERICH SCHLEUSE UW,2026-06-30 13:22:00+00:00,18.22,18.93193058291629,18.72459064700698,-0.20733993590930946,4,-0.5045906470069816,0.5045906470069816
DUISBURG-MEIDERICH SCHLEUSE OW,2026-06-30 13:23:00+00:00,24.94,25.61930974593118,25.37067444799465,-0.24863529793652991,4,-0.4306744479946474,0.4306744479946474
DUISBURG-MEIDERICH SCHLEUSE UW,2026-06-30 13:23:00+00:00,18.22,18.93193058291629,18.72459064700698,-0.20733993590930946,4,-0.5045906470069816,0.5045906470069816
DUISBURG-MEIDERICH SCHLEUSE OW,2026-06-30 13:24:00+00:00,24.94,25.61930974593118,25.37067444799465,-0.24863529793652991,4,-0.4306744479946474,0.4306744479946474
DUISBURG-MEIDERICH SCHLEUSE UW,2026-06-30 13:24:00+00:00,18.22,18.93193058291629,18.72459064700698,-0.20733993590930946,4,-0.5045906470069816,0.5045906470069816
Basel-Rheinhalle,2026-06-30 13:25:00+00:00,520.0,514.344827998429,513.6871065865704,-0.6577214118585711,4,6.312893413429606,6.312893413429606
DUISBURG-MEIDERICH SCHLEUSE OW,2026-06-30 13:25:00+00:00,24.94,25.61930974593118,25.37067444799465,-0.24863529793652991,4,-0.4306744479946474,0.4306744479946474
DUISBURG-MEIDERICH SCHLEUSE UW,2026-06-30 13:25:00+00:00,18.22,18.93193058291629,18.72459064700698,-0.20733993590930946,4,-0.5045906470069816,0.5045906470069816
DUISBURG-MEIDERICH SCHLEUSE OW,2026-06-30 13:26:00+00:00,24.94,25.715632187003735,25.466996889067204,-0.24863529793652991,4,-0.5269968890672025,0.5269968890672025
DUISBURG-MEIDERICH SCHLEUSE UW,2026-06-30 13:26:00+00:00,18.22,18.93193058291629,18.72459064700698,-0.20733993590930946,4,-0.5045906470069816,0.5045906470069816
DUISBURG-MEIDERICH SCHLEUSE OW,2026-06-30 13:27:00+00:00,24.94,25.715632187003735,25.466996889067204,-0.24863529793652991,4,-0.5269968890672025,0.5269968890672025
DUISBURG-MEIDERICH SCHLEUSE UW,2026-06-30 13:27:00+00:00,18.22,18.93193058291629,18.72459064700698,-0.20733993590930946,4,-0.5045906470069816,0.5045906470069816
DUISBURG-MEIDERICH SCHLEUSE OW,2026-06-30 13:28:00+00:00,24.94,25.614220240953806,25.365584943017275,-0.24863529793652991,4,-0.4255849430172738,0.4255849430172738
DUISBURG-MEIDERICH SCHLEUSE UW,2026-06-30 13:28:00+00:00,18.22,18.93193058291629,18.72459064700698,-0.20733993590930946,4,-0.5045906470069816,0.5045906470069816
DUISBURG-MEIDERICH SCHLEUSE OW,2026-06-30 13:29:00+00:00,24.94,25.715632187003735,25.466996889067204,-0.24863529793652991,4,-0.5269968890672025,0.5269968890672025
DUISBURG-MEIDERICH SCHLEUSE UW,2026-06-30 13:29:00+00:00,18.22,18.93193058291629,18.72459064700698,-0.20733993590930946,4,-0.5045906470069816,0.5045906470069816
BINGEN,2026-06-30 13:30:00+00:00,104.0,105.11684521526871,105.11684521526871,0.0,4,-1.116845215268711,1.116845215268711
BONN,2026-06-30 13:30:00+00:00,138.0,137.19968355236315,137.19968355236315,0.0,4,0.8003164476368454,0.8003164476368454
BREISACH,2026-06-30 13:30:00+00:00,194.0,194.36926098133813,194.36926098133813,0.0,4,-0.36926098133812957,0.36926098133812957
Basel-Rheinhalle,2026-06-30 13:30:00+00:00,520.0,514.3024377112528,513.6447162993942,-0.6577214118585711,4,6.35528370060581,6.35528370060581
DUISBURG-MEIDERICH SCHLEUSE OW,2026-06-30 13:30:00+00:00,24.94,25.715632187003735,25.466996889067204,-0.24863529793652991,4,-0.5269968890672025,0.5269968890672025
DUISBURG-MEIDERICH SCHLEUSE UW,2026-06-30 13:30:00+00:00,18.22,18.93193058291629,18.72459064700698,-0.20733993590930946,4,-0.5045906470069816,0.5045906470069816
DUISBURG-RUHRORT,2026-06-30 13:30:00+00:00,219.0,216.35468989212148,216.35468989212148,0.0,4,2.6453101078785153,2.6453101078785153
DÜSSELDORF,2026-06-30 13:30:00+00:00,89.0,87.61523317596752,87.61523317596752,0.0,4,1.3847668240324822,1.3847668240324822
EMMERICH,2026-06-30 13:30:00+00:00,54.0,59.28308968502474,59.28308968502474,0.0,4,-5.283089685024741,5.283089685024741
IFFEZHEIM,2026-06-30 13:30:00+00:00,135.0,135.6692411008407,135.6692411008407,0.0,4,-0.6692411008407078,0.6692411008407078
KAUB,2026-06-30 13:30:00+00:00,88.0,89.64731899534372,89.64731899534372,0.0,4,-1.6473189953437242,1.6473189953437242
KOBLENZ,2026-06-30 13:30:00+00:00,92.0,92.7131644622121,92.7131644622121,0.0,4,-0.7131644622121058,0.7131644622121058
KONSTANZ-RHEIN,2026-06-30 13:30:00+00:00,313.0,312.7188341324523,312.7188341324523,0.0,4,0.28116586754771333,0.28116586754771333
Koblenz OP,2026-06-30 13:30:00+00:00,199.0,205.59151817513273,205.59151817513273,0.0,4,-6.591518175132734,6.591518175132734
Koblenz UP,2026-06-30 13:30:00+00:00,65.0,80.34368553317348,80.34368553317348,0.0,4,-15.343685533173485,15.343685533173485
KÖLN,2026-06-30 13:30:00+00:00,131.0,132.34824624327152,132.34824624327152,0.0,4,-1.348246243271518,1.348246243271518
LOBITH,2026-06-30 13:30:00+00:00,703.0,703.5679570941069,703.5324643174794,-0.03549277662754946,4,-0.5324643174793664,0.5324643174793664
MAINZ,2026-06-30 13:30:00+00:00,182.0,185.99369063808106,185.99369063808106,0.0,4,-3.9936906380810626,3.9936906380810626
MANNHEIM,2026-06-30 13:30:00+00:00,169.0,156.23415564284832,156.23415564284832,0.0,4,12.765844357151678,12.765844357151678
MAXAU,2026-06-30 13:30:00+00:00,398.0,403.10635099800464,403.10635099800464,0.0,4,-5.106350998004643,5.106350998004643
REES,2026-06-30 13:30:00+00:00,97.0,95.35559789661359,95.35559789661359,0.0,4,1.6444021033864118,1.6444021033864118
RHEINE UNTERSCHLEUSE,2026-06-30 13:30:00+00:00,195.0,198.49439766423842,198.49439766423842,0.0,4,-3.49439766423842,3.49439766423842
RHEINWEILER,2026-06-30 13:30:00+00:00,225.0,222.39215863955926,222.39215863955926,0.0,4,2.6078413604407444,2.6078413604407444
SANKT GOAR,2026-06-30 13:30:00+00:00,179.0,190.00679627634383,190.00679627634383,0.0,4,-11.006796276343835,11.006796276343835
SPEYER,2026-06-30 13:30:00+00:00,262.0,261.41848408055176,261.41848408055176,0.0,4,0.5815159194482362,0.5815159194482362
WESEL,2026-06-30 13:30:00+00:00,154.0,153.7225721516448,153.7225721516448,0.0,4,0.2774278483551882,0.2774278483551882
WORMS,2026-06-30 13:30:00+00:00,77.0,75.30155940809362,75.30155940809362,0.0,4,1.698440591906376,1.698440591906376
DUISBURG-MEIDERICH SCHLEUSE OW,2026-06-30 13:31:00+00:00,24.94,25.614220240953806,25.365584943017275,-0.24863529793652991,4,-0.4255849430172738,0.4255849430172738
DUISBURG-MEIDERICH SCHLEUSE UW,2026-06-30 13:31:00+00:00,18.23,18.93193058291629,18.72459064700698,-0.20733993590930946,4,-0.4945906470069801,0.4945906470069801
DUISBURG-MEIDERICH SCHLEUSE OW,2026-06-30 13:32:00+00:00,24.95,25.614220240953806,25.365584943017275,-0.24863529793652991,4,-0.4155849430172758,0.4155849430172758
DUISBURG-MEIDERICH SCHLEUSE UW,2026-06-30 13:32:00+00:00,18.23,18.93193058291629,18.72459064700698,-0.20733993590930946,4,-0.4945906470069801,0.4945906470069801
DUISBURG-MEIDERICH SCHLEUSE OW,2026-06-30 13:33:00+00:00,24.95,25.614220240953806,25.365584943017275,-0.24863529793652991,4,-0.4155849430172758,0.4155849430172758
DUISBURG-MEIDERICH SCHLEUSE UW,2026-06-30 13:33:00+00:00,18.23,18.93193058291629,18.72459064700698,-0.20733993590930946,4,-0.4945906470069801,0.4945906470069801
DUISBURG-MEIDERICH SCHLEUSE OW,2026-06-30 13:34:00+00:00,24.95,25.61930974593118,25.37067444799465,-0.24863529793652991,4,-0.42067444799464937,0.42067444799464937
DUISBURG-MEIDERICH SCHLEUSE UW,2026-06-30 13:34:00+00:00,18.23,18.93193058291629,18.72459064700698,-0.20733993590930946,4,-0.4945906470069801,0.4945906470069801
Basel-Rheinhalle,2026-06-30 13:35:00+00:00,519.0,514.2699605423845,513.5752921809182,-0.6946683614664005,4,5.424707819081846,5.424707819081846
DUISBURG-MEIDERICH SCHLEUSE OW,2026-06-30 13:35:00+00:00,24.95,25.61930974593118,25.37067444799465,-0.24863529793652991,4,-0.42067444799464937,0.42067444799464937
DUISBURG-MEIDERICH SCHLEUSE UW,2026-06-30 13:35:00+00:00,18.22,18.93193058291629,18.72459064700698,-0.20733993590930946,4,-0.5045906470069816,0.5045906470069816
DUISBURG-MEIDERICH SCHLEUSE OW,2026-06-30 13:36:00+00:00,24.95,25.61930974593118,25.37067444799465,-0.24863529793652991,4,-0.42067444799464937,0.42067444799464937
DUISBURG-MEIDERICH SCHLEUSE UW,2026-06-30 13:36:00+00:00,18.22,18.93193058291629,18.72459064700698,-0.20733993590930946,4,-0.5045906470069816,0.5045906470069816
DUISBURG-MEIDERICH SCHLEUSE OW,2026-06-30 13:37:00+00:00,24.95,25.61930974593118,25.37067444799465,-0.24863529793652991,4,-0.42067444799464937,0.42067444799464937
DUISBURG-MEIDERICH SCHLEUSE UW,2026-06-30 13:37:00+00:00,18.22,18.93193058291629,18.72459064700698,-0.20733993590930946,4,-0.5045906470069816,0.5045906470069816
DUISBURG-MEIDERICH SCHLEUSE OW,2026-06-30 13:38:00+00:00,24.95,25.61930974593118,25.37067444799465,-0.24863529793652991,4,-0.42067444799464937,0.42067444799464937
DUISBURG-MEIDERICH SCHLEUSE UW,2026-06-30 13:38:00+00:00,18.22,18.93193058291629,18.72459064700698,-0.20733993590930946,4,-0.5045906470069816,0.5045906470069816
DUISBURG-MEIDERICH SCHLEUSE OW,2026-06-30 13:39:00+00:00,24.95,25.61930974593118,25.37067444799465,-0.24863529793652991,4,-0.42067444799464937,0.42067444799464937
DUISBURG-MEIDERICH SCHLEUSE UW,2026-06-30 13:39:00+00:00,18.22,18.93193058291629,18.72459064700698,-0.20733993590930946,4,-0.5045906470069816,0.5045906470069816
Basel-Rheinhalle,2026-06-30 13:40:00+00:00,520.0,514.2994396983399,513.6417182864814,-0.6577214118585711,4,6.358281713518636,6.358281713518636
DUISBURG-MEIDERICH SCHLEUSE OW,2026-06-30 13:40:00+00:00,24.95,25.61930974593118,25.37067444799465,-0.24863529793652991,4,-0.42067444799464937,0.42067444799464937
DUISBURG-MEIDERICH SCHLEUSE UW,2026-06-30 13:40:00+00:00,18.22,18.93193058291629,18.72459064700698,-0.20733993590930946,4,-0.5045906470069816,0.5045906470069816
LOBITH,2026-06-30 13:40:00+00:00,704.0,703.5796048852683,703.5441121086408,-0.03549277662754946,4,0.45588789135922525,0.45588789135922525
DUISBURG-MEIDERICH SCHLEUSE OW,2026-06-30 13:41:00+00:00,24.95,25.61930974593118,25.37067444799465,-0.24863529793652991,4,-0.42067444799464937,0.42067444799464937
DUISBURG-MEIDERICH SCHLEUSE UW,2026-06-30 13:41:00+00:00,18.22,18.93193058291629,18.72459064700698,-0.20733993590930946,4,-0.5045906470069816,0.5045906470069816
DUISBURG-MEIDERICH SCHLEUSE OW,2026-06-30 13:42:00+00:00,24.95,25.61930974593118,25.37067444799465,-0.24863529793652991,4,-0.42067444799464937,0.42067444799464937
DUISBURG-MEIDERICH SCHLEUSE UW,2026-06-30 13:42:00+00:00,18.22,18.93193058291629,18.72459064700698,-0.20733993590930946,4,-0.5045906470069816,0.5045906470069816
DUISBURG-MEIDERICH SCHLEUSE OW,2026-06-30 13:43:00+00:00,24.95,25.61930974593118,25.37067444799465,-0.24863529793652991,4,-0.42067444799464937,0.42067444799464937
DUISBURG-MEIDERICH SCHLEUSE UW,2026-06-30 13:43:00+00:00,18.22,19.03334252896622,18.826706851054308,-0.2066356779119106,4,-0.6067068510543088,0.6067068510543088
DUISBURG-MEIDERICH SCHLEUSE OW,2026-06-30 13:44:00+00:00,24.95,25.61930974593118,25.37067444799465,-0.24863529793652991,4,-0.42067444799464937,0.42067444799464937
DUISBURG-MEIDERICH SCHLEUSE UW,2026-06-30 13:44:00+00:00,18.22,19.03334252896622,18.826706851054308,-0.2066356779119106,4,-0.6067068510543088,0.6067068510543088
BINGEN,2026-06-30 13:45:00+00:00,103.0,105.1759436281863,105.1759436281863,0.0,4,-2.175943628186303,2.175943628186303
BONN,2026-06-30 13:45:00+00:00,138.0,137.19312617891202,137.19312617891202,0.0,4,0.8068738210879758,0.8068738210879758
BREISACH,2026-06-30 13:45:00+00:00,193.0,193.7672376756637,193.7672376756637,0.0,4,-0.7672376756636936,0.7672376756636936
Basel-Rheinhalle,2026-06-30 13:45:00+00:00,520.0,514.3024377112528,513.6447162993942,-0.6577214118585711,4,6.35528370060581,6.35528370060581
DUISBURG-MEIDERICH SCHLEUSE OW,2026-06-30 13:45:00+00:00,24.95,25.61930974593118,25.37067444799465,-0.24863529793652991,4,-0.42067444799464937,0.42067444799464937
DUISBURG-MEIDERICH SCHLEUSE UW,2026-06-30 13:45:00+00:00,18.23,18.954545441004456,18.747909763092544,-0.2066356779119106,4,-0.5179097630925433,0.5179097630925433
DUISBURG-RUHRORT,2026-06-30 13:45:00+00:00,219.0,216.44280771156386,216.44280771156386,0.0,4,2.5571922884361413,2.5571922884361413
DÜSSELDORF,2026-06-30 13:45:00+00:00,89.0,88.18026078048577,88.18026078048577,0.0,4,0.8197392195142328,0.8197392195142328
EMMERICH,2026-06-30 13:45:00+00:00,53.0,59.02793313828528,59.02793313828528,0.0,4,-6.027933138285277,6.027933138285277
IFFEZHEIM,2026-06-30 13:45:00+00:00,133.0,136.28107604814292,136.28107604814292,0.0,4,-3.2810760481429213,3.2810760481429213
KAUB,2026-06-30 13:45:00+00:00,87.0,90.50261985029773,90.50261985029773,0.0,4,-3.5026198502977337,3.5026198502977337
KOBLENZ,2026-06-30 13:45:00+00:00,91.0,91.18194674482399,91.18194674482399,0.0,4,-0.1819467448239891,0.1819467448239891
KONSTANZ-RHEIN,2026-06-30 13:45:00+00:00,313.0,312.6158838133179,312.6158838133179,0.0,4,0.3841161866820926,0.3841161866820926
Koblenz OP,2026-06-30 13:45:00+00:00,200.0,204.81369021599286,204.81369021599286,0.0,4,-4.813690215992864,4.813690215992864
Koblenz UP,2026-06-30 13:45:00+00:00,47.0,80.01737076147187,80.01737076147187,0.0,4,-33.01737076147187,33.01737076147187
KÖLN,2026-06-30 13:45:00+00:00,132.0,132.4222514266307,132.4222514266307,0.0,4,-0.4222514266307087,0.4222514266307087
MAINZ,2026-06-30 13:45:00+00:00,182.0,186.65040569603778,186.65040569603778,0.0,4,-4.6504056960377795,4.6504056960377795
MANNHEIM,2026-06-30 13:45:00+00:00,170.0,155.3773084998127,155.3773084998127,0.0,4,14.622691500187301,14.622691500187301
MAXAU,2026-06-30 13:45:00+00:00,397.0,403.3948687439858,403.3948687439858,0.0,4,-6.394868743985796,6.394868743985796
REES,2026-06-30 13:45:00+00:00,97.0,95.55366569369849,95.55366569369849,0.0,4,1.4463343063015088,1.4463343063015088
RHEINE UNTERSCHLEUSE,2026-06-30 13:45:00+00:00,195.0,192.34987716518333,192.34987716518333,0.0,4,2.6501228348166705,2.6501228348166705
RHEINWEILER,2026-06-30 13:45:00+00:00,224.0,222.27565318668763,222.27565318668763,0.0,4,1.7243468133123656,1.7243468133123656
SANKT GOAR,2026-06-30 13:45:00+00:00,179.0,189.9132544655725,189.9132544655725,0.0,4,-10.913254465572493,10.913254465572493
SPEYER,2026-06-30 13:45:00+00:00,262.0,261.2698193843441,261.2698193843441,0.0,4,0.730180615655911,0.730180615655911
WESEL,2026-06-30 13:45:00+00:00,156.0,153.67809407898926,153.67809407898926,0.0,4,2.321905921010739,2.321905921010739
WORMS,2026-06-30 13:45:00+00:00,77.0,75.54408215930358,75.54408215930358,0.0,4,1.455917840696415,1.455917840696415
DUISBURG-MEIDERICH SCHLEUSE OW,2026-06-30 13:46:00+00:00,24.95,25.725291041979894,25.476655744043363,-0.24863529793652991,4,-0.5266557440433637,0.5266557440433637
DUISBURG-MEIDERICH SCHLEUSE UW,2026-06-30 13:46:00+00:00,18.23,18.954545441004456,18.747909763092544,-0.2066356779119106,4,-0.5179097630925433,0.5179097630925433
DUISBURG-MEIDERICH SCHLEUSE OW,2026-06-30 13:47:00+00:00,24.95,25.725291041979894,25.476655744043363,-0.24863529793652991,4,-0.5266557440433637,0.5266557440433637
DUISBURG-MEIDERICH SCHLEUSE UW,2026-06-30 13:47:00+00:00,18.23,18.954545441004456,18.747909763092544,-0.2066356779119106,4,-0.5179097630925433,0.5179097630925433
DUISBURG-MEIDERICH SCHLEUSE OW,2026-06-30 13:48:00+00:00,24.96,25.623879095929965,25.375243797993434,-0.24863529793652991,4,-0.41524379799343336,0.41524379799343336
DUISBURG-MEIDERICH SCHLEUSE UW,2026-06-30 13:48:00+00:00,18.23,18.954545441004456,18.747909763092544,-0.2066356779119106,4,-0.5179097630925433,0.5179097630925433
DUISBURG-MEIDERICH SCHLEUSE OW,2026-06-30 13:49:00+00:00,24.96,25.623879095929965,25.375243797993434,-0.24863529793652991,4,-0.41524379799343336,0.41524379799343336
DUISBURG-MEIDERICH SCHLEUSE UW,2026-06-30 13:49:00+00:00,18.23,18.954545441004456,18.747909763092544,-0.2066356779119106,4,-0.5179097630925433,0.5179097630925433
Basel-Rheinhalle,2026-06-30 13:50:00+00:00,521.0,514.340504701099,513.6458363396326,-0.6946683614664005,4,7.354163660367362,7.354163660367362
DUISBURG-MEIDERICH SCHLEUSE OW,2026-06-30 13:50:00+00:00,24.95,25.623879095929965,25.375243797993434,-0.24863529793652991,4,-0.4252437979934349,0.4252437979934349
DUISBURG-MEIDERICH SCHLEUSE UW,2026-06-30 13:50:00+00:00,18.23,18.954545441004456,18.747909763092544,-0.2066356779119106,4,-0.5179097630925433,0.5179097630925433
LOBITH,2026-06-30 13:50:00+00:00,704.0,703.5796048852683,703.5441121086408,-0.03549277662754946,4,0.45588789135922525,0.45588789135922525
DUISBURG-MEIDERICH SCHLEUSE OW,2026-06-30 13:51:00+00:00,24.95,25.623879095929965,25.375243797993434,-0.24863529793652991,4,-0.4252437979934349,0.4252437979934349
DUISBURG-MEIDERICH SCHLEUSE UW,2026-06-30 13:51:00+00:00,18.23,18.954545441004456,18.747909763092544,-0.2066356779119106,4,-0.5179097630925433,0.5179097630925433
DUISBURG-MEIDERICH SCHLEUSE OW,2026-06-30 13:52:00+00:00,24.95,25.623879095929965,25.375243797993434,-0.24863529793652991,4,-0.4252437979934349,0.4252437979934349
DUISBURG-MEIDERICH SCHLEUSE UW,2026-06-30 13:52:00+00:00,18.23,18.954545441004456,18.747909763092544,-0.2066356779119106,4,-0.5179097630925433,0.5179097630925433
DUISBURG-MEIDERICH SCHLEUSE OW,2026-06-30 13:53:00+00:00,24.96,25.623879095929965,25.375243797993434,-0.24863529793652991,4,-0.41524379799343336,0.41524379799343336
DUISBURG-MEIDERICH SCHLEUSE UW,2026-06-30 13:53:00+00:00,18.23,18.954545441004456,18.747909763092544,-0.2066356779119106,4,-0.5179097630925433,0.5179097630925433
DUISBURG-MEIDERICH SCHLEUSE OW,2026-06-30 13:54:00+00:00,24.96,25.623879095929965,25.375243797993434,-0.24863529793652991,4,-0.41524379799343336,0.41524379799343336
DUISBURG-MEIDERICH SCHLEUSE UW,2026-06-30 13:54:00+00:00,18.23,18.954545441004456,18.747909763092544,-0.2066356779119106,4,-0.5179097630925433,0.5179097630925433
Basel-Rheinhalle,2026-06-30 13:55:00+00:00,521.0,514.2699605423845,513.5752921809182,-0.6946683614664005,4,7.424707819081846,7.424707819081846
DUISBURG-MEIDERICH SCHLEUSE OW,2026-06-30 13:55:00+00:00,24.96,25.623879095929965,25.375243797993434,-0.24863529793652991,4,-0.41524379799343336,0.41524379799343336
DUISBURG-MEIDERICH SCHLEUSE UW,2026-06-30 13:55:00+00:00,18.23,18.954545441004456,18.747909763092544,-0.2066356779119106,4,-0.5179097630925433,0.5179097630925433
DUISBURG-MEIDERICH SCHLEUSE OW,2026-06-30 13:56:00+00:00,24.96,25.623879095929965,25.376299978622868,-0.24757911730709733,4,-0.4162999786228667,0.4162999786228667
DUISBURG-MEIDERICH SCHLEUSE UW,2026-06-30 13:56:00+00:00,18.23,19.03334252896622,18.82600259305691,-0.20733993590930946,4,-0.5960025930569088,0.5960025930569088
DUISBURG-MEIDERICH SCHLEUSE OW,2026-06-30 13:57:00+00:00,24.96,25.735011767404266,25.48743265009717,-0.24757911730709733,4,-0.5274326500971682,0.5274326500971682
DUISBURG-MEIDERICH SCHLEUSE UW,2026-06-30 13:57:00+00:00,18.23,19.03334252896622,18.82600259305691,-0.20733993590930946,4,-0.5960025930569088,0.5960025930569088
DUISBURG-MEIDERICH SCHLEUSE OW,2026-06-30 13:58:00+00:00,24.96,25.735011767404266,25.48743265009717,-0.24757911730709733,4,-0.5274326500971682,0.5274326500971682
DUISBURG-MEIDERICH SCHLEUSE UW,2026-06-30 13:58:00+00:00,18.23,18.93193058291629,18.72459064700698,-0.20733993590930946,4,-0.4945906470069801,0.4945906470069801
DUISBURG-MEIDERICH SCHLEUSE OW,2026-06-30 13:59:00+00:00,24.96,25.633599821354338,25.38602070404724,-0.24757911730709733,4,-0.42602070404723946,0.42602070404723946
DUISBURG-MEIDERICH SCHLEUSE UW,2026-06-30 13:59:00+00:00,18.23,18.93193058291629,18.72459064700698,-0.20733993590930946,4,-0.4945906470069801,0.4945906470069801
BINGEN,2026-06-30 14:00:00+00:00,103.0,105.1759436281863,105.1759436281863,0.0,4,-2.175943628186303,2.175943628186303
BONN,2026-06-30 14:00:00+00:00,139.0,136.96536385788346,136.96536385788346,0.0,4,2.0346361421165398,2.0346361421165398
BREISACH,2026-06-30 14:00:00+00:00,194.0,194.33134286203898,194.33134286203898,0.0,4,-0.33134286203898,0.33134286203898
Basel-Rheinhalle,2026-06-30 14:00:00+00:00,520.0,514.2699605423845,513.5752921809182,-0.6946683614664005,4,6.424707819081846,6.424707819081846
DUISBURG-MEIDERICH SCHLEUSE OW,2026-06-30 14:00:00+00:00,24.96,25.06743272297709,24.98935869989553,-0.07807402308156076,4,-0.029358699895528417,0.029358699895528417
DUISBURG-MEIDERICH SCHLEUSE UW,2026-06-30 14:00:00+00:00,18.23,18.386082486457262,18.21009238295642,-0.17599010350084018,4,0.019907617043578796,0.019907617043578796
DUISBURG-RUHRORT,2026-06-30 14:00:00+00:00,219.0,217.16530930356387,217.16530930356387,0.0,4,1.8346906964361267,1.8346906964361267
DÜSSELDORF,2026-06-30 14:00:00+00:00,88.0,88.545364238975,88.545364238975,0.0,4,-0.5453642389749973,0.5453642389749973
EMMERICH,2026-06-30 14:00:00+00:00,54.0,57.80719809094505,57.80719809094505,0.0,4,-3.8071980909450502,3.8071980909450502
IFFEZHEIM,2026-06-30 14:00:00+00:00,132.0,134.72543989544485,134.72543989544485,0.0,4,-2.7254398954448504,2.7254398954448504
KAUB,2026-06-30 14:00:00+00:00,88.0,90.42915989883431,90.42915989883431,0.0,4,-2.429159898834314,2.429159898834314
KOBLENZ,2026-06-30 14:00:00+00:00,90.0,90.84151905381606,90.84151905381606,0.0,4,-0.8415190538160573,0.8415190538160573
KONSTANZ-RHEIN,2026-06-30 14:00:00+00:00,313.0,312.6158838133179,312.6158838133179,0.0,4,0.3841161866820926,0.3841161866820926
Koblenz OP,2026-06-30 14:00:00+00:00,201.0,206.36560057405478,206.36560057405478,0.0,4,-5.365600574054781,5.365600574054781
Koblenz UP,2026-06-30 14:00:00+00:00,47.0,80.13487127330306,80.13487127330306,0.0,4,-33.13487127330306,33.13487127330306
KÖLN,2026-06-30 14:00:00+00:00,131.0,132.27244470887516,132.27244470887516,0.0,4,-1.272444708875156,1.272444708875156
LOBITH,2026-06-30 14:00:00+00:00,704.0,703.9274891095841,703.9927999390886,0.06531082950446378,4,0.00720006091137293,0.00720006091137293
MAINZ,2026-06-30 14:00:00+00:00,182.0,185.66019489635323,185.66019489635323,0.0,4,-3.6601948963532323,3.6601948963532323
MANNHEIM,2026-06-30 14:00:00+00:00,170.0,155.01134174015792,155.01134174015792,0.0,4,14.988658259842083,14.988658259842083
MAXAU,2026-06-30 14:00:00+00:00,396.0,403.7085812644518,403.7085812644518,0.0,4,-7.708581264451823,7.708581264451823
REES,2026-06-30 14:00:00+00:00,97.0,94.58818178123836,94.58818178123836,0.0,4,2.4118182187616384,2.4118182187616384
RHEINE UNTERSCHLEUSE,2026-06-30 14:00:00+00:00,195.0,201.15598069950192,201.15598069950192,0.0,4,-6.155980699501924,6.155980699501924
RHEINWEILER,2026-06-30 14:00:00+00:00,225.0,222.27565318668763,222.27565318668763,0.0,4,2.7243468133123656,2.7243468133123656
SANKT GOAR,2026-06-30 14:00:00+00:00,179.0,190.01636480315833,190.01636480315833,0.0,4,-11.016364803158325,11.016364803158325
SPEYER,2026-06-30 14:00:00+00:00,262.0,261.0764333928405,261.0764333928405,0.0,4,0.9235666071595006,0.9235666071595006
WESEL,2026-06-30 14:00:00+00:00,156.0,153.07527866223018,153.07527866223018,0.0,4,2.9247213377698245,2.9247213377698245
WORMS,2026-06-30 14:00:00+00:00,77.0,74.91154586264454,74.91154586264454,0.0,4,2.0884541373554555,2.0884541373554555
DUISBURG-MEIDERICH SCHLEUSE OW,2026-06-30 14:01:00+00:00,24.96,24.896495487305366,25.01104003701903,0.11454454971366337,4,-0.05104003701902826,0.05104003701902826
DUISBURG-MEIDERICH SCHLEUSE UW,2026-06-30 14:01:00+00:00,18.22,18.220929969390852,18.241980099809098,0.02105013041824446,4,-0.021980099809098874,0.021980099809098874
DUISBURG-MEIDERICH SCHLEUSE OW,2026-06-30 14:02:00+00:00,24.96,24.914245496157047,25.02879004587071,0.11454454971366337,4,-0.0687900458707098,0.0687900458707098
DUISBURG-MEIDERICH SCHLEUSE UW,2026-06-30 14:02:00+00:00,18.22,18.218572926232838,18.239213992820257,0.020641066587420424,4,-0.019213992820258596,0.019213992820258596
DUISBURG-MEIDERICH SCHLEUSE OW,2026-06-30 14:03:00+00:00,24.96,25.29998749668144,25.05240837937434,-0.24757911730709733,4,-0.09240837937434065,0.09240837937434065
DUISBURG-MEIDERICH SCHLEUSE UW,2026-06-30 14:03:00+00:00,18.22,18.599017193366397,18.386806111624214,-0.21221108174218317,4,-0.166806111624215,0.166806111624215
DUISBURG-MEIDERICH SCHLEUSE OW,2026-06-30 14:04:00+00:00,24.96,25.29998749668144,25.05240837937434,-0.24757911730709733,4,-0.09240837937434065,0.09240837937434065
DUISBURG-MEIDERICH SCHLEUSE UW,2026-06-30 14:04:00+00:00,18.22,18.599017193366397,18.386806111624214,-0.21221108174218317,4,-0.166806111624215,0.166806111624215
Basel-Rheinhalle,2026-06-30 14:05:00+00:00,518.0,514.3469549680727,513.6522866066064,-0.6946683614664005,4,4.347713393393633,4.347713393393633
DUISBURG-MEIDERICH SCHLEUSE OW,2026-06-30 14:05:00+00:00,24.96,25.29998749668144,25.05240837937434,-0.24757911730709733,4,-0.09240837937434065,0.09240837937434065
DUISBURG-MEIDERICH SCHLEUSE UW,2026-06-30 14:05:00+00:00,18.23,18.599017193366397,18.386806111624214,-0.21221108174218317,4,-0.15680611162421343,0.15680611162421343
DUISBURG-MEIDERICH SCHLEUSE OW,2026-06-30 14:06:00+00:00,24.96,25.002081253615227,24.97488031712145,-0.02720093649377841,4,-0.014880317121448883,0.014880317121448883
DUISBURG-MEIDERICH SCHLEUSE UW,2026-06-30 14:06:00+00:00,18.23,18.301110950300185,18.088899868558002,-0.21221108174218317,4,0.1411001314419984,0.1411001314419984
DUISBURG-MEIDERICH SCHLEUSE OW,2026-06-30 14:07:00+00:00,24.97,25.002081253615227,24.97488031712145,-0.02720093649377841,4,-0.004880317121450872,0.004880317121450872
DUISBURG-MEIDERICH SCHLEUSE UW,2026-06-30 14:07:00+00:00,18.23,18.301110950300185,18.088899868558002,-0.21221108174218317,4,0.1411001314419984,0.1411001314419984
DUISBURG-MEIDERICH SCHLEUSE OW,2026-06-30 14:08:00+00:00,24.97,24.906923416890287,24.957501556612126,0.050578139721839895,4,0.012498443387872982,0.012498443387872982
DUISBURG-MEIDERICH SCHLEUSE UW,2026-06-30 14:08:00+00:00,18.23,18.205953113575244,18.213143254258025,0.007190140682780439,4,0.016856745741975487,0.016856745741975487
DUISBURG-MEIDERICH SCHLEUSE OW,2026-06-30 14:09:00+00:00,24.97,24.906923416890287,24.957501556612126,0.050578139721839895,4,0.012498443387872982,0.012498443387872982
DUISBURG-MEIDERICH SCHLEUSE UW,2026-06-30 14:09:00+00:00,18.23,18.205953113575244,18.213143254258025,0.007190140682780439,4,0.016856745741975487,0.016856745741975487
Basel-Rheinhalle,2026-06-30 14:10:00+00:00,518.0,514.3333345218775,513.675613110019,-0.6577214118585711,4,4.324386889981042,4.324386889981042
DUISBURG-MEIDERICH SCHLEUSE OW,2026-06-30 14:10:00+00:00,24.97,24.906923416890287,24.957501556612126,0.050578139721839895,4,0.012498443387872982,0.012498443387872982
DUISBURG-MEIDERICH SCHLEUSE UW,2026-06-30 14:10:00+00:00,18.23,18.28475020153701,18.22754649058901,-0.0572037109479993,4,0.002453509410990762,0.002453509410990762
LOBITH,2026-06-30 14:10:00+00:00,703.0,703.7235363938481,703.760522461756,0.036986067907789556,4,-0.7605224617559543,0.7605224617559543
DUISBURG-MEIDERICH SCHLEUSE OW,2026-06-30 14:11:00+00:00,24.97,24.9723828640442,24.960348390794675,-0.012034473249523987,4,0.009651609205324263,0.009651609205324263
DUISBURG-MEIDERICH SCHLEUSE UW,2026-06-30 14:11:00+00:00,18.23,18.35020964869092,18.13729430895134,-0.21291533973958204,4,0.09270569104866055,0.09270569104866055
DUISBURG-MEIDERICH SCHLEUSE OW,2026-06-30 14:12:00+00:00,24.97,24.9723828640442,24.96500142448864,-0.007381439555560471,4,0.004998575511358183,0.004998575511358183
DUISBURG-MEIDERICH SCHLEUSE UW,2026-06-30 14:12:00+00:00,18.23,18.248797702640992,18.227075890197213,-0.021721812443778948,4,0.0029241098027874557,0.0029241098027874557
DUISBURG-MEIDERICH SCHLEUSE OW,2026-06-30 14:13:00+00:00,24.97,25.073794810094128,24.961830201587443,-0.11196460850668712,4,0.008169798412556162,0.008169798412556162
DUISBURG-MEIDERICH SCHLEUSE UW,2026-06-30 14:13:00+00:00,18.23,18.248797702640992,18.227075890197213,-0.021721812443778948,4,0.0029241098027874557,0.0029241098027874557
DUISBURG-MEIDERICH SCHLEUSE OW,2026-06-30 14:14:00+00:00,24.97,25.073794810094128,24.959863183653212,-0.11393162644091559,4,0.010136816346786759,0.010136816346786759
DUISBURG-MEIDERICH SCHLEUSE UW,2026-06-30 14:14:00+00:00,18.22,18.248797702640992,18.227075890197213,-0.021721812443778948,4,-0.0070758901972141075,0.0070758901972141075
BINGEN,2026-06-30 14:15:00+00:00,103.0,104.98941136751554,104.98941136751554,0.0,4,-1.9894113675155438,1.9894113675155438
BONN,2026-06-30 14:15:00+00:00,139.0,136.9944643046053,136.9944643046053,0.0,4,2.0055356953947125,2.0055356953947125
BREISACH,2026-06-30 14:15:00+00:00,194.0,193.5786738776175,193.5786738776175,0.0,4,0.42132612238251,0.42132612238251
Basel-Rheinhalle,2026-06-30 14:15:00+00:00,519.0,514.2987303833655,513.641008971507,-0.6577214118585711,4,5.358991028493051,5.358991028493051
DUISBURG-MEIDERICH SCHLEUSE OW,2026-06-30 14:15:00+00:00,24.97,25.073794810094128,24.959863183653212,-0.11393162644091559,4,0.010136816346786759,0.010136816346786759
DUISBURG-MEIDERICH SCHLEUSE UW,2026-06-30 14:15:00+00:00,18.22,18.248797702640992,18.227075890197213,-0.021721812443778948,4,-0.0070758901972141075,0.0070758901972141075
DUISBURG-RUHRORT,2026-06-30 14:15:00+00:00,219.0,217.07715706584614,217.07715706584614,0.0,4,1.9228429341538629,1.9228429341538629
DÜSSELDORF,2026-06-30 14:15:00+00:00,89.0,90.19052663876418,90.19052663876418,0.0,4,-1.190526638764183,1.190526638764183
EMMERICH,2026-06-30 14:15:00+00:00,53.0,58.07360616741337,58.07360616741337,0.0,4,-5.073606167413367,5.073606167413367
IFFEZHEIM,2026-06-30 14:15:00+00:00,136.0,134.76242879056608,134.76242879056608,0.0,4,1.2375712094339235,1.2375712094339235
KAUB,2026-06-30 14:15:00+00:00,88.0,89.7100205490006,89.7100205490006,0.0,4,-1.7100205490006033,1.7100205490006033
KOBLENZ,2026-06-30 14:15:00+00:00,91.0,91.90121143692681,91.90121143692681,0.0,4,-0.9012114369268147,0.9012114369268147
KONSTANZ-RHEIN,2026-06-30 14:15:00+00:00,313.0,312.65048795182975,312.65048795182975,0.0,4,0.3495120481702543,0.3495120481702543
Koblenz OP,2026-06-30 14:15:00+00:00,202.0,204.00137694979577,204.00137694979577,0.0,4,-2.0013769497957696,2.0013769497957696
Koblenz UP,2026-06-30 14:15:00+00:00,48.0,77.98875126816422,77.98875126816422,0.0,4,-29.988751268164222,29.988751268164222
KÖLN,2026-06-30 14:15:00+00:00,130.0,132.12860828994053,132.12860828994053,0.0,4,-2.12860828994053,2.12860828994053
MAINZ,2026-06-30 14:15:00+00:00,182.0,186.15990006320277,186.15990006320277,0.0,4,-4.15990006320277,4.15990006320277
MANNHEIM,2026-06-30 14:15:00+00:00,170.0,154.64014052122104,154.64014052122104,0.0,4,15.359859478778958,15.359859478778958
MAXAU,2026-06-30 14:15:00+00:00,396.0,403.74557015957305,403.74557015957305,0.0,4,-7.745570159573049,7.745570159573049
REES,2026-06-30 14:15:00+00:00,97.0,94.59996717441912,94.59996717441912,0.0,4,2.4000328255808796,2.4000328255808796
RHEINE UNTERSCHLEUSE,2026-06-30 14:15:00+00:00,196.0,199.38909500226094,199.38909500226094,0.0,4,-3.3890950022609445,3.3890950022609445
RHEINWEILER,2026-06-30 14:15:00+00:00,225.0,222.3102573251995,222.3102573251995,0.0,4,2.689742674800499,2.689742674800499
SANKT GOAR,2026-06-30 14:15:00+00:00,179.0,189.87290441063377,189.87290441063377,0.0,4,-10.872904410633765,10.872904410633765
SPEYER,2026-06-30 14:15:00+00:00,262.0,261.06607183478155,261.06607183478155,0.0,4,0.9339281652184468,0.9339281652184468
WESEL,2026-06-30 14:15:00+00:00,156.0,152.52983623007353,152.52983623007353,0.0,4,3.4701637699264722,3.4701637699264722
WORMS,2026-06-30 14:15:00+00:00,77.0,74.99733290616788,74.99733290616788,0.0,4,2.002667093832116,2.002667093832116
DUISBURG-MEIDERICH SCHLEUSE OW,2026-06-30 14:16:00+00:00,24.97,25.073794810094128,24.959863183653212,-0.11393162644091559,4,0.010136816346786759,0.010136816346786759
DUISBURG-MEIDERICH SCHLEUSE UW,2026-06-30 14:16:00+00:00,18.22,18.248797702640992,18.227075890197213,-0.021721812443778948,4,-0.0070758901972141075,0.0070758901972141075
DUISBURG-MEIDERICH SCHLEUSE OW,2026-06-30 14:17:00+00:00,24.97,24.9723828640442,24.96500142448864,-0.007381439555560471,4,0.004998575511358183,0.004998575511358183
DUISBURG-MEIDERICH SCHLEUSE UW,2026-06-30 14:17:00+00:00,18.22,18.248797702640992,18.227075890197213,-0.021721812443778948,4,-0.0070758901972141075,0.0070758901972141075
DUISBURG-MEIDERICH SCHLEUSE OW,2026-06-30 14:18:00+00:00,24.97,25.073794810094128,24.961830201587443,-0.11196460850668712,4,0.008169798412556162,0.008169798412556162
DUISBURG-MEIDERICH SCHLEUSE UW,2026-06-30 14:18:00+00:00,18.22,18.248797702640992,18.227075890197213,-0.021721812443778948,4,-0.0070758901972141075,0.0070758901972141075
DUISBURG-MEIDERICH SCHLEUSE OW,2026-06-30 14:19:00+00:00,24.97,25.073794810094128,24.961830201587443,-0.11196460850668712,4,0.008169798412556162,0.008169798412556162
DUISBURG-MEIDERICH SCHLEUSE UW,2026-06-30 14:19:00+00:00,18.22,18.248797702640992,18.227075890197213,-0.021721812443778948,4,-0.0070758901972141075,0.0070758901972141075
Basel-Rheinhalle,2026-06-30 14:20:00+00:00,521.0,514.2699605423845,513.5752921809182,-0.6946683614664005,4,7.424707819081846,7.424707819081846
DUISBURG-MEIDERICH SCHLEUSE OW,2026-06-30 14:20:00+00:00,24.97,24.9723828640442,24.96500142448864,-0.007381439555560471,4,0.004998575511358183,0.004998575511358183
DUISBURG-MEIDERICH SCHLEUSE UW,2026-06-30 14:20:00+00:00,18.22,18.248797702640992,18.227075890197213,-0.021721812443778948,4,-0.0070758901972141075,0.0070758901972141075
LOBITH,2026-06-30 14:20:00+00:00,704.0,703.9020067210053,703.9673175505097,0.06531082950446378,4,0.03268244949026666,0.03268244949026666
DUISBURG-MEIDERICH SCHLEUSE OW,2026-06-30 14:21:00+00:00,24.97,24.9723828640442,24.96500142448864,-0.007381439555560471,4,0.004998575511358183,0.004998575511358183
DUISBURG-MEIDERICH SCHLEUSE UW,2026-06-30 14:21:00+00:00,18.22,18.248797702640992,18.227075890197213,-0.021721812443778948,4,-0.0070758901972141075,0.0070758901972141075
DUISBURG-MEIDERICH SCHLEUSE OW,2026-06-30 14:22:00+00:00,24.97,24.9723828640442,24.96500142448864,-0.007381439555560471,4,0.004998575511358183,0.004998575511358183
DUISBURG-MEIDERICH SCHLEUSE UW,2026-06-30 14:22:00+00:00,18.22,18.248797702640992,18.227075890197213,-0.021721812443778948,4,-0.0070758901972141075,0.0070758901972141075
DUISBURG-MEIDERICH SCHLEUSE OW,2026-06-30 14:23:00+00:00,24.97,24.9723828640442,24.96500142448864,-0.007381439555560471,4,0.004998575511358183,0.004998575511358183
DUISBURG-MEIDERICH SCHLEUSE UW,2026-06-30 14:23:00+00:00,18.22,18.248797702640992,18.227075890197213,-0.021721812443778948,4,-0.0070758901972141075,0.0070758901972141075
DUISBURG-MEIDERICH SCHLEUSE OW,2026-06-30 14:24:00+00:00,24.97,24.9723828640442,24.96500142448864,-0.007381439555560471,4,0.004998575511358183,0.004998575511358183
DUISBURG-MEIDERICH SCHLEUSE UW,2026-06-30 14:24:00+00:00,18.22,18.248797702640992,18.227075890197213,-0.021721812443778948,4,-0.0070758901972141075,0.0070758901972141075
Basel-Rheinhalle,2026-06-30 14:25:00+00:00,522.0,514.340504701099,513.6458363396326,-0.6946683614664005,4,8.354163660367362,8.354163660367362
DUISBURG-MEIDERICH SCHLEUSE OW,2026-06-30 14:25:00+00:00,24.98,24.9723828640442,24.96500142448864,-0.007381439555560471,4,0.014998575511359746,0.014998575511359746
DUISBURG-MEIDERICH SCHLEUSE UW,2026-06-30 14:25:00+00:00,18.23,18.248797702640992,18.227075890197213,-0.021721812443778948,4,0.0029241098027874557,0.0029241098027874557
DUISBURG-MEIDERICH SCHLEUSE OW,2026-06-30 14:26:00+00:00,24.98,24.9723828640442,24.96500142448864,-0.007381439555560471,4,0.014998575511359746,0.014998575511359746
DUISBURG-MEIDERICH SCHLEUSE UW,2026-06-30 14:26:00+00:00,18.23,18.35020964869092,18.13799856694874,-0.21221108174218317,4,0.09200143305126218,0.09200143305126218
DUISBURG-MEIDERICH SCHLEUSE OW,2026-06-30 14:27:00+00:00,24.98,24.9723828640442,24.96500142448864,-0.007381439555560471,4,0.014998575511359746,0.014998575511359746
DUISBURG-MEIDERICH SCHLEUSE UW,2026-06-30 14:27:00+00:00,18.23,18.35020964869092,18.13799856694874,-0.21221108174218317,4,0.09200143305126218,0.09200143305126218
DUISBURG-MEIDERICH SCHLEUSE OW,2026-06-30 14:28:00+00:00,24.98,24.9723828640442,24.96500142448864,-0.007381439555560471,4,0.014998575511359746,0.014998575511359746
DUISBURG-MEIDERICH SCHLEUSE UW,2026-06-30 14:28:00+00:00,18.23,18.271412560729157,18.214504043947734,-0.05690851678142449,4,0.01549595605226628,0.01549595605226628
DUISBURG-MEIDERICH SCHLEUSE OW,2026-06-30 14:29:00+00:00,24.98,24.9723828640442,24.96500142448864,-0.007381439555560471,4,0.014998575511359746,0.014998575511359746
DUISBURG-MEIDERICH SCHLEUSE UW,2026-06-30 14:29:00+00:00,18.23,18.271412560729157,18.214504043947734,-0.05690851678142449,4,0.01549595605226628,0.01549595605226628
BINGEN,2026-06-30 14:30:00+00:00,103.0,105.1946883623492,105.1946883623492,0.0,4,-2.194688362349197,2.194688362349197
BONN,2026-06-30 14:30:00+00:00,139.0,137.26920277874297,137.26920277874297,0.0,4,1.7307972212570348,1.7307972212570348
BREISACH,2026-06-30 14:30:00+00:00,191.0,194.23246520120148,194.23246520120148,0.0,4,-3.232465201201478,3.232465201201478
Basel-Rheinhalle,2026-06-30 14:30:00+00:00,522.0,514.2699605423845,513.5752921809182,-0.6946683614664005,4,8.424707819081846,8.424707819081846
DUISBURG-MEIDERICH SCHLEUSE OW,2026-06-30 14:30:00+00:00,24.98,24.9723828640442,24.96500142448864,-0.007381439555560471,4,0.014998575511359746,0.014998575511359746
DUISBURG-MEIDERICH SCHLEUSE UW,2026-06-30 14:30:00+00:00,18.23,18.35020964869092,18.13729430895134,-0.21291533973958204,4,0.09270569104866055,0.09270569104866055
DUISBURG-RUHRORT,2026-06-30 14:30:00+00:00,219.0,217.3380789502193,217.3380789502193,0.0,4,1.6619210497806876,1.6619210497806876
DÜSSELDORF,2026-06-30 14:30:00+00:00,88.0,87.88256060921466,87.88256060921466,0.0,4,0.11743939078533572,0.11743939078533572
EMMERICH,2026-06-30 14:30:00+00:00,54.0,57.62442353035386,57.62442353035386,0.0,4,-3.624423530353859,3.624423530353859
IFFEZHEIM,2026-06-30 14:30:00+00:00,133.0,135.01734909904198,135.01734909904198,0.0,4,-2.0173490990419793,2.0173490990419793
KAUB,2026-06-30 14:30:00+00:00,87.0,89.50474355416695,89.50474355416695,0.0,4,-2.50474355416695,2.50474355416695
KOBLENZ,2026-06-30 14:30:00+00:00,86.0,90.74923422003857,90.74923422003857,0.0,4,-4.7492342200385735,4.7492342200385735
KONSTANZ-RHEIN,2026-06-30 14:30:00+00:00,313.0,312.65048795182975,312.65048795182975,0.0,4,0.3495120481702543,0.3495120481702543
Koblenz OP,2026-06-30 14:30:00+00:00,202.0,206.232696058202,206.232696058202,0.0,4,-4.232696058202009,4.232696058202009
Koblenz UP,2026-06-30 14:30:00+00:00,45.0,77.98875126816422,77.98875126816422,0.0,4,-32.98875126816422,32.98875126816422
KÖLN,2026-06-30 14:30:00+00:00,131.0,132.4033467640782,132.4033467640782,0.0,4,-1.4033467640782078,1.4033467640782078
LOBITH,2026-06-30 14:30:00+00:00,704.0,704.0284004135026,703.8551488472289,-0.1732515662737274,4,0.1448511527711389,0.1448511527711389
MAINZ,2026-06-30 14:30:00+00:00,182.0,185.1733965914054,185.1733965914054,0.0,4,-3.1733965914054068,3.1733965914054068
MANNHEIM,2026-06-30 14:30:00+00:00,170.0,154.60802287532783,154.60802287532783,0.0,4,15.391977124672167,15.391977124672167
MAXAU,2026-06-30 14:30:00+00:00,397.0,403.76143356621355,403.76143356621355,0.0,4,-6.7614335662135545,6.7614335662135545
REES,2026-06-30 14:30:00+00:00,97.0,94.92002375948718,94.92002375948718,0.0,4,2.0799762405128206,2.0799762405128206
RHEINE UNTERSCHLEUSE,2026-06-30 14:30:00+00:00,196.0,200.18022393056842,200.18022393056842,0.0,4,-4.180223930568417,4.180223930568417
RHEINWEILER,2026-06-30 14:30:00+00:00,223.0,222.3102573251995,222.3102573251995,0.0,4,0.6897426748004989,0.6897426748004989
SANKT GOAR,2026-06-30 14:30:00+00:00,179.0,190.09885223799787,190.09885223799787,0.0,4,-11.098852237997875,11.098852237997875
SPEYER,2026-06-30 14:30:00+00:00,262.0,261.071103102461,261.071103102461,0.0,4,0.9288968975390048,0.9288968975390048
WESEL,2026-06-30 14:30:00+00:00,156.0,153.2965579294821,153.2965579294821,0.0,4,2.7034420705178945,2.7034420705178945
WORMS,2026-06-30 14:30:00+00:00,79.0,74.96521526027466,74.96521526027466,0.0,4,4.034784739725339,4.034784739725339
DUISBURG-MEIDERICH SCHLEUSE OW,2026-06-30 14:31:00+00:00,24.98,24.9723828640442,24.96500142448864,-0.007381439555560471,4,0.014998575511359746,0.014998575511359746
DUISBURG-MEIDERICH SCHLEUSE UW,2026-06-30 14:31:00+00:00,18.23,18.35020964869092,18.13729430895134,-0.21291533973958204,4,0.09270569104866055,0.09270569104866055
DUISBURG-MEIDERICH SCHLEUSE OW,2026-06-30 14:32:00+00:00,24.98,25.073794810094128,24.961830201587443,-0.11196460850668712,4,0.018169798412557725,0.018169798412557725
DUISBURG-MEIDERICH SCHLEUSE UW,2026-06-30 14:32:00+00:00,18.23,18.248797702640992,18.227075890197213,-0.021721812443778948,4,0.0029241098027874557,0.0029241098027874557
DUISBURG-MEIDERICH SCHLEUSE OW,2026-06-30 14:33:00+00:00,24.98,25.073794810094128,24.961830201587443,-0.11196460850668712,4,0.018169798412557725,0.018169798412557725
DUISBURG-MEIDERICH SCHLEUSE UW,2026-06-30 14:33:00+00:00,18.23,18.248797702640992,18.227075890197213,-0.021721812443778948,4,0.0029241098027874557,0.0029241098027874557
DUISBURG-MEIDERICH SCHLEUSE OW,2026-06-30 14:34:00+00:00,24.98,24.9723828640442,24.96500142448864,-0.007381439555560471,4,0.014998575511359746,0.014998575511359746
DUISBURG-MEIDERICH SCHLEUSE UW,2026-06-30 14:34:00+00:00,18.23,18.248797702640992,18.227075890197213,-0.021721812443778948,4,0.0029241098027874557,0.0029241098027874557
Basel-Rheinhalle,2026-06-30 14:35:00+00:00,521.0,515.1842510895948,514.4895827281284,-0.6946683614664005,4,6.5104172718715745,6.5104172718715745
DUISBURG-MEIDERICH SCHLEUSE OW,2026-06-30 14:35:00+00:00,24.98,24.9723828640442,24.96500142448864,-0.007381439555560471,4,0.014998575511359746,0.014998575511359746
DUISBURG-MEIDERICH SCHLEUSE UW,2026-06-30 14:35:00+00:00,18.23,18.248797702640992,18.227075890197213,-0.021721812443778948,4,0.0029241098027874557,0.0029241098027874557
DUISBURG-MEIDERICH SCHLEUSE OW,2026-06-30 14:36:00+00:00,24.98,24.9723828640442,24.96500142448864,-0.007381439555560471,4,0.014998575511359746,0.014998575511359746
DUISBURG-MEIDERICH SCHLEUSE UW,2026-06-30 14:36:00+00:00,18.23,18.248797702640992,18.227075890197213,-0.021721812443778948,4,0.0029241098027874557,0.0029241098027874557
DUISBURG-MEIDERICH SCHLEUSE OW,2026-06-30 14:37:00+00:00,24.98,24.9723828640442,24.96500142448864,-0.007381439555560471,4,0.014998575511359746,0.014998575511359746
DUISBURG-MEIDERICH SCHLEUSE UW,2026-06-30 14:37:00+00:00,18.22,18.248797702640992,18.227075890197213,-0.021721812443778948,4,-0.0070758901972141075,0.0070758901972141075
DUISBURG-MEIDERICH SCHLEUSE OW,2026-06-30 14:38:00+00:00,24.98,24.9723828640442,24.96500142448864,-0.007381439555560471,4,0.014998575511359746,0.014998575511359746
DUISBURG-MEIDERICH SCHLEUSE UW,2026-06-30 14:38:00+00:00,18.23,18.248797702640992,18.227075890197213,-0.021721812443778948,4,0.0029241098027874557,0.0029241098027874557
DUISBURG-MEIDERICH SCHLEUSE OW,2026-06-30 14:39:00+00:00,24.98,24.9723828640442,24.96500142448864,-0.007381439555560471,4,0.014998575511359746,0.014998575511359746
DUISBURG-MEIDERICH SCHLEUSE UW,2026-06-30 14:39:00+00:00,18.22,18.35020964869092,18.13799856694874,-0.21221108174218317,4,0.08200143305126062,0.08200143305126062
Basel-Rheinhalle,2026-06-30 14:40:00+00:00,520.0,514.1697907748857,513.5512431567482,-0.6185476181373741,4,6.448756843251772,6.448756843251772
DUISBURG-MEIDERICH SCHLEUSE OW,2026-06-30 14:40:00+00:00,24.98,24.9723828640442,24.96500142448864,-0.007381439555560471,4,0.014998575511359746,0.014998575511359746
DUISBURG-MEIDERICH SCHLEUSE UW,2026-06-30 14:40:00+00:00,18.22,18.35020964869092,18.13799856694874,-0.21221108174218317,4,0.08200143305126062,0.08200143305126062
LOBITH,2026-06-30 14:40:00+00:00,703.0,704.0155589668868,703.8114472525963,-0.20411171429059874,4,-0.811447252596281,0.811447252596281
DUISBURG-MEIDERICH SCHLEUSE OW,2026-06-30 14:41:00+00:00,24.98,24.9723828640442,24.96500142448864,-0.007381439555560471,4,0.014998575511359746,0.014998575511359746
DUISBURG-MEIDERICH SCHLEUSE UW,2026-06-30 14:41:00+00:00,18.22,18.271412560729157,18.214504043947734,-0.05690851678142449,4,0.005495956052264717,0.005495956052264717
DUISBURG-MEIDERICH SCHLEUSE OW,2026-06-30 14:42:00+00:00,24.99,24.9723828640442,24.96500142448864,-0.007381439555560471,4,0.024998575511357757,0.024998575511357757
DUISBURG-MEIDERICH SCHLEUSE UW,2026-06-30 14:42:00+00:00,18.23,18.271412560729157,18.214504043947734,-0.05690851678142449,4,0.01549595605226628,0.01549595605226628
DUISBURG-MEIDERICH SCHLEUSE OW,2026-06-30 14:43:00+00:00,24.99,24.9723828640442,24.96500142448864,-0.007381439555560471,4,0.024998575511357757,0.024998575511357757
DUISBURG-MEIDERICH SCHLEUSE UW,2026-06-30 14:43:00+00:00,18.23,18.271412560729157,18.214504043947734,-0.05690851678142449,4,0.01549595605226628,0.01549595605226628
DUISBURG-MEIDERICH SCHLEUSE OW,2026-06-30 14:44:00+00:00,24.99,24.9723828640442,24.96500142448864,-0.007381439555560471,4,0.024998575511357757,0.024998575511357757
DUISBURG-MEIDERICH SCHLEUSE UW,2026-06-30 14:44:00+00:00,18.23,18.271412560729157,18.214504043947734,-0.05690851678142449,4,0.01549595605226628,0.01549595605226628
BINGEN,2026-06-30 14:45:00+00:00,103.0,105.1946883623492,105.1946883623492,0.0,4,-2.194688362349197,2.194688362349197
BONN,2026-06-30 14:45:00+00:00,139.0,137.26064851117664,137.26064851117664,0.0,4,1.7393514888233597,1.7393514888233597
BREISACH,2026-06-30 14:45:00+00:00,187.0,193.43032513298692,193.43032513298692,0.0,4,-6.430325132986923,6.430325132986923
Basel-Rheinhalle,2026-06-30 14:45:00+00:00,521.0,514.4572541687822,513.7995327569237,-0.6577214118585711,4,7.200467243076332,7.200467243076332
DUISBURG-MEIDERICH SCHLEUSE OW,2026-06-30 14:45:00+00:00,24.99,24.9723828640442,24.96500142448864,-0.007381439555560471,4,0.024998575511357757,0.024998575511357757
DUISBURG-MEIDERICH SCHLEUSE UW,2026-06-30 14:45:00+00:00,18.23,18.271412560729157,18.214504043947734,-0.05690851678142449,4,0.01549595605226628,0.01549595605226628
DUISBURG-RUHRORT,2026-06-30 14:45:00+00:00,219.0,217.59281424691582,217.59281424691582,0.0,4,1.4071857530841783,1.4071857530841783
DÜSSELDORF,2026-06-30 14:45:00+00:00,89.0,88.57253026159671,88.57253026159671,0.0,4,0.42746973840328906,0.42746973840328906
EMMERICH,2026-06-30 14:45:00+00:00,54.0,58.82147394285589,58.82147394285589,0.0,4,-4.821473942855889,4.821473942855889
IFFEZHEIM,2026-06-30 14:45:00+00:00,133.0,135.7157101691768,135.7157101691768,0.0,4,-2.7157101691767878,2.7157101691767878
KAUB,2026-06-30 14:45:00+00:00,87.0,89.7100205490006,89.7100205490006,0.0,4,-2.7100205490006033,2.7100205490006033
KOBLENZ,2026-06-30 14:45:00+00:00,88.0,90.74923422003857,90.74923422003857,0.0,4,-2.7492342200385735,2.7492342200385735
KONSTANZ-RHEIN,2026-06-30 14:45:00+00:00,313.0,312.6158838133179,312.6158838133179,0.0,4,0.3841161866820926,0.3841161866820926
Koblenz OP,2026-06-30 14:45:00+00:00,201.0,205.96464583819363,205.96464583819363,0.0,4,-4.964645838193633,4.964645838193633
Koblenz UP,2026-06-30 14:45:00+00:00,45.0,77.98875126816422,77.98875126816422,0.0,4,-32.98875126816422,32.98875126816422
KÖLN,2026-06-30 14:45:00+00:00,131.0,132.59194041614307,132.59194041614307,0.0,4,-1.5919404161430748,1.5919404161430748
MAINZ,2026-06-30 14:45:00+00:00,183.0,184.2481419654237,184.2481419654237,0.0,4,-1.248141965423713,1.248141965423713
MANNHEIM,2026-06-30 14:45:00+00:00,170.0,154.99436367699778,154.99436367699778,0.0,4,15.005636323002221,15.005636323002221
MAXAU,2026-06-30 14:45:00+00:00,395.0,403.64887071445054,403.64887071445054,0.0,4,-8.648870714450538,8.648870714450538
REES,2026-06-30 14:45:00+00:00,97.0,95.33710938543614,95.33710938543614,0.0,4,1.6628906145638638,1.6628906145638638
RHEINE UNTERSCHLEUSE,2026-06-30 14:45:00+00:00,196.0,194.71777354433826,194.71777354433826,0.0,4,1.2822264556617426,1.2822264556617426
RHEINWEILER,2026-06-30 14:45:00+00:00,223.0,222.27565318668763,222.27565318668763,0.0,4,0.7243468133123656,0.7243468133123656
SANKT GOAR,2026-06-30 14:45:00+00:00,179.0,190.09885223799787,190.09885223799787,0.0,4,-11.098852237997875,11.098852237997875
SPEYER,2026-06-30 14:45:00+00:00,263.0,261.3162382181351,261.3162382181351,0.0,4,1.6837617818649164,1.6837617818649164
WESEL,2026-06-30 14:45:00+00:00,155.0,152.23881614630096,152.23881614630096,0.0,4,2.7611838536990376,2.7611838536990376
WORMS,2026-06-30 14:45:00+00:00,77.0,75.17532995817405,75.17532995817405,0.0,4,1.8246700418259536,1.8246700418259536
DUISBURG-MEIDERICH SCHLEUSE OW,2026-06-30 14:46:00+00:00,24.99,24.9526784899766,24.971211220848723,0.01853273087212504,5,0.018788779151275747,0.018788779151275747
DUISBURG-MEIDERICH SCHLEUSE UW,2026-06-30 14:46:00+00:00,18.23,18.242201920418022,18.216896657229675,-0.025305263188347773,5,0.0131033427703251,0.0131033427703251
DUISBURG-MEIDERICH SCHLEUSE OW,2026-06-30 14:47:00+00:00,24.99,24.9526784899766,24.971211220848723,0.01853273087212504,5,0.018788779151275747,0.018788779151275747
DUISBURG-MEIDERICH SCHLEUSE UW,2026-06-30 14:47:00+00:00,18.23,18.242201920418022,18.216896657229675,-0.025305263188347773,5,0.0131033427703251,0.0131033427703251
DUISBURG-MEIDERICH SCHLEUSE OW,2026-06-30 14:48:00+00:00,24.99,24.9526784899766,24.971211220848723,0.01853273087212504,5,0.018788779151275747,0.018788779151275747
DUISBURG-MEIDERICH SCHLEUSE UW,2026-06-30 14:48:00+00:00,18.23,18.242201920418022,18.216896657229675,-0.025305263188347773,5,0.0131033427703251,0.0131033427703251
DUISBURG-MEIDERICH SCHLEUSE OW,2026-06-30 14:49:00+00:00,24.99,24.9526784899766,24.972936082480388,0.020257592503788648,5,0.017063917519610783,0.017063917519610783
DUISBURG-MEIDERICH SCHLEUSE UW,2026-06-30 14:49:00+00:00,18.23,18.242201920418022,18.22168353145705,-0.02051838896097156,5,0.008316468542950872,0.008316468542950872
Basel-Rheinhalle,2026-06-30 14:50:00+00:00,522.0,519.9201196193376,520.3187161511537,0.3985965318160879,5,1.6812838488463058,1.6812838488463058
DUISBURG-MEIDERICH SCHLEUSE OW,2026-06-30 14:50:00+00:00,24.99,24.9526784899766,24.973278533621418,0.02060004364481926,5,0.01672146637858063,0.01672146637858063
DUISBURG-MEIDERICH SCHLEUSE UW,2026-06-30 14:50:00+00:00,18.23,18.242201920418022,18.22168353145705,-0.02051838896097156,5,0.008316468542950872,0.008316468542950872
LOBITH,2026-06-30 14:50:00+00:00,703.0,703.7502059274409,703.8723203487308,0.12211442128993592,5,-0.8723203487307956,0.8723203487307956
DUISBURG-MEIDERICH SCHLEUSE OW,2026-06-30 14:51:00+00:00,24.99,24.9526784899766,24.973278533621418,0.02060004364481926,5,0.01672146637858063,0.01672146637858063
DUISBURG-MEIDERICH SCHLEUSE UW,2026-06-30 14:51:00+00:00,18.23,18.242201920418022,18.22168353145705,-0.02051838896097156,5,0.008316468542950872,0.008316468542950872
DUISBURG-MEIDERICH SCHLEUSE OW,2026-06-30 14:52:00+00:00,24.99,24.9526784899766,24.973278533621418,0.02060004364481926,5,0.01672146637858063,0.01672146637858063
DUISBURG-MEIDERICH SCHLEUSE UW,2026-06-30 14:52:00+00:00,18.23,18.242201920418022,18.221426396172486,-0.020775524245537694,5,0.008573603827514376,0.008573603827514376
DUISBURG-MEIDERICH SCHLEUSE OW,2026-06-30 14:53:00+00:00,24.99,24.9526784899766,24.973278533621418,0.02060004364481926,5,0.01672146637858063,0.01672146637858063
DUISBURG-MEIDERICH SCHLEUSE UW,2026-06-30 14:53:00+00:00,18.23,18.242201920418022,18.221426396172486,-0.020775524245537694,5,0.008573603827514376,0.008573603827514376
DUISBURG-MEIDERICH SCHLEUSE OW,2026-06-30 14:54:00+00:00,24.99,24.9526784899766,24.973278533621418,0.02060004364481926,5,0.01672146637858063,0.01672146637858063
DUISBURG-MEIDERICH SCHLEUSE UW,2026-06-30 14:54:00+00:00,18.23,18.242201920418022,18.221426396172486,-0.020775524245537694,5,0.008573603827514376,0.008573603827514376
Basel-Rheinhalle,2026-06-30 14:55:00+00:00,522.0,519.9201196193376,520.3443200560775,0.4242004367399529,5,1.6556799439224505,1.6556799439224505
DUISBURG-MEIDERICH SCHLEUSE OW,2026-06-30 14:55:00+00:00,24.99,24.9526784899766,24.973278533621418,0.02060004364481926,5,0.01672146637858063,0.01672146637858063
DUISBURG-MEIDERICH SCHLEUSE UW,2026-06-30 14:55:00+00:00,18.23,18.242201920418022,18.227678782044872,-0.014523138373148382,5,0.0023212179551279633,0.0023212179551279633
DUISBURG-MEIDERICH SCHLEUSE OW,2026-06-30 14:56:00+00:00,24.99,24.9526784899766,24.973278533621418,0.02060004364481926,5,0.01672146637858063,0.01672146637858063
DUISBURG-MEIDERICH SCHLEUSE UW,2026-06-30 14:56:00+00:00,18.23,18.242201920418022,18.227678782044872,-0.014523138373148382,5,0.0023212179551279633,0.0023212179551279633
DUISBURG-MEIDERICH SCHLEUSE OW,2026-06-30 14:57:00+00:00,25.0,24.9526784899766,24.973278533621418,0.02060004364481926,5,0.026721466378582193,0.026721466378582193
DUISBURG-MEIDERICH SCHLEUSE UW,2026-06-30 14:57:00+00:00,18.23,18.242201920418022,18.227678782044872,-0.014523138373148382,5,0.0023212179551279633,0.0023212179551279633
DUISBURG-MEIDERICH SCHLEUSE OW,2026-06-30 14:58:00+00:00,25.0,24.9526784899766,24.973278533621418,0.02060004364481926,5,0.026721466378582193,0.026721466378582193
DUISBURG-MEIDERICH SCHLEUSE UW,2026-06-30 14:58:00+00:00,18.23,18.242201920418022,18.227678782044872,-0.014523138373148382,5,0.0023212179551279633,0.0023212179551279633
DUISBURG-MEIDERICH SCHLEUSE OW,2026-06-30 14:59:00+00:00,25.0,24.9526784899766,24.973278533621418,0.02060004364481926,5,0.026721466378582193,0.026721466378582193
DUISBURG-MEIDERICH SCHLEUSE UW,2026-06-30 14:59:00+00:00,18.23,18.242201920418022,18.227678782044872,-0.014523138373148382,5,0.0023212179551279633,0.0023212179551279633
BINGEN,2026-06-30 15:00:00+00:00,52.0,102.99898434784727,102.99898434784727,0.0,5,-50.99898434784727,50.99898434784727
BONN,2026-06-30 15:00:00+00:00,81.0,138.05381517021203,138.05381517021203,0.0,5,-57.05381517021203,57.05381517021203
BREISACH,2026-06-30 15:00:00+00:00,180.0,192.4035469317345,192.4035469317345,0.0,5,-12.403546931734496,12.403546931734496
Basel-Rheinhalle,2026-06-30 15:00:00+00:00,522.0,519.7138159237116,519.9684853909525,0.25466946724086537,5,2.0315146090474627,2.0315146090474627
DUISBURG-MEIDERICH SCHLEUSE OW,2026-06-30 15:00:00+00:00,25.0,25.05707985176714,24.984137967222914,-0.07294188454422569,5,0.0158620327770862,0.0158620327770862
DUISBURG-MEIDERICH SCHLEUSE UW,2026-06-30 15:00:00+00:00,18.23,18.352183456967133,18.03177455012021,-0.3204089068469218,5,0.1982254498797893,0.1982254498797893
DUISBURG-RUHRORT,2026-06-30 15:00:00+00:00,156.0,219.4536744570783,219.4536744570783,0.0,5,-63.45367445707831,63.45367445707831
DÜSSELDORF,2026-06-30 15:00:00+00:00,27.0,89.53567689816975,89.53567689816975,0.0,5,-62.535676898169754,62.535676898169754
EMMERICH,2026-06-30 15:00:00+00:00,5.0,54.174314056273666,54.174314056273666,0.0,5,-49.174314056273666,49.174314056273666
IFFEZHEIM,2026-06-30 15:00:00+00:00,68.0,134.0285551534297,134.0285551534297,0.0,5,-66.02855515342969,66.02855515342969
KAUB,2026-06-30 15:00:00+00:00,26.0,86.6596228430995,86.6596228430995,0.0,5,-60.6596228430995,60.6596228430995
KOBLENZ,2026-06-30 15:00:00+00:00,21.0,86.64588066108392,86.64588066108392,0.0,5,-65.64588066108392,65.64588066108392
KONSTANZ-RHEIN,2026-06-30 15:00:00+00:00,273.0,313.36008797836917,313.36008797836917,0.0,5,-40.360087978369165,40.360087978369165
Koblenz OP,2026-06-30 15:00:00+00:00,200.0,203.27963401979864,203.27963401979864,0.0,5,-3.2796340197986353,3.2796340197986353
Koblenz UP,2026-06-30 15:00:00+00:00,37.0,49.70618318265612,49.70618318265612,0.0,5,-12.706183182656119,12.706183182656119
KÖLN,2026-06-30 15:00:00+00:00,70.0,131.8152939887424,131.8152939887424,0.0,5,-61.81529398874241,61.81529398874241
LOBITH,2026-06-30 15:00:00+00:00,704.0,704.4344231683601,704.4164860355633,-0.01793713279691564,5,-0.4164860355632527,0.4164860355632527
MAINZ,2026-06-30 15:00:00+00:00,129.0,182.2667838138326,182.2667838138326,0.0,5,-53.2667838138326,53.2667838138326
MANNHEIM,2026-06-30 15:00:00+00:00,96.0,170.154455659355,170.154455659355,0.0,5,-74.154455659355,74.154455659355
MAXAU,2026-06-30 15:00:00+00:00,316.0,397.04645510942817,397.04645510942817,0.0,5,-81.04645510942817,81.04645510942817
REES,2026-06-30 15:00:00+00:00,39.0,96.47211222357762,96.47211222357762,0.0,5,-57.472112223577625,57.472112223577625
RHEINE UNTERSCHLEUSE,2026-06-30 15:00:00+00:00,186.0,203.33481287720625,203.33481287720625,0.0,5,-17.334812877206247,17.334812877206247
RHEINWEILER,2026-06-30 15:00:00+00:00,220.0,223.80075849053858,223.80075849053858,0.0,5,-3.800758490538584,3.800758490538584
SANKT GOAR,2026-06-30 15:00:00+00:00,109.0,179.96900900444456,179.96900900444456,0.0,5,-70.96900900444456,70.96900900444456
SPEYER,2026-06-30 15:00:00+00:00,182.0,261.92159616422316,261.92159616422316,0.0,5,-79.92159616422316,79.92159616422316
WESEL,2026-06-30 15:00:00+00:00,93.0,157.1412905144495,157.1412905144495,0.0,5,-64.14129051444951,64.14129051444951
WORMS,2026-06-30 15:00:00+00:00,12.0,77.12471354347556,77.12471354347556,0.0,5,-65.12471354347556,65.12471354347556
DUISBURG-MEIDERICH SCHLEUSE OW,2026-06-30 15:01:00+00:00,25.0,25.0672206808486,24.97641369810616,-0.0908069827424402,5,0.02358630189383959,0.02358630189383959
DUISBURG-MEIDERICH SCHLEUSE UW,2026-06-30 15:01:00+00:00,18.23,18.362324286048594,18.034225757868246,-0.3280985281803475,5,0.19577424213175476,0.19577424213175476
DUISBURG-MEIDERICH SCHLEUSE OW,2026-06-30 15:02:00+00:00,25.0,25.031930013992717,24.98568452875515,-0.046245485237566594,5,0.01431547124484922,0.01431547124484922
DUISBURG-MEIDERICH SCHLEUSE UW,2026-06-30 15:02:00+00:00,18.23,18.32703361919271,18.00662471234579,-0.3204089068469218,5,0.22337528765421055,0.22337528765421055
DUISBURG-MEIDERICH SCHLEUSE OW,2026-06-30 15:03:00+00:00,25.0,25.1565347863137,24.899199606130306,-0.25733518018339424,5,0.10080039386969375,0.10080039386969375
DUISBURG-MEIDERICH SCHLEUSE UW,2026-06-30 15:03:00+00:00,18.23,18.446058216755123,18.134657056605267,-0.31140116014985747,5,0.09534294339473348,0.09534294339473348
DUISBURG-MEIDERICH SCHLEUSE OW,2026-06-30 15:04:00+00:00,25.0,25.1565347863137,24.899199606130306,-0.25733518018339424,5,0.10080039386969375,0.10080039386969375
DUISBURG-MEIDERICH SCHLEUSE UW,2026-06-30 15:04:00+00:00,18.23,18.446058216755123,18.134657056605267,-0.31140116014985747,5,0.09534294339473348,0.09534294339473348
Basel-Rheinhalle,2026-06-30 15:05:00+00:00,522.0,519.8229623317978,520.1129430899509,0.28998075815312985,5,1.8870569100490684,1.8870569100490684
DUISBURG-MEIDERICH SCHLEUSE OW,2026-06-30 15:05:00+00:00,25.0,25.1565347863137,24.899199606130306,-0.25733518018339424,5,0.10080039386969375,0.10080039386969375
DUISBURG-MEIDERICH SCHLEUSE UW,2026-06-30 15:05:00+00:00,18.23,18.446058216755123,18.134657056605267,-0.31140116014985747,5,0.09534294339473348,0.09534294339473348
DUISBURG-MEIDERICH SCHLEUSE OW,2026-06-30 15:06:00+00:00,25.0,25.16466039846383,24.907325218280437,-0.25733518018339424,5,0.09267478171956256,0.09267478171956256
DUISBURG-MEIDERICH SCHLEUSE UW,2026-06-30 15:06:00+00:00,18.23,18.454183828905254,18.151231689714173,-0.3029521391910823,5,0.07876831028582743,0.07876831028582743
DUISBURG-MEIDERICH SCHLEUSE OW,2026-06-30 15:07:00+00:00,25.0,25.16727194979225,24.913904002562433,-0.25336794722982037,5,0.08609599743756746,0.08609599743756746
DUISBURG-MEIDERICH SCHLEUSE UW,2026-06-30 15:07:00+00:00,18.23,18.454183828905254,18.144979303841783,-0.3092045250634716,5,0.08502069615821739,0.08502069615821739
DUISBURG-MEIDERICH SCHLEUSE OW,2026-06-30 15:08:00+00:00,25.0,25.16727194979225,24.92534485799033,-0.24192709180192362,5,0.0746551420096715,0.0746551420096715
DUISBURG-MEIDERICH SCHLEUSE UW,2026-06-30 15:08:00+00:00,18.23,18.454183828905254,18.151231689714173,-0.3029521391910823,5,0.07876831028582743,0.07876831028582743
DUISBURG-MEIDERICH SCHLEUSE OW,2026-06-30 15:09:00+00:00,25.0,25.16727194979225,24.928743477899143,-0.23852847189310664,5,0.07125652210085676,0.07125652210085676
DUISBURG-MEIDERICH SCHLEUSE UW,2026-06-30 15:09:00+00:00,18.23,18.454183828905254,18.144722168557216,-0.30946166034803774,5,0.08527783144278445,0.08527783144278445
Basel-Rheinhalle,2026-06-30 15:10:00+00:00,521.0,519.8900612485305,519.9941462603309,0.10408501180040221,5,1.005853739669078,1.005853739669078
DUISBURG-MEIDERICH SCHLEUSE OW,2026-06-30 15:10:00+00:00,25.0,25.16727194979225,24.928743477899143,-0.23852847189310664,5,0.07125652210085676,0.07125652210085676
DUISBURG-MEIDERICH SCHLEUSE UW,2026-06-30 15:10:00+00:00,18.23,18.454183828905254,18.144722168557216,-0.30946166034803774,5,0.08527783144278445,0.08527783144278445
LOBITH,2026-06-30 15:10:00+00:00,704.0,704.123945306039,704.2901953426826,0.1662500366436977,5,-0.2901953426826367,0.2901953426826367
DUISBURG-MEIDERICH SCHLEUSE OW,2026-06-30 15:11:00+00:00,25.0,25.16727194979225,24.928743477899143,-0.23852847189310664,5,0.07125652210085676,0.07125652210085676
DUISBURG-MEIDERICH SCHLEUSE UW,2026-06-30 15:11:00+00:00,18.23,18.454183828905254,18.144722168557216,-0.30946166034803774,5,0.08527783144278445,0.08527783144278445
DUISBURG-MEIDERICH SCHLEUSE OW,2026-06-30 15:12:00+00:00,25.0,25.172661924134523,24.944852131419875,-0.2278097927146485,5,0.05514786858012499,0.05514786858012499
DUISBURG-MEIDERICH SCHLEUSE UW,2026-06-30 15:12:00+00:00,18.23,18.454183828905254,18.150974554429606,-0.30320927447564844,5,0.07902544557039448,0.07902544557039448
DUISBURG-MEIDERICH SCHLEUSE OW,2026-06-30 15:13:00+00:00,25.0,25.172661924134523,24.944852131419875,-0.2278097927146485,5,0.05514786858012499,0.05514786858012499
DUISBURG-MEIDERICH SCHLEUSE UW,2026-06-30 15:13:00+00:00,18.23,18.454183828905254,18.150974554429606,-0.30320927447564844,5,0.07902544557039448,0.07902544557039448
DUISBURG-MEIDERICH SCHLEUSE OW,2026-06-30 15:14:00+00:00,25.0,25.172661924134523,24.944852131419875,-0.2278097927146485,5,0.05514786858012499,0.05514786858012499
DUISBURG-MEIDERICH SCHLEUSE UW,2026-06-30 15:14:00+00:00,18.23,18.454183828905254,18.150974554429606,-0.30320927447564844,5,0.07902544557039448,0.07902544557039448
BINGEN,2026-06-30 15:15:00+00:00,52.0,103.11518667019583,103.11518667019583,0.0,5,-51.115186670195826,51.115186670195826
BONN,2026-06-30 15:15:00+00:00,81.0,138.12507192410436,138.12507192410436,0.0,5,-57.12507192410436,57.12507192410436
BREISACH,2026-06-30 15:15:00+00:00,185.0,193.8695357738439,193.8695357738439,0.0,5,-8.869535773843893,8.869535773843893
Basel-Rheinhalle,2026-06-30 15:15:00+00:00,521.0,516.7535238177054,516.3345637110542,-0.4189601066512177,5,4.665436288945784,4.665436288945784
DUISBURG-MEIDERICH SCHLEUSE OW,2026-06-30 15:15:00+00:00,25.0,25.172661924134523,24.944852131419875,-0.2278097927146485,5,0.05514786858012499,0.05514786858012499
DUISBURG-MEIDERICH SCHLEUSE UW,2026-06-30 15:15:00+00:00,18.23,18.454183828905254,18.150974554429606,-0.30320927447564844,5,0.07902544557039448,0.07902544557039448
DUISBURG-RUHRORT,2026-06-30 15:15:00+00:00,155.0,219.42274834820452,219.42274834820452,0.0,5,-64.42274834820452,64.42274834820452
DÜSSELDORF,2026-06-30 15:15:00+00:00,27.0,89.66621380166684,89.66621380166684,0.0,5,-62.66621380166684,62.66621380166684
EMMERICH,2026-06-30 15:15:00+00:00,5.0,54.17644680655633,54.17644680655633,0.0,5,-49.17644680655633,49.17644680655633
IFFEZHEIM,2026-06-30 15:15:00+00:00,74.0,132.19376034980658,132.19376034980658,0.0,5,-58.19376034980658,58.19376034980658
KAUB,2026-06-30 15:15:00+00:00,29.0,86.67920461816568,86.67920461816568,0.0,5,-57.679204618165684,57.679204618165684
KOBLENZ,2026-06-30 15:15:00+00:00,18.0,86.6553128569205,86.6553128569205,0.0,5,-68.6553128569205,68.6553128569205
KONSTANZ-RHEIN,2026-06-30 15:15:00+00:00,273.0,313.69914431747753,313.69914431747753,0.0,5,-40.69914431747753,40.69914431747753
Koblenz OP,2026-06-30 15:15:00+00:00,202.0,203.06671125140187,203.06671125140187,0.0,5,-1.0667112514018697,1.0667112514018697
KÖLN,2026-06-30 15:15:00+00:00,69.0,131.8357636793989,131.8357636793989,0.0,5,-62.835763679398895,62.835763679398895
MAINZ,2026-06-30 15:15:00+00:00,128.0,180.04131829535905,180.04131829535905,0.0,5,-52.04131829535905,52.04131829535905
MANNHEIM,2026-06-30 15:15:00+00:00,97.0,170.05847824429384,170.05847824429384,0.0,5,-73.05847824429384,73.05847824429384
MAXAU,2026-06-30 15:15:00+00:00,318.0,397.9253801270813,397.9253801270813,0.0,5,-79.92538012708133,79.92538012708133
REES,2026-06-30 15:15:00+00:00,38.0,96.5179541884756,96.5179541884756,0.0,5,-58.5179541884756,58.5179541884756
RHEINE UNTERSCHLEUSE,2026-06-30 15:15:00+00:00,186.0,203.25550307817718,203.25550307817718,0.0,5,-17.255503078177185,17.255503078177185
RHEINWEILER,2026-06-30 15:15:00+00:00,221.0,224.13981482964692,224.13981482964692,0.0,5,-3.139814829646923,3.139814829646923
SANKT GOAR,2026-06-30 15:15:00+00:00,112.0,180.03638845770948,180.03638845770948,0.0,5,-68.03638845770948,68.03638845770948
SPEYER,2026-06-30 15:15:00+00:00,181.0,262.1559017971811,262.1559017971811,0.0,5,-81.15590179718112,81.15590179718112
WESEL,2026-06-30 15:15:00+00:00,91.0,154.66003441940705,154.66003441940705,0.0,5,-63.660034419407054,63.660034419407054
WORMS,2026-06-30 15:15:00+00:00,12.0,77.08094598646383,77.08094598646383,0.0,5,-65.08094598646383,65.08094598646383
DUISBURG-MEIDERICH SCHLEUSE OW,2026-06-30 15:16:00+00:00,25.0,25.172661924134523,24.944852131419875,-0.2278097927146485,5,0.05514786858012499,0.05514786858012499
DUISBURG-MEIDERICH SCHLEUSE UW,2026-06-30 15:16:00+00:00,18.23,18.454183828905254,18.150974554429606,-0.30320927447564844,5,0.07902544557039448,0.07902544557039448
DUISBURG-MEIDERICH SCHLEUSE OW,2026-06-30 15:17:00+00:00,25.0,25.172661924134523,24.944852131419875,-0.2278097927146485,5,0.05514786858012499,0.05514786858012499
DUISBURG-MEIDERICH SCHLEUSE UW,2026-06-30 15:17:00+00:00,18.23,18.454183828905254,18.150974554429606,-0.30320927447564844,5,0.07902544557039448,0.07902544557039448
DUISBURG-MEIDERICH SCHLEUSE OW,2026-06-30 15:18:00+00:00,25.0,25.172661924134523,24.944852131419875,-0.2278097927146485,5,0.05514786858012499,0.05514786858012499
DUISBURG-MEIDERICH SCHLEUSE UW,2026-06-30 15:18:00+00:00,18.23,18.454183828905254,18.150974554429606,-0.30320927447564844,5,0.07902544557039448,0.07902544557039448
DUISBURG-MEIDERICH SCHLEUSE OW,2026-06-30 15:19:00+00:00,25.0,25.172661924134523,24.944852131419875,-0.2278097927146485,5,0.05514786858012499,0.05514786858012499
DUISBURG-MEIDERICH SCHLEUSE UW,2026-06-30 15:19:00+00:00,18.23,18.454183828905254,18.150974554429606,-0.30320927447564844,5,0.07902544557039448,0.07902544557039448
Basel-Rheinhalle,2026-06-30 15:20:00+00:00,521.0,515.8468199295332,515.427859822882,-0.4189601066512177,5,5.572140177117944,5.572140177117944
DUISBURG-MEIDERICH SCHLEUSE OW,2026-06-30 15:20:00+00:00,25.01,25.172661924134523,24.944852131419875,-0.2278097927146485,5,0.06514786858012656,0.06514786858012656
DUISBURG-MEIDERICH SCHLEUSE UW,2026-06-30 15:20:00+00:00,18.23,18.454183828905254,18.150974554429606,-0.30320927447564844,5,0.07902544557039448,0.07902544557039448
LOBITH,2026-06-30 15:20:00+00:00,703.0,704.123945306039,704.2818397330736,0.15789442703464857,5,-1.2818397330736389,1.2818397330736389
DUISBURG-MEIDERICH SCHLEUSE OW,2026-06-30 15:21:00+00:00,25.01,25.172661924134523,24.944852131419875,-0.2278097927146485,5,0.06514786858012656,0.06514786858012656
DUISBURG-MEIDERICH SCHLEUSE UW,2026-06-30 15:21:00+00:00,18.23,18.454183828905254,18.150974554429606,-0.30320927447564844,5,0.07902544557039448,0.07902544557039448
DUISBURG-MEIDERICH SCHLEUSE OW,2026-06-30 15:22:00+00:00,25.01,25.182592321107887,24.957374081467353,-0.22521823964053242,5,0.052625918532648086,0.052625918532648086
DUISBURG-MEIDERICH SCHLEUSE UW,2026-06-30 15:22:00+00:00,18.23,18.454183828905254,18.150974554429606,-0.30320927447564844,5,0.07902544557039448,0.07902544557039448
DUISBURG-MEIDERICH SCHLEUSE OW,2026-06-30 15:23:00+00:00,25.01,25.182592321107887,24.957374081467353,-0.22521823964053242,5,0.052625918532648086,0.052625918532648086
DUISBURG-MEIDERICH SCHLEUSE UW,2026-06-30 15:23:00+00:00,18.23,18.454183828905254,18.150974554429606,-0.30320927447564844,5,0.07902544557039448,0.07902544557039448
DUISBURG-MEIDERICH SCHLEUSE OW,2026-06-30 15:24:00+00:00,25.01,25.182592321107887,24.957374081467353,-0.22521823964053242,5,0.052625918532648086,0.052625918532648086
DUISBURG-MEIDERICH SCHLEUSE UW,2026-06-30 15:24:00+00:00,18.23,18.454183828905254,18.150974554429606,-0.30320927447564844,5,0.07902544557039448,0.07902544557039448
Basel-Rheinhalle,2026-06-30 15:25:00+00:00,520.0,516.3169184899622,516.1669403093564,-0.1499781806058343,5,3.8330596906436085,3.8330596906436085
DUISBURG-MEIDERICH SCHLEUSE OW,2026-06-30 15:25:00+00:00,25.01,25.182592321107887,24.957374081467353,-0.22521823964053242,5,0.052625918532648086,0.052625918532648086
DUISBURG-MEIDERICH SCHLEUSE UW,2026-06-30 15:25:00+00:00,18.24,18.454183828905254,18.150974554429606,-0.30320927447564844,5,0.08902544557039249,0.08902544557039249
DUISBURG-MEIDERICH SCHLEUSE OW,2026-06-30 15:26:00+00:00,25.01,25.182592321107887,24.957374081467353,-0.22521823964053242,5,0.052625918532648086,0.052625918532648086
DUISBURG-MEIDERICH SCHLEUSE UW,2026-06-30 15:26:00+00:00,18.24,18.454183828905254,18.150974554429606,-0.30320927447564844,5,0.08902544557039249,0.08902544557039249
DUISBURG-MEIDERICH SCHLEUSE OW,2026-06-30 15:27:00+00:00,25.01,25.182592321107887,24.957374081467353,-0.22521823964053242,5,0.052625918532648086,0.052625918532648086
DUISBURG-MEIDERICH SCHLEUSE UW,2026-06-30 15:27:00+00:00,18.24,18.454183828905254,18.150974554429606,-0.30320927447564844,5,0.08902544557039249,0.08902544557039249
DUISBURG-MEIDERICH SCHLEUSE OW,2026-06-30 15:28:00+00:00,25.0,25.182592321107887,24.957374081467353,-0.22521823964053242,5,0.04262591853264652,0.04262591853264652
DUISBURG-MEIDERICH SCHLEUSE UW,2026-06-30 15:28:00+00:00,18.24,18.454183828905254,18.150974554429606,-0.30320927447564844,5,0.08902544557039249,0.08902544557039249
DUISBURG-MEIDERICH SCHLEUSE OW,2026-06-30 15:29:00+00:00,25.0,25.182592321107887,24.957374081467353,-0.22521823964053242,5,0.04262591853264652,0.04262591853264652
DUISBURG-MEIDERICH SCHLEUSE UW,2026-06-30 15:29:00+00:00,18.24,18.454183828905254,18.150974554429606,-0.30320927447564844,5,0.08902544557039249,0.08902544557039249
Basel-Rheinhalle,2026-06-30 15:30:00+00:00,518.0,516.2995649765444,516.1479780518174,-0.15158692472701515,5,1.8520219481825961,1.8520219481825961
DUISBURG-MEIDERICH SCHLEUSE OW,2026-06-30 15:30:00+00:00,25.0,25.182592321107887,24.957374081467353,-0.22521823964053242,5,0.04262591853264652,0.04262591853264652
DUISBURG-MEIDERICH SCHLEUSE UW,2026-06-30 15:30:00+00:00,18.24,18.454183828905254,18.150974554429606,-0.30320927447564844,5,0.08902544557039249,0.08902544557039249
LOBITH,2026-06-30 15:30:00+00:00,703.0,704.3717238923268,704.4966660075505,0.12494211522371373,5,-1.496666007550516,1.496666007550516
DUISBURG-MEIDERICH SCHLEUSE OW,2026-06-30 15:31:00+00:00,25.01,25.182592321107887,24.957374081467353,-0.22521823964053242,5,0.052625918532648086,0.052625918532648086
DUISBURG-MEIDERICH SCHLEUSE UW,2026-06-30 15:31:00+00:00,18.24,18.454183828905254,18.150974554429606,-0.30320927447564844,5,0.08902544557039249,0.08902544557039249
DUISBURG-MEIDERICH SCHLEUSE OW,2026-06-30 15:32:00+00:00,25.01,25.182592321107887,24.957374081467353,-0.22521823964053242,5,0.052625918532648086,0.052625918532648086
DUISBURG-MEIDERICH SCHLEUSE UW,2026-06-30 15:32:00+00:00,18.24,18.454183828905254,18.150974554429606,-0.30320927447564844,5,0.08902544557039249,0.08902544557039249
DUISBURG-MEIDERICH SCHLEUSE OW,2026-06-30 15:33:00+00:00,25.01,25.182592321107887,24.957374081467353,-0.22521823964053242,5,0.052625918532648086,0.052625918532648086
DUISBURG-MEIDERICH SCHLEUSE UW,2026-06-30 15:33:00+00:00,18.24,18.454183828905254,18.150974554429606,-0.30320927447564844,5,0.08902544557039249,0.08902544557039249
DUISBURG-MEIDERICH SCHLEUSE OW,2026-06-30 15:34:00+00:00,25.01,25.182592321107887,24.957374081467353,-0.22521823964053242,5,0.052625918532648086,0.052625918532648086
DUISBURG-MEIDERICH SCHLEUSE UW,2026-06-30 15:34:00+00:00,18.24,18.454183828905254,18.150974554429606,-0.30320927447564844,5,0.08902544557039249,0.08902544557039249
Basel-Rheinhalle,2026-06-30 15:35:00+00:00,518.0,516.2995649765444,516.1479780518174,-0.15158692472701515,5,1.8520219481825961,1.8520219481825961
DUISBURG-MEIDERICH SCHLEUSE OW,2026-06-30 15:35:00+00:00,25.01,25.182592321107887,24.957374081467353,-0.22521823964053242,5,0.052625918532648086,0.052625918532648086
DUISBURG-MEIDERICH SCHLEUSE UW,2026-06-30 15:35:00+00:00,18.24,18.454183828905254,18.150974554429606,-0.30320927447564844,5,0.08902544557039249,0.08902544557039249
DUISBURG-MEIDERICH SCHLEUSE OW,2026-06-30 15:36:00+00:00,25.01,25.182592321107887,24.957374081467353,-0.22521823964053242,5,0.052625918532648086,0.052625918532648086
DUISBURG-MEIDERICH SCHLEUSE UW,2026-06-30 15:36:00+00:00,18.24,18.454183828905254,18.150974554429606,-0.30320927447564844,5,0.08902544557039249,0.08902544557039249
DUISBURG-MEIDERICH SCHLEUSE OW,2026-06-30 15:37:00+00:00,25.01,25.182592321107887,24.957374081467353,-0.22521823964053242,5,0.052625918532648086,0.052625918532648086
DUISBURG-MEIDERICH SCHLEUSE UW,2026-06-30 15:37:00+00:00,18.24,18.454183828905254,18.150974554429606,-0.30320927447564844,5,0.08902544557039249,0.08902544557039249
DUISBURG-MEIDERICH SCHLEUSE OW,2026-06-30 15:38:00+00:00,25.01,25.182592321107887,24.957374081467353,-0.22521823964053242,5,0.052625918532648086,0.052625918532648086
DUISBURG-MEIDERICH SCHLEUSE UW,2026-06-30 15:38:00+00:00,18.24,18.454183828905254,18.150974554429606,-0.30320927447564844,5,0.08902544557039249,0.08902544557039249
DUISBURG-MEIDERICH SCHLEUSE OW,2026-06-30 15:39:00+00:00,25.01,25.182592321107887,24.957374081467353,-0.22521823964053242,5,0.052625918532648086,0.052625918532648086
DUISBURG-MEIDERICH SCHLEUSE UW,2026-06-30 15:39:00+00:00,18.24,18.454183828905254,18.150974554429606,-0.30320927447564844,5,0.08902544557039249,0.08902544557039249
Basel-Rheinhalle,2026-06-30 15:40:00+00:00,518.0,516.1915711282586,515.624660684008,-0.5669104442506971,5,2.3753393159920506,2.3753393159920506
DUISBURG-MEIDERICH SCHLEUSE OW,2026-06-30 15:40:00+00:00,25.01,25.182592321107887,24.957374081467353,-0.22521823964053242,5,0.052625918532648086,0.052625918532648086
DUISBURG-MEIDERICH SCHLEUSE UW,2026-06-30 15:40:00+00:00,18.24,18.454183828905254,18.150974554429606,-0.30320927447564844,5,0.08902544557039249,0.08902544557039249
LOBITH,2026-06-30 15:40:00+00:00,703.0,704.3483561962727,704.382089389784,0.03373319351130155,5,-1.3820893897840278,1.3820893897840278
DUISBURG-MEIDERICH SCHLEUSE OW,2026-06-30 15:41:00+00:00,25.01,25.182592321107887,24.957374081467353,-0.22521823964053242,5,0.052625918532648086,0.052625918532648086
DUISBURG-MEIDERICH SCHLEUSE UW,2026-06-30 15:41:00+00:00,18.24,18.454183828905254,18.150974554429606,-0.30320927447564844,5,0.08902544557039249,0.08902544557039249
DUISBURG-MEIDERICH SCHLEUSE OW,2026-06-30 15:42:00+00:00,25.01,25.182592321107887,24.957374081467353,-0.22521823964053242,5,0.052625918532648086,0.052625918532648086
DUISBURG-MEIDERICH SCHLEUSE UW,2026-06-30 15:42:00+00:00,18.24,18.454183828905254,18.150974554429606,-0.30320927447564844,5,0.08902544557039249,0.08902544557039249
DUISBURG-MEIDERICH SCHLEUSE OW,2026-06-30 15:43:00+00:00,25.01,25.182592321107887,24.957374081467353,-0.22521823964053242,5,0.052625918532648086,0.052625918532648086
DUISBURG-MEIDERICH SCHLEUSE UW,2026-06-30 15:43:00+00:00,18.24,18.454183828905254,18.150974554429606,-0.30320927447564844,5,0.08902544557039249,0.08902544557039249
DUISBURG-MEIDERICH SCHLEUSE OW,2026-06-30 15:44:00+00:00,25.01,25.182592321107887,24.957374081467353,-0.22521823964053242,5,0.052625918532648086,0.052625918532648086
DUISBURG-MEIDERICH SCHLEUSE UW,2026-06-30 15:44:00+00:00,18.24,18.454183828905254,18.150974554429606,-0.30320927447564844,5,0.08902544557039249,0.08902544557039249
Basel-Rheinhalle,2026-06-30 15:45:00+00:00,519.0,515.8410451284449,515.0561915230056,-0.7848536054392945,5,3.943808476994377,3.943808476994377
DUISBURG-MEIDERICH SCHLEUSE OW,2026-06-30 15:45:00+00:00,25.01,25.182592321107887,24.95849767216494,-0.22409464894294928,5,0.051502327835063255,0.051502327835063255
DUISBURG-MEIDERICH SCHLEUSE UW,2026-06-30 15:45:00+00:00,18.24,18.454183828905254,18.150974554429606,-0.30320927447564844,5,0.08902544557039249,0.08902544557039249
DUISBURG-MEIDERICH SCHLEUSE OW,2026-06-30 15:46:00+00:00,25.01,25.182592321107887,24.961472713588325,-0.22111960751956306,5,0.048527286411676585,0.048527286411676585
DUISBURG-MEIDERICH SCHLEUSE UW,2026-06-30 15:46:00+00:00,18.24,18.454183828905254,18.150974554429606,-0.30320927447564844,5,0.08902544557039249,0.08902544557039249
DUISBURG-MEIDERICH SCHLEUSE OW,2026-06-30 15:47:00+00:00,25.01,25.182592321107887,24.961472713588325,-0.22111960751956306,5,0.048527286411676585,0.048527286411676585
DUISBURG-MEIDERICH SCHLEUSE UW,2026-06-30 15:47:00+00:00,18.24,18.454183828905254,18.150974554429606,-0.30320927447564844,5,0.08902544557039249,0.08902544557039249
DUISBURG-MEIDERICH SCHLEUSE OW,2026-06-30 15:48:00+00:00,25.01,25.182592321107887,24.961472713588325,-0.22111960751956306,5,0.048527286411676585,0.048527286411676585
DUISBURG-MEIDERICH SCHLEUSE UW,2026-06-30 15:48:00+00:00,18.24,18.454183828905254,18.150974554429606,-0.30320927447564844,5,0.08902544557039249,0.08902544557039249
DUISBURG-MEIDERICH SCHLEUSE OW,2026-06-30 15:49:00+00:00,25.01,25.182592321107887,24.961472713588325,-0.22111960751956306,5,0.048527286411676585,0.048527286411676585
DUISBURG-MEIDERICH SCHLEUSE UW,2026-06-30 15:49:00+00:00,18.24,18.454183828905254,18.150974554429606,-0.30320927447564844,5,0.08902544557039249,0.08902544557039249
Basel-Rheinhalle,2026-06-30 15:50:00+00:00,520.0,515.4759406979848,514.7095958300654,-0.7663448679194705,5,5.290404169934618,5.290404169934618
DUISBURG-MEIDERICH SCHLEUSE OW,2026-06-30 15:50:00+00:00,25.01,25.182592321107887,24.961472713588325,-0.22111960751956306,5,0.048527286411676585,0.048527286411676585
DUISBURG-MEIDERICH SCHLEUSE UW,2026-06-30 15:50:00+00:00,18.24,18.454183828905254,18.150974554429606,-0.30320927447564844,5,0.08902544557039249,0.08902544557039249
LOBITH,2026-06-30 15:50:00+00:00,703.0,704.3375382646884,704.3712714581998,0.03373319351130155,5,-1.3712714581997716,1.3712714581997716
DUISBURG-MEIDERICH SCHLEUSE OW,2026-06-30 15:51:00+00:00,25.01,25.182592321107887,24.961472713588325,-0.22111960751956306,5,0.048527286411676585,0.048527286411676585
DUISBURG-MEIDERICH SCHLEUSE UW,2026-06-30 15:51:00+00:00,18.24,18.454183828905254,18.150974554429606,-0.30320927447564844,5,0.08902544557039249,0.08902544557039249
DUISBURG-MEIDERICH SCHLEUSE OW,2026-06-30 15:52:00+00:00,25.01,25.182592321107887,24.961472713588325,-0.22111960751956306,5,0.048527286411676585,0.048527286411676585
DUISBURG-MEIDERICH SCHLEUSE UW,2026-06-30 15:52:00+00:00,18.24,18.454183828905254,18.150974554429606,-0.30320927447564844,5,0.08902544557039249,0.08902544557039249
DUISBURG-MEIDERICH SCHLEUSE OW,2026-06-30 15:53:00+00:00,25.01,25.182592321107887,24.96034912289074,-0.2222431982171462,5,0.049650877109261415,0.049650877109261415
DUISBURG-MEIDERICH SCHLEUSE UW,2026-06-30 15:53:00+00:00,18.24,18.454183828905254,18.150974554429606,-0.30320927447564844,5,0.08902544557039249,0.08902544557039249
DUISBURG-MEIDERICH SCHLEUSE OW,2026-06-30 15:54:00+00:00,25.01,25.182592321107887,24.957374081467353,-0.22521823964053242,5,0.052625918532648086,0.052625918532648086
DUISBURG-MEIDERICH SCHLEUSE UW,2026-06-30 15:54:00+00:00,18.24,18.454183828905254,18.150974554429606,-0.30320927447564844,5,0.08902544557039249,0.08902544557039249
Basel-Rheinhalle,2026-06-30 15:55:00+00:00,521.0,515.4759406979848,514.7223769431629,-0.7535637548218859,5,6.277623056837115,6.277623056837115
DUISBURG-MEIDERICH SCHLEUSE OW,2026-06-30 15:55:00+00:00,25.01,25.182592321107887,24.957374081467353,-0.22521823964053242,5,0.052625918532648086,0.052625918532648086
DUISBURG-MEIDERICH SCHLEUSE UW,2026-06-30 15:55:00+00:00,18.24,18.454183828905254,18.150974554429606,-0.30320927447564844,5,0.08902544557039249,0.08902544557039249
DUISBURG-MEIDERICH SCHLEUSE OW,2026-06-30 15:56:00+00:00,25.01,25.182592321107887,24.95849767216494,-0.22409464894294928,5,0.051502327835063255,0.051502327835063255
DUISBURG-MEIDERICH SCHLEUSE UW,2026-06-30 15:56:00+00:00,18.23,18.454183828905254,18.150974554429606,-0.30320927447564844,5,0.07902544557039448,0.07902544557039448
DUISBURG-MEIDERICH SCHLEUSE OW,2026-06-30 15:57:00+00:00,25.01,25.182592321107887,24.961472713588325,-0.22111960751956306,5,0.048527286411676585,0.048527286411676585
DUISBURG-MEIDERICH SCHLEUSE UW,2026-06-30 15:57:00+00:00,18.23,18.454183828905254,18.150974554429606,-0.30320927447564844,5,0.07902544557039448,0.07902544557039448
DUISBURG-MEIDERICH SCHLEUSE OW,2026-06-30 15:58:00+00:00,25.01,25.182592321107887,24.961472713588325,-0.22111960751956306,5,0.048527286411676585,0.048527286411676585
DUISBURG-MEIDERICH SCHLEUSE UW,2026-06-30 15:58:00+00:00,18.23,18.454183828905254,18.150974554429606,-0.30320927447564844,5,0.07902544557039448,0.07902544557039448
DUISBURG-MEIDERICH SCHLEUSE OW,2026-06-30 15:59:00+00:00,25.01,25.182592321107887,24.961472713588325,-0.22111960751956306,5,0.048527286411676585,0.048527286411676585
DUISBURG-MEIDERICH SCHLEUSE UW,2026-06-30 15:59:00+00:00,18.23,18.454183828905254,18.150974554429606,-0.30320927447564844,5,0.07902544557039448,0.07902544557039448
Basel-Rheinhalle,2026-06-30 16:00:00+00:00,521.0,515.4357705184525,514.670769792395,-0.7650007260574616,5,6.329230207604951,6.329230207604951
DUISBURG-MEIDERICH SCHLEUSE OW,2026-06-30 16:00:00+00:00,25.01,25.186138422691993,24.957153481014995,-0.22898494167699665,5,0.052846518985006696,0.052846518985006696
DUISBURG-MEIDERICH SCHLEUSE UW,2026-06-30 16:00:00+00:00,18.23,18.456034038115895,18.135625131268974,-0.3204089068469218,5,0.09437486873102685,0.09437486873102685
LOBITH,2026-06-30 16:00:00+00:00,703.0,704.307408462439,704.2912404332784,-0.016168029160578405,5,-1.2912404332784035,1.2912404332784035
DUISBURG-MEIDERICH SCHLEUSE OW,2026-06-30 16:01:00+00:00,25.01,25.248298691284973,25.019313749607974,-0.22898494167699665,5,-0.00931374960797271,0.00931374960797271
DUISBURG-MEIDERICH SCHLEUSE UW,2026-06-30 16:01:00+00:00,18.23,18.518194306708875,18.197785399861953,-0.3204089068469218,5,0.032214600138047444,0.032214600138047444
DUISBURG-MEIDERICH SCHLEUSE OW,2026-06-30 16:02:00+00:00,25.01,25.248298691284973,25.019313749607974,-0.22898494167699665,5,-0.00931374960797271,0.00931374960797271
DUISBURG-MEIDERICH SCHLEUSE UW,2026-06-30 16:02:00+00:00,18.23,18.518194306708875,18.197785399861953,-0.3204089068469218,5,0.032214600138047444,0.032214600138047444
DUISBURG-MEIDERICH SCHLEUSE OW,2026-06-30 16:03:00+00:00,25.01,25.095411103190166,25.04605034346411,-0.049360759726056774,5,-0.03605034346410818,0.03605034346410818
DUISBURG-MEIDERICH SCHLEUSE UW,2026-06-30 16:03:00+00:00,18.23,18.367002610987534,18.063793336511885,-0.30320927447564844,5,0.16620666348811497,0.16620666348811497
DUISBURG-MEIDERICH SCHLEUSE OW,2026-06-30 16:04:00+00:00,25.01,25.095411103190166,25.04605034346411,-0.049360759726056774,5,-0.03605034346410818,0.03605034346410818
DUISBURG-MEIDERICH SCHLEUSE UW,2026-06-30 16:04:00+00:00,18.23,18.367002610987534,18.063793336511885,-0.30320927447564844,5,0.16620666348811497,0.16620666348811497
Basel-Rheinhalle,2026-06-30 16:05:00+00:00,522.0,515.8900361059493,515.3544660325263,-0.5355700734230385,5,6.645533967473739,6.645533967473739
DUISBURG-MEIDERICH SCHLEUSE OW,2026-06-30 16:05:00+00:00,25.01,25.095411103190166,25.04605034346411,-0.049360759726056774,5,-0.03605034346410818,0.03605034346410818
DUISBURG-MEIDERICH SCHLEUSE UW,2026-06-30 16:05:00+00:00,18.23,18.367002610987534,18.063793336511885,-0.30320927447564844,5,0.16620666348811497,0.16620666348811497
DUISBURG-MEIDERICH SCHLEUSE OW,2026-06-30 16:06:00+00:00,25.01,25.095411103190166,25.04605034346411,-0.049360759726056774,5,-0.03605034346410818,0.03605034346410818
DUISBURG-MEIDERICH SCHLEUSE UW,2026-06-30 16:06:00+00:00,18.23,18.367002610987534,18.063793336511885,-0.30320927447564844,5,0.16620666348811497,0.16620666348811497
DUISBURG-MEIDERICH SCHLEUSE OW,2026-06-30 16:07:00+00:00,25.01,25.095411103190166,25.04605034346411,-0.049360759726056774,5,-0.03605034346410818,0.03605034346410818
DUISBURG-MEIDERICH SCHLEUSE UW,2026-06-30 16:07:00+00:00,18.23,18.367002610987534,18.063793336511885,-0.30320927447564844,5,0.16620666348811497,0.16620666348811497
DUISBURG-MEIDERICH SCHLEUSE OW,2026-06-30 16:08:00+00:00,25.01,25.095411103190166,25.04605034346411,-0.049360759726056774,5,-0.03605034346410818,0.03605034346410818
DUISBURG-MEIDERICH SCHLEUSE UW,2026-06-30 16:08:00+00:00,18.23,18.367002610987534,18.063793336511885,-0.30320927447564844,5,0.16620666348811497,0.16620666348811497
DUISBURG-MEIDERICH SCHLEUSE OW,2026-06-30 16:09:00+00:00,25.01,25.095411103190166,25.04605034346411,-0.049360759726056774,5,-0.03605034346410818,0.03605034346410818
DUISBURG-MEIDERICH SCHLEUSE UW,2026-06-30 16:09:00+00:00,18.23,18.367002610987534,18.063793336511885,-0.30320927447564844,5,0.16620666348811497,0.16620666348811497
Basel-Rheinhalle,2026-06-30 16:10:00+00:00,522.0,515.778810656573,514.9927232726413,-0.7860873839316038,5,7.007276727358658,7.007276727358658
DUISBURG-MEIDERICH SCHLEUSE OW,2026-06-30 16:10:00+00:00,25.01,25.095411103190166,25.04605034346411,-0.049360759726056774,5,-0.03605034346410818,0.03605034346410818
DUISBURG-MEIDERICH SCHLEUSE UW,2026-06-30 16:10:00+00:00,18.23,18.367002610987534,18.063793336511885,-0.30320927447564844,5,0.16620666348811497,0.16620666348811497
LOBITH,2026-06-30 16:10:00+00:00,703.0,704.0958067901505,704.0040355297081,-0.0917712604424827,5,-1.0040355297080623,1.0040355297080623
DUISBURG-MEIDERICH SCHLEUSE OW,2026-06-30 16:11:00+00:00,25.01,25.095411103190166,25.04605034346411,-0.049360759726056774,5,-0.03605034346410818,0.03605034346410818
DUISBURG-MEIDERICH SCHLEUSE UW,2026-06-30 16:11:00+00:00,18.23,18.367002610987534,18.063793336511885,-0.30320927447564844,5,0.16620666348811497,0.16620666348811497
DUISBURG-MEIDERICH SCHLEUSE OW,2026-06-30 16:12:00+00:00,25.01,25.095411103190166,25.04605034346411,-0.049360759726056774,5,-0.03605034346410818,0.03605034346410818
DUISBURG-MEIDERICH SCHLEUSE UW,2026-06-30 16:12:00+00:00,18.23,18.367002610987534,18.063793336511885,-0.30320927447564844,5,0.16620666348811497,0.16620666348811497
DUISBURG-MEIDERICH SCHLEUSE OW,2026-06-30 16:13:00+00:00,25.01,25.095411103190166,25.04605034346411,-0.049360759726056774,5,-0.03605034346410818,0.03605034346410818
DUISBURG-MEIDERICH SCHLEUSE UW,2026-06-30 16:13:00+00:00,18.23,18.367002610987534,18.063793336511885,-0.30320927447564844,5,0.16620666348811497,0.16620666348811497
DUISBURG-MEIDERICH SCHLEUSE OW,2026-06-30 16:14:00+00:00,25.01,25.095411103190166,25.04605034346411,-0.049360759726056774,5,-0.03605034346410818,0.03605034346410818
DUISBURG-MEIDERICH SCHLEUSE UW,2026-06-30 16:14:00+00:00,18.23,18.367002610987534,18.063793336511885,-0.30320927447564844,5,0.16620666348811497,0.16620666348811497
Basel-Rheinhalle,2026-06-30 16:15:00+00:00,522.0,515.2488757773199,514.2344504566591,-1.0144253206607787,5,7.765549543340853,7.765549543340853
DUISBURG-MEIDERICH SCHLEUSE OW,2026-06-30 16:15:00+00:00,25.01,25.095411103190166,25.04605034346411,-0.049360759726056774,5,-0.03605034346410818,0.03605034346410818
DUISBURG-MEIDERICH SCHLEUSE UW,2026-06-30 16:15:00+00:00,18.23,18.367002610987534,18.063793336511885,-0.30320927447564844,5,0.16620666348811497,0.16620666348811497
DUISBURG-MEIDERICH SCHLEUSE OW,2026-06-30 16:16:00+00:00,25.01,25.095411103190166,25.04605034346411,-0.049360759726056774,5,-0.03605034346410818,0.03605034346410818
DUISBURG-MEIDERICH SCHLEUSE UW,2026-06-30 16:16:00+00:00,18.23,18.367002610987534,18.063793336511885,-0.30320927447564844,5,0.16620666348811497,0.16620666348811497
DUISBURG-MEIDERICH SCHLEUSE OW,2026-06-30 16:17:00+00:00,25.01,25.095411103190166,25.04605034346411,-0.049360759726056774,5,-0.03605034346410818,0.03605034346410818
DUISBURG-MEIDERICH SCHLEUSE UW,2026-06-30 16:17:00+00:00,18.23,18.367002610987534,18.063793336511885,-0.30320927447564844,5,0.16620666348811497,0.16620666348811497
DUISBURG-MEIDERICH SCHLEUSE OW,2026-06-30 16:18:00+00:00,25.01,25.095411103190166,25.04605034346411,-0.049360759726056774,5,-0.03605034346410818,0.03605034346410818
DUISBURG-MEIDERICH SCHLEUSE UW,2026-06-30 16:18:00+00:00,18.23,18.367002610987534,18.063793336511885,-0.30320927447564844,5,0.16620666348811497,0.16620666348811497
DUISBURG-MEIDERICH SCHLEUSE OW,2026-06-30 16:19:00+00:00,25.01,25.095411103190166,25.04605034346411,-0.049360759726056774,5,-0.03605034346410818,0.03605034346410818
DUISBURG-MEIDERICH SCHLEUSE UW,2026-06-30 16:19:00+00:00,18.23,18.367002610987534,18.063793336511885,-0.30320927447564844,5,0.16620666348811497,0.16620666348811497
Basel-Rheinhalle,2026-06-30 16:20:00+00:00,521.0,515.1098009339904,514.1307843442481,-0.9790165897423119,5,6.869215655751873,6.869215655751873
DUISBURG-MEIDERICH SCHLEUSE OW,2026-06-30 16:20:00+00:00,25.01,25.095411103190166,25.04605034346411,-0.049360759726056774,5,-0.03605034346410818,0.03605034346410818
DUISBURG-MEIDERICH SCHLEUSE UW,2026-06-30 16:20:00+00:00,18.23,18.367002610987534,18.063793336511885,-0.30320927447564844,5,0.16620666348811497,0.16620666348811497
LOBITH,2026-06-30 16:20:00+00:00,703.0,704.191713113971,704.2039678133244,0.012254699353437882,5,-1.2039678133244252,1.2039678133244252
DUISBURG-MEIDERICH SCHLEUSE OW,2026-06-30 16:21:00+00:00,25.01,25.095411103190166,25.04605034346411,-0.049360759726056774,5,-0.03605034346410818,0.03605034346410818
DUISBURG-MEIDERICH SCHLEUSE UW,2026-06-30 16:21:00+00:00,18.23,18.367002610987534,18.063793336511885,-0.30320927447564844,5,0.16620666348811497,0.16620666348811497
DUISBURG-MEIDERICH SCHLEUSE OW,2026-06-30 16:22:00+00:00,25.01,25.095411103190166,25.04605034346411,-0.049360759726056774,5,-0.03605034346410818,0.03605034346410818
DUISBURG-MEIDERICH SCHLEUSE UW,2026-06-30 16:22:00+00:00,18.23,18.367002610987534,18.063793336511885,-0.30320927447564844,5,0.16620666348811497,0.16620666348811497
DUISBURG-MEIDERICH SCHLEUSE OW,2026-06-30 16:23:00+00:00,25.01,25.095411103190166,25.04605034346411,-0.049360759726056774,5,-0.03605034346410818,0.03605034346410818
DUISBURG-MEIDERICH SCHLEUSE UW,2026-06-30 16:23:00+00:00,18.23,18.367002610987534,18.063793336511885,-0.30320927447564844,5,0.16620666348811497,0.16620666348811497
DUISBURG-MEIDERICH SCHLEUSE OW,2026-06-30 16:24:00+00:00,25.01,25.095411103190166,25.04605034346411,-0.049360759726056774,5,-0.03605034346410818,0.03605034346410818
DUISBURG-MEIDERICH SCHLEUSE UW,2026-06-30 16:24:00+00:00,18.23,18.367002610987534,18.063793336511885,-0.30320927447564844,5,0.16620666348811497,0.16620666348811497
Basel-Rheinhalle,2026-06-30 16:25:00+00:00,520.0,513.5532494721249,512.7318011217743,-0.8214483503505321,5,7.268198878225689,7.268198878225689
DUISBURG-MEIDERICH SCHLEUSE OW,2026-06-30 16:25:00+00:00,25.01,25.095411103190166,25.04605034346411,-0.049360759726056774,5,-0.03605034346410818,0.03605034346410818
DUISBURG-MEIDERICH SCHLEUSE UW,2026-06-30 16:25:00+00:00,18.23,18.367002610987534,18.063793336511885,-0.30320927447564844,5,0.16620666348811497,0.16620666348811497
DUISBURG-MEIDERICH SCHLEUSE OW,2026-06-30 16:26:00+00:00,25.01,25.095411103190166,25.04605034346411,-0.049360759726056774,5,-0.03605034346410818,0.03605034346410818
DUISBURG-MEIDERICH SCHLEUSE UW,2026-06-30 16:26:00+00:00,18.23,18.367002610987534,18.063793336511885,-0.30320927447564844,5,0.16620666348811497,0.16620666348811497
DUISBURG-MEIDERICH SCHLEUSE OW,2026-06-30 16:27:00+00:00,25.01,25.095411103190166,25.04605034346411,-0.049360759726056774,5,-0.03605034346410818,0.03605034346410818
DUISBURG-MEIDERICH SCHLEUSE UW,2026-06-30 16:27:00+00:00,18.23,18.367002610987534,18.063793336511885,-0.30320927447564844,5,0.16620666348811497,0.16620666348811497
DUISBURG-MEIDERICH SCHLEUSE OW,2026-06-30 16:28:00+00:00,25.01,25.095411103190166,25.04605034346411,-0.049360759726056774,5,-0.03605034346410818,0.03605034346410818
DUISBURG-MEIDERICH SCHLEUSE UW,2026-06-30 16:28:00+00:00,18.23,18.367002610987534,18.063793336511885,-0.30320927447564844,5,0.16620666348811497,0.16620666348811497
DUISBURG-MEIDERICH SCHLEUSE OW,2026-06-30 16:29:00+00:00,25.01,25.095411103190166,25.04605034346411,-0.049360759726056774,5,-0.03605034346410818,0.03605034346410818
DUISBURG-MEIDERICH SCHLEUSE UW,2026-06-30 16:29:00+00:00,18.23,18.367002610987534,18.063793336511885,-0.30320927447564844,5,0.16620666348811497,0.16620666348811497
Basel-Rheinhalle,2026-06-30 16:30:00+00:00,520.0,513.3285680106121,512.5071196602615,-0.8214483503505321,5,7.492880339738463,7.492880339738463
DUISBURG-MEIDERICH SCHLEUSE OW,2026-06-30 16:30:00+00:00,25.01,25.095411103190166,25.04605034346411,-0.049360759726056774,5,-0.03605034346410818,0.03605034346410818
DUISBURG-MEIDERICH SCHLEUSE UW,2026-06-30 16:30:00+00:00,18.23,18.367002610987534,18.063793336511885,-0.30320927447564844,5,0.16620666348811497,0.16620666348811497
LOBITH,2026-06-30 16:30:00+00:00,703.0,704.2875130616161,704.1454146952958,-0.14209836632026268,5,-1.1454146952958126,1.1454146952958126
DUISBURG-MEIDERICH SCHLEUSE OW,2026-06-30 16:31:00+00:00,25.01,25.095411103190166,25.04605034346411,-0.049360759726056774,5,-0.03605034346410818,0.03605034346410818
DUISBURG-MEIDERICH SCHLEUSE UW,2026-06-30 16:31:00+00:00,18.23,18.367002610987534,18.063793336511885,-0.30320927447564844,5,0.16620666348811497,0.16620666348811497
DUISBURG-MEIDERICH SCHLEUSE OW,2026-06-30 16:32:00+00:00,25.01,25.095411103190166,25.04605034346411,-0.049360759726056774,5,-0.03605034346410818,0.03605034346410818
DUISBURG-MEIDERICH SCHLEUSE UW,2026-06-30 16:32:00+00:00,18.23,18.367002610987534,18.063793336511885,-0.30320927447564844,5,0.16620666348811497,0.16620666348811497
DUISBURG-MEIDERICH SCHLEUSE OW,2026-06-30 16:33:00+00:00,25.0,25.095411103190166,25.04605034346411,-0.049360759726056774,5,-0.046050343464109744,0.046050343464109744
DUISBURG-MEIDERICH SCHLEUSE UW,2026-06-30 16:33:00+00:00,18.23,18.367002610987534,18.063793336511885,-0.30320927447564844,5,0.16620666348811497,0.16620666348811497
DUISBURG-MEIDERICH SCHLEUSE OW,2026-06-30 16:34:00+00:00,25.0,25.095411103190166,25.04605034346411,-0.049360759726056774,5,-0.046050343464109744,0.046050343464109744
DUISBURG-MEIDERICH SCHLEUSE UW,2026-06-30 16:34:00+00:00,18.23,18.367002610987534,18.063793336511885,-0.30320927447564844,5,0.16620666348811497,0.16620666348811497
Basel-Rheinhalle,2026-06-30 16:35:00+00:00,522.0,513.6517337501781,512.992836833686,-0.6588969164920263,5,9.007163166313944,9.007163166313944
DUISBURG-MEIDERICH SCHLEUSE OW,2026-06-30 16:35:00+00:00,25.0,25.095411103190166,25.04605034346411,-0.049360759726056774,5,-0.046050343464109744,0.046050343464109744
DUISBURG-MEIDERICH SCHLEUSE UW,2026-06-30 16:35:00+00:00,18.23,18.367002610987534,18.063793336511885,-0.30320927447564844,5,0.16620666348811497,0.16620666348811497
DUISBURG-MEIDERICH SCHLEUSE OW,2026-06-30 16:36:00+00:00,25.0,25.095411103190166,25.04605034346411,-0.049360759726056774,5,-0.046050343464109744,0.046050343464109744
DUISBURG-MEIDERICH SCHLEUSE UW,2026-06-30 16:36:00+00:00,18.23,18.367002610987534,18.063793336511885,-0.30320927447564844,5,0.16620666348811497,0.16620666348811497
DUISBURG-MEIDERICH SCHLEUSE OW,2026-06-30 16:37:00+00:00,25.0,25.095411103190166,25.04605034346411,-0.049360759726056774,5,-0.046050343464109744,0.046050343464109744
DUISBURG-MEIDERICH SCHLEUSE UW,2026-06-30 16:37:00+00:00,18.23,18.367002610987534,18.063793336511885,-0.30320927447564844,5,0.16620666348811497,0.16620666348811497
DUISBURG-MEIDERICH SCHLEUSE OW,2026-06-30 16:38:00+00:00,25.0,25.095411103190166,25.04605034346411,-0.049360759726056774,5,-0.046050343464109744,0.046050343464109744
DUISBURG-MEIDERICH SCHLEUSE UW,2026-06-30 16:38:00+00:00,18.23,18.367002610987534,18.063793336511885,-0.30320927447564844,5,0.16620666348811497,0.16620666348811497
DUISBURG-MEIDERICH SCHLEUSE OW,2026-06-30 16:39:00+00:00,25.0,25.095411103190166,25.04605034346411,-0.049360759726056774,5,-0.046050343464109744,0.046050343464109744
DUISBURG-MEIDERICH SCHLEUSE UW,2026-06-30 16:39:00+00:00,18.23,18.367002610987534,18.063793336511885,-0.30320927447564844,5,0.16620666348811497,0.16620666348811497
Basel-Rheinhalle,2026-06-30 16:40:00+00:00,524.0,514.1061850866566,513.4472881701646,-0.6588969164920263,5,10.552711829835403,10.552711829835403
DUISBURG-MEIDERICH SCHLEUSE OW,2026-06-30 16:40:00+00:00,25.0,25.095411103190166,25.04605034346411,-0.049360759726056774,5,-0.046050343464109744,0.046050343464109744
DUISBURG-MEIDERICH SCHLEUSE UW,2026-06-30 16:40:00+00:00,18.24,18.367002610987534,18.063793336511885,-0.30320927447564844,5,0.17620666348811298,0.17620666348811298
LOBITH,2026-06-30 16:40:00+00:00,704.0,704.375831843704,704.2337334773837,-0.14209836632026268,5,-0.2337334773836801,0.2337334773836801
DUISBURG-MEIDERICH SCHLEUSE OW,2026-06-30 16:41:00+00:00,25.0,25.095411103190166,25.04605034346411,-0.049360759726056774,5,-0.046050343464109744,0.046050343464109744
DUISBURG-MEIDERICH SCHLEUSE UW,2026-06-30 16:41:00+00:00,18.24,18.367002610987534,18.063793336511885,-0.30320927447564844,5,0.17620666348811298,0.17620666348811298
DUISBURG-MEIDERICH SCHLEUSE OW,2026-06-30 16:42:00+00:00,25.01,25.095411103190166,25.04605034346411,-0.049360759726056774,5,-0.03605034346410818,0.03605034346410818
DUISBURG-MEIDERICH SCHLEUSE UW,2026-06-30 16:42:00+00:00,18.24,18.367002610987534,18.063793336511885,-0.30320927447564844,5,0.17620666348811298,0.17620666348811298
DUISBURG-MEIDERICH SCHLEUSE OW,2026-06-30 16:43:00+00:00,25.01,25.095411103190166,25.04605034346411,-0.049360759726056774,5,-0.03605034346410818,0.03605034346410818
DUISBURG-MEIDERICH SCHLEUSE UW,2026-06-30 16:43:00+00:00,18.24,18.367002610987534,18.063793336511885,-0.30320927447564844,5,0.17620666348811298,0.17620666348811298
DUISBURG-MEIDERICH SCHLEUSE OW,2026-06-30 16:44:00+00:00,25.01,25.095411103190166,25.04605034346411,-0.049360759726056774,5,-0.03605034346410818,0.03605034346410818
DUISBURG-MEIDERICH SCHLEUSE UW,2026-06-30 16:44:00+00:00,18.24,18.367002610987534,18.063793336511885,-0.30320927447564844,5,0.17620666348811298,0.17620666348811298
Basel-Rheinhalle,2026-06-30 16:45:00+00:00,525.0,513.9417874044273,513.3633386451557,-0.5784487592714715,5,11.63666135484425,11.63666135484425
DUISBURG-MEIDERICH SCHLEUSE OW,2026-06-30 16:45:00+00:00,25.01,25.095411103190166,25.04605034346411,-0.049360759726056774,5,-0.03605034346410818,0.03605034346410818
DUISBURG-MEIDERICH SCHLEUSE UW,2026-06-30 16:45:00+00:00,18.24,18.367002610987534,18.063793336511885,-0.30320927447564844,5,0.17620666348811298,0.17620666348811298
DUISBURG-MEIDERICH SCHLEUSE OW,2026-06-30 16:46:00+00:00,25.01,25.095411103190166,25.04605034346411,-0.049360759726056774,5,-0.03605034346410818,0.03605034346410818
DUISBURG-MEIDERICH SCHLEUSE UW,2026-06-30 16:46:00+00:00,18.24,18.367002610987534,18.063793336511885,-0.30320927447564844,5,0.17620666348811298,0.17620666348811298
DUISBURG-MEIDERICH SCHLEUSE OW,2026-06-30 16:47:00+00:00,25.01,25.095411103190166,25.04605034346411,-0.049360759726056774,5,-0.03605034346410818,0.03605034346410818
DUISBURG-MEIDERICH SCHLEUSE UW,2026-06-30 16:47:00+00:00,18.24,18.367002610987534,18.063793336511885,-0.30320927447564844,5,0.17620666348811298,0.17620666348811298
DUISBURG-MEIDERICH SCHLEUSE OW,2026-06-30 16:48:00+00:00,25.01,25.095411103190166,25.04605034346411,-0.049360759726056774,5,-0.03605034346410818,0.03605034346410818
DUISBURG-MEIDERICH SCHLEUSE UW,2026-06-30 16:48:00+00:00,18.24,18.367002610987534,18.063793336511885,-0.30320927447564844,5,0.17620666348811298,0.17620666348811298
DUISBURG-MEIDERICH SCHLEUSE OW,2026-06-30 16:49:00+00:00,25.01,25.095411103190166,25.04605034346411,-0.049360759726056774,5,-0.03605034346410818,0.03605034346410818
DUISBURG-MEIDERICH SCHLEUSE UW,2026-06-30 16:49:00+00:00,18.24,18.367002610987534,18.063793336511885,-0.30320927447564844,5,0.17620666348811298,0.17620666348811298
Basel-Rheinhalle,2026-06-30 16:50:00+00:00,525.0,513.8240787356086,513.0212648807413,-0.8028138548672615,5,11.978735119258658,11.978735119258658
DUISBURG-MEIDERICH SCHLEUSE OW,2026-06-30 16:50:00+00:00,25.01,25.095411103190166,25.04605034346411,-0.049360759726056774,5,-0.03605034346410818,0.03605034346410818
DUISBURG-MEIDERICH SCHLEUSE UW,2026-06-30 16:50:00+00:00,18.24,18.367002610987534,18.063793336511885,-0.30320927447564844,5,0.17620666348811298,0.17620666348811298
LOBITH,2026-06-30 16:50:00+00:00,704.0,704.384187802258,704.4179209957694,0.03373319351130155,5,-0.41792099576935016,0.41792099576935016
DUISBURG-MEIDERICH SCHLEUSE OW,2026-06-30 16:51:00+00:00,25.0,25.095411103190166,25.04605034346411,-0.049360759726056774,5,-0.046050343464109744,0.046050343464109744
DUISBURG-MEIDERICH SCHLEUSE UW,2026-06-30 16:51:00+00:00,18.24,18.367002610987534,18.063793336511885,-0.30320927447564844,5,0.17620666348811298,0.17620666348811298
DUISBURG-MEIDERICH SCHLEUSE OW,2026-06-30 16:52:00+00:00,25.0,25.095411103190166,25.04605034346411,-0.049360759726056774,5,-0.046050343464109744,0.046050343464109744
DUISBURG-MEIDERICH SCHLEUSE UW,2026-06-30 16:52:00+00:00,18.24,18.367002610987534,18.063793336511885,-0.30320927447564844,5,0.17620666348811298,0.17620666348811298
DUISBURG-MEIDERICH SCHLEUSE OW,2026-06-30 16:53:00+00:00,25.0,25.095411103190166,25.04605034346411,-0.049360759726056774,5,-0.046050343464109744,0.046050343464109744
DUISBURG-MEIDERICH SCHLEUSE UW,2026-06-30 16:53:00+00:00,18.24,18.367002610987534,18.063793336511885,-0.30320927447564844,5,0.17620666348811298,0.17620666348811298
DUISBURG-MEIDERICH SCHLEUSE OW,2026-06-30 16:54:00+00:00,25.0,25.095411103190166,25.04605034346411,-0.049360759726056774,5,-0.046050343464109744,0.046050343464109744
DUISBURG-MEIDERICH SCHLEUSE UW,2026-06-30 16:54:00+00:00,18.24,18.367002610987534,18.063793336511885,-0.30320927447564844,5,0.17620666348811298,0.17620666348811298
Basel-Rheinhalle,2026-06-30 16:55:00+00:00,526.0,513.9083977719349,513.2010751524941,-0.7073226194408383,5,12.798924847505873,12.798924847505873
DUISBURG-MEIDERICH SCHLEUSE OW,2026-06-30 16:55:00+00:00,25.0,25.095411103190166,25.04605034346411,-0.049360759726056774,5,-0.046050343464109744,0.046050343464109744
DUISBURG-MEIDERICH SCHLEUSE UW,2026-06-30 16:55:00+00:00,18.24,18.367002610987534,18.063793336511885,-0.30320927447564844,5,0.17620666348811298,0.17620666348811298
DUISBURG-MEIDERICH SCHLEUSE OW,2026-06-30 16:56:00+00:00,25.0,25.095411103190166,25.04605034346411,-0.049360759726056774,5,-0.046050343464109744,0.046050343464109744
DUISBURG-MEIDERICH SCHLEUSE UW,2026-06-30 16:56:00+00:00,18.24,18.367002610987534,18.063793336511885,-0.30320927447564844,5,0.17620666348811298,0.17620666348811298
DUISBURG-MEIDERICH SCHLEUSE OW,2026-06-30 16:57:00+00:00,25.0,25.095411103190166,25.04605034346411,-0.049360759726056774,5,-0.046050343464109744,0.046050343464109744
DUISBURG-MEIDERICH SCHLEUSE UW,2026-06-30 16:57:00+00:00,18.24,18.367002610987534,18.063793336511885,-0.30320927447564844,5,0.17620666348811298,0.17620666348811298
DUISBURG-MEIDERICH SCHLEUSE OW,2026-06-30 16:58:00+00:00,25.0,25.095411103190166,25.044926752766525,-0.05048435042363989,5,-0.04492675276652491,0.04492675276652491
DUISBURG-MEIDERICH SCHLEUSE UW,2026-06-30 16:58:00+00:00,18.24,18.367002610987534,18.063793336511885,-0.30320927447564844,5,0.17620666348811298,0.17620666348811298
DUISBURG-MEIDERICH SCHLEUSE OW,2026-06-30 16:59:00+00:00,25.0,25.095411103190166,25.04195171134314,-0.05345939184702616,5,-0.04195171134313824,0.04195171134313824
DUISBURG-MEIDERICH SCHLEUSE UW,2026-06-30 16:59:00+00:00,18.24,18.367002610987534,18.063793336511885,-0.30320927447564844,5,0.17620666348811298,0.17620666348811298
Basel-Rheinhalle,2026-06-30 17:00:00+00:00,526.0,513.9124162360273,513.1344837858185,-0.7779324502087721,5,12.865516214181525,12.865516214181525
DUISBURG-MEIDERICH SCHLEUSE OW,2026-06-30 17:00:00+00:00,25.0,25.07052160943141,25.022604293437023,-0.04791731599438443,5,-0.022604293437023415,0.022604293437023415
DUISBURG-MEIDERICH SCHLEUSE UW,2026-06-30 17:00:00+00:00,18.24,18.342113117228777,18.03890384275313,-0.30320927447564844,5,0.20109615724686947,0.20109615724686947
LOBITH,2026-06-30 17:00:00+00:00,644.0,704.7690036392756,704.7813512747784,0.012347635502784698,5,-60.781351274778444,60.781351274778444
DUISBURG-MEIDERICH SCHLEUSE OW,2026-06-30 17:01:00+00:00,25.0,25.105543614732255,25.03096029620528,-0.07458331852697618,5,-0.030960296205279292,0.030960296205279292
DUISBURG-MEIDERICH SCHLEUSE UW,2026-06-30 17:01:00+00:00,18.24,18.377135122529623,18.073925848053975,-0.30320927447564844,5,0.16607415194602382,0.16607415194602382
DUISBURG-MEIDERICH SCHLEUSE OW,2026-06-30 17:02:00+00:00,25.0,25.105543614732255,25.03096029620528,-0.07458331852697618,5,-0.030960296205279292,0.030960296205279292
DUISBURG-MEIDERICH SCHLEUSE UW,2026-06-30 17:02:00+00:00,18.24,18.377135122529623,18.073925848053975,-0.30320927447564844,5,0.16607415194602382,0.16607415194602382
DUISBURG-MEIDERICH SCHLEUSE OW,2026-06-30 17:03:00+00:00,25.0,25.053197608167974,25.023145390371806,-0.030052217796169924,5,-0.02314539037180552,0.02314539037180552
DUISBURG-MEIDERICH SCHLEUSE UW,2026-06-30 17:03:00+00:00,18.24,18.32478911596534,18.021579841489693,-0.30320927447564844,5,0.21842015851030538,0.21842015851030538
DUISBURG-MEIDERICH SCHLEUSE OW,2026-06-30 17:04:00+00:00,25.0,25.053197608167974,25.023145390371806,-0.030052217796169924,5,-0.02314539037180552,0.02314539037180552
DUISBURG-MEIDERICH SCHLEUSE UW,2026-06-30 17:04:00+00:00,18.24,18.32478911596534,18.021579841489693,-0.30320927447564844,5,0.21842015851030538,0.21842015851030538
Basel-Rheinhalle,2026-06-30 17:05:00+00:00,527.0,513.7071237294022,512.788550426402,-0.9185733030000807,5,14.211449573597974,14.211449573597974
DUISBURG-MEIDERICH SCHLEUSE OW,2026-06-30 17:05:00+00:00,25.0,25.053197608167974,25.023145390371806,-0.030052217796169924,5,-0.02314539037180552,0.02314539037180552
DUISBURG-MEIDERICH SCHLEUSE UW,2026-06-30 17:05:00+00:00,18.24,18.32478911596534,18.021579841489693,-0.30320927447564844,5,0.21842015851030538,0.21842015851030538
DUISBURG-MEIDERICH SCHLEUSE OW,2026-06-30 17:06:00+00:00,25.01,25.053197608167974,25.023145390371806,-0.030052217796169924,5,-0.013145390371803956,0.013145390371803956
DUISBURG-MEIDERICH SCHLEUSE UW,2026-06-30 17:06:00+00:00,18.24,18.32478911596534,18.021579841489693,-0.30320927447564844,5,0.21842015851030538,0.21842015851030538
DUISBURG-MEIDERICH SCHLEUSE OW,2026-06-30 17:07:00+00:00,25.01,25.053197608167974,25.024268981069387,-0.028928627098586814,5,-0.014268981069385234,0.014268981069385234
DUISBURG-MEIDERICH SCHLEUSE UW,2026-06-30 17:07:00+00:00,18.24,18.32478911596534,18.021579841489693,-0.30320927447564844,5,0.21842015851030538,0.21842015851030538
DUISBURG-MEIDERICH SCHLEUSE OW,2026-06-30 17:08:00+00:00,25.01,25.053197608167974,25.027244022492773,-0.02595358567520053,5,-0.017244022492771904,0.017244022492771904
DUISBURG-MEIDERICH SCHLEUSE UW,2026-06-30 17:08:00+00:00,18.24,18.32478911596534,18.021579841489693,-0.30320927447564844,5,0.21842015851030538,0.21842015851030538
DUISBURG-MEIDERICH SCHLEUSE OW,2026-06-30 17:09:00+00:00,25.0,25.053197608167974,25.027244022492773,-0.02595358567520053,5,-0.027244022492773468,0.027244022492773468
DUISBURG-MEIDERICH SCHLEUSE UW,2026-06-30 17:09:00+00:00,18.24,18.32478911596534,18.021579841489693,-0.30320927447564844,5,0.21842015851030538,0.21842015851030538
Basel-Rheinhalle,2026-06-30 17:10:00+00:00,527.0,513.6383010457643,512.7718658812355,-0.8664351645287931,5,14.228134118764501,14.228134118764501
DUISBURG-MEIDERICH SCHLEUSE OW,2026-06-30 17:10:00+00:00,25.0,25.053197608167974,25.027244022492773,-0.02595358567520053,5,-0.027244022492773468,0.027244022492773468
DUISBURG-MEIDERICH SCHLEUSE UW,2026-06-30 17:10:00+00:00,18.24,18.32478911596534,18.021579841489693,-0.30320927447564844,5,0.21842015851030538,0.21842015851030538
LOBITH,2026-06-30 17:10:00+00:00,642.0,704.6272024849663,704.8421154603814,0.21491297541504292,5,-62.842115460381365,62.842115460381365
DUISBURG-MEIDERICH SCHLEUSE OW,2026-06-30 17:11:00+00:00,25.0,25.053197608167974,25.027244022492773,-0.02595358567520053,5,-0.027244022492773468,0.027244022492773468
DUISBURG-MEIDERICH SCHLEUSE UW,2026-06-30 17:11:00+00:00,18.24,18.32478911596534,18.021579841489693,-0.30320927447564844,5,0.21842015851030538,0.21842015851030538
DUISBURG-MEIDERICH SCHLEUSE OW,2026-06-30 17:12:00+00:00,25.0,25.053197608167974,25.027244022492773,-0.02595358567520053,5,-0.027244022492773468,0.027244022492773468
DUISBURG-MEIDERICH SCHLEUSE UW,2026-06-30 17:12:00+00:00,18.24,18.32478911596534,18.021579841489693,-0.30320927447564844,5,0.21842015851030538,0.21842015851030538
DUISBURG-MEIDERICH SCHLEUSE OW,2026-06-30 17:13:00+00:00,25.0,25.053197608167974,25.027244022492773,-0.02595358567520053,5,-0.027244022492773468,0.027244022492773468
DUISBURG-MEIDERICH SCHLEUSE UW,2026-06-30 17:13:00+00:00,18.24,18.32478911596534,18.021579841489693,-0.30320927447564844,5,0.21842015851030538,0.21842015851030538
DUISBURG-MEIDERICH SCHLEUSE OW,2026-06-30 17:14:00+00:00,25.0,25.053197608167974,25.027244022492773,-0.02595358567520053,5,-0.027244022492773468,0.027244022492773468
DUISBURG-MEIDERICH SCHLEUSE UW,2026-06-30 17:14:00+00:00,18.24,18.32478911596534,18.021579841489693,-0.30320927447564844,5,0.21842015851030538,0.21842015851030538
Basel-Rheinhalle,2026-06-30 17:15:00+00:00,527.0,513.9389577092486,513.0725225447198,-0.8664351645287931,5,13.927477455280155,13.927477455280155
DUISBURG-MEIDERICH SCHLEUSE OW,2026-06-30 17:15:00+00:00,25.0,25.053197608167974,25.027244022492773,-0.02595358567520053,5,-0.027244022492773468,0.027244022492773468
DUISBURG-MEIDERICH SCHLEUSE UW,2026-06-30 17:15:00+00:00,18.24,18.32478911596534,18.021579841489693,-0.30320927447564844,5,0.21842015851030538,0.21842015851030538
DUISBURG-MEIDERICH SCHLEUSE OW,2026-06-30 17:16:00+00:00,25.0,25.053197608167974,25.02612043179519,-0.027077176372783642,5,-0.026120431795188637,0.026120431795188637
DUISBURG-MEIDERICH SCHLEUSE UW,2026-06-30 17:16:00+00:00,18.24,18.32478911596534,18.021579841489693,-0.30320927447564844,5,0.21842015851030538,0.21842015851030538
DUISBURG-MEIDERICH SCHLEUSE OW,2026-06-30 17:17:00+00:00,25.0,25.053197608167974,25.023145390371806,-0.030052217796169924,5,-0.02314539037180552,0.02314539037180552
DUISBURG-MEIDERICH SCHLEUSE UW,2026-06-30 17:17:00+00:00,18.24,18.32478911596534,18.021579841489693,-0.30320927447564844,5,0.21842015851030538,0.21842015851030538
DUISBURG-MEIDERICH SCHLEUSE OW,2026-06-30 17:18:00+00:00,25.0,25.053197608167974,25.023145390371806,-0.030052217796169924,5,-0.02314539037180552,0.02314539037180552
DUISBURG-MEIDERICH SCHLEUSE UW,2026-06-30 17:18:00+00:00,18.24,18.32478911596534,18.021579841489693,-0.30320927447564844,5,0.21842015851030538,0.21842015851030538
DUISBURG-MEIDERICH SCHLEUSE OW,2026-06-30 17:19:00+00:00,25.0,25.053197608167974,25.023145390371806,-0.030052217796169924,5,-0.02314539037180552,0.02314539037180552
DUISBURG-MEIDERICH SCHLEUSE UW,2026-06-30 17:19:00+00:00,18.24,18.32478911596534,18.021579841489693,-0.30320927447564844,5,0.21842015851030538,0.21842015851030538
Basel-Rheinhalle,2026-06-30 17:20:00+00:00,528.0,513.9389577092486,513.3289228456439,-0.6100348636046654,5,14.671077154356112,14.671077154356112
DUISBURG-MEIDERICH SCHLEUSE OW,2026-06-30 17:20:00+00:00,25.0,25.053197608167974,25.023145390371806,-0.030052217796169924,5,-0.02314539037180552,0.02314539037180552
DUISBURG-MEIDERICH SCHLEUSE UW,2026-06-30 17:20:00+00:00,18.24,18.32478911596534,18.021579841489693,-0.30320927447564844,5,0.21842015851030538,0.21842015851030538
DUISBURG-MEIDERICH SCHLEUSE OW,2026-06-30 17:21:00+00:00,25.0,25.053197608167974,25.023145390371806,-0.030052217796169924,5,-0.02314539037180552,0.02314539037180552
DUISBURG-MEIDERICH SCHLEUSE UW,2026-06-30 17:21:00+00:00,18.24,18.32478911596534,18.021579841489693,-0.30320927447564844,5,0.21842015851030538,0.21842015851030538
DUISBURG-MEIDERICH SCHLEUSE OW,2026-06-30 17:22:00+00:00,25.0,25.053197608167974,25.023145390371806,-0.030052217796169924,5,-0.02314539037180552,0.02314539037180552
DUISBURG-MEIDERICH SCHLEUSE UW,2026-06-30 17:22:00+00:00,18.24,18.32478911596534,18.021579841489693,-0.30320927447564844,5,0.21842015851030538,0.21842015851030538
DUISBURG-MEIDERICH SCHLEUSE OW,2026-06-30 17:23:00+00:00,25.0,25.053197608167974,25.023145390371806,-0.030052217796169924,5,-0.02314539037180552,0.02314539037180552
DUISBURG-MEIDERICH SCHLEUSE UW,2026-06-30 17:23:00+00:00,18.24,18.32478911596534,18.021579841489693,-0.30320927447564844,5,0.21842015851030538,0.21842015851030538
DUISBURG-MEIDERICH SCHLEUSE OW,2026-06-30 17:24:00+00:00,25.01,25.053197608167974,25.023145390371806,-0.030052217796169924,5,-0.013145390371803956,0.013145390371803956
DUISBURG-MEIDERICH SCHLEUSE UW,2026-06-30 17:24:00+00:00,18.24,18.32478911596534,18.021579841489693,-0.30320927447564844,5,0.21842015851030538,0.21842015851030538
Basel-Rheinhalle,2026-06-30 17:25:00+00:00,527.0,514.3747170399233,513.7646821763186,-0.6100348636046654,5,13.235317823681385,13.235317823681385
DUISBURG-MEIDERICH SCHLEUSE OW,2026-06-30 17:25:00+00:00,25.01,25.053197608167974,25.023145390371806,-0.030052217796169924,5,-0.013145390371803956,0.013145390371803956
DUISBURG-MEIDERICH SCHLEUSE UW,2026-06-30 17:25:00+00:00,18.24,18.32478911596534,18.021579841489693,-0.30320927447564844,5,0.21842015851030538,0.21842015851030538
DUISBURG-MEIDERICH SCHLEUSE OW,2026-06-30 17:26:00+00:00,25.01,25.053197608167974,25.023145390371806,-0.030052217796169924,5,-0.013145390371803956,0.013145390371803956
DUISBURG-MEIDERICH SCHLEUSE UW,2026-06-30 17:26:00+00:00,18.24,18.32478911596534,18.021579841489693,-0.30320927447564844,5,0.21842015851030538,0.21842015851030538
DUISBURG-MEIDERICH SCHLEUSE OW,2026-06-30 17:27:00+00:00,25.01,25.053197608167974,25.023145390371806,-0.030052217796169924,5,-0.013145390371803956,0.013145390371803956
DUISBURG-MEIDERICH SCHLEUSE UW,2026-06-30 17:27:00+00:00,18.24,18.32478911596534,18.021579841489693,-0.30320927447564844,5,0.21842015851030538,0.21842015851030538
DUISBURG-MEIDERICH SCHLEUSE OW,2026-06-30 17:28:00+00:00,25.01,25.053197608167974,25.023145390371806,-0.030052217796169924,5,-0.013145390371803956,0.013145390371803956
DUISBURG-MEIDERICH SCHLEUSE UW,2026-06-30 17:28:00+00:00,18.24,18.32478911596534,18.021579841489693,-0.30320927447564844,5,0.21842015851030538,0.21842015851030538
DUISBURG-MEIDERICH SCHLEUSE OW,2026-06-30 17:29:00+00:00,25.01,25.053197608167974,25.023145390371806,-0.030052217796169924,5,-0.013145390371803956,0.013145390371803956
DUISBURG-MEIDERICH SCHLEUSE UW,2026-06-30 17:29:00+00:00,18.24,18.32478911596534,18.021579841489693,-0.30320927447564844,5,0.21842015851030538,0.21842015851030538
Basel-Rheinhalle,2026-06-30 17:30:00+00:00,526.0,514.3801752908513,513.8064158082458,-0.5737594826055543,5,12.193584191754212,12.193584191754212
DUISBURG-MEIDERICH SCHLEUSE OW,2026-06-30 17:30:00+00:00,25.01,25.053197608167974,25.023145390371806,-0.030052217796169924,5,-0.013145390371803956,0.013145390371803956
DUISBURG-MEIDERICH SCHLEUSE UW,2026-06-30 17:30:00+00:00,18.24,18.32478911596534,18.021579841489693,-0.30320927447564844,5,0.21842015851030538,0.21842015851030538
DUISBURG-MEIDERICH SCHLEUSE OW,2026-06-30 17:31:00+00:00,25.01,25.053197608167974,25.024268981069387,-0.028928627098586814,5,-0.014268981069385234,0.014268981069385234
DUISBURG-MEIDERICH SCHLEUSE UW,2026-06-30 17:31:00+00:00,18.24,18.32478911596534,18.021579841489693,-0.30320927447564844,5,0.21842015851030538,0.21842015851030538
DUISBURG-MEIDERICH SCHLEUSE OW,2026-06-30 17:32:00+00:00,25.01,25.053197608167974,25.027244022492773,-0.02595358567520053,5,-0.017244022492771904,0.017244022492771904
DUISBURG-MEIDERICH SCHLEUSE UW,2026-06-30 17:32:00+00:00,18.24,18.32478911596534,18.021579841489693,-0.30320927447564844,5,0.21842015851030538,0.21842015851030538
DUISBURG-MEIDERICH SCHLEUSE OW,2026-06-30 17:33:00+00:00,25.01,25.053197608167974,25.027244022492773,-0.02595358567520053,5,-0.017244022492771904,0.017244022492771904
DUISBURG-MEIDERICH SCHLEUSE UW,2026-06-30 17:33:00+00:00,18.24,18.32478911596534,18.021579841489693,-0.30320927447564844,5,0.21842015851030538,0.21842015851030538
DUISBURG-MEIDERICH SCHLEUSE OW,2026-06-30 17:34:00+00:00,25.01,25.053197608167974,25.02612043179519,-0.027077176372783642,5,-0.016120431795187073,0.016120431795187073
DUISBURG-MEIDERICH SCHLEUSE UW,2026-06-30 17:34:00+00:00,18.24,18.32478911596534,18.021579841489693,-0.30320927447564844,5,0.21842015851030538,0.21842015851030538
Basel-Rheinhalle,2026-06-30 17:35:00+00:00,525.0,514.6677619934073,514.022315462267,-0.6454465311402953,5,10.977684537733012,10.977684537733012
DUISBURG-MEIDERICH SCHLEUSE OW,2026-06-30 17:35:00+00:00,25.0,25.053197608167974,25.023145390371806,-0.030052217796169924,5,-0.02314539037180552,0.02314539037180552
DUISBURG-MEIDERICH SCHLEUSE UW,2026-06-30 17:35:00+00:00,18.24,18.32478911596534,18.021579841489693,-0.30320927447564844,5,0.21842015851030538,0.21842015851030538
DUISBURG-MEIDERICH SCHLEUSE OW,2026-06-30 17:36:00+00:00,25.0,25.053197608167974,25.023145390371806,-0.030052217796169924,5,-0.02314539037180552,0.02314539037180552
DUISBURG-MEIDERICH SCHLEUSE UW,2026-06-30 17:36:00+00:00,18.24,18.32478911596534,18.021579841489693,-0.30320927447564844,5,0.21842015851030538,0.21842015851030538
DUISBURG-MEIDERICH SCHLEUSE OW,2026-06-30 17:37:00+00:00,25.0,25.053197608167974,25.023145390371806,-0.030052217796169924,5,-0.02314539037180552,0.02314539037180552
DUISBURG-MEIDERICH SCHLEUSE UW,2026-06-30 17:37:00+00:00,18.24,18.32478911596534,18.021579841489693,-0.30320927447564844,5,0.21842015851030538,0.21842015851030538
DUISBURG-MEIDERICH SCHLEUSE OW,2026-06-30 17:38:00+00:00,25.0,25.053197608167974,25.023145390371806,-0.030052217796169924,5,-0.02314539037180552,0.02314539037180552
DUISBURG-MEIDERICH SCHLEUSE UW,2026-06-30 17:38:00+00:00,18.24,18.32478911596534,18.021579841489693,-0.30320927447564844,5,0.21842015851030538,0.21842015851030538
DUISBURG-MEIDERICH SCHLEUSE OW,2026-06-30 17:39:00+00:00,25.01,25.053197608167974,25.023145390371806,-0.030052217796169924,5,-0.013145390371803956,0.013145390371803956
DUISBURG-MEIDERICH SCHLEUSE UW,2026-06-30 17:39:00+00:00,18.24,18.32478911596534,18.021579841489693,-0.30320927447564844,5,0.21842015851030538,0.21842015851030538
Basel-Rheinhalle,2026-06-30 17:40:00+00:00,525.0,514.4275745194324,513.4624584099123,-0.96511610952005,5,11.537541590087699,11.537541590087699
DUISBURG-MEIDERICH SCHLEUSE OW,2026-06-30 17:40:00+00:00,25.01,25.053197608167974,25.023145390371806,-0.030052217796169924,5,-0.013145390371803956,0.013145390371803956
DUISBURG-MEIDERICH SCHLEUSE UW,2026-06-30 17:40:00+00:00,18.24,18.32478911596534,18.021579841489693,-0.30320927447564844,5,0.21842015851030538,0.21842015851030538
DUISBURG-MEIDERICH SCHLEUSE OW,2026-06-30 17:41:00+00:00,25.01,25.053197608167974,25.023145390371806,-0.030052217796169924,5,-0.013145390371803956,0.013145390371803956
DUISBURG-MEIDERICH SCHLEUSE UW,2026-06-30 17:41:00+00:00,18.24,18.32478911596534,18.021579841489693,-0.30320927447564844,5,0.21842015851030538,0.21842015851030538
DUISBURG-MEIDERICH SCHLEUSE OW,2026-06-30 17:42:00+00:00,25.01,25.053197608167974,25.023145390371806,-0.030052217796169924,5,-0.013145390371803956,0.013145390371803956
DUISBURG-MEIDERICH SCHLEUSE UW,2026-06-30 17:42:00+00:00,18.25,18.32478911596534,18.021579841489693,-0.30320927447564844,5,0.22842015851030695,0.22842015851030695
DUISBURG-MEIDERICH SCHLEUSE OW,2026-06-30 17:43:00+00:00,25.01,25.053197608167974,25.023145390371806,-0.030052217796169924,5,-0.013145390371803956,0.013145390371803956
DUISBURG-MEIDERICH SCHLEUSE UW,2026-06-30 17:43:00+00:00,18.25,18.32478911596534,18.021579841489693,-0.30320927447564844,5,0.22842015851030695,0.22842015851030695
DUISBURG-MEIDERICH SCHLEUSE OW,2026-06-30 17:44:00+00:00,25.01,25.053197608167974,25.023145390371806,-0.030052217796169924,5,-0.013145390371803956,0.013145390371803956
DUISBURG-MEIDERICH SCHLEUSE UW,2026-06-30 17:44:00+00:00,18.25,18.32478911596534,18.021579841489693,-0.30320927447564844,5,0.22842015851030695,0.22842015851030695
Basel-Rheinhalle,2026-06-30 17:45:00+00:00,526.0,514.3974118536746,513.4471032499953,-0.9503086036793693,5,12.55289675000472,12.55289675000472
DUISBURG-MEIDERICH SCHLEUSE OW,2026-06-30 17:45:00+00:00,25.01,25.053197608167974,25.023145390371806,-0.030052217796169924,5,-0.013145390371803956,0.013145390371803956
DUISBURG-MEIDERICH SCHLEUSE UW,2026-06-30 17:45:00+00:00,18.25,18.32478911596534,18.021579841489693,-0.30320927447564844,5,0.22842015851030695,0.22842015851030695
DUISBURG-MEIDERICH SCHLEUSE OW,2026-06-30 17:46:00+00:00,25.01,25.053197608167974,25.023145390371806,-0.030052217796169924,5,-0.013145390371803956,0.013145390371803956
DUISBURG-MEIDERICH SCHLEUSE UW,2026-06-30 17:46:00+00:00,18.25,18.32478911596534,18.021579841489693,-0.30320927447564844,5,0.22842015851030695,0.22842015851030695
DUISBURG-MEIDERICH SCHLEUSE OW,2026-06-30 17:47:00+00:00,25.01,25.053197608167974,25.023145390371806,-0.030052217796169924,5,-0.013145390371803956,0.013145390371803956
DUISBURG-MEIDERICH SCHLEUSE UW,2026-06-30 17:47:00+00:00,18.25,18.32478911596534,18.021579841489693,-0.30320927447564844,5,0.22842015851030695,0.22842015851030695
DUISBURG-MEIDERICH SCHLEUSE OW,2026-06-30 17:48:00+00:00,25.01,25.053197608167974,25.023145390371806,-0.030052217796169924,5,-0.013145390371803956,0.013145390371803956
DUISBURG-MEIDERICH SCHLEUSE UW,2026-06-30 17:48:00+00:00,18.25,18.32478911596534,18.021579841489693,-0.30320927447564844,5,0.22842015851030695,0.22842015851030695
DUISBURG-MEIDERICH SCHLEUSE OW,2026-06-30 17:49:00+00:00,25.01,25.053197608167974,25.024268981069387,-0.028928627098586814,5,-0.014268981069385234,0.014268981069385234
DUISBURG-MEIDERICH SCHLEUSE UW,2026-06-30 17:49:00+00:00,18.25,18.32478911596534,18.021579841489693,-0.30320927447564844,5,0.22842015851030695,0.22842015851030695
Basel-Rheinhalle,2026-06-30 17:50:00+00:00,527.0,514.4028701046026,513.4525615009233,-0.9503086036793693,5,13.547438499076748,13.547438499076748
DUISBURG-MEIDERICH SCHLEUSE OW,2026-06-30 17:50:00+00:00,25.01,25.053197608167974,25.027244022492773,-0.02595358567520053,5,-0.017244022492771904,0.017244022492771904
DUISBURG-MEIDERICH SCHLEUSE UW,2026-06-30 17:50:00+00:00,18.25,18.32478911596534,18.021579841489693,-0.30320927447564844,5,0.22842015851030695,0.22842015851030695
DUISBURG-MEIDERICH SCHLEUSE OW,2026-06-30 17:51:00+00:00,25.01,25.053197608167974,25.027244022492773,-0.02595358567520053,5,-0.017244022492771904,0.017244022492771904
DUISBURG-MEIDERICH SCHLEUSE UW,2026-06-30 17:51:00+00:00,18.25,18.32478911596534,18.021579841489693,-0.30320927447564844,5,0.22842015851030695,0.22842015851030695
DUISBURG-MEIDERICH SCHLEUSE OW,2026-06-30 17:52:00+00:00,25.01,25.053197608167974,25.027244022492773,-0.02595358567520053,5,-0.017244022492771904,0.017244022492771904
DUISBURG-MEIDERICH SCHLEUSE UW,2026-06-30 17:52:00+00:00,18.25,18.32478911596534,18.021579841489693,-0.30320927447564844,5,0.22842015851030695,0.22842015851030695
DUISBURG-MEIDERICH SCHLEUSE OW,2026-06-30 17:53:00+00:00,25.01,25.053197608167974,25.027244022492773,-0.02595358567520053,5,-0.017244022492771904,0.017244022492771904
DUISBURG-MEIDERICH SCHLEUSE UW,2026-06-30 17:53:00+00:00,18.25,18.32478911596534,18.021579841489693,-0.30320927447564844,5,0.22842015851030695,0.22842015851030695
DUISBURG-MEIDERICH SCHLEUSE OW,2026-06-30 17:54:00+00:00,25.01,25.053197608167974,25.027244022492773,-0.02595358567520053,5,-0.017244022492771904,0.017244022492771904
DUISBURG-MEIDERICH SCHLEUSE UW,2026-06-30 17:54:00+00:00,18.25,18.32478911596534,18.021579841489693,-0.30320927447564844,5,0.22842015851030695,0.22842015851030695
Basel-Rheinhalle,2026-06-30 17:55:00+00:00,528.0,513.9059658422702,512.8890560970611,-1.0169097452090423,5,15.110943902938857,15.110943902938857
DUISBURG-MEIDERICH SCHLEUSE OW,2026-06-30 17:55:00+00:00,25.01,25.053197608167974,25.027244022492773,-0.02595358567520053,5,-0.017244022492771904,0.017244022492771904
DUISBURG-MEIDERICH SCHLEUSE UW,2026-06-30 17:55:00+00:00,18.25,18.32478911596534,18.021579841489693,-0.30320927447564844,5,0.22842015851030695,0.22842015851030695
DUISBURG-MEIDERICH SCHLEUSE OW,2026-06-30 17:56:00+00:00,25.01,25.053197608167974,25.027244022492773,-0.02595358567520053,5,-0.017244022492771904,0.017244022492771904
DUISBURG-MEIDERICH SCHLEUSE UW,2026-06-30 17:56:00+00:00,18.25,18.32478911596534,18.021579841489693,-0.30320927447564844,5,0.22842015851030695,0.22842015851030695
DUISBURG-MEIDERICH SCHLEUSE OW,2026-06-30 17:57:00+00:00,25.01,25.053197608167974,25.027244022492773,-0.02595358567520053,5,-0.017244022492771904,0.017244022492771904
DUISBURG-MEIDERICH SCHLEUSE UW,2026-06-30 17:57:00+00:00,18.25,18.32478911596534,18.021579841489693,-0.30320927447564844,5,0.22842015851030695,0.22842015851030695
DUISBURG-MEIDERICH SCHLEUSE OW,2026-06-30 17:58:00+00:00,25.01,25.053197608167974,25.027244022492773,-0.02595358567520053,5,-0.017244022492771904,0.017244022492771904
DUISBURG-MEIDERICH SCHLEUSE UW,2026-06-30 17:58:00+00:00,18.25,18.32478911596534,18.021579841489693,-0.30320927447564844,5,0.22842015851030695,0.22842015851030695
DUISBURG-MEIDERICH SCHLEUSE OW,2026-06-30 17:59:00+00:00,25.01,25.053197608167974,25.027244022492773,-0.02595358567520053,5,-0.017244022492771904,0.017244022492771904
DUISBURG-MEIDERICH SCHLEUSE UW,2026-06-30 17:59:00+00:00,18.25,18.32478911596534,18.021579841489693,-0.30320927447564844,5,0.22842015851030695,0.22842015851030695
Basel-Rheinhalle,2026-06-30 18:00:00+00:00,528.0,514.4061048357526,513.8709527035542,-0.5351521321983621,5,14.129047296445833,14.129047296445833
DUISBURG-MEIDERICH SCHLEUSE OW,2026-06-30 18:00:00+00:00,25.01,24.415566019584986,24.633751671660885,0.21818565207589866,5,0.37624832833911626,0.37624832833911626
DUISBURG-MEIDERICH SCHLEUSE UW,2026-06-30 18:00:00+00:00,18.25,17.687157527382354,17.87544611268827,0.18828858530591575,5,0.37455388731173045,0.37455388731173045
DUISBURG-MEIDERICH SCHLEUSE OW,2026-06-30 18:01:00+00:00,25.01,24.482801629890666,24.700987281966565,0.21818565207589866,5,0.30901271803343633,0.30901271803343633
DUISBURG-MEIDERICH SCHLEUSE UW,2026-06-30 18:01:00+00:00,18.25,17.754393137688034,17.94268172299395,0.18828858530591575,5,0.3073182770060505,0.3073182770060505
DUISBURG-MEIDERICH SCHLEUSE OW,2026-06-30 18:02:00+00:00,25.01,24.482801629890666,24.700987281966565,0.21818565207589866,5,0.30901271803343633,0.30901271803343633
DUISBURG-MEIDERICH SCHLEUSE UW,2026-06-30 18:02:00+00:00,18.25,17.754393137688034,17.94268172299395,0.18828858530591575,5,0.3073182770060505,0.3073182770060505
DUISBURG-MEIDERICH SCHLEUSE OW,2026-06-30 18:03:00+00:00,25.01,24.408899428762126,24.627085080838025,0.21818565207589866,5,0.3829149191619763,0.3829149191619763
DUISBURG-MEIDERICH SCHLEUSE UW,2026-06-30 18:03:00+00:00,18.25,17.680490936559494,17.86877952186541,0.18828858530591575,5,0.3812204781345905,0.3812204781345905
DUISBURG-MEIDERICH SCHLEUSE OW,2026-06-30 18:04:00+00:00,25.01,24.408899428762126,24.627085080838025,0.21818565207589866,5,0.3829149191619763,0.3829149191619763
DUISBURG-MEIDERICH SCHLEUSE UW,2026-06-30 18:04:00+00:00,18.25,17.680490936559494,17.86877952186541,0.18828858530591575,5,0.3812204781345905,0.3812204781345905
Basel-Rheinhalle,2026-06-30 18:05:00+00:00,528.0,514.1614134142773,513.5909256970001,-0.5704877172772091,5,14.409074302999898,14.409074302999898
DUISBURG-MEIDERICH SCHLEUSE OW,2026-06-30 18:05:00+00:00,25.01,24.408899428762126,24.627085080838025,0.21818565207589866,5,0.3829149191619763,0.3829149191619763
DUISBURG-MEIDERICH SCHLEUSE UW,2026-06-30 18:05:00+00:00,18.25,17.680490936559494,17.86877952186541,0.18828858530591575,5,0.3812204781345905,0.3812204781345905
DUISBURG-MEIDERICH SCHLEUSE OW,2026-06-30 18:06:00+00:00,25.01,24.408899428762126,24.627085080838025,0.21818565207589866,5,0.3829149191619763,0.3829149191619763
DUISBURG-MEIDERICH SCHLEUSE UW,2026-06-30 18:06:00+00:00,18.25,17.680490936559494,17.86877952186541,0.18828858530591575,5,0.3812204781345905,0.3812204781345905
DUISBURG-MEIDERICH SCHLEUSE OW,2026-06-30 18:07:00+00:00,25.01,24.408899428762126,24.627085080838025,0.21818565207589866,5,0.3829149191619763,0.3829149191619763
DUISBURG-MEIDERICH SCHLEUSE UW,2026-06-30 18:07:00+00:00,18.25,17.680490936559494,17.86877952186541,0.18828858530591575,5,0.3812204781345905,0.3812204781345905
DUISBURG-MEIDERICH SCHLEUSE OW,2026-06-30 18:08:00+00:00,25.01,24.408899428762126,24.627085080838025,0.21818565207589866,5,0.3829149191619763,0.3829149191619763
DUISBURG-MEIDERICH SCHLEUSE UW,2026-06-30 18:08:00+00:00,18.25,17.680490936559494,17.86877952186541,0.18828858530591575,5,0.3812204781345905,0.3812204781345905
DUISBURG-MEIDERICH SCHLEUSE OW,2026-06-30 18:09:00+00:00,25.01,24.408899428762126,24.627085080838025,0.21818565207589866,5,0.3829149191619763,0.3829149191619763
DUISBURG-MEIDERICH SCHLEUSE UW,2026-06-30 18:09:00+00:00,18.25,17.680490936559494,17.86877952186541,0.18828858530591575,5,0.3812204781345905,0.3812204781345905
Basel-Rheinhalle,2026-06-30 18:10:00+00:00,528.0,514.2631059733421,513.6678303665117,-0.5952756068304946,5,14.33216963348832,14.33216963348832
DUISBURG-MEIDERICH SCHLEUSE OW,2026-06-30 18:10:00+00:00,25.01,24.408899428762126,24.627085080838025,0.21818565207589866,5,0.3829149191619763,0.3829149191619763
DUISBURG-MEIDERICH SCHLEUSE UW,2026-06-30 18:10:00+00:00,18.24,17.680490936559494,17.86877952186541,0.18828858530591575,5,0.3712204781345889,0.3712204781345889
DUISBURG-MEIDERICH SCHLEUSE OW,2026-06-30 18:11:00+00:00,25.01,24.408899428762126,24.627085080838025,0.21818565207589866,5,0.3829149191619763,0.3829149191619763
DUISBURG-MEIDERICH SCHLEUSE UW,2026-06-30 18:11:00+00:00,18.24,17.680490936559494,17.86877952186541,0.18828858530591575,5,0.3712204781345889,0.3712204781345889
DUISBURG-MEIDERICH SCHLEUSE OW,2026-06-30 18:12:00+00:00,25.01,24.408899428762126,24.627085080838025,0.21818565207589866,5,0.3829149191619763,0.3829149191619763
DUISBURG-MEIDERICH SCHLEUSE UW,2026-06-30 18:12:00+00:00,18.24,17.680490936559494,17.86877952186541,0.18828858530591575,5,0.3712204781345889,0.3712204781345889
DUISBURG-MEIDERICH SCHLEUSE OW,2026-06-30 18:13:00+00:00,25.01,24.408899428762126,24.627085080838025,0.21818565207589866,5,0.3829149191619763,0.3829149191619763
DUISBURG-MEIDERICH SCHLEUSE UW,2026-06-30 18:13:00+00:00,18.24,17.680490936559494,17.86877952186541,0.18828858530591575,5,0.3712204781345889,0.3712204781345889
DUISBURG-MEIDERICH SCHLEUSE OW,2026-06-30 18:14:00+00:00,25.01,24.408899428762126,24.627085080838025,0.21818565207589866,5,0.3829149191619763,0.3829149191619763
DUISBURG-MEIDERICH SCHLEUSE UW,2026-06-30 18:14:00+00:00,18.24,17.680490936559494,17.86877952186541,0.18828858530591575,5,0.3712204781345889,0.3712204781345889
Basel-Rheinhalle,2026-06-30 18:15:00+00:00,528.0,514.2135001745037,513.5024651195404,-0.7110350549633139,5,14.497534880459625,14.497534880459625
DUISBURG-MEIDERICH SCHLEUSE OW,2026-06-30 18:15:00+00:00,25.01,24.408899428762126,24.627085080838025,0.21818565207589866,5,0.3829149191619763,0.3829149191619763
DUISBURG-MEIDERICH SCHLEUSE UW,2026-06-30 18:15:00+00:00,18.24,17.680490936559494,17.86877952186541,0.18828858530591575,5,0.3712204781345889,0.3712204781345889
DUISBURG-MEIDERICH SCHLEUSE OW,2026-06-30 18:16:00+00:00,25.01,24.408899428762126,24.627085080838025,0.21818565207589866,5,0.3829149191619763,0.3829149191619763
DUISBURG-MEIDERICH SCHLEUSE UW,2026-06-30 18:16:00+00:00,18.24,17.680490936559494,17.86877952186541,0.18828858530591575,5,0.3712204781345889,0.3712204781345889
DUISBURG-MEIDERICH SCHLEUSE OW,2026-06-30 18:17:00+00:00,25.01,24.408899428762126,24.627085080838025,0.21818565207589866,5,0.3829149191619763,0.3829149191619763
DUISBURG-MEIDERICH SCHLEUSE UW,2026-06-30 18:17:00+00:00,18.24,17.680490936559494,17.86877952186541,0.18828858530591575,5,0.3712204781345889,0.3712204781345889
DUISBURG-MEIDERICH SCHLEUSE OW,2026-06-30 18:18:00+00:00,25.01,24.408899428762126,24.627085080838025,0.21818565207589866,5,0.3829149191619763,0.3829149191619763
DUISBURG-MEIDERICH SCHLEUSE UW,2026-06-30 18:18:00+00:00,18.24,17.680490936559494,17.86877952186541,0.18828858530591575,5,0.3712204781345889,0.3712204781345889
DUISBURG-MEIDERICH SCHLEUSE OW,2026-06-30 18:19:00+00:00,25.01,24.408899428762126,24.627085080838025,0.21818565207589866,5,0.3829149191619763,0.3829149191619763
DUISBURG-MEIDERICH SCHLEUSE UW,2026-06-30 18:19:00+00:00,18.25,17.680490936559494,17.86877952186541,0.18828858530591575,5,0.3812204781345905,0.3812204781345905
Basel-Rheinhalle,2026-06-30 18:20:00+00:00,529.0,513.9999176898891,513.1334825253604,-0.8664351645287931,5,15.866517474639636,15.866517474639636
DUISBURG-MEIDERICH SCHLEUSE OW,2026-06-30 18:20:00+00:00,25.01,24.408899428762126,24.627085080838025,0.21818565207589866,5,0.3829149191619763,0.3829149191619763
DUISBURG-MEIDERICH SCHLEUSE UW,2026-06-30 18:20:00+00:00,18.25,17.680490936559494,17.86877952186541,0.18828858530591575,5,0.3812204781345905,0.3812204781345905
DUISBURG-MEIDERICH SCHLEUSE OW,2026-06-30 18:21:00+00:00,25.01,24.408899428762126,24.627085080838025,0.21818565207589866,5,0.3829149191619763,0.3829149191619763
DUISBURG-MEIDERICH SCHLEUSE UW,2026-06-30 18:21:00+00:00,18.25,17.680490936559494,17.86877952186541,0.18828858530591575,5,0.3812204781345905,0.3812204781345905
DUISBURG-MEIDERICH SCHLEUSE OW,2026-06-30 18:22:00+00:00,25.01,24.408899428762126,24.627085080838025,0.21818565207589866,5,0.3829149191619763,0.3829149191619763
DUISBURG-MEIDERICH SCHLEUSE UW,2026-06-30 18:22:00+00:00,18.25,17.680490936559494,17.86877952186541,0.18828858530591575,5,0.3812204781345905,0.3812204781345905
DUISBURG-MEIDERICH SCHLEUSE OW,2026-06-30 18:23:00+00:00,25.01,24.408899428762126,24.627085080838025,0.21818565207589866,5,0.3829149191619763,0.3829149191619763
DUISBURG-MEIDERICH SCHLEUSE UW,2026-06-30 18:23:00+00:00,18.25,17.680490936559494,17.86877952186541,0.18828858530591575,5,0.3812204781345905,0.3812204781345905
DUISBURG-MEIDERICH SCHLEUSE OW,2026-06-30 18:24:00+00:00,25.01,24.408899428762126,24.627085080838025,0.21818565207589866,5,0.3829149191619763,0.3829149191619763
DUISBURG-MEIDERICH SCHLEUSE UW,2026-06-30 18:24:00+00:00,18.25,17.680490936559494,17.86877952186541,0.18828858530591575,5,0.3812204781345905,0.3812204781345905
Basel-Rheinhalle,2026-06-30 18:25:00+00:00,529.0,514.677432077063,513.7822889264713,-0.8951431505917357,5,15.217711073528676,15.217711073528676
DUISBURG-MEIDERICH SCHLEUSE OW,2026-06-30 18:25:00+00:00,25.01,24.408899428762126,24.627085080838025,0.21818565207589866,5,0.3829149191619763,0.3829149191619763
DUISBURG-MEIDERICH SCHLEUSE UW,2026-06-30 18:25:00+00:00,18.25,17.680490936559494,17.86877952186541,0.18828858530591575,5,0.3812204781345905,0.3812204781345905
DUISBURG-MEIDERICH SCHLEUSE OW,2026-06-30 18:26:00+00:00,25.01,24.408899428762126,24.627085080838025,0.21818565207589866,5,0.3829149191619763,0.3829149191619763
DUISBURG-MEIDERICH SCHLEUSE UW,2026-06-30 18:26:00+00:00,18.25,17.680490936559494,17.86877952186541,0.18828858530591575,5,0.3812204781345905,0.3812204781345905
DUISBURG-MEIDERICH SCHLEUSE OW,2026-06-30 18:27:00+00:00,25.01,24.408899428762126,24.627085080838025,0.21818565207589866,5,0.3829149191619763,0.3829149191619763
DUISBURG-MEIDERICH SCHLEUSE UW,2026-06-30 18:27:00+00:00,18.25,17.680490936559494,17.86877952186541,0.18828858530591575,5,0.3812204781345905,0.3812204781345905
DUISBURG-MEIDERICH SCHLEUSE OW,2026-06-30 18:28:00+00:00,25.01,24.408899428762126,24.627085080838025,0.21818565207589866,5,0.3829149191619763,0.3829149191619763
DUISBURG-MEIDERICH SCHLEUSE UW,2026-06-30 18:28:00+00:00,18.25,17.680490936559494,17.86877952186541,0.18828858530591575,5,0.3812204781345905,0.3812204781345905
DUISBURG-MEIDERICH SCHLEUSE OW,2026-06-30 18:29:00+00:00,25.01,24.408899428762126,24.627085080838025,0.21818565207589866,5,0.3829149191619763,0.3829149191619763
DUISBURG-MEIDERICH SCHLEUSE UW,2026-06-30 18:29:00+00:00,18.25,17.680490936559494,17.86877952186541,0.18828858530591575,5,0.3812204781345905,0.3812204781345905
Basel-Rheinhalle,2026-06-30 18:30:00+00:00,530.0,514.7966682387934,513.9819732454222,-0.814694993371181,5,16.018026754577818,16.018026754577818
DUISBURG-MEIDERICH SCHLEUSE OW,2026-06-30 18:30:00+00:00,25.01,24.408899428762126,24.627085080838025,0.21818565207589866,5,0.3829149191619763,0.3829149191619763
DUISBURG-MEIDERICH SCHLEUSE UW,2026-06-30 18:30:00+00:00,18.25,17.680490936559494,17.86877952186541,0.18828858530591575,5,0.3812204781345905,0.3812204781345905
DUISBURG-MEIDERICH SCHLEUSE OW,2026-06-30 18:31:00+00:00,25.01,24.408899428762126,24.627085080838025,0.21818565207589866,5,0.3829149191619763,0.3829149191619763
DUISBURG-MEIDERICH SCHLEUSE UW,2026-06-30 18:31:00+00:00,18.25,17.680490936559494,17.86877952186541,0.18828858530591575,5,0.3812204781345905,0.3812204781345905
DUISBURG-MEIDERICH SCHLEUSE OW,2026-06-30 18:32:00+00:00,25.01,24.408899428762126,24.627085080838025,0.21818565207589866,5,0.3829149191619763,0.3829149191619763
DUISBURG-MEIDERICH SCHLEUSE UW,2026-06-30 18:32:00+00:00,18.25,17.680490936559494,17.86877952186541,0.18828858530591575,5,0.3812204781345905,0.3812204781345905
DUISBURG-MEIDERICH SCHLEUSE OW,2026-06-30 18:33:00+00:00,25.02,24.408899428762126,24.627085080838025,0.21818565207589866,5,0.3929149191619743,0.3929149191619743
DUISBURG-MEIDERICH SCHLEUSE UW,2026-06-30 18:33:00+00:00,18.25,17.680490936559494,17.86877952186541,0.18828858530591575,5,0.3812204781345905,0.3812204781345905
DUISBURG-MEIDERICH SCHLEUSE OW,2026-06-30 18:34:00+00:00,25.02,24.408899428762126,24.627085080838025,0.21818565207589866,5,0.3929149191619743,0.3929149191619743
DUISBURG-MEIDERICH SCHLEUSE UW,2026-06-30 18:34:00+00:00,18.25,17.680490936559494,17.86877952186541,0.18828858530591575,5,0.3812204781345905,0.3812204781345905
Basel-Rheinhalle,2026-06-30 18:35:00+00:00,531.0,514.3108001840155,513.6486271819396,-0.662173002075953,5,17.35137281806044,17.35137281806044
DUISBURG-MEIDERICH SCHLEUSE OW,2026-06-30 18:35:00+00:00,25.01,24.408899428762126,24.627085080838025,0.21818565207589866,5,0.3829149191619763,0.3829149191619763
DUISBURG-MEIDERICH SCHLEUSE UW,2026-06-30 18:35:00+00:00,18.25,17.680490936559494,17.86877952186541,0.18828858530591575,5,0.3812204781345905,0.3812204781345905
DUISBURG-MEIDERICH SCHLEUSE OW,2026-06-30 18:36:00+00:00,25.01,24.408899428762126,24.627085080838025,0.21818565207589866,5,0.3829149191619763,0.3829149191619763
DUISBURG-MEIDERICH SCHLEUSE UW,2026-06-30 18:36:00+00:00,18.25,17.680490936559494,17.86877952186541,0.18828858530591575,5,0.3812204781345905,0.3812204781345905
DUISBURG-MEIDERICH SCHLEUSE OW,2026-06-30 18:37:00+00:00,25.01,24.408899428762126,24.627085080838025,0.21818565207589866,5,0.3829149191619763,0.3829149191619763
DUISBURG-MEIDERICH SCHLEUSE UW,2026-06-30 18:37:00+00:00,18.26,17.680490936559494,17.86877952186541,0.18828858530591575,5,0.39122047813459204,0.39122047813459204
DUISBURG-MEIDERICH SCHLEUSE OW,2026-06-30 18:38:00+00:00,25.01,24.408899428762126,24.627085080838025,0.21818565207589866,5,0.3829149191619763,0.3829149191619763
DUISBURG-MEIDERICH SCHLEUSE UW,2026-06-30 18:38:00+00:00,18.26,17.680490936559494,17.86877952186541,0.18828858530591575,5,0.39122047813459204,0.39122047813459204
DUISBURG-MEIDERICH SCHLEUSE OW,2026-06-30 18:39:00+00:00,25.02,24.408899428762126,24.627085080838025,0.21818565207589866,5,0.3929149191619743,0.3929149191619743
DUISBURG-MEIDERICH SCHLEUSE UW,2026-06-30 18:39:00+00:00,18.26,17.680490936559494,17.86877952186541,0.18828858530591575,5,0.39122047813459204,0.39122047813459204
Basel-Rheinhalle,2026-06-30 18:40:00+00:00,531.0,513.8229524926343,513.0452305835813,-0.7777219090530083,5,17.954769416418685,17.954769416418685
DUISBURG-MEIDERICH SCHLEUSE OW,2026-06-30 18:40:00+00:00,25.02,24.408899428762126,24.627085080838025,0.21818565207589866,5,0.3929149191619743,0.3929149191619743
DUISBURG-MEIDERICH SCHLEUSE UW,2026-06-30 18:40:00+00:00,18.26,17.680490936559494,17.86877952186541,0.18828858530591575,5,0.39122047813459204,0.39122047813459204
DUISBURG-MEIDERICH SCHLEUSE OW,2026-06-30 18:41:00+00:00,25.02,24.408899428762126,24.627085080838025,0.21818565207589866,5,0.3929149191619743,0.3929149191619743
DUISBURG-MEIDERICH SCHLEUSE UW,2026-06-30 18:41:00+00:00,18.26,17.680490936559494,17.86877952186541,0.18828858530591575,5,0.39122047813459204,0.39122047813459204
DUISBURG-MEIDERICH SCHLEUSE OW,2026-06-30 18:42:00+00:00,25.02,24.408899428762126,24.627085080838025,0.21818565207589866,5,0.3929149191619743,0.3929149191619743
DUISBURG-MEIDERICH SCHLEUSE UW,2026-06-30 18:42:00+00:00,18.26,17.680490936559494,17.86877952186541,0.18828858530591575,5,0.39122047813459204,0.39122047813459204
DUISBURG-MEIDERICH SCHLEUSE OW,2026-06-30 18:43:00+00:00,25.02,24.408899428762126,24.627085080838025,0.21818565207589866,5,0.3929149191619743,0.3929149191619743
DUISBURG-MEIDERICH SCHLEUSE UW,2026-06-30 18:43:00+00:00,18.26,17.680490936559494,17.86877952186541,0.18828858530591575,5,0.39122047813459204,0.39122047813459204
DUISBURG-MEIDERICH SCHLEUSE OW,2026-06-30 18:44:00+00:00,25.02,24.408899428762126,24.627085080838025,0.21818565207589866,5,0.3929149191619743,0.3929149191619743
DUISBURG-MEIDERICH SCHLEUSE UW,2026-06-30 18:44:00+00:00,18.26,17.680490936559494,17.86877952186541,0.18828858530591575,5,0.39122047813459204,0.39122047813459204
Basel-Rheinhalle,2026-06-30 18:45:00+00:00,532.0,513.3176380414927,512.4241566843069,-0.8934813571858274,5,19.575843315693078,19.575843315693078
DUISBURG-MEIDERICH SCHLEUSE OW,2026-06-30 18:45:00+00:00,25.02,24.408899428762126,24.627085080838025,0.21818565207589866,5,0.3929149191619743,0.3929149191619743
DUISBURG-MEIDERICH SCHLEUSE UW,2026-06-30 18:45:00+00:00,18.26,17.680490936559494,17.86877952186541,0.18828858530591575,5,0.39122047813459204,0.39122047813459204
DUISBURG-MEIDERICH SCHLEUSE OW,2026-06-30 18:46:00+00:00,25.02,24.408899428762126,24.627085080838025,0.21818565207589866,5,0.3929149191619743,0.3929149191619743
DUISBURG-MEIDERICH SCHLEUSE UW,2026-06-30 18:46:00+00:00,18.26,17.680490936559494,17.86877952186541,0.18828858530591575,5,0.39122047813459204,0.39122047813459204
DUISBURG-MEIDERICH SCHLEUSE OW,2026-06-30 18:47:00+00:00,25.02,24.408899428762126,24.627085080838025,0.21818565207589866,5,0.3929149191619743,0.3929149191619743
DUISBURG-MEIDERICH SCHLEUSE UW,2026-06-30 18:47:00+00:00,18.27,17.680490936559494,17.86877952186541,0.18828858530591575,5,0.40122047813459005,0.40122047813459005
DUISBURG-MEIDERICH SCHLEUSE OW,2026-06-30 18:48:00+00:00,25.02,24.408899428762126,24.627085080838025,0.21818565207589866,5,0.3929149191619743,0.3929149191619743
DUISBURG-MEIDERICH SCHLEUSE UW,2026-06-30 18:48:00+00:00,18.27,17.680490936559494,17.86877952186541,0.18828858530591575,5,0.40122047813459005,0.40122047813459005
DUISBURG-MEIDERICH SCHLEUSE OW,2026-06-30 18:49:00+00:00,25.02,24.408899428762126,24.627085080838025,0.21818565207589866,5,0.3929149191619743,0.3929149191619743
DUISBURG-MEIDERICH SCHLEUSE UW,2026-06-30 18:49:00+00:00,18.27,17.680490936559494,17.86877952186541,0.18828858530591575,5,0.40122047813459005,0.40122047813459005
Basel-Rheinhalle,2026-06-30 18:50:00+00:00,532.0,512.9410808203957,511.91299929033073,-1.0280815300648998,5,20.08700070966927,20.08700070966927
DUISBURG-MEIDERICH SCHLEUSE OW,2026-06-30 18:50:00+00:00,25.02,24.408899428762126,24.627085080838025,0.21818565207589866,5,0.3929149191619743,0.3929149191619743
DUISBURG-MEIDERICH SCHLEUSE UW,2026-06-30 18:50:00+00:00,18.26,17.680490936559494,17.86877952186541,0.18828858530591575,5,0.39122047813459204,0.39122047813459204
DUISBURG-MEIDERICH SCHLEUSE OW,2026-06-30 18:51:00+00:00,25.02,24.408899428762126,24.627085080838025,0.21818565207589866,5,0.3929149191619743,0.3929149191619743
DUISBURG-MEIDERICH SCHLEUSE UW,2026-06-30 18:51:00+00:00,18.26,17.680490936559494,17.86877952186541,0.18828858530591575,5,0.39122047813459204,0.39122047813459204
DUISBURG-MEIDERICH SCHLEUSE OW,2026-06-30 18:52:00+00:00,25.02,24.408899428762126,24.627085080838025,0.21818565207589866,5,0.3929149191619743,0.3929149191619743
DUISBURG-MEIDERICH SCHLEUSE UW,2026-06-30 18:52:00+00:00,18.26,17.680490936559494,17.86877952186541,0.18828858530591575,5,0.39122047813459204,0.39122047813459204
DUISBURG-MEIDERICH SCHLEUSE OW,2026-06-30 18:53:00+00:00,25.02,24.408899428762126,24.627085080838025,0.21818565207589866,5,0.3929149191619743,0.3929149191619743
DUISBURG-MEIDERICH SCHLEUSE UW,2026-06-30 18:53:00+00:00,18.26,17.680490936559494,17.86877952186541,0.18828858530591575,5,0.39122047813459204,0.39122047813459204
DUISBURG-MEIDERICH SCHLEUSE OW,2026-06-30 18:54:00+00:00,25.02,24.408899428762126,24.627085080838025,0.21818565207589866,5,0.3929149191619743,0.3929149191619743
DUISBURG-MEIDERICH SCHLEUSE UW,2026-06-30 18:54:00+00:00,18.26,17.680490936559494,17.86877952186541,0.18828858530591575,5,0.39122047813459204,0.39122047813459204
Basel-Rheinhalle,2026-06-30 18:55:00+00:00,532.0,512.8567617840694,511.880206463409,-0.9765553206603501,5,20.119793536590976,20.119793536590976
DUISBURG-MEIDERICH SCHLEUSE OW,2026-06-30 18:55:00+00:00,25.02,24.408899428762126,24.627085080838025,0.21818565207589866,5,0.3929149191619743,0.3929149191619743
DUISBURG-MEIDERICH SCHLEUSE UW,2026-06-30 18:55:00+00:00,18.26,17.680490936559494,17.86877952186541,0.18828858530591575,5,0.39122047813459204,0.39122047813459204
DUISBURG-MEIDERICH SCHLEUSE OW,2026-06-30 18:56:00+00:00,25.02,24.408899428762126,24.627085080838025,0.21818565207589866,5,0.3929149191619743,0.3929149191619743
DUISBURG-MEIDERICH SCHLEUSE UW,2026-06-30 18:56:00+00:00,18.27,17.680490936559494,17.86877952186541,0.18828858530591575,5,0.40122047813459005,0.40122047813459005
DUISBURG-MEIDERICH SCHLEUSE OW,2026-06-30 18:57:00+00:00,25.02,24.408899428762126,24.627085080838025,0.21818565207589866,5,0.3929149191619743,0.3929149191619743
DUISBURG-MEIDERICH SCHLEUSE UW,2026-06-30 18:57:00+00:00,18.27,17.680490936559494,17.86877952186541,0.18828858530591575,5,0.40122047813459005,0.40122047813459005
DUISBURG-MEIDERICH SCHLEUSE OW,2026-06-30 18:58:00+00:00,25.02,24.546694586051572,24.76488023812747,0.21818565207589866,5,0.2551197618725283,0.2551197618725283
DUISBURG-MEIDERICH SCHLEUSE UW,2026-06-30 18:58:00+00:00,18.27,17.680490936559494,17.86877952186541,0.18828858530591575,5,0.40122047813459005,0.40122047813459005
DUISBURG-MEIDERICH SCHLEUSE OW,2026-06-30 18:59:00+00:00,25.02,24.546694586051572,24.76488023812747,0.21818565207589866,5,0.2551197618725283,0.2551197618725283
DUISBURG-MEIDERICH SCHLEUSE UW,2026-06-30 18:59:00+00:00,18.27,17.680490936559494,17.86877952186541,0.18828858530591575,5,0.40122047813459005,0.40122047813459005
Basel-Rheinhalle,2026-06-30 19:00:00+00:00,485.0,513.3857665883834,512.3795639035449,-1.0062026848385655,5,-27.379563903544863,27.379563903544863
DUISBURG-MEIDERICH SCHLEUSE OW,2026-06-30 19:00:00+00:00,25.02,24.948230127021112,24.98099793259845,0.03276780557733597,5,0.03900206740155099,0.03900206740155099
DUISBURG-MEIDERICH SCHLEUSE UW,2026-06-30 19:00:00+00:00,18.27,18.082026477529034,18.27031506283495,0.18828858530591575,5,-0.00031506283495019716,0.00031506283495019716
DUISBURG-MEIDERICH SCHLEUSE OW,2026-06-30 19:01:00+00:00,25.02,25.015465737326792,25.01738892614119,0.001923188814397943,5,0.0026110738588087656,0.0026110738588087656
DUISBURG-MEIDERICH SCHLEUSE UW,2026-06-30 19:01:00+00:00,18.27,18.149262087834714,18.33755067314063,0.18828858530591575,5,-0.06755067314063012,0.06755067314063012
DUISBURG-MEIDERICH SCHLEUSE OW,2026-06-30 19:02:00+00:00,25.02,24.877670580037346,25.095856232113245,0.21818565207589866,5,-0.07585623211324588,0.07585623211324588
DUISBURG-MEIDERICH SCHLEUSE UW,2026-06-30 19:02:00+00:00,18.27,18.149262087834714,18.33755067314063,0.18828858530591575,5,-0.06755067314063012,0.06755067314063012
DUISBURG-MEIDERICH SCHLEUSE OW,2026-06-30 19:03:00+00:00,25.02,24.810434969731666,25.028620621807566,0.21818565207589866,5,-0.008620621807565954,0.008620621807565954
DUISBURG-MEIDERICH SCHLEUSE UW,2026-06-30 19:03:00+00:00,18.27,18.082026477529034,18.27031506283495,0.18828858530591575,5,-0.00031506283495019716,0.00031506283495019716
DUISBURG-MEIDERICH SCHLEUSE OW,2026-06-30 19:04:00+00:00,25.02,24.948230127021112,24.98099793259845,0.03276780557733597,5,0.03900206740155099,0.03900206740155099
DUISBURG-MEIDERICH SCHLEUSE UW,2026-06-30 19:04:00+00:00,18.27,18.082026477529034,18.27031506283495,0.18828858530591575,5,-0.00031506283495019716,0.00031506283495019716
Basel-Rheinhalle,2026-06-30 19:05:00+00:00,483.0,513.369823300238,512.3454027914937,-1.0244205087442835,5,-29.34540279149371,29.34540279149371
DUISBURG-MEIDERICH SCHLEUSE OW,2026-06-30 19:05:00+00:00,25.02,24.948230127021112,24.98099793259845,0.03276780557733597,5,0.03900206740155099,0.03900206740155099
DUISBURG-MEIDERICH SCHLEUSE UW,2026-06-30 19:05:00+00:00,18.27,18.082026477529034,18.27031506283495,0.18828858530591575,5,-0.00031506283495019716,0.00031506283495019716
DUISBURG-MEIDERICH SCHLEUSE OW,2026-06-30 19:06:00+00:00,25.02,24.948230127021112,24.98099793259845,0.03276780557733597,5,0.03900206740155099,0.03900206740155099
DUISBURG-MEIDERICH SCHLEUSE UW,2026-06-30 19:06:00+00:00,18.27,18.082026477529034,18.27031506283495,0.18828858530591575,5,-0.00031506283495019716,0.00031506283495019716
DUISBURG-MEIDERICH SCHLEUSE OW,2026-06-30 19:07:00+00:00,25.02,24.948230127021112,24.98099793259845,0.03276780557733597,5,0.03900206740155099,0.03900206740155099
DUISBURG-MEIDERICH SCHLEUSE UW,2026-06-30 19:07:00+00:00,18.26,18.082026477529034,18.27031506283495,0.18828858530591575,5,-0.010315062834948208,0.010315062834948208
DUISBURG-MEIDERICH SCHLEUSE OW,2026-06-30 19:08:00+00:00,25.02,24.948230127021112,24.98099793259845,0.03276780557733597,5,0.03900206740155099,0.03900206740155099
DUISBURG-MEIDERICH SCHLEUSE UW,2026-06-30 19:08:00+00:00,18.26,18.082026477529034,18.27031506283495,0.18828858530591575,5,-0.010315062834948208,0.010315062834948208
DUISBURG-MEIDERICH SCHLEUSE OW,2026-06-30 19:09:00+00:00,25.02,24.948230127021112,24.98099793259845,0.03276780557733597,5,0.03900206740155099,0.03900206740155099
DUISBURG-MEIDERICH SCHLEUSE UW,2026-06-30 19:09:00+00:00,18.26,18.082026477529034,18.27031506283495,0.18828858530591575,5,-0.010315062834948208,0.010315062834948208
DUISBURG-MEIDERICH SCHLEUSE OW,2026-06-30 19:10:00+00:00,25.02,24.948230127021112,24.98099793259845,0.03276780557733597,5,0.03900206740155099,0.03900206740155099
DUISBURG-MEIDERICH SCHLEUSE UW,2026-06-30 19:10:00+00:00,18.26,18.082026477529034,18.27031506283495,0.18828858530591575,5,-0.010315062834948208,0.010315062834948208
DUISBURG-MEIDERICH SCHLEUSE OW,2026-06-30 19:11:00+00:00,25.02,24.948230127021112,24.98099793259845,0.03276780557733597,5,0.03900206740155099,0.03900206740155099
DUISBURG-MEIDERICH SCHLEUSE UW,2026-06-30 19:11:00+00:00,18.26,18.082026477529034,18.27031506283495,0.18828858530591575,5,-0.010315062834948208,0.010315062834948208
DUISBURG-MEIDERICH SCHLEUSE OW,2026-06-30 19:12:00+00:00,25.01,24.948230127021112,24.98099793259845,0.03276780557733597,5,0.029002067401552978,0.029002067401552978
DUISBURG-MEIDERICH SCHLEUSE UW,2026-06-30 19:12:00+00:00,18.26,18.082026477529034,18.27031506283495,0.18828858530591575,5,-0.010315062834948208,0.010315062834948208
DUISBURG-MEIDERICH SCHLEUSE OW,2026-06-30 19:13:00+00:00,25.01,24.948230127021112,24.98099793259845,0.03276780557733597,5,0.029002067401552978,0.029002067401552978
DUISBURG-MEIDERICH SCHLEUSE UW,2026-06-30 19:13:00+00:00,18.26,18.082026477529034,18.27031506283495,0.18828858530591575,5,-0.010315062834948208,0.010315062834948208
DUISBURG-MEIDERICH SCHLEUSE OW,2026-06-30 19:14:00+00:00,25.01,24.948230127021112,24.98099793259845,0.03276780557733597,5,0.029002067401552978,0.029002067401552978
DUISBURG-MEIDERICH SCHLEUSE UW,2026-06-30 19:14:00+00:00,18.26,18.082026477529034,18.27031506283495,0.18828858530591575,5,-0.010315062834948208,0.010315062834948208
DUISBURG-MEIDERICH SCHLEUSE OW,2026-06-30 19:15:00+00:00,25.01,24.948230127021112,24.98099793259845,0.03276780557733597,5,0.029002067401552978,0.029002067401552978
DUISBURG-MEIDERICH SCHLEUSE UW,2026-06-30 19:15:00+00:00,18.26,18.082026477529034,18.27031506283495,0.18828858530591575,5,-0.010315062834948208,0.010315062834948208
DUISBURG-MEIDERICH SCHLEUSE OW,2026-06-30 19:16:00+00:00,25.01,24.948230127021112,24.98099793259845,0.03276780557733597,5,0.029002067401552978,0.029002067401552978
DUISBURG-MEIDERICH SCHLEUSE UW,2026-06-30 19:16:00+00:00,18.26,18.082026477529034,18.27031506283495,0.18828858530591575,5,-0.010315062834948208,0.010315062834948208
DUISBURG-MEIDERICH SCHLEUSE OW,2026-06-30 19:17:00+00:00,25.01,24.948230127021112,24.98099793259845,0.03276780557733597,5,0.029002067401552978,0.029002067401552978
DUISBURG-MEIDERICH SCHLEUSE UW,2026-06-30 19:17:00+00:00,18.26,18.082026477529034,18.27031506283495,0.18828858530591575,5,-0.010315062834948208,0.010315062834948208
DUISBURG-MEIDERICH SCHLEUSE OW,2026-06-30 19:18:00+00:00,25.01,24.948230127021112,24.98099793259845,0.03276780557733597,5,0.029002067401552978,0.029002067401552978
DUISBURG-MEIDERICH SCHLEUSE UW,2026-06-30 19:18:00+00:00,18.26,18.082026477529034,18.27031506283495,0.18828858530591575,5,-0.010315062834948208,0.010315062834948208
DUISBURG-MEIDERICH SCHLEUSE OW,2026-06-30 19:19:00+00:00,25.01,24.948230127021112,24.98099793259845,0.03276780557733597,5,0.029002067401552978,0.029002067401552978
DUISBURG-MEIDERICH SCHLEUSE UW,2026-06-30 19:19:00+00:00,18.26,18.082026477529034,18.27031506283495,0.18828858530591575,5,-0.010315062834948208,0.010315062834948208
DUISBURG-MEIDERICH SCHLEUSE OW,2026-06-30 19:20:00+00:00,25.01,24.948230127021112,24.98099793259845,0.03276780557733597,5,0.029002067401552978,0.029002067401552978
DUISBURG-MEIDERICH SCHLEUSE UW,2026-06-30 19:20:00+00:00,18.26,18.082026477529034,18.27031506283495,0.18828858530591575,5,-0.010315062834948208,0.010315062834948208
DUISBURG-MEIDERICH SCHLEUSE OW,2026-06-30 19:21:00+00:00,25.01,24.948230127021112,24.98099793259845,0.03276780557733597,5,0.029002067401552978,0.029002067401552978
DUISBURG-MEIDERICH SCHLEUSE UW,2026-06-30 19:21:00+00:00,18.26,18.082026477529034,18.27031506283495,0.18828858530591575,5,-0.010315062834948208,0.010315062834948208
DUISBURG-MEIDERICH SCHLEUSE OW,2026-06-30 19:22:00+00:00,25.01,24.948230127021112,24.98099793259845,0.03276780557733597,5,0.029002067401552978,0.029002067401552978
DUISBURG-MEIDERICH SCHLEUSE UW,2026-06-30 19:22:00+00:00,18.26,18.082026477529034,18.27031506283495,0.18828858530591575,5,-0.010315062834948208,0.010315062834948208
DUISBURG-MEIDERICH SCHLEUSE OW,2026-06-30 19:23:00+00:00,25.01,24.948230127021112,24.98099793259845,0.03276780557733597,5,0.029002067401552978,0.029002067401552978
DUISBURG-MEIDERICH SCHLEUSE UW,2026-06-30 19:23:00+00:00,18.26,18.082026477529034,18.27031506283495,0.18828858530591575,5,-0.010315062834948208,0.010315062834948208
DUISBURG-MEIDERICH SCHLEUSE OW,2026-06-30 19:24:00+00:00,25.01,24.948230127021112,24.98099793259845,0.03276780557733597,5,0.029002067401552978,0.029002067401552978
DUISBURG-MEIDERICH SCHLEUSE UW,2026-06-30 19:24:00+00:00,18.26,18.082026477529034,18.27031506283495,0.18828858530591575,5,-0.010315062834948208,0.010315062834948208
DUISBURG-MEIDERICH SCHLEUSE OW,2026-06-30 19:25:00+00:00,25.01,24.948230127021112,24.98099793259845,0.03276780557733597,5,0.029002067401552978,0.029002067401552978
DUISBURG-MEIDERICH SCHLEUSE UW,2026-06-30 19:25:00+00:00,18.26,18.082026477529034,18.27031506283495,0.18828858530591575,5,-0.010315062834948208,0.010315062834948208
DUISBURG-MEIDERICH SCHLEUSE OW,2026-06-30 19:26:00+00:00,25.01,24.948230127021112,24.98099793259845,0.03276780557733597,5,0.029002067401552978,0.029002067401552978
DUISBURG-MEIDERICH SCHLEUSE UW,2026-06-30 19:26:00+00:00,18.26,18.082026477529034,18.27031506283495,0.18828858530591575,5,-0.010315062834948208,0.010315062834948208
DUISBURG-MEIDERICH SCHLEUSE OW,2026-06-30 19:27:00+00:00,25.01,24.948230127021112,24.98099793259845,0.03276780557733597,5,0.029002067401552978,0.029002067401552978
DUISBURG-MEIDERICH SCHLEUSE UW,2026-06-30 19:27:00+00:00,18.26,18.082026477529034,18.27031506283495,0.18828858530591575,5,-0.010315062834948208,0.010315062834948208
DUISBURG-MEIDERICH SCHLEUSE OW,2026-06-30 19:28:00+00:00,25.01,24.948230127021112,24.98099793259845,0.03276780557733597,5,0.029002067401552978,0.029002067401552978
DUISBURG-MEIDERICH SCHLEUSE UW,2026-06-30 19:28:00+00:00,18.26,18.082026477529034,18.27031506283495,0.18828858530591575,5,-0.010315062834948208,0.010315062834948208
DUISBURG-MEIDERICH SCHLEUSE OW,2026-06-30 19:29:00+00:00,25.01,24.948230127021112,24.98099793259845,0.03276780557733597,5,0.029002067401552978,0.029002067401552978
DUISBURG-MEIDERICH SCHLEUSE UW,2026-06-30 19:29:00+00:00,18.26,18.082026477529034,18.27031506283495,0.18828858530591575,5,-0.010315062834948208,0.010315062834948208
DUISBURG-MEIDERICH SCHLEUSE OW,2026-06-30 19:30:00+00:00,25.01,24.948230127021112,24.98099793259845,0.03276780557733597,5,0.029002067401552978,0.029002067401552978
DUISBURG-MEIDERICH SCHLEUSE UW,2026-06-30 19:30:00+00:00,18.26,18.082026477529034,18.27031506283495,0.18828858530591575,5,-0.010315062834948208,0.010315062834948208
DUISBURG-MEIDERICH SCHLEUSE OW,2026-06-30 19:31:00+00:00,25.01,24.948230127021112,24.98099793259845,0.03276780557733597,5,0.029002067401552978,0.029002067401552978
DUISBURG-MEIDERICH SCHLEUSE UW,2026-06-30 19:31:00+00:00,18.26,18.082026477529034,18.27031506283495,0.18828858530591575,5,-0.010315062834948208,0.010315062834948208
DUISBURG-MEIDERICH SCHLEUSE OW,2026-06-30 19:32:00+00:00,25.01,24.948230127021112,24.98099793259845,0.03276780557733597,5,0.029002067401552978,0.029002067401552978
DUISBURG-MEIDERICH SCHLEUSE UW,2026-06-30 19:32:00+00:00,18.26,18.082026477529034,18.27031506283495,0.18828858530591575,5,-0.010315062834948208,0.010315062834948208
DUISBURG-MEIDERICH SCHLEUSE OW,2026-06-30 19:33:00+00:00,25.0,24.948230127021112,24.98099793259845,0.03276780557733597,5,0.019002067401551415,0.019002067401551415
DUISBURG-MEIDERICH SCHLEUSE UW,2026-06-30 19:33:00+00:00,18.26,18.082026477529034,18.27031506283495,0.18828858530591575,5,-0.010315062834948208,0.010315062834948208
DUISBURG-MEIDERICH SCHLEUSE OW,2026-06-30 19:34:00+00:00,25.0,24.948230127021112,24.98099793259845,0.03276780557733597,5,0.019002067401551415,0.019002067401551415
DUISBURG-MEIDERICH SCHLEUSE UW,2026-06-30 19:34:00+00:00,18.26,18.082026477529034,18.27031506283495,0.18828858530591575,5,-0.010315062834948208,0.010315062834948208
DUISBURG-MEIDERICH SCHLEUSE OW,2026-06-30 19:35:00+00:00,25.0,24.948230127021112,24.98099793259845,0.03276780557733597,5,0.019002067401551415,0.019002067401551415
DUISBURG-MEIDERICH SCHLEUSE UW,2026-06-30 19:35:00+00:00,18.26,18.082026477529034,18.27031506283495,0.18828858530591575,5,-0.010315062834948208,0.010315062834948208
DUISBURG-MEIDERICH SCHLEUSE OW,2026-06-30 19:36:00+00:00,25.0,24.948230127021112,24.98099793259845,0.03276780557733597,5,0.019002067401551415,0.019002067401551415
DUISBURG-MEIDERICH SCHLEUSE UW,2026-06-30 19:36:00+00:00,18.26,18.082026477529034,18.27031506283495,0.18828858530591575,5,-0.010315062834948208,0.010315062834948208
DUISBURG-MEIDERICH SCHLEUSE OW,2026-06-30 19:37:00+00:00,25.0,24.948230127021112,24.98099793259845,0.03276780557733597,5,0.019002067401551415,0.019002067401551415
DUISBURG-MEIDERICH SCHLEUSE UW,2026-06-30 19:37:00+00:00,18.26,18.082026477529034,18.27031506283495,0.18828858530591575,5,-0.010315062834948208,0.010315062834948208
DUISBURG-MEIDERICH SCHLEUSE OW,2026-06-30 19:38:00+00:00,25.0,24.948230127021112,24.98099793259845,0.03276780557733597,5,0.019002067401551415,0.019002067401551415
DUISBURG-MEIDERICH SCHLEUSE UW,2026-06-30 19:38:00+00:00,18.26,18.082026477529034,18.27031506283495,0.18828858530591575,5,-0.010315062834948208,0.010315062834948208
DUISBURG-MEIDERICH SCHLEUSE OW,2026-06-30 19:39:00+00:00,25.0,24.810434969731666,25.028620621807566,0.21818565207589866,5,-0.028620621807565527,0.028620621807565527
DUISBURG-MEIDERICH SCHLEUSE UW,2026-06-30 19:39:00+00:00,18.26,18.082026477529034,18.27031506283495,0.18828858530591575,5,-0.010315062834948208,0.010315062834948208
DUISBURG-MEIDERICH SCHLEUSE OW,2026-06-30 19:40:00+00:00,25.0,24.810434969731666,25.028620621807566,0.21818565207589866,5,-0.028620621807565527,0.028620621807565527
DUISBURG-MEIDERICH SCHLEUSE UW,2026-06-30 19:40:00+00:00,18.26,18.082026477529034,18.27031506283495,0.18828858530591575,5,-0.010315062834948208,0.010315062834948208
DUISBURG-MEIDERICH SCHLEUSE OW,2026-06-30 19:41:00+00:00,25.0,24.810434969731666,25.028620621807566,0.21818565207589866,5,-0.028620621807565527,0.028620621807565527
DUISBURG-MEIDERICH SCHLEUSE UW,2026-06-30 19:41:00+00:00,18.26,18.082026477529034,18.27031506283495,0.18828858530591575,5,-0.010315062834948208,0.010315062834948208
DUISBURG-MEIDERICH SCHLEUSE OW,2026-06-30 19:42:00+00:00,25.0,24.810434969731666,25.028620621807566,0.21818565207589866,5,-0.028620621807565527,0.028620621807565527
DUISBURG-MEIDERICH SCHLEUSE UW,2026-06-30 19:42:00+00:00,18.26,18.082026477529034,18.27031506283495,0.18828858530591575,5,-0.010315062834948208,0.010315062834948208
DUISBURG-MEIDERICH SCHLEUSE OW,2026-06-30 19:43:00+00:00,25.0,24.810434969731666,25.028620621807566,0.21818565207589866,5,-0.028620621807565527,0.028620621807565527
DUISBURG-MEIDERICH SCHLEUSE UW,2026-06-30 19:43:00+00:00,18.26,18.082026477529034,18.27031506283495,0.18828858530591575,5,-0.010315062834948208,0.010315062834948208
DUISBURG-MEIDERICH SCHLEUSE OW,2026-06-30 19:44:00+00:00,25.0,24.810434969731666,25.028620621807566,0.21818565207589866,5,-0.028620621807565527,0.028620621807565527
DUISBURG-MEIDERICH SCHLEUSE UW,2026-06-30 19:44:00+00:00,18.26,18.082026477529034,18.27031506283495,0.18828858530591575,5,-0.010315062834948208,0.010315062834948208
DUISBURG-MEIDERICH SCHLEUSE OW,2026-06-30 19:45:00+00:00,25.0,24.810434969731666,25.028620621807566,0.21818565207589866,5,-0.028620621807565527,0.028620621807565527
DUISBURG-MEIDERICH SCHLEUSE UW,2026-06-30 19:45:00+00:00,18.26,18.082026477529034,18.27031506283495,0.18828858530591575,5,-0.010315062834948208,0.010315062834948208
DUISBURG-MEIDERICH SCHLEUSE OW,2026-06-30 19:46:00+00:00,24.99,24.810434969731666,25.028620621807566,0.21818565207589866,5,-0.03862062180756709,0.03862062180756709
DUISBURG-MEIDERICH SCHLEUSE UW,2026-06-30 19:46:00+00:00,18.26,18.082026477529034,18.27031506283495,0.18828858530591575,5,-0.010315062834948208,0.010315062834948208
DUISBURG-MEIDERICH SCHLEUSE OW,2026-06-30 19:47:00+00:00,24.99,24.810434969731666,25.028620621807566,0.21818565207589866,5,-0.03862062180756709,0.03862062180756709
DUISBURG-MEIDERICH SCHLEUSE UW,2026-06-30 19:47:00+00:00,18.26,18.082026477529034,18.27031506283495,0.18828858530591575,5,-0.010315062834948208,0.010315062834948208
DUISBURG-MEIDERICH SCHLEUSE OW,2026-06-30 19:48:00+00:00,24.99,24.810434969731666,25.028620621807566,0.21818565207589866,5,-0.03862062180756709,0.03862062180756709
DUISBURG-MEIDERICH SCHLEUSE UW,2026-06-30 19:48:00+00:00,18.26,18.082026477529034,18.27031506283495,0.18828858530591575,5,-0.010315062834948208,0.010315062834948208
DUISBURG-MEIDERICH SCHLEUSE OW,2026-06-30 19:49:00+00:00,24.99,24.810434969731666,25.028620621807566,0.21818565207589866,5,-0.03862062180756709,0.03862062180756709
DUISBURG-MEIDERICH SCHLEUSE UW,2026-06-30 19:49:00+00:00,18.26,18.082026477529034,18.27031506283495,0.18828858530591575,5,-0.010315062834948208,0.010315062834948208
DUISBURG-MEIDERICH SCHLEUSE OW,2026-06-30 19:50:00+00:00,24.99,24.810434969731666,25.028620621807566,0.21818565207589866,5,-0.03862062180756709,0.03862062180756709
DUISBURG-MEIDERICH SCHLEUSE UW,2026-06-30 19:50:00+00:00,18.26,18.082026477529034,18.27031506283495,0.18828858530591575,5,-0.010315062834948208,0.010315062834948208
DUISBURG-MEIDERICH SCHLEUSE OW,2026-06-30 19:51:00+00:00,24.99,24.810434969731666,25.028620621807566,0.21818565207589866,5,-0.03862062180756709,0.03862062180756709
DUISBURG-MEIDERICH SCHLEUSE UW,2026-06-30 19:51:00+00:00,18.26,18.082026477529034,18.27031506283495,0.18828858530591575,5,-0.010315062834948208,0.010315062834948208
DUISBURG-MEIDERICH SCHLEUSE OW,2026-06-30 19:52:00+00:00,24.99,24.810434969731666,25.028620621807566,0.21818565207589866,5,-0.03862062180756709,0.03862062180756709
DUISBURG-MEIDERICH SCHLEUSE UW,2026-06-30 19:52:00+00:00,18.26,18.082026477529034,18.27031506283495,0.18828858530591575,5,-0.010315062834948208,0.010315062834948208
DUISBURG-MEIDERICH SCHLEUSE OW,2026-06-30 19:53:00+00:00,24.99,24.810434969731666,25.028620621807566,0.21818565207589866,5,-0.03862062180756709,0.03862062180756709
DUISBURG-MEIDERICH SCHLEUSE UW,2026-06-30 19:53:00+00:00,18.26,18.082026477529034,18.27031506283495,0.18828858530591575,5,-0.010315062834948208,0.010315062834948208
DUISBURG-MEIDERICH SCHLEUSE OW,2026-06-30 19:54:00+00:00,24.99,24.810434969731666,25.028620621807566,0.21818565207589866,5,-0.03862062180756709,0.03862062180756709
DUISBURG-MEIDERICH SCHLEUSE UW,2026-06-30 19:54:00+00:00,18.26,18.082026477529034,18.27031506283495,0.18828858530591575,5,-0.010315062834948208,0.010315062834948208
DUISBURG-MEIDERICH SCHLEUSE OW,2026-06-30 19:55:00+00:00,24.99,24.810434969731666,25.028620621807566,0.21818565207589866,5,-0.03862062180756709,0.03862062180756709
DUISBURG-MEIDERICH SCHLEUSE UW,2026-06-30 19:55:00+00:00,18.26,18.082026477529034,18.27031506283495,0.18828858530591575,5,-0.010315062834948208,0.010315062834948208
DUISBURG-MEIDERICH SCHLEUSE OW,2026-06-30 19:56:00+00:00,24.99,24.810434969731666,25.028620621807566,0.21818565207589866,5,-0.03862062180756709,0.03862062180756709
DUISBURG-MEIDERICH SCHLEUSE UW,2026-06-30 19:56:00+00:00,18.26,18.082026477529034,18.27031506283495,0.18828858530591575,5,-0.010315062834948208,0.010315062834948208
DUISBURG-MEIDERICH SCHLEUSE OW,2026-06-30 19:57:00+00:00,24.99,24.810434969731666,25.028620621807566,0.21818565207589866,5,-0.03862062180756709,0.03862062180756709
DUISBURG-MEIDERICH SCHLEUSE UW,2026-06-30 19:57:00+00:00,18.26,18.082026477529034,18.27031506283495,0.18828858530591575,5,-0.010315062834948208,0.010315062834948208
DUISBURG-MEIDERICH SCHLEUSE OW,2026-06-30 19:58:00+00:00,24.98,24.810434969731666,25.028620621807566,0.21818565207589866,5,-0.0486206218075651,0.0486206218075651
DUISBURG-MEIDERICH SCHLEUSE UW,2026-06-30 19:58:00+00:00,18.26,18.082026477529034,18.27031506283495,0.18828858530591575,5,-0.010315062834948208,0.010315062834948208
DUISBURG-MEIDERICH SCHLEUSE OW,2026-06-30 19:59:00+00:00,24.98,24.810434969731666,25.028620621807566,0.21818565207589866,5,-0.0486206218075651,0.0486206218075651
DUISBURG-MEIDERICH SCHLEUSE UW,2026-06-30 19:59:00+00:00,18.26,18.082026477529034,18.27031506283495,0.18828858530591575,5,-0.010315062834948208,0.010315062834948208
DUISBURG-MEIDERICH SCHLEUSE OW,2026-06-30 20:00:00+00:00,24.98,24.806250573639247,25.024436225715146,0.21818565207589866,5,-0.04443622571514538,0.04443622571514538
DUISBURG-MEIDERICH SCHLEUSE UW,2026-06-30 20:00:00+00:00,18.26,18.077842081436614,18.26613066674253,0.18828858530591575,5,-0.00613066674252849,0.00613066674252849
DUISBURG-MEIDERICH SCHLEUSE OW,2026-06-30 20:01:00+00:00,24.98,25.121628751356038,24.97935960758197,-0.14226914377406777,5,0.0006403924180311549,0.0006403924180311549
DUISBURG-MEIDERICH SCHLEUSE UW,2026-06-30 20:01:00+00:00,18.26,18.393220259153406,18.08847221821667,-0.3047480409367375,5,0.1715277817833325,0.1715277817833325
DUISBURG-MEIDERICH SCHLEUSE OW,2026-06-30 20:02:00+00:00,24.98,25.18129653123842,24.955760438157878,-0.22553609308054343,5,0.024239561842122725,0.024239561842122725
DUISBURG-MEIDERICH SCHLEUSE UW,2026-06-30 20:02:00+00:00,18.26,18.452888039035788,18.14813999809905,-0.3047480409367375,5,0.11186000190095058,0.11186000190095058
DUISBURG-MEIDERICH SCHLEUSE OW,2026-06-30 20:03:00+00:00,24.98,24.794925634264345,25.013111286340244,0.21818565207589866,5,-0.03311128634024385,0.03311128634024385
DUISBURG-MEIDERICH SCHLEUSE UW,2026-06-30 20:03:00+00:00,18.26,18.06546998397789,18.253758569283807,0.18828858530591575,5,0.006241430716194429,0.006241430716194429
DUISBURG-MEIDERICH SCHLEUSE OW,2026-06-30 20:04:00+00:00,24.98,24.794925634264345,25.013111286340244,0.21818565207589866,5,-0.03311128634024385,0.03311128634024385
DUISBURG-MEIDERICH SCHLEUSE UW,2026-06-30 20:04:00+00:00,18.26,18.06546998397789,18.253758569283807,0.18828858530591575,5,0.006241430716194429,0.006241430716194429
DUISBURG-MEIDERICH SCHLEUSE OW,2026-06-30 20:05:00+00:00,24.98,24.644368443271137,24.862554095347036,0.21818565207589866,5,0.11744590465296412,0.11744590465296412
DUISBURG-MEIDERICH SCHLEUSE UW,2026-06-30 20:05:00+00:00,18.26,17.914912792984683,18.1032013782906,0.18828858530591575,5,0.1567986217094024,0.1567986217094024
DUISBURG-MEIDERICH SCHLEUSE OW,2026-06-30 20:06:00+00:00,24.98,24.638870136334855,24.857055788410754,0.21818565207589866,5,0.12294421158924607,0.12294421158924607
DUISBURG-MEIDERICH SCHLEUSE UW,2026-06-30 20:06:00+00:00,18.26,17.89295777730047,18.081246362606386,0.18828858530591575,5,0.1787536373936156,0.1787536373936156
DUISBURG-MEIDERICH SCHLEUSE OW,2026-06-30 20:07:00+00:00,24.98,24.638870136334855,24.857055788410754,0.21818565207589866,5,0.12294421158924607,0.12294421158924607
DUISBURG-MEIDERICH SCHLEUSE UW,2026-06-30 20:07:00+00:00,18.26,17.89295777730047,18.081246362606386,0.18828858530591575,5,0.1787536373936156,0.1787536373936156
DUISBURG-MEIDERICH SCHLEUSE OW,2026-06-30 20:08:00+00:00,24.98,24.638870136334855,24.857055788410754,0.21818565207589866,5,0.12294421158924607,0.12294421158924607
DUISBURG-MEIDERICH SCHLEUSE UW,2026-06-30 20:08:00+00:00,18.26,17.89295777730047,18.081246362606386,0.18828858530591575,5,0.1787536373936156,0.1787536373936156
DUISBURG-MEIDERICH SCHLEUSE OW,2026-06-30 20:09:00+00:00,24.98,25.393261667738898,25.167725574658355,-0.22553609308054343,5,-0.18772557465835504,0.18772557465835504
DUISBURG-MEIDERICH SCHLEUSE UW,2026-06-30 20:09:00+00:00,18.26,18.647349308704513,18.342601267767776,-0.3047480409367375,5,-0.08260126776777454,0.08260126776777454
DUISBURG-MEIDERICH SCHLEUSE OW,2026-06-30 20:10:00+00:00,24.98,25.393261667738898,25.167725574658355,-0.22553609308054343,5,-0.18772557465835504,0.18772557465835504
DUISBURG-MEIDERICH SCHLEUSE UW,2026-06-30 20:10:00+00:00,18.26,18.647349308704513,18.342601267767776,-0.3047480409367375,5,-0.08260126776777454,0.08260126776777454
DUISBURG-MEIDERICH SCHLEUSE OW,2026-06-30 20:11:00+00:00,24.98,25.393261667738898,25.166463594711004,-0.22679807302789265,5,-0.18646359471100382,0.18646359471100382
DUISBURG-MEIDERICH SCHLEUSE UW,2026-06-30 20:11:00+00:00,18.26,18.647349308704513,18.342601267767776,-0.3047480409367375,5,-0.08260126776777454,0.08260126776777454
DUISBURG-MEIDERICH SCHLEUSE OW,2026-06-30 20:12:00+00:00,24.98,25.393261667738898,25.166463594711004,-0.22679807302789265,5,-0.18646359471100382,0.18646359471100382
DUISBURG-MEIDERICH SCHLEUSE UW,2026-06-30 20:12:00+00:00,18.26,18.647349308704513,18.342601267767776,-0.3047480409367375,5,-0.08260126776777454,0.08260126776777454
DUISBURG-MEIDERICH SCHLEUSE OW,2026-06-30 20:13:00+00:00,24.97,25.383331270765535,25.155203624610873,-0.2281276461546595,5,-0.18520362461087458,0.18520362461087458
DUISBURG-MEIDERICH SCHLEUSE UW,2026-06-30 20:13:00+00:00,18.26,18.647349308704513,18.342601267767776,-0.3047480409367375,5,-0.08260126776777454,0.08260126776777454
DUISBURG-MEIDERICH SCHLEUSE OW,2026-06-30 20:14:00+00:00,24.97,25.383331270765535,25.155203624610873,-0.2281276461546595,5,-0.18520362461087458,0.18520362461087458
DUISBURG-MEIDERICH SCHLEUSE UW,2026-06-30 20:14:00+00:00,18.26,18.647349308704513,18.342601267767776,-0.3047480409367375,5,-0.08260126776777454,0.08260126776777454
DUISBURG-MEIDERICH SCHLEUSE OW,2026-06-30 20:15:00+00:00,24.97,25.383331270765535,25.155203624610873,-0.2281276461546595,5,-0.18520362461087458,0.18520362461087458
DUISBURG-MEIDERICH SCHLEUSE UW,2026-06-30 20:15:00+00:00,18.26,18.647349308704513,18.342601267767776,-0.3047480409367375,5,-0.08260126776777454,0.08260126776777454
DUISBURG-MEIDERICH SCHLEUSE OW,2026-06-30 20:16:00+00:00,24.97,25.383331270765535,25.155203624610873,-0.2281276461546595,5,-0.18520362461087458,0.18520362461087458
DUISBURG-MEIDERICH SCHLEUSE UW,2026-06-30 20:16:00+00:00,18.26,18.647349308704513,18.342601267767776,-0.3047480409367375,5,-0.08260126776777454,0.08260126776777454
DUISBURG-MEIDERICH SCHLEUSE OW,2026-06-30 20:17:00+00:00,24.97,25.383331270765535,25.155203624610873,-0.2281276461546595,5,-0.18520362461087458,0.18520362461087458
DUISBURG-MEIDERICH SCHLEUSE UW,2026-06-30 20:17:00+00:00,18.26,18.647349308704513,18.342601267767776,-0.3047480409367375,5,-0.08260126776777454,0.08260126776777454
DUISBURG-MEIDERICH SCHLEUSE OW,2026-06-30 20:18:00+00:00,24.97,25.383331270765535,25.155203624610873,-0.2281276461546595,5,-0.18520362461087458,0.18520362461087458
DUISBURG-MEIDERICH SCHLEUSE UW,2026-06-30 20:18:00+00:00,18.26,18.647349308704513,18.342601267767776,-0.3047480409367375,5,-0.08260126776777454,0.08260126776777454
DUISBURG-MEIDERICH SCHLEUSE OW,2026-06-30 20:19:00+00:00,24.97,25.383331270765535,25.155203624610873,-0.2281276461546595,5,-0.18520362461087458,0.18520362461087458
DUISBURG-MEIDERICH SCHLEUSE UW,2026-06-30 20:19:00+00:00,18.26,18.647349308704513,18.342601267767776,-0.3047480409367375,5,-0.08260126776777454,0.08260126776777454
DUISBURG-MEIDERICH SCHLEUSE OW,2026-06-30 20:20:00+00:00,24.97,25.383331270765535,25.155203624610873,-0.2281276461546595,5,-0.18520362461087458,0.18520362461087458
DUISBURG-MEIDERICH SCHLEUSE UW,2026-06-30 20:20:00+00:00,18.26,18.647349308704513,18.342601267767776,-0.3047480409367375,5,-0.08260126776777454,0.08260126776777454
DUISBURG-MEIDERICH SCHLEUSE OW,2026-06-30 20:21:00+00:00,24.97,25.383331270765535,25.155203624610873,-0.2281276461546595,5,-0.18520362461087458,0.18520362461087458
DUISBURG-MEIDERICH SCHLEUSE UW,2026-06-30 20:21:00+00:00,18.26,18.647349308704513,18.342601267767776,-0.3047480409367375,5,-0.08260126776777454,0.08260126776777454
DUISBURG-MEIDERICH SCHLEUSE OW,2026-06-30 20:22:00+00:00,24.97,25.383331270765535,25.155203624610873,-0.2281276461546595,5,-0.18520362461087458,0.18520362461087458
DUISBURG-MEIDERICH SCHLEUSE UW,2026-06-30 20:22:00+00:00,18.26,18.647349308704513,18.342601267767776,-0.3047480409367375,5,-0.08260126776777454,0.08260126776777454
DUISBURG-MEIDERICH SCHLEUSE OW,2026-06-30 20:23:00+00:00,24.97,25.377941296423263,25.1333308917285,-0.24461040469476114,5,-0.1633308917285028,0.1633308917285028
DUISBURG-MEIDERICH SCHLEUSE UW,2026-06-30 20:23:00+00:00,18.26,18.647349308704513,18.342601267767776,-0.3047480409367375,5,-0.08260126776777454,0.08260126776777454
DUISBURG-MEIDERICH SCHLEUSE OW,2026-06-30 20:24:00+00:00,24.97,25.377941296423263,25.121890036300606,-0.2560512601226579,5,-0.15189003630060682,0.15189003630060682
DUISBURG-MEIDERICH SCHLEUSE UW,2026-06-30 20:24:00+00:00,18.25,18.647349308704513,18.342601267767776,-0.3047480409367375,5,-0.09260126776777611,0.09260126776777611
DUISBURG-MEIDERICH SCHLEUSE OW,2026-06-30 20:25:00+00:00,24.97,25.37532974509484,25.117676711471436,-0.25765303362340525,5,-0.14767671147143702,0.14767671147143702
DUISBURG-MEIDERICH SCHLEUSE UW,2026-06-30 20:25:00+00:00,18.25,18.647349308704513,18.342601267767776,-0.3047480409367375,5,-0.09260126776777611,0.09260126776777611
DUISBURG-MEIDERICH SCHLEUSE OW,2026-06-30 20:26:00+00:00,24.97,25.37532974509484,25.117676711471436,-0.25765303362340525,5,-0.14767671147143702,0.14767671147143702
DUISBURG-MEIDERICH SCHLEUSE UW,2026-06-30 20:26:00+00:00,18.26,18.647349308704513,18.342601267767776,-0.3047480409367375,5,-0.08260126776777454,0.08260126776777454
DUISBURG-MEIDERICH SCHLEUSE OW,2026-06-30 20:27:00+00:00,24.97,25.37532974509484,25.117676711471436,-0.25765303362340525,5,-0.14767671147143702,0.14767671147143702
DUISBURG-MEIDERICH SCHLEUSE UW,2026-06-30 20:27:00+00:00,18.26,18.647349308704513,18.342601267767776,-0.3047480409367375,5,-0.08260126776777454,0.08260126776777454
DUISBURG-MEIDERICH SCHLEUSE OW,2026-06-30 20:28:00+00:00,24.96,25.37532974509484,25.117676711471436,-0.25765303362340525,5,-0.15767671147143503,0.15767671147143503
DUISBURG-MEIDERICH SCHLEUSE UW,2026-06-30 20:28:00+00:00,18.25,18.647349308704513,18.342601267767776,-0.3047480409367375,5,-0.09260126776777611,0.09260126776777611
DUISBURG-MEIDERICH SCHLEUSE OW,2026-06-30 20:29:00+00:00,24.96,25.37532974509484,25.117676711471436,-0.25765303362340525,5,-0.15767671147143503,0.15767671147143503
DUISBURG-MEIDERICH SCHLEUSE UW,2026-06-30 20:29:00+00:00,18.25,18.647349308704513,18.342601267767776,-0.3047480409367375,5,-0.09260126776777611,0.09260126776777611
DUISBURG-MEIDERICH SCHLEUSE OW,2026-06-30 20:30:00+00:00,24.96,25.37532974509484,25.117676711471436,-0.25765303362340525,5,-0.15767671147143503,0.15767671147143503
DUISBURG-MEIDERICH SCHLEUSE UW,2026-06-30 20:30:00+00:00,18.25,18.647349308704513,18.342601267767776,-0.3047480409367375,5,-0.09260126776777611,0.09260126776777611
DUISBURG-MEIDERICH SCHLEUSE OW,2026-06-30 20:31:00+00:00,24.96,25.37532974509484,25.117676711471436,-0.25765303362340525,5,-0.15767671147143503,0.15767671147143503
DUISBURG-MEIDERICH SCHLEUSE UW,2026-06-30 20:31:00+00:00,18.25,18.647349308704513,18.342601267767776,-0.3047480409367375,5,-0.09260126776777611,0.09260126776777611
DUISBURG-MEIDERICH SCHLEUSE OW,2026-06-30 20:32:00+00:00,24.96,25.37532974509484,25.117676711471436,-0.25765303362340525,5,-0.15767671147143503,0.15767671147143503
DUISBURG-MEIDERICH SCHLEUSE UW,2026-06-30 20:32:00+00:00,18.25,18.647349308704513,18.342601267767776,-0.3047480409367375,5,-0.09260126776777611,0.09260126776777611
DUISBURG-MEIDERICH SCHLEUSE OW,2026-06-30 20:33:00+00:00,24.96,25.37532974509484,25.117676711471436,-0.25765303362340525,5,-0.15767671147143503,0.15767671147143503
DUISBURG-MEIDERICH SCHLEUSE UW,2026-06-30 20:33:00+00:00,18.25,18.647349308704513,18.342601267767776,-0.3047480409367375,5,-0.09260126776777611,0.09260126776777611
DUISBURG-MEIDERICH SCHLEUSE OW,2026-06-30 20:34:00+00:00,24.96,25.37532974509484,25.117676711471436,-0.25765303362340525,5,-0.15767671147143503,0.15767671147143503
DUISBURG-MEIDERICH SCHLEUSE UW,2026-06-30 20:34:00+00:00,18.25,18.647349308704513,18.342601267767776,-0.3047480409367375,5,-0.09260126776777611,0.09260126776777611
DUISBURG-MEIDERICH SCHLEUSE OW,2026-06-30 20:35:00+00:00,24.96,25.37532974509484,25.117676711471436,-0.25765303362340525,5,-0.15767671147143503,0.15767671147143503
DUISBURG-MEIDERICH SCHLEUSE UW,2026-06-30 20:35:00+00:00,18.26,18.647349308704513,18.342601267767776,-0.3047480409367375,5,-0.08260126776777454,0.08260126776777454
DUISBURG-MEIDERICH SCHLEUSE OW,2026-06-30 20:36:00+00:00,25.02,25.37532974509484,25.117676711471436,-0.25765303362340525,5,-0.0976767114714363,0.0976767114714363
DUISBURG-MEIDERICH SCHLEUSE UW,2026-06-30 20:36:00+00:00,17.59,18.647349308704513,18.342601267767776,-0.3047480409367375,5,-0.7526012677677762,0.7526012677677762
DUISBURG-MEIDERICH SCHLEUSE OW,2026-06-30 20:37:00+00:00,24.94,25.37532974509484,25.117676711471436,-0.25765303362340525,5,-0.1776767114714346,0.1776767114714346
DUISBURG-MEIDERICH SCHLEUSE UW,2026-06-30 20:37:00+00:00,17.59,18.647349308704513,18.342601267767776,-0.3047480409367375,5,-0.7526012677677762,0.7526012677677762
