station_name,timestamp_utc,target_value_t_plus_24h,base_prediction,prediction,cluster,fold,residual,abs_error
DUISBURG-MEIDERICH SCHLEUSE OW,2026-06-30 00:37:00+00:00,24.99,24.903244446642333,24.903244446642333,,1,0.0867555533576656,0.0867555533576656
DUISBURG-MEIDERICH SCHLEUSE UW,2026-06-30 00:37:00+00:00,18.17,18.194118441977356,18.194118441977356,,1,-0.02411844197735391,0.02411844197735391
DUISBURG-MEIDERICH SCHLEUSE OW,2026-06-30 00:38:00+00:00,24.99,24.903244446642333,24.903244446642333,,1,0.0867555533576656,0.0867555533576656
DUISBURG-MEIDERICH SCHLEUSE UW,2026-06-30 00:38:00+00:00,18.17,18.194118441977356,18.194118441977356,,1,-0.02411844197735391,0.02411844197735391
DUISBURG-MEIDERICH SCHLEUSE OW,2026-06-30 00:39:00+00:00,24.99,24.903244446642333,24.903244446642333,,1,0.0867555533576656,0.0867555533576656
DUISBURG-MEIDERICH SCHLEUSE UW,2026-06-30 00:39:00+00:00,18.17,18.194118441977356,18.194118441977356,,1,-0.02411844197735391,0.02411844197735391
Basel-Rheinhalle,2026-06-30 00:40:00+00:00,517.0,517.1596665225389,517.1596665225389,,1,-0.15966652253894154,0.15966652253894154
DUISBURG-MEIDERICH SCHLEUSE OW,2026-06-30 00:40:00+00:00,24.99,24.903244446642333,24.903244446642333,,1,0.0867555533576656,0.0867555533576656
DUISBURG-MEIDERICH SCHLEUSE UW,2026-06-30 00:40:00+00:00,18.17,18.194118441977356,18.194118441977356,,1,-0.02411844197735391,0.02411844197735391
LOBITH,2026-06-30 00:40:00+00:00,704.0,704.7397785880244,704.7397785880244,,1,-0.7397785880243646,0.7397785880243646
DUISBURG-MEIDERICH SCHLEUSE OW,2026-06-30 00:41:00+00:00,24.99,24.903244446642333,24.903244446642333,,1,0.0867555533576656,0.0867555533576656
DUISBURG-MEIDERICH SCHLEUSE UW,2026-06-30 00:41:00+00:00,18.17,18.194118441977356,18.194118441977356,,1,-0.02411844197735391,0.02411844197735391
DUISBURG-MEIDERICH SCHLEUSE OW,2026-06-30 00:42:00+00:00,24.99,24.903244446642333,24.903244446642333,,1,0.0867555533576656,0.0867555533576656
DUISBURG-MEIDERICH SCHLEUSE UW,2026-06-30 00:42:00+00:00,18.17,18.194118441977356,18.194118441977356,,1,-0.02411844197735391,0.02411844197735391
DUISBURG-MEIDERICH SCHLEUSE OW,2026-06-30 00:43:00+00:00,24.99,24.903244446642333,24.903244446642333,,1,0.0867555533576656,0.0867555533576656
DUISBURG-MEIDERICH SCHLEUSE UW,2026-06-30 00:43:00+00:00,18.17,18.194118441977356,18.194118441977356,,1,-0.02411844197735391,0.02411844197735391
DUISBURG-MEIDERICH SCHLEUSE OW,2026-06-30 00:44:00+00:00,24.99,24.903244446642333,24.903244446642333,,1,0.0867555533576656,0.0867555533576656
DUISBURG-MEIDERICH SCHLEUSE UW,2026-06-30 00:44:00+00:00,18.17,18.194118441977356,18.194118441977356,,1,-0.02411844197735391,0.02411844197735391
BINGEN,2026-06-30 00:45:00+00:00,106.0,105.08525434144126,105.08525434144126,,1,0.9147456585587435,0.9147456585587435
BONN,2026-06-30 00:45:00+00:00,140.0,141.02496408545932,141.02496408545932,,1,-1.0249640854593167,1.0249640854593167
BREISACH,2026-06-30 00:45:00+00:00,188.0,188.33033176350972,188.33033176350972,,1,-0.3303317635097187,0.3303317635097187
Basel-Rheinhalle,2026-06-30 00:45:00+00:00,519.0,516.0301929255911,516.0301929255911,,1,2.969807074408891,2.969807074408891
DUISBURG-MEIDERICH SCHLEUSE OW,2026-06-30 00:45:00+00:00,24.99,24.903244446642333,24.903244446642333,,1,0.0867555533576656,0.0867555533576656
DUISBURG-MEIDERICH SCHLEUSE UW,2026-06-30 00:45:00+00:00,18.17,18.194118441977356,18.194118441977356,,1,-0.02411844197735391,0.02411844197735391
DUISBURG-RUHRORT,2026-06-30 00:45:00+00:00,215.0,213.80111863875152,213.80111863875152,0.0,1,1.1988813612484819,1.1988813612484819
DÜSSELDORF,2026-06-30 00:45:00+00:00,81.0,82.08708595666795,82.08708595666795,,1,-1.0870859566679485,1.0870859566679485
EMMERICH,2026-06-30 00:45:00+00:00,53.0,53.94426297120933,53.94426297120933,,1,-0.9442629712093265,0.9442629712093265
IFFEZHEIM,2026-06-30 00:45:00+00:00,151.0,154.09016943408648,154.09016943408648,1.0,1,-3.0901694340864765,3.0901694340864765
KAUB,2026-06-30 00:45:00+00:00,85.0,84.97603374745643,84.97603374745643,,1,0.02396625254357332,0.02396625254357332
KOBLENZ,2026-06-30 00:45:00+00:00,82.0,79.55669848836152,79.55669848836152,0.0,1,2.443301511638481,2.443301511638481
KONSTANZ-RHEIN,2026-06-30 00:45:00+00:00,313.0,314.53498761707266,314.53498761707266,,1,-1.5349876170726588,1.5349876170726588
Koblenz OP,2026-06-30 00:45:00+00:00,201.0,200.92987950121332,200.92987950121332,,1,0.07012049878667881,0.07012049878667881
Koblenz UP,2026-06-30 00:45:00+00:00,49.0,48.569090630978195,48.569090630978195,3.0,1,0.4309093690218049,0.4309093690218049
KÖLN,2026-06-30 00:45:00+00:00,133.0,132.28659122229007,132.28659122229007,0.0,1,0.7134087777099296,0.7134087777099296
MAINZ,2026-06-30 00:45:00+00:00,186.0,187.89902074490968,187.89902074490968,,1,-1.8990207449096772,1.8990207449096772
MANNHEIM,2026-06-30 00:45:00+00:00,162.0,160.2435001196946,160.2435001196946,0.0,1,1.7564998803053982,1.7564998803053982
MAXAU,2026-06-30 00:45:00+00:00,411.0,409.25372536414955,409.25372536414955,1.0,1,1.7462746358504546,1.7462746358504546
REES,2026-06-30 00:45:00+00:00,96.0,97.39821916093891,97.39821916093891,,1,-1.3982191609389076,1.3982191609389076
RHEINE UNTERSCHLEUSE,2026-06-30 00:45:00+00:00,204.0,211.44376873429917,211.44376873429917,2.0,1,-7.443768734299169,7.443768734299169
RHEINWEILER,2026-06-30 00:45:00+00:00,223.0,224.34130281883193,224.34130281883193,,1,-1.3413028188319345,1.3413028188319345
SANKT GOAR,2026-06-30 00:45:00+00:00,174.0,172.62088450363422,172.62088450363422,0.0,1,1.3791154963657846,1.3791154963657846
SPEYER,2026-06-30 00:45:00+00:00,253.0,252.23011977021926,252.23011977021926,1.0,1,0.769880229780739,0.769880229780739
WESEL,2026-06-30 00:45:00+00:00,150.0,150.821511302837,150.821511302837,0.0,1,-0.8215113028369956,0.8215113028369956
WORMS,2026-06-30 00:45:00+00:00,73.0,72.89509193000755,72.89509193000755,0.0,1,0.1049080699924474,0.1049080699924474
DUISBURG-MEIDERICH SCHLEUSE OW,2026-06-30 00:46:00+00:00,24.99,24.903244446642333,24.903244446642333,,1,0.0867555533576656,0.0867555533576656
DUISBURG-MEIDERICH SCHLEUSE UW,2026-06-30 00:46:00+00:00,18.17,18.194118441977356,18.194118441977356,,1,-0.02411844197735391,0.02411844197735391
DUISBURG-MEIDERICH SCHLEUSE OW,2026-06-30 00:47:00+00:00,24.99,24.903244446642333,24.903244446642333,,1,0.0867555533576656,0.0867555533576656
DUISBURG-MEIDERICH SCHLEUSE UW,2026-06-30 00:47:00+00:00,18.17,18.194118441977356,18.194118441977356,,1,-0.02411844197735391,0.02411844197735391
DUISBURG-MEIDERICH SCHLEUSE OW,2026-06-30 00:48:00+00:00,24.99,24.903244446642333,24.903244446642333,,1,0.0867555533576656,0.0867555533576656
DUISBURG-MEIDERICH SCHLEUSE UW,2026-06-30 00:48:00+00:00,18.17,18.194118441977356,18.194118441977356,,1,-0.02411844197735391,0.02411844197735391
DUISBURG-MEIDERICH SCHLEUSE OW,2026-06-30 00:49:00+00:00,24.99,24.903244446642333,24.903244446642333,,1,0.0867555533576656,0.0867555533576656
DUISBURG-MEIDERICH SCHLEUSE UW,2026-06-30 00:49:00+00:00,18.17,18.194118441977356,18.194118441977356,,1,-0.02411844197735391,0.02411844197735391
Basel-Rheinhalle,2026-06-30 00:50:00+00:00,519.0,515.8353070077566,515.8353070077566,,1,3.164692992243431,3.164692992243431
DUISBURG-MEIDERICH SCHLEUSE OW,2026-06-30 00:50:00+00:00,24.99,24.903244446642333,24.903244446642333,,1,0.0867555533576656,0.0867555533576656
DUISBURG-MEIDERICH SCHLEUSE UW,2026-06-30 00:50:00+00:00,18.17,18.194118441977356,18.194118441977356,,1,-0.02411844197735391,0.02411844197735391
LOBITH,2026-06-30 00:50:00+00:00,704.0,704.7397785880244,704.7397785880244,,1,-0.7397785880243646,0.7397785880243646
DUISBURG-MEIDERICH SCHLEUSE OW,2026-06-30 00:51:00+00:00,24.99,24.903244446642333,24.903244446642333,,1,0.0867555533576656,0.0867555533576656
DUISBURG-MEIDERICH SCHLEUSE UW,2026-06-30 00:51:00+00:00,18.17,18.194118441977356,18.194118441977356,,1,-0.02411844197735391,0.02411844197735391
DUISBURG-MEIDERICH SCHLEUSE OW,2026-06-30 00:52:00+00:00,24.99,24.903244446642333,24.903244446642333,,1,0.0867555533576656,0.0867555533576656
DUISBURG-MEIDERICH SCHLEUSE UW,2026-06-30 00:52:00+00:00,18.17,18.194118441977356,18.194118441977356,,1,-0.02411844197735391,0.02411844197735391
DUISBURG-MEIDERICH SCHLEUSE OW,2026-06-30 00:53:00+00:00,24.99,24.903244446642333,24.903244446642333,,1,0.0867555533576656,0.0867555533576656
DUISBURG-MEIDERICH SCHLEUSE UW,2026-06-30 00:53:00+00:00,18.17,18.194118441977356,18.194118441977356,,1,-0.02411844197735391,0.02411844197735391
DUISBURG-MEIDERICH SCHLEUSE OW,2026-06-30 00:54:00+00:00,24.99,24.903244446642333,24.903244446642333,,1,0.0867555533576656,0.0867555533576656
DUISBURG-MEIDERICH SCHLEUSE UW,2026-06-30 00:54:00+00:00,18.17,18.194118441977356,18.194118441977356,,1,-0.02411844197735391,0.02411844197735391
Basel-Rheinhalle,2026-06-30 00:55:00+00:00,522.0,515.8353070077566,515.8353070077566,,1,6.164692992243431,6.164692992243431
DUISBURG-MEIDERICH SCHLEUSE OW,2026-06-30 00:55:00+00:00,24.99,24.903244446642333,24.903244446642333,,1,0.0867555533576656,0.0867555533576656
DUISBURG-MEIDERICH SCHLEUSE UW,2026-06-30 00:55:00+00:00,18.17,18.194118441977356,18.194118441977356,,1,-0.02411844197735391,0.02411844197735391
DUISBURG-MEIDERICH SCHLEUSE OW,2026-06-30 00:56:00+00:00,24.99,24.903244446642333,24.903244446642333,,1,0.0867555533576656,0.0867555533576656
DUISBURG-MEIDERICH SCHLEUSE UW,2026-06-30 00:56:00+00:00,18.17,18.194118441977356,18.194118441977356,,1,-0.02411844197735391,0.02411844197735391
DUISBURG-MEIDERICH SCHLEUSE OW,2026-06-30 00:57:00+00:00,24.99,24.903244446642333,24.903244446642333,,1,0.0867555533576656,0.0867555533576656
DUISBURG-MEIDERICH SCHLEUSE UW,2026-06-30 00:57:00+00:00,18.17,18.194118441977356,18.194118441977356,,1,-0.02411844197735391,0.02411844197735391
DUISBURG-MEIDERICH SCHLEUSE OW,2026-06-30 00:58:00+00:00,24.99,24.903244446642333,24.903244446642333,,1,0.0867555533576656,0.0867555533576656
DUISBURG-MEIDERICH SCHLEUSE UW,2026-06-30 00:58:00+00:00,18.17,18.194118441977356,18.194118441977356,,1,-0.02411844197735391,0.02411844197735391
DUISBURG-MEIDERICH SCHLEUSE OW,2026-06-30 00:59:00+00:00,24.99,24.903244446642333,24.903244446642333,,1,0.0867555533576656,0.0867555533576656
DUISBURG-MEIDERICH SCHLEUSE UW,2026-06-30 00:59:00+00:00,18.17,18.194118441977356,18.194118441977356,,1,-0.02411844197735391,0.02411844197735391
BINGEN,2026-06-30 01:00:00+00:00,106.0,105.21692930976417,105.21692930976417,,1,0.7830706902358315,0.7830706902358315
BONN,2026-06-30 01:00:00+00:00,140.0,141.28946241423577,141.28946241423577,,1,-1.2894624142357713,1.2894624142357713
BREISACH,2026-06-30 01:00:00+00:00,185.0,194.54578512562267,194.54578512562267,,1,-9.545785125622672,9.545785125622672
Basel-Rheinhalle,2026-06-30 01:00:00+00:00,522.0,515.954791404537,515.954791404537,,1,6.045208595463009,6.045208595463009
DUISBURG-MEIDERICH SCHLEUSE OW,2026-06-30 01:00:00+00:00,24.99,24.903244446642333,24.903244446642333,,1,0.0867555533576656,0.0867555533576656
DUISBURG-MEIDERICH SCHLEUSE UW,2026-06-30 01:00:00+00:00,18.17,18.194118441977356,18.194118441977356,,1,-0.02411844197735391,0.02411844197735391
DUISBURG-RUHRORT,2026-06-30 01:00:00+00:00,214.0,211.86152020935322,211.86152020935322,0.0,1,2.138479790646784,2.138479790646784
DÜSSELDORF,2026-06-30 01:00:00+00:00,80.0,79.89294206557827,79.89294206557827,,1,0.10705793442173217,0.10705793442173217
EMMERICH,2026-06-30 01:00:00+00:00,53.0,53.560247196293865,53.560247196293865,,1,-0.5602471962938651,0.5602471962938651
IFFEZHEIM,2026-06-30 01:00:00+00:00,149.0,156.2789348059929,156.2789348059929,1.0,1,-7.27893480599289,7.27893480599289
KAUB,2026-06-30 01:00:00+00:00,87.0,84.34679028650416,84.34679028650416,,1,2.6532097134958406,2.6532097134958406
KOBLENZ,2026-06-30 01:00:00+00:00,82.0,81.67966567058608,81.67966567058608,0.0,1,0.3203343294139245,0.3203343294139245
KONSTANZ-RHEIN,2026-06-30 01:00:00+00:00,313.0,314.8659595847071,314.8659595847071,,1,-1.8659595847071273,1.8659595847071273
Koblenz OP,2026-06-30 01:00:00+00:00,201.0,201.69972631584344,201.69972631584344,,1,-0.699726315843435,0.699726315843435
Koblenz UP,2026-06-30 01:00:00+00:00,49.0,48.334792900375625,48.334792900375625,3.0,1,0.6652070996243751,0.6652070996243751
KÖLN,2026-06-30 01:00:00+00:00,134.0,132.53756749253128,132.53756749253128,0.0,1,1.4624325074687192,1.4624325074687192
LOBITH,2026-06-30 01:00:00+00:00,704.0,704.7397785880244,704.7397785880244,,1,-0.7397785880243646,0.7397785880243646
MAINZ,2026-06-30 01:00:00+00:00,185.0,187.98578570584183,187.98578570584183,,1,-2.9857857058418347,2.9857857058418347
MANNHEIM,2026-06-30 01:00:00+00:00,163.0,160.56883650715505,160.56883650715505,0.0,1,2.431163492844945,2.431163492844945
MAXAU,2026-06-30 01:00:00+00:00,411.0,410.0663988441459,410.0663988441459,1.0,1,0.9336011558540918,0.9336011558540918
REES,2026-06-30 01:00:00+00:00,96.0,97.5205690859955,97.5205690859955,,1,-1.520569085995504,1.520569085995504
RHEINE UNTERSCHLEUSE,2026-06-30 01:00:00+00:00,199.0,209.27663264641586,209.27663264641586,2.0,1,-10.276632646415862,10.276632646415862
RHEINWEILER,2026-06-30 01:00:00+00:00,223.0,224.44166783538458,224.44166783538458,,1,-1.4416678353845782,1.4416678353845782
SANKT GOAR,2026-06-30 01:00:00+00:00,174.0,169.8800530996088,169.8800530996088,0.0,1,4.119946900391199,4.119946900391199
SPEYER,2026-06-30 01:00:00+00:00,253.0,251.76312408704848,251.76312408704848,1.0,1,1.2368759129515183,1.2368759129515183
WESEL,2026-06-30 01:00:00+00:00,151.0,150.95882201146432,150.95882201146432,0.0,1,0.04117798853567933,0.04117798853567933
WORMS,2026-06-30 01:00:00+00:00,73.0,73.27731606367993,73.27731606367993,0.0,1,-0.2773160636799332,0.2773160636799332
DUISBURG-MEIDERICH SCHLEUSE OW,2026-06-30 01:01:00+00:00,24.99,24.887568012278027,24.887568012278027,,1,0.10243198772197104,0.10243198772197104
DUISBURG-MEIDERICH SCHLEUSE UW,2026-06-30 01:01:00+00:00,18.17,18.17003506140344,18.17003506140344,,1,-3.506140343745301e-05,3.506140343745301e-05
DUISBURG-MEIDERICH SCHLEUSE OW,2026-06-30 01:02:00+00:00,24.99,24.887568012278027,24.887568012278027,,1,0.10243198772197104,0.10243198772197104
DUISBURG-MEIDERICH SCHLEUSE UW,2026-06-30 01:02:00+00:00,18.17,18.175593201051203,18.175593201051203,,1,-0.005593201051201646,0.005593201051201646
DUISBURG-MEIDERICH SCHLEUSE OW,2026-06-30 01:03:00+00:00,24.99,24.903244446642333,24.903244446642333,,1,0.0867555533576656,0.0867555533576656
DUISBURG-MEIDERICH SCHLEUSE UW,2026-06-30 01:03:00+00:00,18.17,18.19967658162512,18.19967658162512,,1,-0.029676581625118104,0.029676581625118104
DUISBURG-MEIDERICH SCHLEUSE OW,2026-06-30 01:04:00+00:00,24.99,24.903244446642333,24.903244446642333,,1,0.0867555533576656,0.0867555533576656
DUISBURG-MEIDERICH SCHLEUSE UW,2026-06-30 01:04:00+00:00,18.17,18.194118441977356,18.194118441977356,,1,-0.02411844197735391,0.02411844197735391
Basel-Rheinhalle,2026-06-30 01:05:00+00:00,521.0,515.2371081407266,515.2371081407266,,1,5.762891859273395,5.762891859273395
DUISBURG-MEIDERICH SCHLEUSE OW,2026-06-30 01:05:00+00:00,25.0,24.903244446642333,24.903244446642333,,1,0.09675555335766717,0.09675555335766717
DUISBURG-MEIDERICH SCHLEUSE UW,2026-06-30 01:05:00+00:00,18.16,18.194118441977356,18.194118441977356,,1,-0.034118441977355474,0.034118441977355474
DUISBURG-MEIDERICH SCHLEUSE OW,2026-06-30 01:06:00+00:00,25.0,24.904692530440293,24.904692530440293,,1,0.0953074695597067,0.0953074695597067
DUISBURG-MEIDERICH SCHLEUSE UW,2026-06-30 01:06:00+00:00,18.16,18.195566525775316,18.195566525775316,,1,-0.03556652577531594,0.03556652577531594
DUISBURG-MEIDERICH SCHLEUSE OW,2026-06-30 01:07:00+00:00,25.0,24.904692530440293,24.904692530440293,,1,0.0953074695597067,0.0953074695597067
DUISBURG-MEIDERICH SCHLEUSE UW,2026-06-30 01:07:00+00:00,18.16,18.195566525775316,18.195566525775316,,1,-0.03556652577531594,0.03556652577531594
DUISBURG-MEIDERICH SCHLEUSE OW,2026-06-30 01:08:00+00:00,25.0,24.904692530440293,24.904692530440293,,1,0.0953074695597067,0.0953074695597067
DUISBURG-MEIDERICH SCHLEUSE UW,2026-06-30 01:08:00+00:00,18.16,18.195566525775316,18.195566525775316,,1,-0.03556652577531594,0.03556652577531594
DUISBURG-MEIDERICH SCHLEUSE OW,2026-06-30 01:09:00+00:00,25.0,24.904692530440293,24.904692530440293,,1,0.0953074695597067,0.0953074695597067
DUISBURG-MEIDERICH SCHLEUSE UW,2026-06-30 01:09:00+00:00,18.16,18.195566525775316,18.195566525775316,,1,-0.03556652577531594,0.03556652577531594
Basel-Rheinhalle,2026-06-30 01:10:00+00:00,521.0,513.3858214095922,513.3858214095922,,1,7.614178590407846,7.614178590407846
DUISBURG-MEIDERICH SCHLEUSE OW,2026-06-30 01:10:00+00:00,25.0,24.904692530440293,24.904692530440293,,1,0.0953074695597067,0.0953074695597067
DUISBURG-MEIDERICH SCHLEUSE UW,2026-06-30 01:10:00+00:00,18.16,18.195566525775316,18.195566525775316,,1,-0.03556652577531594,0.03556652577531594
LOBITH,2026-06-30 01:10:00+00:00,705.0,703.8066394806965,703.8066394806965,,1,1.1933605193034964,1.1933605193034964
DUISBURG-MEIDERICH SCHLEUSE OW,2026-06-30 01:11:00+00:00,25.0,24.904692530440293,24.904692530440293,,1,0.0953074695597067,0.0953074695597067
DUISBURG-MEIDERICH SCHLEUSE UW,2026-06-30 01:11:00+00:00,18.16,18.195566525775316,18.195566525775316,,1,-0.03556652577531594,0.03556652577531594
DUISBURG-MEIDERICH SCHLEUSE OW,2026-06-30 01:12:00+00:00,25.0,24.904692530440293,24.904692530440293,,1,0.0953074695597067,0.0953074695597067
DUISBURG-MEIDERICH SCHLEUSE UW,2026-06-30 01:12:00+00:00,18.16,18.195566525775316,18.195566525775316,,1,-0.03556652577531594,0.03556652577531594
DUISBURG-MEIDERICH SCHLEUSE OW,2026-06-30 01:13:00+00:00,25.0,24.904692530440293,24.904692530440293,,1,0.0953074695597067,0.0953074695597067
DUISBURG-MEIDERICH SCHLEUSE UW,2026-06-30 01:13:00+00:00,18.16,18.195566525775316,18.195566525775316,,1,-0.03556652577531594,0.03556652577531594
DUISBURG-MEIDERICH SCHLEUSE OW,2026-06-30 01:14:00+00:00,25.0,24.904692530440293,24.904692530440293,,1,0.0953074695597067,0.0953074695597067
DUISBURG-MEIDERICH SCHLEUSE UW,2026-06-30 01:14:00+00:00,18.16,18.195566525775316,18.195566525775316,,1,-0.03556652577531594,0.03556652577531594
BINGEN,2026-06-30 01:15:00+00:00,106.0,105.28679970872213,105.28679970872213,,1,0.7132002912778717,0.7132002912778717
BONN,2026-06-30 01:15:00+00:00,140.0,141.21748427255883,141.21748427255883,,1,-1.2174842725588348,1.2174842725588348
BREISACH,2026-06-30 01:15:00+00:00,184.0,194.30324746058426,194.30324746058426,,1,-10.30324746058426,10.30324746058426
Basel-Rheinhalle,2026-06-30 01:15:00+00:00,522.0,521.9003704747686,521.9003704747686,,1,0.09962952523142121,0.09962952523142121
DUISBURG-MEIDERICH SCHLEUSE OW,2026-06-30 01:15:00+00:00,25.0,24.904692530440293,24.904692530440293,,1,0.0953074695597067,0.0953074695597067
DUISBURG-MEIDERICH SCHLEUSE UW,2026-06-30 01:15:00+00:00,18.16,18.195566525775316,18.195566525775316,,1,-0.03556652577531594,0.03556652577531594
DUISBURG-RUHRORT,2026-06-30 01:15:00+00:00,214.0,211.83540144963928,211.83540144963928,0.0,1,2.164598550360722,2.164598550360722
DÜSSELDORF,2026-06-30 01:15:00+00:00,81.0,79.79789474491014,79.79789474491014,,1,1.2021052550898617,1.2021052550898617
EMMERICH,2026-06-30 01:15:00+00:00,54.0,54.014267759555835,54.014267759555835,,1,-0.014267759555835369,0.014267759555835369
IFFEZHEIM,2026-06-30 01:15:00+00:00,153.0,156.41812144455352,156.41812144455352,1.0,1,-3.4181214445535204,3.4181214445535204
KAUB,2026-06-30 01:15:00+00:00,86.0,84.43065354650491,84.43065354650491,,1,1.5693464534950863,1.5693464534950863
KOBLENZ,2026-06-30 01:15:00+00:00,83.0,79.43467886213575,79.43467886213575,0.0,1,3.5653211378642453,3.5653211378642453
KONSTANZ-RHEIN,2026-06-30 01:15:00+00:00,313.0,314.27900067907603,314.27900067907603,,1,-1.2790006790760344,1.2790006790760344
Koblenz OP,2026-06-30 01:15:00+00:00,200.0,203.9799406598039,203.9799406598039,,1,-3.9799406598039013,3.9799406598039013
Koblenz UP,2026-06-30 01:15:00+00:00,50.0,49.39609398667989,49.39609398667989,3.0,1,0.6039060133201133,0.6039060133201133
KÖLN,2026-06-30 01:15:00+00:00,134.0,132.46558935085434,132.46558935085434,0.0,1,1.5344106491456557,1.5344106491456557
MAINZ,2026-06-30 01:15:00+00:00,186.0,187.684506064529,187.684506064529,,1,-1.684506064528989,1.684506064528989
MANNHEIM,2026-06-30 01:15:00+00:00,162.0,160.03154225723654,160.03154225723654,0.0,1,1.9684577427634622,1.9684577427634622
MAXAU,2026-06-30 01:15:00+00:00,411.0,409.98931856433137,409.98931856433137,1.0,1,1.01068143566863,1.01068143566863
REES,2026-06-30 01:15:00+00:00,96.0,97.49648570542158,97.49648570542158,,1,-1.496485705421577,1.496485705421577
RHEINE UNTERSCHLEUSE,2026-06-30 01:15:00+00:00,197.0,209.01155141107853,209.01155141107853,2.0,1,-12.011551411078528,12.011551411078528
RHEINWEILER,2026-06-30 01:15:00+00:00,224.0,223.911676337967,223.911676337967,,1,0.08832366203299102,0.08832366203299102
SANKT GOAR,2026-06-30 01:15:00+00:00,174.0,170.01969376266877,170.01969376266877,0.0,1,3.9803062373312343,3.9803062373312343
SPEYER,2026-06-30 01:15:00+00:00,254.0,252.463558204257,252.463558204257,1.0,1,1.536441795743002,1.536441795743002
WESEL,2026-06-30 01:15:00+00:00,151.0,150.92887156824904,150.92887156824904,0.0,1,0.07112843175096373,0.07112843175096373
WORMS,2026-06-30 01:15:00+00:00,73.0,72.30974797312703,72.30974797312703,0.0,1,0.6902520268729688,0.6902520268729688
DUISBURG-MEIDERICH SCHLEUSE OW,2026-06-30 01:16:00+00:00,25.0,24.904692530440293,24.904692530440293,,1,0.0953074695597067,0.0953074695597067
DUISBURG-MEIDERICH SCHLEUSE UW,2026-06-30 01:16:00+00:00,18.16,18.195566525775316,18.195566525775316,,1,-0.03556652577531594,0.03556652577531594
DUISBURG-MEIDERICH SCHLEUSE OW,2026-06-30 01:17:00+00:00,25.0,24.904692530440293,24.904692530440293,,1,0.0953074695597067,0.0953074695597067
DUISBURG-MEIDERICH SCHLEUSE UW,2026-06-30 01:17:00+00:00,18.16,18.195566525775316,18.195566525775316,,1,-0.03556652577531594,0.03556652577531594
DUISBURG-MEIDERICH SCHLEUSE OW,2026-06-30 01:18:00+00:00,25.0,24.904692530440293,24.904692530440293,,1,0.0953074695597067,0.0953074695597067
DUISBURG-MEIDERICH SCHLEUSE UW,2026-06-30 01:18:00+00:00,18.16,18.195566525775316,18.195566525775316,,1,-0.03556652577531594,0.03556652577531594
DUISBURG-MEIDERICH SCHLEUSE OW,2026-06-30 01:19:00+00:00,25.0,24.904692530440293,24.904692530440293,,1,0.0953074695597067,0.0953074695597067
DUISBURG-MEIDERICH SCHLEUSE UW,2026-06-30 01:19:00+00:00,18.16,18.195566525775316,18.195566525775316,,1,-0.03556652577531594,0.03556652577531594
Basel-Rheinhalle,2026-06-30 01:20:00+00:00,521.0,520.8386998968153,520.8386998968153,,1,0.16130010318465793,0.16130010318465793
DUISBURG-MEIDERICH SCHLEUSE OW,2026-06-30 01:20:00+00:00,25.0,24.904692530440293,24.904692530440293,,1,0.0953074695597067,0.0953074695597067
DUISBURG-MEIDERICH SCHLEUSE UW,2026-06-30 01:20:00+00:00,18.16,18.195566525775316,18.195566525775316,,1,-0.03556652577531594,0.03556652577531594
LOBITH,2026-06-30 01:20:00+00:00,704.0,704.5916712205773,704.5916712205773,,1,-0.5916712205772683,0.5916712205772683
DUISBURG-MEIDERICH SCHLEUSE OW,2026-06-30 01:21:00+00:00,25.0,24.904692530440293,24.904692530440293,,1,0.0953074695597067,0.0953074695597067
DUISBURG-MEIDERICH SCHLEUSE UW,2026-06-30 01:21:00+00:00,18.16,18.195566525775316,18.195566525775316,,1,-0.03556652577531594,0.03556652577531594
DUISBURG-MEIDERICH SCHLEUSE OW,2026-06-30 01:22:00+00:00,25.0,24.904692530440293,24.904692530440293,,1,0.0953074695597067,0.0953074695597067
DUISBURG-MEIDERICH SCHLEUSE UW,2026-06-30 01:22:00+00:00,18.16,18.195566525775316,18.195566525775316,,1,-0.03556652577531594,0.03556652577531594
DUISBURG-MEIDERICH SCHLEUSE OW,2026-06-30 01:23:00+00:00,25.0,24.904692530440293,24.904692530440293,,1,0.0953074695597067,0.0953074695597067
DUISBURG-MEIDERICH SCHLEUSE UW,2026-06-30 01:23:00+00:00,18.16,18.195566525775316,18.195566525775316,,1,-0.03556652577531594,0.03556652577531594
DUISBURG-MEIDERICH SCHLEUSE OW,2026-06-30 01:24:00+00:00,25.0,24.904692530440293,24.904692530440293,,1,0.0953074695597067,0.0953074695597067
DUISBURG-MEIDERICH SCHLEUSE UW,2026-06-30 01:24:00+00:00,18.16,18.195566525775316,18.195566525775316,,1,-0.03556652577531594,0.03556652577531594
Basel-Rheinhalle,2026-06-30 01:25:00+00:00,519.0,521.9088656081863,521.9088656081863,,1,-2.908865608186261,2.908865608186261
DUISBURG-MEIDERICH SCHLEUSE OW,2026-06-30 01:25:00+00:00,25.0,24.904692530440293,24.904692530440293,,1,0.0953074695597067,0.0953074695597067
DUISBURG-MEIDERICH SCHLEUSE UW,2026-06-30 01:25:00+00:00,18.16,18.195566525775316,18.195566525775316,,1,-0.03556652577531594,0.03556652577531594
DUISBURG-MEIDERICH SCHLEUSE OW,2026-06-30 01:26:00+00:00,25.0,24.904692530440293,24.904692530440293,,1,0.0953074695597067,0.0953074695597067
DUISBURG-MEIDERICH SCHLEUSE UW,2026-06-30 01:26:00+00:00,18.16,18.195566525775316,18.195566525775316,,1,-0.03556652577531594,0.03556652577531594
DUISBURG-MEIDERICH SCHLEUSE OW,2026-06-30 01:27:00+00:00,25.0,24.904692530440293,24.904692530440293,,1,0.0953074695597067,0.0953074695597067
DUISBURG-MEIDERICH SCHLEUSE UW,2026-06-30 01:27:00+00:00,18.16,18.195566525775316,18.195566525775316,,1,-0.03556652577531594,0.03556652577531594
DUISBURG-MEIDERICH SCHLEUSE OW,2026-06-30 01:28:00+00:00,25.0,24.904692530440293,24.904692530440293,,1,0.0953074695597067,0.0953074695597067
DUISBURG-MEIDERICH SCHLEUSE UW,2026-06-30 01:28:00+00:00,18.16,18.195566525775316,18.195566525775316,,1,-0.03556652577531594,0.03556652577531594
DUISBURG-MEIDERICH SCHLEUSE OW,2026-06-30 01:29:00+00:00,25.0,24.515053427605025,24.515053427605025,,1,0.48494657239497485,0.48494657239497485
DUISBURG-MEIDERICH SCHLEUSE UW,2026-06-30 01:29:00+00:00,18.16,18.195566525775316,18.195566525775316,,1,-0.03556652577531594,0.03556652577531594
BINGEN,2026-06-30 01:30:00+00:00,106.0,105.24108898910335,105.24108898910335,,1,0.7589110108966537,0.7589110108966537
BONN,2026-06-30 01:30:00+00:00,139.0,141.21748427255883,141.21748427255883,,1,-2.217484272558835,2.217484272558835
BREISACH,2026-06-30 01:30:00+00:00,185.0,189.3306803707003,189.3306803707003,,1,-4.330680370700293,4.330680370700293
Basel-Rheinhalle,2026-06-30 01:30:00+00:00,519.0,523.2333956797247,523.2333956797247,,1,-4.233395679724708,4.233395679724708
DUISBURG-MEIDERICH SCHLEUSE OW,2026-06-30 01:30:00+00:00,25.0,24.778876110020338,24.778876110020338,,1,0.22112388997966193,0.22112388997966193
DUISBURG-MEIDERICH SCHLEUSE UW,2026-06-30 01:30:00+00:00,18.16,18.20112466542308,18.20112466542308,,1,-0.04112466542308013,0.04112466542308013
DUISBURG-RUHRORT,2026-06-30 01:30:00+00:00,213.0,211.83540144963928,211.83540144963928,0.0,1,1.1645985503607221,1.1645985503607221
DÜSSELDORF,2026-06-30 01:30:00+00:00,82.0,79.79789474491014,79.79789474491014,,1,2.2021052550898617,2.2021052550898617
EMMERICH,2026-06-30 01:30:00+00:00,54.0,54.3982835344713,54.3982835344713,,1,-0.3982835344712967,0.3982835344712967
IFFEZHEIM,2026-06-30 01:30:00+00:00,150.0,156.41812144455352,156.41812144455352,1.0,1,-6.41812144455352,6.41812144455352
KAUB,2026-06-30 01:30:00+00:00,87.0,84.29570619860388,84.29570619860388,,1,2.704293801396119,2.704293801396119
KOBLENZ,2026-06-30 01:30:00+00:00,83.0,78.45924919941027,78.45924919941027,0.0,1,4.540750800589734,4.540750800589734
KONSTANZ-RHEIN,2026-06-30 01:30:00+00:00,313.0,313.18069976624645,313.18069976624645,,1,-0.18069976624644823,0.18069976624644823
Koblenz OP,2026-06-30 01:30:00+00:00,201.0,203.85108546894824,203.85108546894824,,1,-2.8510854689482414,2.8510854689482414
Koblenz UP,2026-06-30 01:30:00+00:00,48.0,49.51734373363216,49.51734373363216,3.0,1,-1.5173437336321598,1.5173437336321598
KÖLN,2026-06-30 01:30:00+00:00,134.0,132.4978540030398,132.4978540030398,0.0,1,1.502145996960195,1.502145996960195
LOBITH,2026-06-30 01:30:00+00:00,704.0,704.7397785880244,704.7397785880244,,1,-0.7397785880243646,0.7397785880243646
MAINZ,2026-06-30 01:30:00+00:00,186.0,187.2287222413746,187.2287222413746,,1,-1.2287222413746122,1.2287222413746122
MANNHEIM,2026-06-30 01:30:00+00:00,162.0,160.56883650715505,160.56883650715505,0.0,1,1.431163492844945,1.431163492844945
MAXAU,2026-06-30 01:30:00+00:00,411.0,410.12529442868606,410.12529442868606,1.0,1,0.8747055713139389,0.8747055713139389
REES,2026-06-30 01:30:00+00:00,96.0,97.48296364688623,97.48296364688623,,1,-1.4829636468862333,1.4829636468862333
RHEINE UNTERSCHLEUSE,2026-06-30 01:30:00+00:00,193.0,206.01163990339202,206.01163990339202,2.0,1,-13.011639903392023,13.011639903392023
RHEINWEILER,2026-06-30 01:30:00+00:00,225.0,222.23923739403605,222.23923739403605,,1,2.760762605963947,2.760762605963947
SANKT GOAR,2026-06-30 01:30:00+00:00,175.0,169.92583500960228,169.92583500960228,0.0,1,5.074164990397719,5.074164990397719
SPEYER,2026-06-30 01:30:00+00:00,254.0,251.76312408704848,251.76312408704848,1.0,1,2.2368759129515183,2.2368759129515183
WESEL,2026-06-30 01:30:00+00:00,151.0,150.94302589836497,150.94302589836497,0.0,1,0.05697410163503491,0.05697410163503491
WORMS,2026-06-30 01:30:00+00:00,73.0,72.42234055628423,72.42234055628423,0.0,1,0.577659443715774,0.577659443715774
DUISBURG-MEIDERICH SCHLEUSE OW,2026-06-30 01:31:00+00:00,25.01,24.778876110020338,24.778876110020338,,1,0.2311238899796635,0.2311238899796635
DUISBURG-MEIDERICH SCHLEUSE UW,2026-06-30 01:31:00+00:00,18.16,18.20112466542308,18.20112466542308,,1,-0.04112466542308013,0.04112466542308013
DUISBURG-MEIDERICH SCHLEUSE OW,2026-06-30 01:32:00+00:00,25.01,24.422708610111282,24.422708610111282,,1,0.5872913898887191,0.5872913898887191
DUISBURG-MEIDERICH SCHLEUSE UW,2026-06-30 01:32:00+00:00,18.16,18.195566525775316,18.195566525775316,,1,-0.03556652577531594,0.03556652577531594
DUISBURG-MEIDERICH SCHLEUSE OW,2026-06-30 01:33:00+00:00,25.01,24.422708610111282,24.422708610111282,,1,0.5872913898887191,0.5872913898887191
DUISBURG-MEIDERICH SCHLEUSE UW,2026-06-30 01:33:00+00:00,18.16,18.195566525775316,18.195566525775316,,1,-0.03556652577531594,0.03556652577531594
DUISBURG-MEIDERICH SCHLEUSE OW,2026-06-30 01:34:00+00:00,25.01,24.422708610111282,24.422708610111282,,1,0.5872913898887191,0.5872913898887191
DUISBURG-MEIDERICH SCHLEUSE UW,2026-06-30 01:34:00+00:00,18.16,18.195566525775316,18.195566525775316,,1,-0.03556652577531594,0.03556652577531594
Basel-Rheinhalle,2026-06-30 01:35:00+00:00,519.0,521.5770002381138,521.5770002381138,,1,-2.577000238113783,2.577000238113783
DUISBURG-MEIDERICH SCHLEUSE OW,2026-06-30 01:35:00+00:00,25.01,24.422708610111282,24.422708610111282,,1,0.5872913898887191,0.5872913898887191
DUISBURG-MEIDERICH SCHLEUSE UW,2026-06-30 01:35:00+00:00,18.16,18.195566525775316,18.195566525775316,,1,-0.03556652577531594,0.03556652577531594
DUISBURG-MEIDERICH SCHLEUSE OW,2026-06-30 01:36:00+00:00,25.01,24.422708610111282,24.422708610111282,,1,0.5872913898887191,0.5872913898887191
DUISBURG-MEIDERICH SCHLEUSE UW,2026-06-30 01:36:00+00:00,18.16,18.195566525775316,18.195566525775316,,1,-0.03556652577531594,0.03556652577531594
DUISBURG-MEIDERICH SCHLEUSE OW,2026-06-30 01:37:00+00:00,25.01,24.422708610111282,24.422708610111282,,1,0.5872913898887191,0.5872913898887191
DUISBURG-MEIDERICH SCHLEUSE UW,2026-06-30 01:37:00+00:00,18.16,18.195566525775316,18.195566525775316,,1,-0.03556652577531594,0.03556652577531594
DUISBURG-MEIDERICH SCHLEUSE OW,2026-06-30 01:38:00+00:00,25.01,24.422708610111282,24.422708610111282,,1,0.5872913898887191,0.5872913898887191
DUISBURG-MEIDERICH SCHLEUSE UW,2026-06-30 01:38:00+00:00,18.17,18.195566525775316,18.195566525775316,,1,-0.025566525775314375,0.025566525775314375
DUISBURG-MEIDERICH SCHLEUSE OW,2026-06-30 01:39:00+00:00,25.01,24.422708610111282,24.422708610111282,,1,0.5872913898887191,0.5872913898887191
DUISBURG-MEIDERICH SCHLEUSE UW,2026-06-30 01:39:00+00:00,18.17,18.195566525775316,18.195566525775316,,1,-0.025566525775314375,0.025566525775314375
Basel-Rheinhalle,2026-06-30 01:40:00+00:00,519.0,525.1996754749201,525.1996754749201,,1,-6.199675474920127,6.199675474920127
DUISBURG-MEIDERICH SCHLEUSE OW,2026-06-30 01:40:00+00:00,25.01,24.422708610111282,24.422708610111282,,1,0.5872913898887191,0.5872913898887191
DUISBURG-MEIDERICH SCHLEUSE UW,2026-06-30 01:40:00+00:00,18.17,18.195566525775316,18.195566525775316,,1,-0.025566525775314375,0.025566525775314375
LOBITH,2026-06-30 01:40:00+00:00,704.0,704.7397785880244,704.7397785880244,,1,-0.7397785880243646,0.7397785880243646
DUISBURG-MEIDERICH SCHLEUSE OW,2026-06-30 01:41:00+00:00,25.01,24.422708610111282,24.422708610111282,,1,0.5872913898887191,0.5872913898887191
DUISBURG-MEIDERICH SCHLEUSE UW,2026-06-30 01:41:00+00:00,18.17,18.195566525775316,18.195566525775316,,1,-0.025566525775314375,0.025566525775314375
DUISBURG-MEIDERICH SCHLEUSE OW,2026-06-30 01:42:00+00:00,25.01,24.422708610111282,24.422708610111282,,1,0.5872913898887191,0.5872913898887191
DUISBURG-MEIDERICH SCHLEUSE UW,2026-06-30 01:42:00+00:00,18.17,18.195566525775316,18.195566525775316,,1,-0.025566525775314375,0.025566525775314375
DUISBURG-MEIDERICH SCHLEUSE OW,2026-06-30 01:43:00+00:00,25.01,24.422708610111282,24.422708610111282,,1,0.5872913898887191,0.5872913898887191
DUISBURG-MEIDERICH SCHLEUSE UW,2026-06-30 01:43:00+00:00,18.17,18.195566525775316,18.195566525775316,,1,-0.025566525775314375,0.025566525775314375
DUISBURG-MEIDERICH SCHLEUSE OW,2026-06-30 01:44:00+00:00,25.01,24.422708610111282,24.422708610111282,,1,0.5872913898887191,0.5872913898887191
DUISBURG-MEIDERICH SCHLEUSE UW,2026-06-30 01:44:00+00:00,18.17,18.195566525775316,18.195566525775316,,1,-0.025566525775314375,0.025566525775314375
BINGEN,2026-06-30 01:45:00+00:00,105.0,105.17121859014539,105.17121859014539,,1,-0.17121859014538643,0.17121859014538643
BONN,2026-06-30 01:45:00+00:00,139.0,141.30298447277102,141.30298447277102,,1,-2.3029844727710156,2.3029844727710156
BREISACH,2026-06-30 01:45:00+00:00,186.0,188.37155112851303,188.37155112851303,,1,-2.3715511285130333,2.3715511285130333
Basel-Rheinhalle,2026-06-30 01:45:00+00:00,516.0,522.4317325367701,522.4317325367701,,1,-6.4317325367701415,6.4317325367701415
DUISBURG-MEIDERICH SCHLEUSE OW,2026-06-30 01:45:00+00:00,25.01,24.422708610111282,24.422708610111282,,1,0.5872913898887191,0.5872913898887191
DUISBURG-MEIDERICH SCHLEUSE UW,2026-06-30 01:45:00+00:00,18.17,18.195566525775316,18.195566525775316,,1,-0.025566525775314375,0.025566525775314375
DUISBURG-RUHRORT,2026-06-30 01:45:00+00:00,214.0,212.11620758341513,212.11620758341513,0.0,1,1.8837924165848676,1.8837924165848676
DÜSSELDORF,2026-06-30 01:45:00+00:00,80.0,79.85247101661304,79.85247101661304,,1,0.1475289833869624,0.1475289833869624
EMMERICH,2026-06-30 01:45:00+00:00,53.0,53.8601035355536,53.8601035355536,,1,-0.8601035355535984,0.8601035355535984
IFFEZHEIM,2026-06-30 01:45:00+00:00,149.0,155.60236639089817,155.60236639089817,1.0,1,-6.602366390898169,6.602366390898169
KAUB,2026-06-30 01:45:00+00:00,87.0,84.21184293860313,84.21184293860313,,1,2.7881570613968734,2.7881570613968734
KOBLENZ,2026-06-30 01:45:00+00:00,83.0,78.37538593940951,78.37538593940951,0.0,1,4.624614060590488,4.624614060590488
KONSTANZ-RHEIN,2026-06-30 01:45:00+00:00,314.0,313.24210859280737,313.24210859280737,,1,0.7578914071926306,0.7578914071926306
Koblenz OP,2026-06-30 01:45:00+00:00,201.0,204.32183422851196,204.32183422851196,,1,-3.3218342285119604,3.3218342285119604
Koblenz UP,2026-06-30 01:45:00+00:00,49.0,49.42507352742177,49.42507352742177,3.0,1,-0.4250735274217732,0.4250735274217732
KÖLN,2026-06-30 01:45:00+00:00,134.0,132.55108955106653,132.55108955106653,0.0,1,1.448910448933475,1.448910448933475
MAINZ,2026-06-30 01:45:00+00:00,185.0,187.53000188268746,187.53000188268746,,1,-2.5300018826874577,2.5300018826874577
MANNHEIM,2026-06-30 01:45:00+00:00,163.0,159.7573706684748,159.7573706684748,0.0,1,3.242629331525194,3.242629331525194
MAXAU,2026-06-30 01:45:00+00:00,411.0,410.2935386366669,410.2935386366669,1.0,1,0.7064613633331192,0.7064613633331192
REES,2026-06-30 01:45:00+00:00,96.0,97.74650445967639,97.74650445967639,,1,-1.7465044596763875,1.7465044596763875
RHEINE UNTERSCHLEUSE,2026-06-30 01:45:00+00:00,191.0,206.27672113872936,206.27672113872936,2.0,1,-15.276721138729357,15.276721138729357
RHEINWEILER,2026-06-30 01:45:00+00:00,224.0,222.48709828227598,222.48709828227598,,1,1.51290171772402,1.51290171772402
SANKT GOAR,2026-06-30 01:45:00+00:00,175.0,170.60451591658037,170.60451591658037,0.0,1,4.395484083419632,4.395484083419632
SPEYER,2026-06-30 01:45:00+00:00,254.0,251.96787001162508,251.96787001162508,1.0,1,2.032129988374919,2.032129988374919
WESEL,2026-06-30 01:45:00+00:00,151.0,151.02036417783322,151.02036417783322,0.0,1,-0.020364177833215535,0.020364177833215535
WORMS,2026-06-30 01:45:00+00:00,73.0,73.1600389778798,73.1600389778798,0.0,1,-0.16003897787979326,0.16003897787979326
DUISBURG-MEIDERICH SCHLEUSE OW,2026-06-30 01:46:00+00:00,25.01,24.422708610111282,24.422708610111282,,1,0.5872913898887191,0.5872913898887191
DUISBURG-MEIDERICH SCHLEUSE UW,2026-06-30 01:46:00+00:00,18.17,18.195566525775316,18.195566525775316,,1,-0.025566525775314375,0.025566525775314375
DUISBURG-MEIDERICH SCHLEUSE OW,2026-06-30 01:47:00+00:00,25.01,24.422708610111282,24.422708610111282,,1,0.5872913898887191,0.5872913898887191
DUISBURG-MEIDERICH SCHLEUSE UW,2026-06-30 01:47:00+00:00,18.17,18.195566525775316,18.195566525775316,,1,-0.025566525775314375,0.025566525775314375
DUISBURG-MEIDERICH SCHLEUSE OW,2026-06-30 01:48:00+00:00,25.01,24.422708610111282,24.422708610111282,,1,0.5872913898887191,0.5872913898887191
DUISBURG-MEIDERICH SCHLEUSE UW,2026-06-30 01:48:00+00:00,18.17,18.195566525775316,18.195566525775316,,1,-0.025566525775314375,0.025566525775314375
DUISBURG-MEIDERICH SCHLEUSE OW,2026-06-30 01:49:00+00:00,25.01,24.422708610111282,24.422708610111282,,1,0.5872913898887191,0.5872913898887191
DUISBURG-MEIDERICH SCHLEUSE UW,2026-06-30 01:49:00+00:00,18.17,18.195566525775316,18.195566525775316,,1,-0.025566525775314375,0.025566525775314375
Basel-Rheinhalle,2026-06-30 01:50:00+00:00,516.0,526.5706684597427,526.5706684597427,,1,-10.570668459742706,10.570668459742706
DUISBURG-MEIDERICH SCHLEUSE OW,2026-06-30 01:50:00+00:00,25.01,24.422708610111282,24.422708610111282,,1,0.5872913898887191,0.5872913898887191
DUISBURG-MEIDERICH SCHLEUSE UW,2026-06-30 01:50:00+00:00,18.17,18.195566525775316,18.195566525775316,,1,-0.025566525775314375,0.025566525775314375
LOBITH,2026-06-30 01:50:00+00:00,705.0,704.7397785880244,704.7397785880244,,1,0.2602214119756354,0.2602214119756354
DUISBURG-MEIDERICH SCHLEUSE OW,2026-06-30 01:51:00+00:00,25.01,24.422708610111282,24.422708610111282,,1,0.5872913898887191,0.5872913898887191
DUISBURG-MEIDERICH SCHLEUSE UW,2026-06-30 01:51:00+00:00,18.17,18.195566525775316,18.195566525775316,,1,-0.025566525775314375,0.025566525775314375
DUISBURG-MEIDERICH SCHLEUSE OW,2026-06-30 01:52:00+00:00,25.01,24.422708610111282,24.422708610111282,,1,0.5872913898887191,0.5872913898887191
DUISBURG-MEIDERICH SCHLEUSE UW,2026-06-30 01:52:00+00:00,18.17,18.195566525775316,18.195566525775316,,1,-0.025566525775314375,0.025566525775314375
DUISBURG-MEIDERICH SCHLEUSE OW,2026-06-30 01:53:00+00:00,25.01,24.422708610111282,24.422708610111282,,1,0.5872913898887191,0.5872913898887191
DUISBURG-MEIDERICH SCHLEUSE UW,2026-06-30 01:53:00+00:00,18.17,18.195566525775316,18.195566525775316,,1,-0.025566525775314375,0.025566525775314375
DUISBURG-MEIDERICH SCHLEUSE OW,2026-06-30 01:54:00+00:00,25.01,24.422708610111282,24.422708610111282,,1,0.5872913898887191,0.5872913898887191
DUISBURG-MEIDERICH SCHLEUSE UW,2026-06-30 01:54:00+00:00,18.17,18.195566525775316,18.195566525775316,,1,-0.025566525775314375,0.025566525775314375
Basel-Rheinhalle,2026-06-30 01:55:00+00:00,516.0,530.4700447663737,530.4700447663737,,1,-14.47004476637369,14.47004476637369
DUISBURG-MEIDERICH SCHLEUSE OW,2026-06-30 01:55:00+00:00,25.01,24.919724840873798,24.919724840873798,,1,0.09027515912620387,0.09027515912620387
DUISBURG-MEIDERICH SCHLEUSE UW,2026-06-30 01:55:00+00:00,18.17,18.195566525775316,18.195566525775316,,1,-0.025566525775314375,0.025566525775314375
DUISBURG-MEIDERICH SCHLEUSE OW,2026-06-30 01:56:00+00:00,25.01,25.89796722243103,25.89796722243103,,1,-0.8879672224310298,0.8879672224310298
DUISBURG-MEIDERICH SCHLEUSE UW,2026-06-30 01:56:00+00:00,18.17,18.195566525775316,18.195566525775316,,1,-0.025566525775314375,0.025566525775314375
DUISBURG-MEIDERICH SCHLEUSE OW,2026-06-30 01:57:00+00:00,25.01,25.89796722243103,25.89796722243103,,1,-0.8879672224310298,0.8879672224310298
DUISBURG-MEIDERICH SCHLEUSE UW,2026-06-30 01:57:00+00:00,18.17,18.195566525775316,18.195566525775316,,1,-0.025566525775314375,0.025566525775314375
DUISBURG-MEIDERICH SCHLEUSE OW,2026-06-30 01:58:00+00:00,25.01,25.541799722521976,25.541799722521976,,1,-0.5317997225219742,0.5317997225219742
DUISBURG-MEIDERICH SCHLEUSE UW,2026-06-30 01:58:00+00:00,18.17,18.195566525775316,18.195566525775316,,1,-0.025566525775314375,0.025566525775314375
DUISBURG-MEIDERICH SCHLEUSE OW,2026-06-30 01:59:00+00:00,25.01,25.541799722521976,25.541799722521976,,1,-0.5317997225219742,0.5317997225219742
DUISBURG-MEIDERICH SCHLEUSE UW,2026-06-30 01:59:00+00:00,18.17,18.195566525775316,18.195566525775316,,1,-0.025566525775314375,0.025566525775314375
BINGEN,2026-06-30 02:00:00+00:00,107.0,105.27951837848485,105.27951837848485,,1,1.7204816215151482,1.7204816215151482
BONN,2026-06-30 02:00:00+00:00,139.0,141.2062941848466,141.2062941848466,,1,-2.2062941848465982,2.2062941848465982
BREISACH,2026-06-30 02:00:00+00:00,185.0,189.23808487126027,189.23808487126027,,1,-4.23808487126027,4.23808487126027
Basel-Rheinhalle,2026-06-30 02:00:00+00:00,517.0,531.8279377650956,531.8279377650956,,1,-14.827937765095612,14.827937765095612
DUISBURG-MEIDERICH SCHLEUSE OW,2026-06-30 02:00:00+00:00,25.02,26.18778173016762,26.18778173016762,,1,-1.167781730167622,1.167781730167622
DUISBURG-MEIDERICH SCHLEUSE UW,2026-06-30 02:00:00+00:00,18.17,17.488833163698672,17.488833163698672,,1,0.6811668363013297,0.6811668363013297
DUISBURG-RUHRORT,2026-06-30 02:00:00+00:00,214.0,211.45613794211744,211.45613794211744,0.0,1,2.5438620578825635,2.5438620578825635
DÜSSELDORF,2026-06-30 02:00:00+00:00,81.0,78.16696017623146,78.16696017623146,,1,2.8330398237685444,2.8330398237685444
EMMERICH,2026-06-30 02:00:00+00:00,53.0,53.82334908597911,53.82334908597911,,1,-0.8233490859791104,0.8233490859791104
IFFEZHEIM,2026-06-30 02:00:00+00:00,148.0,156.33249733155256,156.33249733155256,1.0,1,-8.33249733155256,8.33249733155256
KAUB,2026-06-30 02:00:00+00:00,87.0,84.28301495073434,84.28301495073434,,1,2.7169850492656593,2.7169850492656593
KOBLENZ,2026-06-30 02:00:00+00:00,84.0,78.48368572774898,78.48368572774898,0.0,1,5.516314272251023,5.516314272251023
KONSTANZ-RHEIN,2026-06-30 02:00:00+00:00,313.0,313.2676990360284,313.2676990360284,,1,-0.2676990360283753,0.2676990360283753
Koblenz OP,2026-06-30 02:00:00+00:00,201.0,202.2403947903375,202.2403947903375,,1,-1.24039479033749,1.24039479033749
Koblenz UP,2026-06-30 02:00:00+00:00,48.0,48.97303000613257,48.97303000613257,3.0,1,-0.9730300061325678,0.9730300061325678
KÖLN,2026-06-30 02:00:00+00:00,134.0,132.37841416719905,132.37841416719905,0.0,1,1.621585832800946,1.621585832800946
LOBITH,2026-06-30 02:00:00+00:00,704.0,708.7317232855384,708.7317232855384,,1,-4.731723285538351,4.731723285538351
MAINZ,2026-06-30 02:00:00+00:00,185.0,187.74445800559735,187.74445800559735,,1,-2.7444580055973518,2.7444580055973518
MANNHEIM,2026-06-30 02:00:00+00:00,162.0,159.26632353085066,159.26632353085066,0.0,1,2.7336764691493443,2.7336764691493443
MAXAU,2026-06-30 02:00:00+00:00,410.0,410.85701265952935,410.85701265952935,1.0,1,-0.8570126595293459,0.8570126595293459
REES,2026-06-30 02:00:00+00:00,96.0,96.52585915805616,96.52585915805616,,1,-0.5258591580561642,0.5258591580561642
RHEINE UNTERSCHLEUSE,2026-06-30 02:00:00+00:00,191.0,216.39015936351325,216.39015936351325,2.0,1,-25.39015936351325,25.39015936351325
RHEINWEILER,2026-06-30 02:00:00+00:00,222.0,222.695355819259,222.695355819259,,1,-0.6953558192589924,0.6953558192589924
SANKT GOAR,2026-06-30 02:00:00+00:00,176.0,170.74881021321306,170.74881021321306,0.0,1,5.251189786786938,5.251189786786938
SPEYER,2026-06-30 02:00:00+00:00,255.0,252.8575791640826,252.8575791640826,1.0,1,2.1424208359173917,2.1424208359173917
WESEL,2026-06-30 02:00:00+00:00,152.0,151.7328328614053,151.7328328614053,0.0,1,0.26716713859468655,0.26716713859468655
WORMS,2026-06-30 02:00:00+00:00,73.0,72.39429079475687,72.39429079475687,0.0,1,0.6057092052431301,0.6057092052431301
DUISBURG-MEIDERICH SCHLEUSE OW,2026-06-30 02:01:00+00:00,25.02,26.18778173016762,26.18778173016762,,1,-1.167781730167622,1.167781730167622
DUISBURG-MEIDERICH SCHLEUSE UW,2026-06-30 02:01:00+00:00,18.17,17.488833163698672,17.488833163698672,,1,0.6811668363013297,0.6811668363013297
DUISBURG-MEIDERICH SCHLEUSE OW,2026-06-30 02:02:00+00:00,25.02,26.18778173016762,26.18778173016762,,1,-1.167781730167622,1.167781730167622
DUISBURG-MEIDERICH SCHLEUSE UW,2026-06-30 02:02:00+00:00,18.17,17.488833163698672,17.488833163698672,,1,0.6811668363013297,0.6811668363013297
DUISBURG-MEIDERICH SCHLEUSE OW,2026-06-30 02:03:00+00:00,25.02,25.541799722521976,25.541799722521976,,1,-0.5217997225219762,0.5217997225219762
DUISBURG-MEIDERICH SCHLEUSE UW,2026-06-30 02:03:00+00:00,18.17,18.20112466542308,18.20112466542308,,1,-0.031124665423078568,0.031124665423078568
DUISBURG-MEIDERICH SCHLEUSE OW,2026-06-30 02:04:00+00:00,25.02,25.541799722521976,25.541799722521976,,1,-0.5217997225219762,0.5217997225219762
DUISBURG-MEIDERICH SCHLEUSE UW,2026-06-30 02:04:00+00:00,18.17,18.20112466542308,18.20112466542308,,1,-0.031124665423078568,0.031124665423078568
Basel-Rheinhalle,2026-06-30 02:05:00+00:00,519.0,531.6436319916729,531.6436319916729,,1,-12.643631991672919,12.643631991672919
DUISBURG-MEIDERICH SCHLEUSE OW,2026-06-30 02:05:00+00:00,25.02,25.541799722521976,25.541799722521976,,1,-0.5217997225219762,0.5217997225219762
DUISBURG-MEIDERICH SCHLEUSE UW,2026-06-30 02:05:00+00:00,18.17,18.195566525775316,18.195566525775316,,1,-0.025566525775314375,0.025566525775314375
DUISBURG-MEIDERICH SCHLEUSE OW,2026-06-30 02:06:00+00:00,25.02,25.541799722521976,25.541799722521976,,1,-0.5217997225219762,0.5217997225219762
DUISBURG-MEIDERICH SCHLEUSE UW,2026-06-30 02:06:00+00:00,18.17,18.195566525775316,18.195566525775316,,1,-0.025566525775314375,0.025566525775314375
DUISBURG-MEIDERICH SCHLEUSE OW,2026-06-30 02:07:00+00:00,25.02,25.541799722521976,25.541799722521976,,1,-0.5217997225219762,0.5217997225219762
DUISBURG-MEIDERICH SCHLEUSE UW,2026-06-30 02:07:00+00:00,18.17,18.195566525775316,18.195566525775316,,1,-0.025566525775314375,0.025566525775314375
DUISBURG-MEIDERICH SCHLEUSE OW,2026-06-30 02:08:00+00:00,25.02,25.541799722521976,25.541799722521976,,1,-0.5217997225219762,0.5217997225219762
DUISBURG-MEIDERICH SCHLEUSE UW,2026-06-30 02:08:00+00:00,18.17,18.195566525775316,18.195566525775316,,1,-0.025566525775314375,0.025566525775314375
DUISBURG-MEIDERICH SCHLEUSE OW,2026-06-30 02:09:00+00:00,25.02,25.541799722521976,25.541799722521976,,1,-0.5217997225219762,0.5217997225219762
DUISBURG-MEIDERICH SCHLEUSE UW,2026-06-30 02:09:00+00:00,18.17,18.195566525775316,18.195566525775316,,1,-0.025566525775314375,0.025566525775314375
Basel-Rheinhalle,2026-06-30 02:10:00+00:00,520.0,531.7370639109919,531.7370639109919,,1,-11.737063910991878,11.737063910991878
DUISBURG-MEIDERICH SCHLEUSE OW,2026-06-30 02:10:00+00:00,25.02,25.541799722521976,25.541799722521976,,1,-0.5217997225219762,0.5217997225219762
DUISBURG-MEIDERICH SCHLEUSE UW,2026-06-30 02:10:00+00:00,18.17,18.195566525775316,18.195566525775316,,1,-0.025566525775314375,0.025566525775314375
LOBITH,2026-06-30 02:10:00+00:00,704.0,708.7317232855384,708.7317232855384,,1,-4.731723285538351,4.731723285538351
DUISBURG-MEIDERICH SCHLEUSE OW,2026-06-30 02:11:00+00:00,25.02,25.541799722521976,25.541799722521976,,1,-0.5217997225219762,0.5217997225219762
DUISBURG-MEIDERICH SCHLEUSE UW,2026-06-30 02:11:00+00:00,18.17,18.195566525775316,18.195566525775316,,1,-0.025566525775314375,0.025566525775314375
DUISBURG-MEIDERICH SCHLEUSE OW,2026-06-30 02:12:00+00:00,25.02,25.541799722521976,25.541799722521976,,1,-0.5217997225219762,0.5217997225219762
DUISBURG-MEIDERICH SCHLEUSE UW,2026-06-30 02:12:00+00:00,18.16,18.195566525775316,18.195566525775316,,1,-0.03556652577531594,0.03556652577531594
DUISBURG-MEIDERICH SCHLEUSE OW,2026-06-30 02:13:00+00:00,25.02,25.541799722521976,25.541799722521976,,1,-0.5217997225219762,0.5217997225219762
DUISBURG-MEIDERICH SCHLEUSE UW,2026-06-30 02:13:00+00:00,18.16,18.195566525775316,18.195566525775316,,1,-0.03556652577531594,0.03556652577531594
DUISBURG-MEIDERICH SCHLEUSE OW,2026-06-30 02:14:00+00:00,25.02,25.541799722521976,25.541799722521976,,1,-0.5217997225219762,0.5217997225219762
DUISBURG-MEIDERICH SCHLEUSE UW,2026-06-30 02:14:00+00:00,18.16,18.195566525775316,18.195566525775316,,1,-0.03556652577531594,0.03556652577531594
BINGEN,2026-06-30 02:15:00+00:00,107.0,105.45767610097397,105.45767610097397,,1,1.5423238990260302,1.5423238990260302
BONN,2026-06-30 02:15:00+00:00,139.0,141.2062941848466,141.2062941848466,,1,-2.2062941848465982,2.2062941848465982
BREISACH,2026-06-30 02:15:00+00:00,186.0,194.0496192139989,194.0496192139989,,1,-8.04961921399891,8.04961921399891
Basel-Rheinhalle,2026-06-30 02:15:00+00:00,522.0,532.8024093897687,532.8024093897687,,1,-10.80240938976874,10.80240938976874
DUISBURG-MEIDERICH SCHLEUSE OW,2026-06-30 02:15:00+00:00,25.02,25.541799722521976,25.541799722521976,,1,-0.5217997225219762,0.5217997225219762
DUISBURG-MEIDERICH SCHLEUSE UW,2026-06-30 02:15:00+00:00,18.16,18.195566525775316,18.195566525775316,,1,-0.03556652577531594,0.03556652577531594
DUISBURG-RUHRORT,2026-06-30 02:15:00+00:00,212.0,211.45613794211744,211.45613794211744,0.0,1,0.5438620578825635,0.5438620578825635
DÜSSELDORF,2026-06-30 02:15:00+00:00,81.0,78.2572190029689,78.2572190029689,,1,2.7427809970311046,2.7427809970311046
EMMERICH,2026-06-30 02:15:00+00:00,53.0,53.337405320094405,53.337405320094405,,1,-0.3374053200944047,0.3374053200944047
IFFEZHEIM,2026-06-30 02:15:00+00:00,146.0,156.33249733155256,156.33249733155256,1.0,1,-10.33249733155256,10.33249733155256
KAUB,2026-06-30 02:15:00+00:00,87.0,84.34931306966295,84.34931306966295,,1,2.650686930337045,2.650686930337045
KOBLENZ,2026-06-30 02:15:00+00:00,82.0,79.44908777514739,79.44908777514739,0.0,1,2.5509122248526097,2.5509122248526097
KONSTANZ-RHEIN,2026-06-30 02:15:00+00:00,313.0,313.1333300523302,313.1333300523302,,1,-0.13333005233022277,0.13333005233022277
Koblenz OP,2026-06-30 02:15:00+00:00,200.0,202.2403947903375,202.2403947903375,,1,-2.24039479033749,2.24039479033749
Koblenz UP,2026-06-30 02:15:00+00:00,48.0,49.655391720618795,49.655391720618795,3.0,1,-1.6553917206187947,1.6553917206187947
KÖLN,2026-06-30 02:15:00+00:00,134.0,132.0790282584109,132.0790282584109,0.0,1,1.9209717415891134,1.9209717415891134
MAINZ,2026-06-30 02:15:00+00:00,185.0,187.7989953048262,187.7989953048262,,1,-2.7989953048262066,2.7989953048262066
MANNHEIM,2026-06-30 02:15:00+00:00,163.0,159.26632353085066,159.26632353085066,0.0,1,3.7336764691493443,3.7336764691493443
MAXAU,2026-06-30 02:15:00+00:00,410.0,410.29176069565744,410.29176069565744,1.0,1,-0.29176069565744456,0.29176069565744456
REES,2026-06-30 02:15:00+00:00,96.0,96.60841644600616,96.60841644600616,,1,-0.6084164460061601,0.6084164460061601
RHEINE UNTERSCHLEUSE,2026-06-30 02:15:00+00:00,206.0,216.39015936351325,216.39015936351325,2.0,1,-10.390159363513249,10.390159363513249
RHEINWEILER,2026-06-30 02:15:00+00:00,222.0,222.0580294949482,222.0580294949482,,1,-0.058029494948186766,0.058029494948186766
SANKT GOAR,2026-06-30 02:15:00+00:00,177.0,170.88630042611697,170.88630042611697,0.0,1,6.113699573883025,6.113699573883025
SPEYER,2026-06-30 02:15:00+00:00,254.0,252.8575791640826,252.8575791640826,1.0,1,1.1424208359173917,1.1424208359173917
WESEL,2026-06-30 02:15:00+00:00,151.0,150.41519530492778,150.41519530492778,0.0,1,0.5848046950722221,0.5848046950722221
WORMS,2026-06-30 02:15:00+00:00,73.0,72.40269774096649,72.40269774096649,0.0,1,0.597302259033512,0.597302259033512
DUISBURG-MEIDERICH SCHLEUSE OW,2026-06-30 02:16:00+00:00,25.02,25.541799722521976,25.541799722521976,,1,-0.5217997225219762,0.5217997225219762
DUISBURG-MEIDERICH SCHLEUSE UW,2026-06-30 02:16:00+00:00,18.16,18.195566525775316,18.195566525775316,,1,-0.03556652577531594,0.03556652577531594
DUISBURG-MEIDERICH SCHLEUSE OW,2026-06-30 02:17:00+00:00,25.02,25.541799722521976,25.541799722521976,,1,-0.5217997225219762,0.5217997225219762
DUISBURG-MEIDERICH SCHLEUSE UW,2026-06-30 02:17:00+00:00,18.16,18.195566525775316,18.195566525775316,,1,-0.03556652577531594,0.03556652577531594
DUISBURG-MEIDERICH SCHLEUSE OW,2026-06-30 02:18:00+00:00,25.02,25.541799722521976,25.541799722521976,,1,-0.5217997225219762,0.5217997225219762
DUISBURG-MEIDERICH SCHLEUSE UW,2026-06-30 02:18:00+00:00,18.16,18.195566525775316,18.195566525775316,,1,-0.03556652577531594,0.03556652577531594
DUISBURG-MEIDERICH SCHLEUSE OW,2026-06-30 02:19:00+00:00,25.02,25.541799722521976,25.541799722521976,,1,-0.5217997225219762,0.5217997225219762
DUISBURG-MEIDERICH SCHLEUSE UW,2026-06-30 02:19:00+00:00,18.16,18.195566525775316,18.195566525775316,,1,-0.03556652577531594,0.03556652577531594
Basel-Rheinhalle,2026-06-30 02:20:00+00:00,524.0,533.0950224568479,533.0950224568479,,1,-9.095022456847914,9.095022456847914
DUISBURG-MEIDERICH SCHLEUSE OW,2026-06-30 02:20:00+00:00,25.02,25.541799722521976,25.541799722521976,,1,-0.5217997225219762,0.5217997225219762
DUISBURG-MEIDERICH SCHLEUSE UW,2026-06-30 02:20:00+00:00,18.16,18.195566525775316,18.195566525775316,,1,-0.03556652577531594,0.03556652577531594
LOBITH,2026-06-30 02:20:00+00:00,704.0,708.7317232855384,708.7317232855384,,1,-4.731723285538351,4.731723285538351
DUISBURG-MEIDERICH SCHLEUSE OW,2026-06-30 02:21:00+00:00,25.02,25.541799722521976,25.541799722521976,,1,-0.5217997225219762,0.5217997225219762
DUISBURG-MEIDERICH SCHLEUSE UW,2026-06-30 02:21:00+00:00,18.16,18.195566525775316,18.195566525775316,,1,-0.03556652577531594,0.03556652577531594
DUISBURG-MEIDERICH SCHLEUSE OW,2026-06-30 02:22:00+00:00,25.02,25.541799722521976,25.541799722521976,,1,-0.5217997225219762,0.5217997225219762
DUISBURG-MEIDERICH SCHLEUSE UW,2026-06-30 02:22:00+00:00,18.16,18.195566525775316,18.195566525775316,,1,-0.03556652577531594,0.03556652577531594
DUISBURG-MEIDERICH SCHLEUSE OW,2026-06-30 02:23:00+00:00,25.02,25.541799722521976,25.541799722521976,,1,-0.5217997225219762,0.5217997225219762
DUISBURG-MEIDERICH SCHLEUSE UW,2026-06-30 02:23:00+00:00,18.16,18.195566525775316,18.195566525775316,,1,-0.03556652577531594,0.03556652577531594
DUISBURG-MEIDERICH SCHLEUSE OW,2026-06-30 02:24:00+00:00,25.02,25.541799722521976,25.541799722521976,,1,-0.5217997225219762,0.5217997225219762
DUISBURG-MEIDERICH SCHLEUSE UW,2026-06-30 02:24:00+00:00,18.16,18.195566525775316,18.195566525775316,,1,-0.03556652577531594,0.03556652577531594
Basel-Rheinhalle,2026-06-30 02:25:00+00:00,523.0,532.5759238072441,532.5759238072441,,1,-9.575923807244067,9.575923807244067
DUISBURG-MEIDERICH SCHLEUSE OW,2026-06-30 02:25:00+00:00,25.02,25.541799722521976,25.541799722521976,,1,-0.5217997225219762,0.5217997225219762
DUISBURG-MEIDERICH SCHLEUSE UW,2026-06-30 02:25:00+00:00,18.16,18.195566525775316,18.195566525775316,,1,-0.03556652577531594,0.03556652577531594
DUISBURG-MEIDERICH SCHLEUSE OW,2026-06-30 02:26:00+00:00,25.03,25.541799722521976,25.541799722521976,,1,-0.5117997225219746,0.5117997225219746
DUISBURG-MEIDERICH SCHLEUSE UW,2026-06-30 02:26:00+00:00,18.16,18.195566525775316,18.195566525775316,,1,-0.03556652577531594,0.03556652577531594
DUISBURG-MEIDERICH SCHLEUSE OW,2026-06-30 02:27:00+00:00,25.03,25.541799722521976,25.541799722521976,,1,-0.5117997225219746,0.5117997225219746
DUISBURG-MEIDERICH SCHLEUSE UW,2026-06-30 02:27:00+00:00,18.16,18.195566525775316,18.195566525775316,,1,-0.03556652577531594,0.03556652577531594
DUISBURG-MEIDERICH SCHLEUSE OW,2026-06-30 02:28:00+00:00,25.03,25.541799722521976,25.541799722521976,,1,-0.5117997225219746,0.5117997225219746
DUISBURG-MEIDERICH SCHLEUSE UW,2026-06-30 02:28:00+00:00,18.16,18.195566525775316,18.195566525775316,,1,-0.03556652577531594,0.03556652577531594
DUISBURG-MEIDERICH SCHLEUSE OW,2026-06-30 02:29:00+00:00,25.03,25.541799722521976,25.541799722521976,,1,-0.5117997225219746,0.5117997225219746
DUISBURG-MEIDERICH SCHLEUSE UW,2026-06-30 02:29:00+00:00,18.16,18.195566525775316,18.195566525775316,,1,-0.03556652577531594,0.03556652577531594
BINGEN,2026-06-30 02:30:00+00:00,107.0,105.42521986796086,105.42521986796086,,1,1.5747801320391375,1.5747801320391375
BONN,2026-06-30 02:30:00+00:00,139.0,143.19424388141988,143.19424388141988,,1,-4.1942438814198795,4.1942438814198795
BREISACH,2026-06-30 02:30:00+00:00,185.0,193.59015915452454,193.59015915452454,,1,-8.590159154524542,8.590159154524542
Basel-Rheinhalle,2026-06-30 02:30:00+00:00,524.0,532.7622845591321,532.7622845591321,,1,-8.762284559132127,8.762284559132127
DUISBURG-MEIDERICH SCHLEUSE OW,2026-06-30 02:30:00+00:00,25.03,25.541799722521976,25.541799722521976,,1,-0.5117997225219746,0.5117997225219746
DUISBURG-MEIDERICH SCHLEUSE UW,2026-06-30 02:30:00+00:00,18.16,18.195566525775316,18.195566525775316,,1,-0.03556652577531594,0.03556652577531594
DUISBURG-RUHRORT,2026-06-30 02:30:00+00:00,212.0,211.45613794211744,211.45613794211744,0.0,1,0.5438620578825635,0.5438620578825635
DÜSSELDORF,2026-06-30 02:30:00+00:00,82.0,78.2572190029689,78.2572190029689,,1,3.7427809970311046,3.7427809970311046
EMMERICH,2026-06-30 02:30:00+00:00,53.0,56.64636277127052,56.64636277127052,,1,-3.6463627712705176,3.6463627712705176
IFFEZHEIM,2026-06-30 02:30:00+00:00,149.0,156.59034010283574,156.59034010283574,1.0,1,-7.590340102835739,7.590340102835739
KAUB,2026-06-30 02:30:00+00:00,88.0,84.4060934649321,84.4060934649321,,1,3.5939065350679016,3.5939065350679016
KOBLENZ,2026-06-30 02:30:00+00:00,82.0,79.61849438564818,79.61849438564818,0.0,1,2.3815056143518234,2.3815056143518234
KONSTANZ-RHEIN,2026-06-30 02:30:00+00:00,314.0,312.7405691373065,312.7405691373065,,1,1.2594308626934776,1.2594308626934776
Koblenz OP,2026-06-30 02:30:00+00:00,200.0,202.2403947903375,202.2403947903375,,1,-2.24039479033749,2.24039479033749
Koblenz UP,2026-06-30 02:30:00+00:00,47.0,49.71217211588794,49.71217211588794,3.0,1,-2.712172115887938,2.712172115887938
KÖLN,2026-06-30 02:30:00+00:00,134.0,133.0550032951735,133.0550032951735,0.0,1,0.944996704826508,0.944996704826508
LOBITH,2026-06-30 02:30:00+00:00,704.0,704.7397785880244,704.7397785880244,,1,-0.7397785880243646,0.7397785880243646
MAINZ,2026-06-30 02:30:00+00:00,185.0,187.98878753387993,187.98878753387993,,1,-2.988787533879929,2.988787533879929
MANNHEIM,2026-06-30 02:30:00+00:00,163.0,159.0746634525488,159.0746634525488,0.0,1,3.925336547451195,3.925336547451195
MAXAU,2026-06-30 02:30:00+00:00,411.0,410.29176069565744,410.29176069565744,1.0,1,0.7082393043425554,0.7082393043425554
REES,2026-06-30 02:30:00+00:00,96.0,96.60841644600616,96.60841644600616,,1,-0.6084164460061601,0.6084164460061601
RHEINE UNTERSCHLEUSE,2026-06-30 02:30:00+00:00,232.0,216.39015936351325,216.39015936351325,2.0,1,15.609840636486751,15.609840636486751
RHEINWEILER,2026-06-30 02:30:00+00:00,222.0,222.21999605306465,222.21999605306465,,1,-0.21999605306464787,0.21999605306464787
SANKT GOAR,2026-06-30 02:30:00+00:00,178.0,170.9430808213861,170.9430808213861,0.0,1,7.056919178613896,7.056919178613896
SPEYER,2026-06-30 02:30:00+00:00,255.0,252.1571450468741,252.1571450468741,1.0,1,2.842854953125908,2.842854953125908
WESEL,2026-06-30 02:30:00+00:00,152.0,151.41904416633702,151.41904416633702,0.0,1,0.5809558336629834,0.5809558336629834
WORMS,2026-06-30 02:30:00+00:00,73.0,73.37867277772901,73.37867277772901,0.0,1,-0.3786727777290082,0.3786727777290082
DUISBURG-MEIDERICH SCHLEUSE OW,2026-06-30 02:31:00+00:00,25.03,25.541799722521976,25.541799722521976,,1,-0.5117997225219746,0.5117997225219746
DUISBURG-MEIDERICH SCHLEUSE UW,2026-06-30 02:31:00+00:00,18.16,18.195566525775316,18.195566525775316,,1,-0.03556652577531594,0.03556652577531594
DUISBURG-MEIDERICH SCHLEUSE OW,2026-06-30 02:32:00+00:00,25.03,25.541799722521976,25.541799722521976,,1,-0.5117997225219746,0.5117997225219746
DUISBURG-MEIDERICH SCHLEUSE UW,2026-06-30 02:32:00+00:00,18.16,18.195566525775316,18.195566525775316,,1,-0.03556652577531594,0.03556652577531594
DUISBURG-MEIDERICH SCHLEUSE OW,2026-06-30 02:33:00+00:00,25.03,25.541799722521976,25.541799722521976,,1,-0.5117997225219746,0.5117997225219746
DUISBURG-MEIDERICH SCHLEUSE UW,2026-06-30 02:33:00+00:00,18.16,18.195566525775316,18.195566525775316,,1,-0.03556652577531594,0.03556652577531594
DUISBURG-MEIDERICH SCHLEUSE OW,2026-06-30 02:34:00+00:00,25.03,25.541799722521976,25.541799722521976,,1,-0.5117997225219746,0.5117997225219746
DUISBURG-MEIDERICH SCHLEUSE UW,2026-06-30 02:34:00+00:00,18.16,18.195566525775316,18.195566525775316,,1,-0.03556652577531594,0.03556652577531594
Basel-Rheinhalle,2026-06-30 02:35:00+00:00,524.0,525.9393565197963,525.9393565197963,,1,-1.9393565197963198,1.9393565197963198
DUISBURG-MEIDERICH SCHLEUSE OW,2026-06-30 02:35:00+00:00,25.03,25.541799722521976,25.541799722521976,,1,-0.5117997225219746,0.5117997225219746
DUISBURG-MEIDERICH SCHLEUSE UW,2026-06-30 02:35:00+00:00,18.16,18.195566525775316,18.195566525775316,,1,-0.03556652577531594,0.03556652577531594
DUISBURG-MEIDERICH SCHLEUSE OW,2026-06-30 02:36:00+00:00,25.03,25.541799722521976,25.541799722521976,,1,-0.5117997225219746,0.5117997225219746
DUISBURG-MEIDERICH SCHLEUSE UW,2026-06-30 02:36:00+00:00,18.16,18.195566525775316,18.195566525775316,,1,-0.03556652577531594,0.03556652577531594
DUISBURG-MEIDERICH SCHLEUSE OW,2026-06-30 02:37:00+00:00,25.03,25.541799722521976,25.541799722521976,,1,-0.5117997225219746,0.5117997225219746
DUISBURG-MEIDERICH SCHLEUSE UW,2026-06-30 02:37:00+00:00,18.16,18.20112466542308,18.20112466542308,,1,-0.04112466542308013,0.04112466542308013
DUISBURG-MEIDERICH SCHLEUSE OW,2026-06-30 02:38:00+00:00,25.03,25.541799722521976,25.541799722521976,,1,-0.5117997225219746,0.5117997225219746
DUISBURG-MEIDERICH SCHLEUSE UW,2026-06-30 02:38:00+00:00,18.16,18.20112466542308,18.20112466542308,,1,-0.04112466542308013,0.04112466542308013
DUISBURG-MEIDERICH SCHLEUSE OW,2026-06-30 02:39:00+00:00,25.03,25.541799722521976,25.541799722521976,,1,-0.5117997225219746,0.5117997225219746
DUISBURG-MEIDERICH SCHLEUSE UW,2026-06-30 02:39:00+00:00,18.16,18.195566525775316,18.195566525775316,,1,-0.03556652577531594,0.03556652577531594
Basel-Rheinhalle,2026-06-30 02:40:00+00:00,524.0,525.165364647435,525.165364647435,,1,-1.1653646474350126,1.1653646474350126
DUISBURG-MEIDERICH SCHLEUSE OW,2026-06-30 02:40:00+00:00,25.03,25.541799722521976,25.541799722521976,,1,-0.5117997225219746,0.5117997225219746
DUISBURG-MEIDERICH SCHLEUSE UW,2026-06-30 02:40:00+00:00,18.17,18.195566525775316,18.195566525775316,,1,-0.025566525775314375,0.025566525775314375
LOBITH,2026-06-30 02:40:00+00:00,705.0,703.9547468481436,703.9547468481436,,1,1.0452531518564,1.0452531518564
DUISBURG-MEIDERICH SCHLEUSE OW,2026-06-30 02:41:00+00:00,25.03,25.541799722521976,25.541799722521976,,1,-0.5117997225219746,0.5117997225219746
DUISBURG-MEIDERICH SCHLEUSE UW,2026-06-30 02:41:00+00:00,18.17,18.195566525775316,18.195566525775316,,1,-0.025566525775314375,0.025566525775314375
DUISBURG-MEIDERICH SCHLEUSE OW,2026-06-30 02:42:00+00:00,25.03,25.541799722521976,25.541799722521976,,1,-0.5117997225219746,0.5117997225219746
DUISBURG-MEIDERICH SCHLEUSE UW,2026-06-30 02:42:00+00:00,18.17,18.195566525775316,18.195566525775316,,1,-0.025566525775314375,0.025566525775314375
DUISBURG-MEIDERICH SCHLEUSE OW,2026-06-30 02:43:00+00:00,25.03,25.541799722521976,25.541799722521976,,1,-0.5117997225219746,0.5117997225219746
DUISBURG-MEIDERICH SCHLEUSE UW,2026-06-30 02:43:00+00:00,18.17,18.195566525775316,18.195566525775316,,1,-0.025566525775314375,0.025566525775314375
DUISBURG-MEIDERICH SCHLEUSE OW,2026-06-30 02:44:00+00:00,25.03,25.541799722521976,25.541799722521976,,1,-0.5117997225219746,0.5117997225219746
DUISBURG-MEIDERICH SCHLEUSE UW,2026-06-30 02:44:00+00:00,18.17,18.195566525775316,18.195566525775316,,1,-0.025566525775314375,0.025566525775314375
BINGEN,2026-06-30 02:45:00+00:00,107.0,105.05766417194175,105.05766417194175,,1,1.9423358280582477,1.9423358280582477
BONN,2026-06-30 02:45:00+00:00,138.0,142.9280658024389,142.9280658024389,,1,-4.928065802438908,4.928065802438908
BREISACH,2026-06-30 02:45:00+00:00,185.0,191.9266042129412,191.9266042129412,,1,-6.926604212941214,6.926604212941214
Basel-Rheinhalle,2026-06-30 02:45:00+00:00,524.0,524.7627759890579,524.7627759890579,,1,-0.7627759890579,0.7627759890579
DUISBURG-MEIDERICH SCHLEUSE OW,2026-06-30 02:45:00+00:00,25.03,25.541799722521976,25.541799722521976,,1,-0.5117997225219746,0.5117997225219746
DUISBURG-MEIDERICH SCHLEUSE UW,2026-06-30 02:45:00+00:00,18.17,18.195566525775316,18.195566525775316,,1,-0.025566525775314375,0.025566525775314375
DUISBURG-RUHRORT,2026-06-30 02:45:00+00:00,213.0,212.0914114165013,212.0914114165013,0.0,1,0.9085885834986982,0.9085885834986982
DÜSSELDORF,2026-06-30 02:45:00+00:00,82.0,79.84114523154676,79.84114523154676,,1,2.1588547684532386,2.1588547684532386
EMMERICH,2026-06-30 02:45:00+00:00,53.0,53.94447354245558,53.94447354245558,,1,-0.944473542455583,0.944473542455583
IFFEZHEIM,2026-06-30 02:45:00+00:00,146.0,155.30674177001265,155.30674177001265,1.0,1,-9.30674177001265,9.30674177001265
KAUB,2026-06-30 02:45:00+00:00,88.0,84.04932359802497,84.04932359802497,,1,3.9506764019750307,3.9506764019750307
KOBLENZ,2026-06-30 02:45:00+00:00,84.0,79.39837024573445,79.39837024573445,0.0,1,4.601629754265545,4.601629754265545
KONSTANZ-RHEIN,2026-06-30 02:45:00+00:00,313.0,312.78702732923426,312.78702732923426,,1,0.2129726707657369,0.2129726707657369
Koblenz OP,2026-06-30 02:45:00+00:00,202.0,204.22043840496525,204.22043840496525,,1,-2.2204384049652504,2.2204384049652504
Koblenz UP,2026-06-30 02:45:00+00:00,48.0,49.352812649520345,49.352812649520345,3.0,1,-1.3528126495203452,1.3528126495203452
KÖLN,2026-06-30 02:45:00+00:00,134.0,132.86481031213557,132.86481031213557,0.0,1,1.1351896878644254,1.1351896878644254
MAINZ,2026-06-30 02:45:00+00:00,185.0,186.81925578555712,186.81925578555712,,1,-1.819255785557118,1.819255785557118
MANNHEIM,2026-06-30 02:45:00+00:00,164.0,159.31964528064557,159.31964528064557,0.0,1,4.680354719354426,4.680354719354426
MAXAU,2026-06-30 02:45:00+00:00,410.0,410.22961014966444,410.22961014966444,1.0,1,-0.22961014966443827,0.22961014966443827
REES,2026-06-30 02:45:00+00:00,96.0,97.5915658066185,97.5915658066185,,1,-1.5915658066185046,1.5915658066185046
RHEINE UNTERSCHLEUSE,2026-06-30 02:45:00+00:00,196.0,206.27672113872936,206.27672113872936,2.0,1,-10.276721138729357,10.276721138729357
RHEINWEILER,2026-06-30 02:45:00+00:00,223.0,222.2461148127786,222.2461148127786,,1,0.7538851872214138,0.7538851872214138
SANKT GOAR,2026-06-30 02:45:00+00:00,176.0,169.8492636428102,169.8492636428102,0.0,1,6.1507363571898,6.1507363571898
SPEYER,2026-06-30 02:45:00+00:00,254.0,252.28916523798358,252.28916523798358,1.0,1,1.7108347620164182,1.7108347620164182
WESEL,2026-06-30 02:45:00+00:00,151.0,152.24813981249477,152.24813981249477,0.0,1,-1.2481398124947702,1.2481398124947702
WORMS,2026-06-30 02:45:00+00:00,74.0,73.09008130200624,73.09008130200624,0.0,1,0.9099186979937599,0.9099186979937599
DUISBURG-MEIDERICH SCHLEUSE OW,2026-06-30 02:46:00+00:00,25.03,25.541799722521976,25.541799722521976,,1,-0.5117997225219746,0.5117997225219746
DUISBURG-MEIDERICH SCHLEUSE UW,2026-06-30 02:46:00+00:00,18.17,18.195566525775316,18.195566525775316,,1,-0.025566525775314375,0.025566525775314375
DUISBURG-MEIDERICH SCHLEUSE OW,2026-06-30 02:47:00+00:00,25.03,25.541799722521976,25.541799722521976,,1,-0.5117997225219746,0.5117997225219746
DUISBURG-MEIDERICH SCHLEUSE UW,2026-06-30 02:47:00+00:00,18.17,18.195566525775316,18.195566525775316,,1,-0.025566525775314375,0.025566525775314375
DUISBURG-MEIDERICH SCHLEUSE OW,2026-06-30 02:48:00+00:00,25.04,25.541799722521976,25.541799722521976,,1,-0.5017997225219766,0.5017997225219766
DUISBURG-MEIDERICH SCHLEUSE UW,2026-06-30 02:48:00+00:00,18.17,18.195566525775316,18.195566525775316,,1,-0.025566525775314375,0.025566525775314375
DUISBURG-MEIDERICH SCHLEUSE OW,2026-06-30 02:49:00+00:00,25.04,25.541799722521976,25.541799722521976,,1,-0.5017997225219766,0.5017997225219766
DUISBURG-MEIDERICH SCHLEUSE UW,2026-06-30 02:49:00+00:00,18.17,18.195566525775316,18.195566525775316,,1,-0.025566525775314375,0.025566525775314375
Basel-Rheinhalle,2026-06-30 02:50:00+00:00,526.0,523.6498589708323,523.6498589708323,,1,2.3501410291677303,2.3501410291677303
DUISBURG-MEIDERICH SCHLEUSE OW,2026-06-30 02:50:00+00:00,25.04,25.541799722521976,25.541799722521976,,1,-0.5017997225219766,0.5017997225219766
DUISBURG-MEIDERICH SCHLEUSE UW,2026-06-30 02:50:00+00:00,18.17,18.195566525775316,18.195566525775316,,1,-0.025566525775314375,0.025566525775314375
LOBITH,2026-06-30 02:50:00+00:00,704.0,704.7397785880244,704.7397785880244,,1,-0.7397785880243646,0.7397785880243646
DUISBURG-MEIDERICH SCHLEUSE OW,2026-06-30 02:51:00+00:00,25.04,25.89796722243103,25.89796722243103,,1,-0.8579672224310322,0.8579672224310322
DUISBURG-MEIDERICH SCHLEUSE UW,2026-06-30 02:51:00+00:00,18.17,18.195566525775316,18.195566525775316,,1,-0.025566525775314375,0.025566525775314375
DUISBURG-MEIDERICH SCHLEUSE OW,2026-06-30 02:52:00+00:00,25.04,25.89796722243103,25.89796722243103,,1,-0.8579672224310322,0.8579672224310322
DUISBURG-MEIDERICH SCHLEUSE UW,2026-06-30 02:52:00+00:00,18.17,18.195566525775316,18.195566525775316,,1,-0.025566525775314375,0.025566525775314375
DUISBURG-MEIDERICH SCHLEUSE OW,2026-06-30 02:53:00+00:00,25.04,25.541799722521976,25.541799722521976,,1,-0.5017997225219766,0.5017997225219766
DUISBURG-MEIDERICH SCHLEUSE UW,2026-06-30 02:53:00+00:00,18.17,18.195566525775316,18.195566525775316,,1,-0.025566525775314375,0.025566525775314375
DUISBURG-MEIDERICH SCHLEUSE OW,2026-06-30 02:54:00+00:00,25.04,25.541799722521976,25.541799722521976,,1,-0.5017997225219766,0.5017997225219766
DUISBURG-MEIDERICH SCHLEUSE UW,2026-06-30 02:54:00+00:00,18.17,18.195566525775316,18.195566525775316,,1,-0.025566525775314375,0.025566525775314375
Basel-Rheinhalle,2026-06-30 02:55:00+00:00,526.0,522.8021181026759,522.8021181026759,,1,3.197881897324123,3.197881897324123
DUISBURG-MEIDERICH SCHLEUSE OW,2026-06-30 02:55:00+00:00,25.04,25.541799722521976,25.541799722521976,,1,-0.5017997225219766,0.5017997225219766
DUISBURG-MEIDERICH SCHLEUSE UW,2026-06-30 02:55:00+00:00,18.17,18.195566525775316,18.195566525775316,,1,-0.025566525775314375,0.025566525775314375
DUISBURG-MEIDERICH SCHLEUSE OW,2026-06-30 02:56:00+00:00,25.04,25.541799722521976,25.541799722521976,,1,-0.5017997225219766,0.5017997225219766
DUISBURG-MEIDERICH SCHLEUSE UW,2026-06-30 02:56:00+00:00,18.17,18.195566525775316,18.195566525775316,,1,-0.025566525775314375,0.025566525775314375
DUISBURG-MEIDERICH SCHLEUSE OW,2026-06-30 02:57:00+00:00,25.04,25.541799722521976,25.541799722521976,,1,-0.5017997225219766,0.5017997225219766
DUISBURG-MEIDERICH SCHLEUSE UW,2026-06-30 02:57:00+00:00,18.17,18.195566525775316,18.195566525775316,,1,-0.025566525775314375,0.025566525775314375
DUISBURG-MEIDERICH SCHLEUSE OW,2026-06-30 02:58:00+00:00,25.04,25.541799722521976,25.541799722521976,,1,-0.5017997225219766,0.5017997225219766
DUISBURG-MEIDERICH SCHLEUSE UW,2026-06-30 02:58:00+00:00,18.17,18.195566525775316,18.195566525775316,,1,-0.025566525775314375,0.025566525775314375
DUISBURG-MEIDERICH SCHLEUSE OW,2026-06-30 02:59:00+00:00,25.04,25.541799722521976,25.541799722521976,,1,-0.5017997225219766,0.5017997225219766
DUISBURG-MEIDERICH SCHLEUSE UW,2026-06-30 02:59:00+00:00,18.17,18.195566525775316,18.195566525775316,,1,-0.025566525775314375,0.025566525775314375
BINGEN,2026-06-30 03:00:00+00:00,108.0,104.88784666420845,104.88784666420845,,1,3.1121533357915467,3.1121533357915467
BONN,2026-06-30 03:00:00+00:00,137.0,142.9280658024389,142.9280658024389,,1,-5.928065802438908,5.928065802438908
BREISACH,2026-06-30 03:00:00+00:00,186.0,192.2717604441699,192.2717604441699,,1,-6.2717604441698995,6.2717604441698995
Basel-Rheinhalle,2026-06-30 03:00:00+00:00,527.0,529.8460310301389,529.8460310301389,,1,-2.8460310301388745,2.8460310301388745
DUISBURG-MEIDERICH SCHLEUSE OW,2026-06-30 03:00:00+00:00,25.04,25.541799722521976,25.541799722521976,,1,-0.5017997225219766,0.5017997225219766
DUISBURG-MEIDERICH SCHLEUSE UW,2026-06-30 03:00:00+00:00,18.18,18.195566525775316,18.195566525775316,,1,-0.015566525775316364,0.015566525775316364
DUISBURG-RUHRORT,2026-06-30 03:00:00+00:00,212.0,211.99491963893155,211.99491963893155,0.0,1,0.005080361068451111,0.005080361068451111
DÜSSELDORF,2026-06-30 03:00:00+00:00,81.0,79.91852792599673,79.91852792599673,,1,1.0814720740032726,1.0814720740032726
EMMERICH,2026-06-30 03:00:00+00:00,54.0,52.983916735643994,52.983916735643994,,1,1.0160832643560056,1.0160832643560056
IFFEZHEIM,2026-06-30 03:00:00+00:00,146.0,155.80497353533292,155.80497353533292,1.0,1,-9.80497353533292,9.80497353533292
KAUB,2026-06-30 03:00:00+00:00,89.0,84.03181447857719,84.03181447857719,,1,4.968185521422811,4.968185521422811
KOBLENZ,2026-06-30 03:00:00+00:00,84.0,78.56790629960238,78.56790629960238,0.0,1,5.4320937003976155,5.4320937003976155
KONSTANZ-RHEIN,2026-06-30 03:00:00+00:00,313.0,312.7340300313475,312.7340300313475,,1,0.26596996865248457,0.26596996865248457
Koblenz OP,2026-06-30 03:00:00+00:00,201.0,204.1239466273955,204.1239466273955,,1,-3.1239466273954974,3.1239466273954974
Koblenz UP,2026-06-30 03:00:00+00:00,47.0,49.352812649520345,49.352812649520345,3.0,1,-2.352812649520345,2.352812649520345
KÖLN,2026-06-30 03:00:00+00:00,134.0,132.86481031213557,132.86481031213557,0.0,1,1.1351896878644254,1.1351896878644254
LOBITH,2026-06-30 03:00:00+00:00,704.0,704.7397785880244,704.7397785880244,,1,-0.7397785880243646,0.7397785880243646
MAINZ,2026-06-30 03:00:00+00:00,185.0,188.2726946126337,188.2726946126337,,1,-3.2726946126336998,3.2726946126336998
MANNHEIM,2026-06-30 03:00:00+00:00,165.0,159.73381326695883,159.73381326695883,0.0,1,5.266186733041167,5.266186733041167
MAXAU,2026-06-30 03:00:00+00:00,410.0,410.2462132843194,410.2462132843194,1.0,1,-0.24621328431942402,0.24621328431942402
REES,2026-06-30 03:00:00+00:00,97.0,97.56480814849631,97.56480814849631,,1,-0.5648081484963114,0.5648081484963114
RHEINE UNTERSCHLEUSE,2026-06-30 03:00:00+00:00,187.0,206.27672113872936,206.27672113872936,2.0,1,-19.276721138729357,19.276721138729357
RHEINWEILER,2026-06-30 03:00:00+00:00,223.0,222.2248967743934,222.2248967743934,,1,0.7751032256066139,0.7751032256066139
SANKT GOAR,2026-06-30 03:00:00+00:00,176.0,169.77057000150103,169.77057000150103,0.0,1,6.229429998498972,6.229429998498972
SPEYER,2026-06-30 03:00:00+00:00,255.0,252.46952336703563,252.46952336703563,1.0,1,2.5304766329643655,2.5304766329643655
WESEL,2026-06-30 03:00:00+00:00,152.0,152.3120920291481,152.3120920291481,0.0,1,-0.31209202914809,0.31209202914809
WORMS,2026-06-30 03:00:00+00:00,74.0,72.90472211892248,72.90472211892248,0.0,1,1.0952778810775214,1.0952778810775214
DUISBURG-MEIDERICH SCHLEUSE OW,2026-06-30 03:01:00+00:00,25.04,25.5833118365375,25.5833118365375,,1,-0.5433118365375016,0.5433118365375016
DUISBURG-MEIDERICH SCHLEUSE UW,2026-06-30 03:01:00+00:00,18.18,18.22867169358123,18.22867169358123,,1,-0.04867169358123036,0.04867169358123036
DUISBURG-MEIDERICH SCHLEUSE OW,2026-06-30 03:02:00+00:00,25.04,25.5833118365375,25.5833118365375,,1,-0.5433118365375016,0.5433118365375016
DUISBURG-MEIDERICH SCHLEUSE UW,2026-06-30 03:02:00+00:00,18.18,18.22867169358123,18.22867169358123,,1,-0.04867169358123036,0.04867169358123036
DUISBURG-MEIDERICH SCHLEUSE OW,2026-06-30 03:03:00+00:00,25.04,25.541799722521976,25.541799722521976,,1,-0.5017997225219766,0.5017997225219766
DUISBURG-MEIDERICH SCHLEUSE UW,2026-06-30 03:03:00+00:00,18.18,18.195566525775316,18.195566525775316,,1,-0.015566525775316364,0.015566525775316364
DUISBURG-MEIDERICH SCHLEUSE OW,2026-06-30 03:04:00+00:00,25.04,25.541799722521976,25.541799722521976,,1,-0.5017997225219766,0.5017997225219766
DUISBURG-MEIDERICH SCHLEUSE UW,2026-06-30 03:04:00+00:00,18.18,18.195566525775316,18.195566525775316,,1,-0.015566525775316364,0.015566525775316364
Basel-Rheinhalle,2026-06-30 03:05:00+00:00,527.0,528.913081488766,528.913081488766,,1,-1.9130814887660108,1.9130814887660108
DUISBURG-MEIDERICH SCHLEUSE OW,2026-06-30 03:05:00+00:00,25.04,25.541799722521976,25.541799722521976,,1,-0.5017997225219766,0.5017997225219766
DUISBURG-MEIDERICH SCHLEUSE UW,2026-06-30 03:05:00+00:00,18.18,18.20112466542308,18.20112466542308,,1,-0.021124665423080558,0.021124665423080558
DUISBURG-MEIDERICH SCHLEUSE OW,2026-06-30 03:06:00+00:00,25.04,25.541799722521976,25.541799722521976,,1,-0.5017997225219766,0.5017997225219766
DUISBURG-MEIDERICH SCHLEUSE UW,2026-06-30 03:06:00+00:00,18.18,18.20112466542308,18.20112466542308,,1,-0.021124665423080558,0.021124665423080558
DUISBURG-MEIDERICH SCHLEUSE OW,2026-06-30 03:07:00+00:00,25.04,25.541799722521976,25.541799722521976,,1,-0.5017997225219766,0.5017997225219766
DUISBURG-MEIDERICH SCHLEUSE UW,2026-06-30 03:07:00+00:00,18.18,18.195566525775316,18.195566525775316,,1,-0.015566525775316364,0.015566525775316364
DUISBURG-MEIDERICH SCHLEUSE OW,2026-06-30 03:08:00+00:00,25.04,25.541799722521976,25.541799722521976,,1,-0.5017997225219766,0.5017997225219766
DUISBURG-MEIDERICH SCHLEUSE UW,2026-06-30 03:08:00+00:00,18.18,18.195566525775316,18.195566525775316,,1,-0.015566525775316364,0.015566525775316364
DUISBURG-MEIDERICH SCHLEUSE OW,2026-06-30 03:09:00+00:00,25.04,25.541799722521976,25.541799722521976,,1,-0.5017997225219766,0.5017997225219766
DUISBURG-MEIDERICH SCHLEUSE UW,2026-06-30 03:09:00+00:00,18.18,18.195566525775316,18.195566525775316,,1,-0.015566525775316364,0.015566525775316364
Basel-Rheinhalle,2026-06-30 03:10:00+00:00,526.0,530.9884201430417,530.9884201430417,,1,-4.988420143041708,4.988420143041708
DUISBURG-MEIDERICH SCHLEUSE OW,2026-06-30 03:10:00+00:00,25.04,25.541799722521976,25.541799722521976,,1,-0.5017997225219766,0.5017997225219766
DUISBURG-MEIDERICH SCHLEUSE UW,2026-06-30 03:10:00+00:00,18.18,18.195566525775316,18.195566525775316,,1,-0.015566525775316364,0.015566525775316364
LOBITH,2026-06-30 03:10:00+00:00,704.0,704.5916712205773,704.5916712205773,,1,-0.5916712205772683,0.5916712205772683
DUISBURG-MEIDERICH SCHLEUSE OW,2026-06-30 03:11:00+00:00,25.04,25.541799722521976,25.541799722521976,,1,-0.5017997225219766,0.5017997225219766
DUISBURG-MEIDERICH SCHLEUSE UW,2026-06-30 03:11:00+00:00,18.18,18.195566525775316,18.195566525775316,,1,-0.015566525775316364,0.015566525775316364
DUISBURG-MEIDERICH SCHLEUSE OW,2026-06-30 03:12:00+00:00,25.04,25.541799722521976,25.541799722521976,,1,-0.5017997225219766,0.5017997225219766
DUISBURG-MEIDERICH SCHLEUSE UW,2026-06-30 03:12:00+00:00,18.17,18.195566525775316,18.195566525775316,,1,-0.025566525775314375,0.025566525775314375
DUISBURG-MEIDERICH SCHLEUSE OW,2026-06-30 03:13:00+00:00,25.04,25.541799722521976,25.541799722521976,,1,-0.5017997225219766,0.5017997225219766
DUISBURG-MEIDERICH SCHLEUSE UW,2026-06-30 03:13:00+00:00,18.17,18.195566525775316,18.195566525775316,,1,-0.025566525775314375,0.025566525775314375
DUISBURG-MEIDERICH SCHLEUSE OW,2026-06-30 03:14:00+00:00,25.04,25.541799722521976,25.541799722521976,,1,-0.5017997225219766,0.5017997225219766
DUISBURG-MEIDERICH SCHLEUSE UW,2026-06-30 03:14:00+00:00,18.17,18.195566525775316,18.195566525775316,,1,-0.025566525775314375,0.025566525775314375
BINGEN,2026-06-30 03:15:00+00:00,106.0,104.78043352081288,104.78043352081288,,1,1.2195664791871224,1.2195664791871224
BONN,2026-06-30 03:15:00+00:00,138.0,142.9068383787861,142.9068383787861,,1,-4.906838378786091,4.906838378786091
BREISACH,2026-06-30 03:15:00+00:00,188.0,191.9800069952435,191.9800069952435,,1,-3.9800069952435138,3.9800069952435138
Basel-Rheinhalle,2026-06-30 03:15:00+00:00,526.0,531.8630861421474,531.8630861421474,,1,-5.863086142147381,5.863086142147381
DUISBURG-MEIDERICH SCHLEUSE OW,2026-06-30 03:15:00+00:00,25.04,25.541799722521976,25.541799722521976,,1,-0.5017997225219766,0.5017997225219766
DUISBURG-MEIDERICH SCHLEUSE UW,2026-06-30 03:15:00+00:00,18.17,18.195566525775316,18.195566525775316,,1,-0.025566525775314375,0.025566525775314375
DUISBURG-RUHRORT,2026-06-30 03:15:00+00:00,212.0,211.9688008792176,211.9688008792176,0.0,1,0.0311991207823894,0.0311991207823894
DÜSSELDORF,2026-06-30 03:15:00+00:00,82.0,79.98389774598816,79.98389774598816,,1,2.016102254011841,2.016102254011841
EMMERICH,2026-06-30 03:15:00+00:00,53.0,49.762204880823056,49.762204880823056,,1,3.237795119176944,3.237795119176944
IFFEZHEIM,2026-06-30 03:15:00+00:00,144.0,156.20159996533837,156.20159996533837,1.0,1,-12.201599965338374,12.201599965338374
KAUB,2026-06-30 03:15:00+00:00,89.0,83.33386757842197,83.33386757842197,,1,5.666132421578027,5.666132421578027
KOBLENZ,2026-06-30 03:15:00+00:00,81.0,78.1017864024272,78.1017864024272,0.0,1,2.8982135975728056,2.8982135975728056
KONSTANZ-RHEIN,2026-06-30 03:15:00+00:00,313.0,312.6112604287813,312.6112604287813,,1,0.38873957121870717,0.38873957121870717
Koblenz OP,2026-06-30 03:15:00+00:00,200.0,207.97747773521968,207.97747773521968,,1,-7.977477735219679,7.977477735219679
Koblenz UP,2026-06-30 03:15:00+00:00,46.0,49.32343305845217,49.32343305845217,3.0,1,-3.323433058452167,3.323433058452167
KÖLN,2026-06-30 03:15:00+00:00,134.0,132.84358288848276,132.84358288848276,0.0,1,1.1564171115172428,1.1564171115172428
MAINZ,2026-06-30 03:15:00+00:00,184.0,189.31899409605379,189.31899409605379,,1,-5.318994096053785,5.318994096053785
MANNHEIM,2026-06-30 03:15:00+00:00,164.0,159.73381326695883,159.73381326695883,0.0,1,4.266186733041167,4.266186733041167
MAXAU,2026-06-30 03:15:00+00:00,409.0,410.0633624896126,410.0633624896126,1.0,1,-1.0633624896125866,1.0633624896125866
REES,2026-06-30 03:15:00+00:00,96.0,97.40437356474033,97.40437356474033,,1,-1.4043735647403253,1.4043735647403253
RHEINE UNTERSCHLEUSE,2026-06-30 03:15:00+00:00,186.0,206.01163990339202,206.01163990339202,2.0,1,-20.011639903392023,20.011639903392023
RHEINWEILER,2026-06-30 03:15:00+00:00,223.0,221.8197779700495,221.8197779700495,,1,1.1802220299504995,1.1802220299504995
SANKT GOAR,2026-06-30 03:15:00+00:00,176.0,170.14617213146923,170.14617213146923,0.0,1,5.853827868530772,5.853827868530772
SPEYER,2026-06-30 03:15:00+00:00,255.0,252.46952336703563,252.46952336703563,1.0,1,2.5304766329643655,2.5304766329643655
WESEL,2026-06-30 03:15:00+00:00,152.0,152.29609351416286,152.29609351416286,0.0,1,-0.29609351416286245,0.29609351416286245
WORMS,2026-06-30 03:15:00+00:00,74.0,72.92437647286509,72.92437647286509,0.0,1,1.0756235271349084,1.0756235271349084
DUISBURG-MEIDERICH SCHLEUSE OW,2026-06-30 03:16:00+00:00,25.04,25.541799722521976,25.541799722521976,,1,-0.5017997225219766,0.5017997225219766
DUISBURG-MEIDERICH SCHLEUSE UW,2026-06-30 03:16:00+00:00,18.18,18.195566525775316,18.195566525775316,,1,-0.015566525775316364,0.015566525775316364
DUISBURG-MEIDERICH SCHLEUSE OW,2026-06-30 03:17:00+00:00,25.04,25.541799722521976,25.541799722521976,,1,-0.5017997225219766,0.5017997225219766
DUISBURG-MEIDERICH SCHLEUSE UW,2026-06-30 03:17:00+00:00,18.18,18.195566525775316,18.195566525775316,,1,-0.015566525775316364,0.015566525775316364
DUISBURG-MEIDERICH SCHLEUSE OW,2026-06-30 03:18:00+00:00,25.04,25.541799722521976,25.541799722521976,,1,-0.5017997225219766,0.5017997225219766
DUISBURG-MEIDERICH SCHLEUSE UW,2026-06-30 03:18:00+00:00,18.18,18.195566525775316,18.195566525775316,,1,-0.015566525775316364,0.015566525775316364
DUISBURG-MEIDERICH SCHLEUSE OW,2026-06-30 03:19:00+00:00,25.04,25.541799722521976,25.541799722521976,,1,-0.5017997225219766,0.5017997225219766
DUISBURG-MEIDERICH SCHLEUSE UW,2026-06-30 03:19:00+00:00,18.18,18.195566525775316,18.195566525775316,,1,-0.015566525775316364,0.015566525775316364
Basel-Rheinhalle,2026-06-30 03:20:00+00:00,526.0,531.8630861421474,531.8630861421474,,1,-5.863086142147381,5.863086142147381
DUISBURG-MEIDERICH SCHLEUSE OW,2026-06-30 03:20:00+00:00,25.04,25.541799722521976,25.541799722521976,,1,-0.5017997225219766,0.5017997225219766
DUISBURG-MEIDERICH SCHLEUSE UW,2026-06-30 03:20:00+00:00,18.18,18.195566525775316,18.195566525775316,,1,-0.015566525775316364,0.015566525775316364
LOBITH,2026-06-30 03:20:00+00:00,704.0,703.8066394806965,703.8066394806965,,1,0.1933605193034964,0.1933605193034964
DUISBURG-MEIDERICH SCHLEUSE OW,2026-06-30 03:21:00+00:00,25.04,25.541799722521976,25.541799722521976,,1,-0.5017997225219766,0.5017997225219766
DUISBURG-MEIDERICH SCHLEUSE UW,2026-06-30 03:21:00+00:00,18.18,18.195566525775316,18.195566525775316,,1,-0.015566525775316364,0.015566525775316364
DUISBURG-MEIDERICH SCHLEUSE OW,2026-06-30 03:22:00+00:00,25.04,25.541799722521976,25.541799722521976,,1,-0.5017997225219766,0.5017997225219766
DUISBURG-MEIDERICH SCHLEUSE UW,2026-06-30 03:22:00+00:00,18.18,18.195566525775316,18.195566525775316,,1,-0.015566525775316364,0.015566525775316364
DUISBURG-MEIDERICH SCHLEUSE OW,2026-06-30 03:23:00+00:00,25.04,25.541799722521976,25.541799722521976,,1,-0.5017997225219766,0.5017997225219766
DUISBURG-MEIDERICH SCHLEUSE UW,2026-06-30 03:23:00+00:00,18.18,18.195566525775316,18.195566525775316,,1,-0.015566525775316364,0.015566525775316364
DUISBURG-MEIDERICH SCHLEUSE OW,2026-06-30 03:24:00+00:00,25.04,25.541799722521976,25.541799722521976,,1,-0.5017997225219766,0.5017997225219766
DUISBURG-MEIDERICH SCHLEUSE UW,2026-06-30 03:24:00+00:00,18.18,18.195566525775316,18.195566525775316,,1,-0.015566525775316364,0.015566525775316364
Basel-Rheinhalle,2026-06-30 03:25:00+00:00,526.0,532.9040993830388,532.9040993830388,,1,-6.904099383038783,6.904099383038783
DUISBURG-MEIDERICH SCHLEUSE OW,2026-06-30 03:25:00+00:00,25.04,25.541799722521976,25.541799722521976,,1,-0.5017997225219766,0.5017997225219766
DUISBURG-MEIDERICH SCHLEUSE UW,2026-06-30 03:25:00+00:00,18.17,18.20112466542308,18.20112466542308,,1,-0.031124665423078568,0.031124665423078568
DUISBURG-MEIDERICH SCHLEUSE OW,2026-06-30 03:26:00+00:00,25.04,25.541799722521976,25.541799722521976,,1,-0.5017997225219766,0.5017997225219766
DUISBURG-MEIDERICH SCHLEUSE UW,2026-06-30 03:26:00+00:00,18.17,18.20112466542308,18.20112466542308,,1,-0.031124665423078568,0.031124665423078568
DUISBURG-MEIDERICH SCHLEUSE OW,2026-06-30 03:27:00+00:00,25.04,25.541799722521976,25.541799722521976,,1,-0.5017997225219766,0.5017997225219766
DUISBURG-MEIDERICH SCHLEUSE UW,2026-06-30 03:27:00+00:00,18.17,18.195566525775316,18.195566525775316,,1,-0.025566525775314375,0.025566525775314375
DUISBURG-MEIDERICH SCHLEUSE OW,2026-06-30 03:28:00+00:00,25.04,25.541799722521976,25.541799722521976,,1,-0.5017997225219766,0.5017997225219766
DUISBURG-MEIDERICH SCHLEUSE UW,2026-06-30 03:28:00+00:00,18.17,18.195566525775316,18.195566525775316,,1,-0.025566525775314375,0.025566525775314375
DUISBURG-MEIDERICH SCHLEUSE OW,2026-06-30 03:29:00+00:00,25.04,25.541799722521976,25.541799722521976,,1,-0.5017997225219766,0.5017997225219766
DUISBURG-MEIDERICH SCHLEUSE UW,2026-06-30 03:29:00+00:00,18.17,18.195566525775316,18.195566525775316,,1,-0.025566525775314375,0.025566525775314375
BINGEN,2026-06-30 03:30:00+00:00,107.0,104.70911228464084,104.70911228464084,,1,2.290887715359162,2.290887715359162
BONN,2026-06-30 03:30:00+00:00,137.0,142.9068383787861,142.9068383787861,,1,-5.906838378786091,5.906838378786091
BREISACH,2026-06-30 03:30:00+00:00,187.0,191.95583212843616,191.95583212843616,,1,-4.955832128436157,4.955832128436157
Basel-Rheinhalle,2026-06-30 03:30:00+00:00,526.0,533.9084277213025,533.9084277213025,,1,-7.908427721302473,7.908427721302473
DUISBURG-MEIDERICH SCHLEUSE OW,2026-06-30 03:30:00+00:00,25.04,25.541799722521976,25.541799722521976,,1,-0.5017997225219766,0.5017997225219766
DUISBURG-MEIDERICH SCHLEUSE UW,2026-06-30 03:30:00+00:00,18.17,18.195566525775316,18.195566525775316,,1,-0.025566525775314375,0.025566525775314375
DUISBURG-RUHRORT,2026-06-30 03:30:00+00:00,214.0,211.80416745236977,211.80416745236977,0.0,1,2.195832547630232,2.195832547630232
DÜSSELDORF,2026-06-30 03:30:00+00:00,83.0,79.09818153596308,79.09818153596308,,1,3.9018184640369213,3.9018184640369213
EMMERICH,2026-06-30 03:30:00+00:00,53.0,49.78414381306058,49.78414381306058,,1,3.215856186939419,3.215856186939419
IFFEZHEIM,2026-06-30 03:30:00+00:00,144.0,155.11054781186488,155.11054781186488,1.0,1,-11.110547811864876,11.110547811864876
KAUB,2026-06-30 03:30:00+00:00,88.0,83.25646563322033,83.25646563322033,,1,4.74353436677967,4.74353436677967
KOBLENZ,2026-06-30 03:30:00+00:00,84.0,78.91618137628024,78.91618137628024,0.0,1,5.083818623719765,5.083818623719765
KONSTANZ-RHEIN,2026-06-30 03:30:00+00:00,313.0,312.6112604287813,312.6112604287813,,1,0.38873957121870717,0.38873957121870717
Koblenz OP,2026-06-30 03:30:00+00:00,201.0,204.265356004714,204.265356004714,,1,-3.2653560047139933,3.2653560047139933
Koblenz UP,2026-06-30 03:30:00+00:00,45.0,49.32343305845217,49.32343305845217,3.0,1,-4.323433058452167,4.323433058452167
KÖLN,2026-06-30 03:30:00+00:00,134.0,132.84358288848276,132.84358288848276,0.0,1,1.1564171115172428,1.1564171115172428
LOBITH,2026-06-30 03:30:00+00:00,704.0,703.9547468481436,703.9547468481436,,1,0.04525315185640011,0.04525315185640011
MAINZ,2026-06-30 03:30:00+00:00,184.0,189.07317250493577,189.07317250493577,,1,-5.073172504935769,5.073172504935769
MANNHEIM,2026-06-30 03:30:00+00:00,163.0,159.86087985056102,159.86087985056102,0.0,1,3.1391201494389804,3.1391201494389804
MAXAU,2026-06-30 03:30:00+00:00,409.0,410.0633624896126,410.0633624896126,1.0,1,-1.0633624896125866,1.0633624896125866
REES,2026-06-30 03:30:00+00:00,96.0,97.41145779291998,97.41145779291998,,1,-1.4114577929199754,1.4114577929199754
RHEINE UNTERSCHLEUSE,2026-06-30 03:30:00+00:00,186.0,206.01163990339202,206.01163990339202,2.0,1,-20.011639903392023,20.011639903392023
RHEINWEILER,2026-06-30 03:30:00+00:00,223.0,221.8197779700495,221.8197779700495,,1,1.1802220299504995,1.1802220299504995
SANKT GOAR,2026-06-30 03:30:00+00:00,177.0,170.04645934618839,170.04645934618839,0.0,1,6.953540653811615,6.953540653811615
SPEYER,2026-06-30 03:30:00+00:00,255.0,252.52642812436062,252.52642812436062,1.0,1,2.4735718756393794,2.4735718756393794
WESEL,2026-06-30 03:30:00+00:00,152.0,152.33837012508963,152.33837012508963,0.0,1,-0.33837012508962516,0.33837012508962516
WORMS,2026-06-30 03:30:00+00:00,74.0,72.98730163166383,72.98730163166383,0.0,1,1.0126983683361743,1.0126983683361743
DUISBURG-MEIDERICH SCHLEUSE OW,2026-06-30 03:31:00+00:00,25.04,25.541799722521976,25.541799722521976,,1,-0.5017997225219766,0.5017997225219766
DUISBURG-MEIDERICH SCHLEUSE UW,2026-06-30 03:31:00+00:00,18.17,18.195566525775316,18.195566525775316,,1,-0.025566525775314375,0.025566525775314375
DUISBURG-MEIDERICH SCHLEUSE OW,2026-06-30 03:32:00+00:00,25.04,25.541799722521976,25.541799722521976,,1,-0.5017997225219766,0.5017997225219766
DUISBURG-MEIDERICH SCHLEUSE UW,2026-06-30 03:32:00+00:00,18.17,18.195566525775316,18.195566525775316,,1,-0.025566525775314375,0.025566525775314375
DUISBURG-MEIDERICH SCHLEUSE OW,2026-06-30 03:33:00+00:00,25.04,25.541799722521976,25.541799722521976,,1,-0.5017997225219766,0.5017997225219766
DUISBURG-MEIDERICH SCHLEUSE UW,2026-06-30 03:33:00+00:00,18.17,18.195566525775316,18.195566525775316,,1,-0.025566525775314375,0.025566525775314375
DUISBURG-MEIDERICH SCHLEUSE OW,2026-06-30 03:34:00+00:00,25.04,25.541799722521976,25.541799722521976,,1,-0.5017997225219766,0.5017997225219766
DUISBURG-MEIDERICH SCHLEUSE UW,2026-06-30 03:34:00+00:00,18.17,18.195566525775316,18.195566525775316,,1,-0.025566525775314375,0.025566525775314375
Basel-Rheinhalle,2026-06-30 03:35:00+00:00,526.0,534.0034320962825,534.0034320962825,,1,-8.003432096282495,8.003432096282495
DUISBURG-MEIDERICH SCHLEUSE OW,2026-06-30 03:35:00+00:00,25.04,25.541799722521976,25.541799722521976,,1,-0.5017997225219766,0.5017997225219766
DUISBURG-MEIDERICH SCHLEUSE UW,2026-06-30 03:35:00+00:00,18.17,18.195566525775316,18.195566525775316,,1,-0.025566525775314375,0.025566525775314375
DUISBURG-MEIDERICH SCHLEUSE OW,2026-06-30 03:36:00+00:00,25.04,25.541799722521976,25.541799722521976,,1,-0.5017997225219766,0.5017997225219766
DUISBURG-MEIDERICH SCHLEUSE UW,2026-06-30 03:36:00+00:00,18.18,18.195566525775316,18.195566525775316,,1,-0.015566525775316364,0.015566525775316364
DUISBURG-MEIDERICH SCHLEUSE OW,2026-06-30 03:37:00+00:00,25.04,25.541799722521976,25.541799722521976,,1,-0.5017997225219766,0.5017997225219766
DUISBURG-MEIDERICH SCHLEUSE UW,2026-06-30 03:37:00+00:00,18.18,18.20112466542308,18.20112466542308,,1,-0.021124665423080558,0.021124665423080558
DUISBURG-MEIDERICH SCHLEUSE OW,2026-06-30 03:38:00+00:00,25.04,25.541799722521976,25.541799722521976,,1,-0.5017997225219766,0.5017997225219766
DUISBURG-MEIDERICH SCHLEUSE UW,2026-06-30 03:38:00+00:00,18.18,18.20112466542308,18.20112466542308,,1,-0.021124665423080558,0.021124665423080558
DUISBURG-MEIDERICH SCHLEUSE OW,2026-06-30 03:39:00+00:00,25.04,25.541799722521976,25.541799722521976,,1,-0.5017997225219766,0.5017997225219766
DUISBURG-MEIDERICH SCHLEUSE UW,2026-06-30 03:39:00+00:00,18.18,18.195566525775316,18.195566525775316,,1,-0.015566525775316364,0.015566525775316364
Basel-Rheinhalle,2026-06-30 03:40:00+00:00,526.0,531.3299290675176,531.3299290675176,,1,-5.3299290675175826,5.3299290675175826
DUISBURG-MEIDERICH SCHLEUSE OW,2026-06-30 03:40:00+00:00,25.04,25.541799722521976,25.541799722521976,,1,-0.5017997225219766,0.5017997225219766
DUISBURG-MEIDERICH SCHLEUSE UW,2026-06-30 03:40:00+00:00,18.18,18.195566525775316,18.195566525775316,,1,-0.015566525775316364,0.015566525775316364
LOBITH,2026-06-30 03:40:00+00:00,704.0,703.9547468481436,703.9547468481436,,1,0.04525315185640011,0.04525315185640011
DUISBURG-MEIDERICH SCHLEUSE OW,2026-06-30 03:41:00+00:00,25.04,25.541799722521976,25.541799722521976,,1,-0.5017997225219766,0.5017997225219766
DUISBURG-MEIDERICH SCHLEUSE UW,2026-06-30 03:41:00+00:00,18.18,18.20112466542308,18.20112466542308,,1,-0.021124665423080558,0.021124665423080558
DUISBURG-MEIDERICH SCHLEUSE OW,2026-06-30 03:42:00+00:00,25.04,25.541799722521976,25.541799722521976,,1,-0.5017997225219766,0.5017997225219766
DUISBURG-MEIDERICH SCHLEUSE UW,2026-06-30 03:42:00+00:00,18.18,18.20112466542308,18.20112466542308,,1,-0.021124665423080558,0.021124665423080558
DUISBURG-MEIDERICH SCHLEUSE OW,2026-06-30 03:43:00+00:00,25.04,25.541799722521976,25.541799722521976,,1,-0.5017997225219766,0.5017997225219766
DUISBURG-MEIDERICH SCHLEUSE UW,2026-06-30 03:43:00+00:00,18.18,18.195566525775316,18.195566525775316,,1,-0.015566525775316364,0.015566525775316364
DUISBURG-MEIDERICH SCHLEUSE OW,2026-06-30 03:44:00+00:00,25.04,25.541799722521976,25.541799722521976,,1,-0.5017997225219766,0.5017997225219766
DUISBURG-MEIDERICH SCHLEUSE UW,2026-06-30 03:44:00+00:00,18.18,18.195566525775316,18.195566525775316,,1,-0.015566525775316364,0.015566525775316364
BINGEN,2026-06-30 03:45:00+00:00,107.0,104.74718852625756,104.74718852625756,,1,2.2528114737424403,2.2528114737424403
BONN,2026-06-30 03:45:00+00:00,137.0,142.93515003061847,142.93515003061847,,1,-5.935150030618473,5.935150030618473
BREISACH,2026-06-30 03:45:00+00:00,187.0,193.4808331112713,193.4808331112713,,1,-6.480833111271295,6.480833111271295
Basel-Rheinhalle,2026-06-30 03:45:00+00:00,528.0,523.3608578660114,523.3608578660114,,1,4.639142133988571,4.639142133988571
DUISBURG-MEIDERICH SCHLEUSE OW,2026-06-30 03:45:00+00:00,25.04,25.541799722521976,25.541799722521976,,1,-0.5017997225219766,0.5017997225219766
DUISBURG-MEIDERICH SCHLEUSE UW,2026-06-30 03:45:00+00:00,18.18,18.195566525775316,18.195566525775316,,1,-0.015566525775316364,0.015566525775316364
DUISBURG-RUHRORT,2026-06-30 03:45:00+00:00,214.0,211.92677798965346,211.92677798965346,0.0,1,2.073222010346541,2.073222010346541
DÜSSELDORF,2026-06-30 03:45:00+00:00,83.0,79.05248514591419,79.05248514591419,,1,3.94751485408581,3.94751485408581
EMMERICH,2026-06-30 03:45:00+00:00,53.0,53.55401993718443,53.55401993718443,,1,-0.5540199371844281,0.5540199371844281
IFFEZHEIM,2026-06-30 03:45:00+00:00,148.0,155.38556437480233,155.38556437480233,1.0,1,-7.385564374802328,7.385564374802328
KAUB,2026-06-30 03:45:00+00:00,89.0,83.28054901379426,83.28054901379426,,1,5.719450986205743,5.719450986205743
KOBLENZ,2026-06-30 03:45:00+00:00,82.0,81.33390629751221,81.33390629751221,0.0,1,0.6660937024877853,0.6660937024877853
KONSTANZ-RHEIN,2026-06-30 03:45:00+00:00,313.0,312.7310154582721,312.7310154582721,,1,0.2689845417278889,0.2689845417278889
Koblenz OP,2026-06-30 03:45:00+00:00,201.0,204.17401942266386,204.17401942266386,,1,-3.1740194226638607,3.1740194226638607
Koblenz UP,2026-06-30 03:45:00+00:00,44.0,49.306844840630966,49.306844840630966,3.0,1,-5.306844840630966,5.306844840630966
KÖLN,2026-06-30 03:45:00+00:00,134.0,132.86481031213557,132.86481031213557,0.0,1,1.1351896878644254,1.1351896878644254
MAINZ,2026-06-30 03:45:00+00:00,184.0,189.37445214624861,189.37445214624861,,1,-5.374452146248615,5.374452146248615
MANNHEIM,2026-06-30 03:45:00+00:00,164.0,159.61192250822148,159.61192250822148,0.0,1,4.3880774917785175,4.3880774917785175
MAXAU,2026-06-30 03:45:00+00:00,409.0,410.2911128294955,410.2911128294955,1.0,1,-1.2911128294954892,1.2911128294954892
REES,2026-06-30 03:45:00+00:00,95.0,97.5915658066185,97.5915658066185,,1,-2.5915658066185046,2.5915658066185046
RHEINE UNTERSCHLEUSE,2026-06-30 03:45:00+00:00,185.0,206.27672113872936,206.27672113872936,2.0,1,-21.276721138729357,21.276721138729357
RHEINWEILER,2026-06-30 03:45:00+00:00,223.0,222.2248967743934,222.2248967743934,,1,0.7751032256066139,0.7751032256066139
SANKT GOAR,2026-06-30 03:45:00+00:00,178.0,170.03517746006625,170.03517746006625,0.0,1,7.964822539933749,7.964822539933749
SPEYER,2026-06-30 03:45:00+00:00,256.0,252.54224910050274,252.54224910050274,1.0,1,3.457750899497256,3.457750899497256
WESEL,2026-06-30 03:45:00+00:00,152.0,152.3866332922603,152.3866332922603,0.0,1,-0.3866332922603135,0.3866332922603135
WORMS,2026-06-30 03:45:00+00:00,74.0,72.9550369794783,72.9550369794783,0.0,1,1.0449630205217062,1.0449630205217062
DUISBURG-MEIDERICH SCHLEUSE OW,2026-06-30 03:46:00+00:00,25.04,25.541799722521976,25.541799722521976,,1,-0.5017997225219766,0.5017997225219766
DUISBURG-MEIDERICH SCHLEUSE UW,2026-06-30 03:46:00+00:00,18.18,18.195566525775316,18.195566525775316,,1,-0.015566525775316364,0.015566525775316364
DUISBURG-MEIDERICH SCHLEUSE OW,2026-06-30 03:47:00+00:00,25.04,25.541799722521976,25.541799722521976,,1,-0.5017997225219766,0.5017997225219766
DUISBURG-MEIDERICH SCHLEUSE UW,2026-06-30 03:47:00+00:00,18.18,18.195566525775316,18.195566525775316,,1,-0.015566525775316364,0.015566525775316364
DUISBURG-MEIDERICH SCHLEUSE OW,2026-06-30 03:48:00+00:00,25.04,25.541799722521976,25.541799722521976,,1,-0.5017997225219766,0.5017997225219766
DUISBURG-MEIDERICH SCHLEUSE UW,2026-06-30 03:48:00+00:00,18.18,18.195566525775316,18.195566525775316,,1,-0.015566525775316364,0.015566525775316364
DUISBURG-MEIDERICH SCHLEUSE OW,2026-06-30 03:49:00+00:00,25.04,25.541799722521976,25.541799722521976,,1,-0.5017997225219766,0.5017997225219766
DUISBURG-MEIDERICH SCHLEUSE UW,2026-06-30 03:49:00+00:00,18.18,18.195566525775316,18.195566525775316,,1,-0.015566525775316364,0.015566525775316364
Basel-Rheinhalle,2026-06-30 03:50:00+00:00,529.0,516.3982222324435,516.3982222324435,,1,12.601777767556541,12.601777767556541
DUISBURG-MEIDERICH SCHLEUSE OW,2026-06-30 03:50:00+00:00,25.04,25.541799722521976,25.541799722521976,,1,-0.5017997225219766,0.5017997225219766
DUISBURG-MEIDERICH SCHLEUSE UW,2026-06-30 03:50:00+00:00,18.18,18.20112466542308,18.20112466542308,,1,-0.021124665423080558,0.021124665423080558
LOBITH,2026-06-30 03:50:00+00:00,704.0,705.1498865472381,705.1498865472381,,1,-1.1498865472381112,1.1498865472381112
DUISBURG-MEIDERICH SCHLEUSE OW,2026-06-30 03:51:00+00:00,25.04,25.541799722521976,25.541799722521976,,1,-0.5017997225219766,0.5017997225219766
DUISBURG-MEIDERICH SCHLEUSE UW,2026-06-30 03:51:00+00:00,18.19,18.20112466542308,18.20112466542308,,1,-0.011124665423078994,0.011124665423078994
DUISBURG-MEIDERICH SCHLEUSE OW,2026-06-30 03:52:00+00:00,25.04,25.541799722521976,25.541799722521976,,1,-0.5017997225219766,0.5017997225219766
DUISBURG-MEIDERICH SCHLEUSE UW,2026-06-30 03:52:00+00:00,18.19,18.195566525775316,18.195566525775316,,1,-0.005566525775314801,0.005566525775314801
DUISBURG-MEIDERICH SCHLEUSE OW,2026-06-30 03:53:00+00:00,25.04,25.541799722521976,25.541799722521976,,1,-0.5017997225219766,0.5017997225219766
DUISBURG-MEIDERICH SCHLEUSE UW,2026-06-30 03:53:00+00:00,18.19,18.195566525775316,18.195566525775316,,1,-0.005566525775314801,0.005566525775314801
DUISBURG-MEIDERICH SCHLEUSE OW,2026-06-30 03:54:00+00:00,25.04,25.541799722521976,25.541799722521976,,1,-0.5017997225219766,0.5017997225219766
DUISBURG-MEIDERICH SCHLEUSE UW,2026-06-30 03:54:00+00:00,18.19,18.195566525775316,18.195566525775316,,1,-0.005566525775314801,0.005566525775314801
Basel-Rheinhalle,2026-06-30 03:55:00+00:00,527.0,515.2620081063963,515.2620081063963,,1,11.737991893603748,11.737991893603748
DUISBURG-MEIDERICH SCHLEUSE OW,2026-06-30 03:55:00+00:00,25.04,25.541799722521976,25.541799722521976,,1,-0.5017997225219766,0.5017997225219766
DUISBURG-MEIDERICH SCHLEUSE UW,2026-06-30 03:55:00+00:00,18.19,18.195566525775316,18.195566525775316,,1,-0.005566525775314801,0.005566525775314801
DUISBURG-MEIDERICH SCHLEUSE OW,2026-06-30 03:56:00+00:00,25.04,25.541799722521976,25.541799722521976,,1,-0.5017997225219766,0.5017997225219766
DUISBURG-MEIDERICH SCHLEUSE UW,2026-06-30 03:56:00+00:00,18.19,18.195566525775316,18.195566525775316,,1,-0.005566525775314801,0.005566525775314801
DUISBURG-MEIDERICH SCHLEUSE OW,2026-06-30 03:57:00+00:00,25.03,25.541799722521976,25.541799722521976,,1,-0.5117997225219746,0.5117997225219746
DUISBURG-MEIDERICH SCHLEUSE UW,2026-06-30 03:57:00+00:00,18.19,18.195566525775316,18.195566525775316,,1,-0.005566525775314801,0.005566525775314801
DUISBURG-MEIDERICH SCHLEUSE OW,2026-06-30 03:58:00+00:00,25.03,25.541799722521976,25.541799722521976,,1,-0.5117997225219746,0.5117997225219746
DUISBURG-MEIDERICH SCHLEUSE UW,2026-06-30 03:58:00+00:00,18.19,18.195566525775316,18.195566525775316,,1,-0.005566525775314801,0.005566525775314801
DUISBURG-MEIDERICH SCHLEUSE OW,2026-06-30 03:59:00+00:00,25.03,25.541799722521976,25.541799722521976,,1,-0.5117997225219746,0.5117997225219746
DUISBURG-MEIDERICH SCHLEUSE UW,2026-06-30 03:59:00+00:00,18.2,18.195566525775316,18.195566525775316,,1,0.004433474224683209,0.004433474224683209
BINGEN,2026-06-30 04:00:00+00:00,106.0,104.71413773145932,104.71413773145932,,1,1.2858622685406829,1.2858622685406829
BONN,2026-06-30 04:00:00+00:00,137.0,142.86333735786712,142.86333735786712,,1,-5.863337357867124,5.863337357867124
BREISACH,2026-06-30 04:00:00+00:00,187.0,194.9168814795408,194.9168814795408,,1,-7.916881479540791,7.916881479540791
Basel-Rheinhalle,2026-06-30 04:00:00+00:00,527.0,513.6471830085425,513.6471830085425,,1,13.35281699145753,13.35281699145753
DUISBURG-MEIDERICH SCHLEUSE OW,2026-06-30 04:00:00+00:00,25.03,25.541799722521976,25.541799722521976,,1,-0.5117997225219746,0.5117997225219746
DUISBURG-MEIDERICH SCHLEUSE UW,2026-06-30 04:00:00+00:00,18.2,18.195566525775316,18.195566525775316,,1,0.004433474224683209,0.004433474224683209
DUISBURG-RUHRORT,2026-06-30 04:00:00+00:00,213.0,213.90224751175487,213.90224751175487,0.0,1,-0.9022475117548652,0.9022475117548652
DÜSSELDORF,2026-06-30 04:00:00+00:00,83.0,79.84114523154676,79.84114523154676,,1,3.1588547684532386,3.1588547684532386
EMMERICH,2026-06-30 04:00:00+00:00,54.0,53.00585566788152,53.00585566788152,,1,0.9941443321184806,0.9941443321184806
IFFEZHEIM,2026-06-30 04:00:00+00:00,146.0,155.55265675694542,155.55265675694542,1.0,1,-9.552656756945424,9.552656756945424
KAUB,2026-06-30 04:00:00+00:00,90.0,83.24749821899601,83.24749821899601,,1,6.752501781003986,6.752501781003986
KOBLENZ,2026-06-30 04:00:00+00:00,85.0,78.993450625262,78.993450625262,0.0,1,6.006549374738,6.006549374738
KONSTANZ-RHEIN,2026-06-30 04:00:00+00:00,313.0,312.7310154582721,312.7310154582721,,1,0.2689845417278889,0.2689845417278889
Koblenz OP,2026-06-30 04:00:00+00:00,203.0,206.01712607449238,206.01712607449238,,1,-3.0171260744923813,3.0171260744923813
Koblenz UP,2026-06-30 04:00:00+00:00,45.0,49.30605869801823,49.30605869801823,3.0,1,-4.3060586980182265,4.3060586980182265
KÖLN,2026-06-30 04:00:00+00:00,134.0,132.80716609574336,132.80716609574336,0.0,1,1.192833904256645,1.192833904256645
LOBITH,2026-06-30 04:00:00+00:00,704.0,704.7397785880244,704.7397785880244,,1,-0.7397785880243646,0.7397785880243646
MAINZ,2026-06-30 04:00:00+00:00,184.0,189.2841040874127,189.2841040874127,,1,-5.284104087412686,5.284104087412686
MANNHEIM,2026-06-30 04:00:00+00:00,163.0,157.64409459368997,157.64409459368997,0.0,1,5.355905406310029,5.355905406310029
MAXAU,2026-06-30 04:00:00+00:00,409.0,410.2911128294955,410.2911128294955,1.0,1,-1.2911128294954892,1.2911128294954892
REES,2026-06-30 04:00:00+00:00,95.0,97.35294042580256,97.35294042580256,,1,-2.352940425802558,2.352940425802558
RHEINE UNTERSCHLEUSE,2026-06-30 04:00:00+00:00,186.0,208.1902289800273,208.1902289800273,2.0,1,-22.190228980027314,22.190228980027314
RHEINWEILER,2026-06-30 04:00:00+00:00,223.0,222.2248967743934,222.2248967743934,,1,0.7751032256066139,0.7751032256066139
SANKT GOAR,2026-06-30 04:00:00+00:00,178.0,169.99911209219277,169.99911209219277,0.0,1,8.000887907807225,8.000887907807225
SPEYER,2026-06-30 04:00:00+00:00,256.0,252.27474068668863,252.27474068668863,1.0,1,3.725259313311369,3.725259313311369
WESEL,2026-06-30 04:00:00+00:00,152.0,152.2869931661411,152.2869931661411,0.0,1,-0.2869931661410874,0.2869931661410874
WORMS,2026-06-30 04:00:00+00:00,74.0,72.9550369794783,72.9550369794783,0.0,1,1.0449630205217062,1.0449630205217062
DUISBURG-MEIDERICH SCHLEUSE OW,2026-06-30 04:01:00+00:00,25.03,25.550206668731587,25.550206668731587,,1,-0.5202066687315856,0.5202066687315856
DUISBURG-MEIDERICH SCHLEUSE UW,2026-06-30 04:01:00+00:00,18.2,18.20112466542308,18.20112466542308,,1,-0.0011246654230809838,0.0011246654230809838
DUISBURG-MEIDERICH SCHLEUSE OW,2026-06-30 04:02:00+00:00,25.03,25.550206668731587,25.550206668731587,,1,-0.5202066687315856,0.5202066687315856
DUISBURG-MEIDERICH SCHLEUSE UW,2026-06-30 04:02:00+00:00,18.2,18.20112466542308,18.20112466542308,,1,-0.0011246654230809838,0.0011246654230809838
DUISBURG-MEIDERICH SCHLEUSE OW,2026-06-30 04:03:00+00:00,25.03,25.541799722521976,25.541799722521976,,1,-0.5117997225219746,0.5117997225219746
DUISBURG-MEIDERICH SCHLEUSE UW,2026-06-30 04:03:00+00:00,18.2,18.195566525775316,18.195566525775316,,1,0.004433474224683209,0.004433474224683209
DUISBURG-MEIDERICH SCHLEUSE OW,2026-06-30 04:04:00+00:00,25.03,25.541799722521976,25.541799722521976,,1,-0.5117997225219746,0.5117997225219746
DUISBURG-MEIDERICH SCHLEUSE UW,2026-06-30 04:04:00+00:00,18.2,18.195566525775316,18.195566525775316,,1,0.004433474224683209,0.004433474224683209
Basel-Rheinhalle,2026-06-30 04:05:00+00:00,527.0,521.6735514740858,521.6735514740858,,1,5.326448525914202,5.326448525914202
DUISBURG-MEIDERICH SCHLEUSE OW,2026-06-30 04:05:00+00:00,25.03,25.541799722521976,25.541799722521976,,1,-0.5117997225219746,0.5117997225219746
DUISBURG-MEIDERICH SCHLEUSE UW,2026-06-30 04:05:00+00:00,18.2,18.195566525775316,18.195566525775316,,1,0.004433474224683209,0.004433474224683209
DUISBURG-MEIDERICH SCHLEUSE OW,2026-06-30 04:06:00+00:00,25.03,25.540351638724015,25.540351638724015,,1,-0.5103516387240141,0.5103516387240141
DUISBURG-MEIDERICH SCHLEUSE UW,2026-06-30 04:06:00+00:00,18.2,18.194118441977356,18.194118441977356,,1,0.005881558022643674,0.005881558022643674
DUISBURG-MEIDERICH SCHLEUSE OW,2026-06-30 04:07:00+00:00,25.03,25.540351638724015,25.540351638724015,,1,-0.5103516387240141,0.5103516387240141
DUISBURG-MEIDERICH SCHLEUSE UW,2026-06-30 04:07:00+00:00,18.2,18.194118441977356,18.194118441977356,,1,0.005881558022643674,0.005881558022643674
DUISBURG-MEIDERICH SCHLEUSE OW,2026-06-30 04:08:00+00:00,25.03,25.540351638724015,25.540351638724015,,1,-0.5103516387240141,0.5103516387240141
DUISBURG-MEIDERICH SCHLEUSE UW,2026-06-30 04:08:00+00:00,18.2,18.194118441977356,18.194118441977356,,1,0.005881558022643674,0.005881558022643674
DUISBURG-MEIDERICH SCHLEUSE OW,2026-06-30 04:09:00+00:00,25.02,25.540351638724015,25.540351638724015,,1,-0.5203516387240157,0.5203516387240157
DUISBURG-MEIDERICH SCHLEUSE UW,2026-06-30 04:09:00+00:00,18.2,18.194118441977356,18.194118441977356,,1,0.005881558022643674,0.005881558022643674
Basel-Rheinhalle,2026-06-30 04:10:00+00:00,527.0,521.5378488068503,521.5378488068503,,1,5.46215119314968,5.46215119314968
DUISBURG-MEIDERICH SCHLEUSE OW,2026-06-30 04:10:00+00:00,25.02,25.540351638724015,25.540351638724015,,1,-0.5203516387240157,0.5203516387240157
DUISBURG-MEIDERICH SCHLEUSE UW,2026-06-30 04:10:00+00:00,18.2,18.194118441977356,18.194118441977356,,1,0.005881558022643674,0.005881558022643674
LOBITH,2026-06-30 04:10:00+00:00,705.0,703.9547468481436,703.9547468481436,,1,1.0452531518564,1.0452531518564
DUISBURG-MEIDERICH SCHLEUSE OW,2026-06-30 04:11:00+00:00,25.02,25.540351638724015,25.540351638724015,,1,-0.5203516387240157,0.5203516387240157
DUISBURG-MEIDERICH SCHLEUSE UW,2026-06-30 04:11:00+00:00,18.2,18.185636999303235,18.185636999303235,,2,0.014363000696764772,0.014363000696764772
DUISBURG-MEIDERICH SCHLEUSE OW,2026-06-30 04:12:00+00:00,25.02,25.00174703297707,25.00174703297707,,2,0.01825296702292789,0.01825296702292789
DUISBURG-MEIDERICH SCHLEUSE UW,2026-06-30 04:12:00+00:00,18.2,18.185636999303235,18.185636999303235,,2,0.014363000696764772,0.014363000696764772
DUISBURG-MEIDERICH SCHLEUSE OW,2026-06-30 04:13:00+00:00,25.02,25.00174703297707,25.00174703297707,,2,0.01825296702292789,0.01825296702292789
DUISBURG-MEIDERICH SCHLEUSE UW,2026-06-30 04:13:00+00:00,18.2,18.185636999303235,18.185636999303235,,2,0.014363000696764772,0.014363000696764772
DUISBURG-MEIDERICH SCHLEUSE OW,2026-06-30 04:14:00+00:00,25.02,25.00174703297707,25.00174703297707,,2,0.01825296702292789,0.01825296702292789
DUISBURG-MEIDERICH SCHLEUSE UW,2026-06-30 04:14:00+00:00,18.2,18.185636999303235,18.185636999303235,,2,0.014363000696764772,0.014363000696764772
BINGEN,2026-06-30 04:15:00+00:00,107.0,107.3009128064918,107.3009128064918,,2,-0.3009128064917945,0.3009128064917945
BONN,2026-06-30 04:15:00+00:00,138.0,138.65684172333985,138.65684172333985,,2,-0.656841723339852,0.656841723339852
BREISACH,2026-06-30 04:15:00+00:00,187.0,187.14491262607402,187.14491262607402,,2,-0.14491262607401723,0.14491262607401723
Basel-Rheinhalle,2026-06-30 04:15:00+00:00,526.0,527.2307224376922,527.2307224376922,,2,-1.2307224376921795,1.2307224376921795
DUISBURG-MEIDERICH SCHLEUSE OW,2026-06-30 04:15:00+00:00,25.02,25.00174703297707,25.00174703297707,,2,0.01825296702292789,0.01825296702292789
DUISBURG-MEIDERICH SCHLEUSE UW,2026-06-30 04:15:00+00:00,18.2,18.185636999303235,18.185636999303235,,2,0.014363000696764772,0.014363000696764772
DUISBURG-RUHRORT,2026-06-30 04:15:00+00:00,214.0,212.91151385545024,213.61157424674983,0.0,2,0.3884257532501749,0.3884257532501749
DÜSSELDORF,2026-06-30 04:15:00+00:00,83.0,81.75565222487297,81.75565222487297,,2,1.244347775127025,1.244347775127025
EMMERICH,2026-06-30 04:15:00+00:00,54.0,53.536135839376286,53.536135839376286,,2,0.4638641606237144,0.4638641606237144
IFFEZHEIM,2026-06-30 04:15:00+00:00,144.0,146.9246653650783,146.9246653650783,1.0,2,-2.9246653650783117,2.9246653650783117
KAUB,2026-06-30 04:15:00+00:00,90.0,87.54089229038628,87.54089229038628,,2,2.4591077096137184,2.4591077096137184
KOBLENZ,2026-06-30 04:15:00+00:00,84.0,82.77019398389523,82.19701215104733,0.0,2,1.802987848952668,1.802987848952668
KONSTANZ-RHEIN,2026-06-30 04:15:00+00:00,313.0,313.0907243601789,313.0907243601789,,2,-0.0907243601789105,0.0907243601789105
Koblenz OP,2026-06-30 04:15:00+00:00,201.0,202.5991107161667,202.5991107161667,,2,-1.599110716166706,1.599110716166706
Koblenz UP,2026-06-30 04:15:00+00:00,45.0,44.93287971864957,44.93287971864957,3.0,2,0.06712028135042658,0.06712028135042658
KÖLN,2026-06-30 04:15:00+00:00,134.0,133.693565859705,134.01817454027417,0.0,2,-0.018174540274173978,0.018174540274173978
MAINZ,2026-06-30 04:15:00+00:00,184.0,185.56046012742473,185.56046012742473,,2,-1.560460127424733,1.560460127424733
MANNHEIM,2026-06-30 04:15:00+00:00,163.0,162.86143466072798,163.62756823724132,0.0,2,-0.62756823724132,0.62756823724132
MAXAU,2026-06-30 04:15:00+00:00,408.0,409.59022196239493,409.59022196239493,1.0,2,-1.590221962394935,1.590221962394935
REES,2026-06-30 04:15:00+00:00,96.0,96.1295437782343,96.1295437782343,,2,-0.12954377823429297,0.12954377823429297
RHEINE UNTERSCHLEUSE,2026-06-30 04:15:00+00:00,187.0,190.62489968937774,190.62489968937774,2.0,2,-3.6248996893777417,3.6248996893777417
RHEINWEILER,2026-06-30 04:15:00+00:00,223.0,223.10486395545664,223.10486395545664,,2,-0.1048639554566364,0.1048639554566364
SANKT GOAR,2026-06-30 04:15:00+00:00,178.0,177.67959587822784,177.6227587711688,0.0,2,0.3772412288311955,0.3772412288311955
SPEYER,2026-06-30 04:15:00+00:00,257.0,255.84088163840687,255.84088163840687,1.0,2,1.15911836159313,1.15911836159313
WESEL,2026-06-30 04:15:00+00:00,152.0,151.26237852578467,151.86442097787173,0.0,2,0.1355790221282689,0.1355790221282689
WORMS,2026-06-30 04:15:00+00:00,74.0,74.45313733085942,74.22277164224285,0.0,2,-0.22277164224284718,0.22277164224284718
DUISBURG-MEIDERICH SCHLEUSE OW,2026-06-30 04:16:00+00:00,25.02,25.00174703297707,25.00174703297707,,2,0.01825296702292789,0.01825296702292789
DUISBURG-MEIDERICH SCHLEUSE UW,2026-06-30 04:16:00+00:00,18.2,18.185636999303235,18.185636999303235,,2,0.014363000696764772,0.014363000696764772
DUISBURG-MEIDERICH SCHLEUSE OW,2026-06-30 04:17:00+00:00,25.02,25.00174703297707,25.00174703297707,,2,0.01825296702292789,0.01825296702292789
DUISBURG-MEIDERICH SCHLEUSE UW,2026-06-30 04:17:00+00:00,18.21,18.185636999303235,18.185636999303235,,2,0.024363000696766335,0.024363000696766335
DUISBURG-MEIDERICH SCHLEUSE OW,2026-06-30 04:18:00+00:00,25.02,25.00174703297707,25.00174703297707,,2,0.01825296702292789,0.01825296702292789
DUISBURG-MEIDERICH SCHLEUSE UW,2026-06-30 04:18:00+00:00,18.2,18.185636999303235,18.185636999303235,,2,0.014363000696764772,0.014363000696764772
DUISBURG-MEIDERICH SCHLEUSE OW,2026-06-30 04:19:00+00:00,25.02,25.00174703297707,25.00174703297707,,2,0.01825296702292789,0.01825296702292789
DUISBURG-MEIDERICH SCHLEUSE UW,2026-06-30 04:19:00+00:00,18.2,18.185636999303235,18.185636999303235,,2,0.014363000696764772,0.014363000696764772
Basel-Rheinhalle,2026-06-30 04:20:00+00:00,526.0,526.9687537307043,526.9687537307043,,2,-0.968753730704293,0.968753730704293
DUISBURG-MEIDERICH SCHLEUSE OW,2026-06-30 04:20:00+00:00,25.02,25.00174703297707,25.00174703297707,,2,0.01825296702292789,0.01825296702292789
DUISBURG-MEIDERICH SCHLEUSE UW,2026-06-30 04:20:00+00:00,18.2,18.185636999303235,18.185636999303235,,2,0.014363000696764772,0.014363000696764772
LOBITH,2026-06-30 04:20:00+00:00,704.0,703.9352274987064,703.9352274987064,,2,0.0647725012936462,0.0647725012936462
DUISBURG-MEIDERICH SCHLEUSE OW,2026-06-30 04:21:00+00:00,25.02,25.00174703297707,25.00174703297707,,2,0.01825296702292789,0.01825296702292789
DUISBURG-MEIDERICH SCHLEUSE UW,2026-06-30 04:21:00+00:00,18.2,18.185636999303235,18.185636999303235,,2,0.014363000696764772,0.014363000696764772
DUISBURG-MEIDERICH SCHLEUSE OW,2026-06-30 04:22:00+00:00,25.02,25.00174703297707,25.00174703297707,,2,0.01825296702292789,0.01825296702292789
DUISBURG-MEIDERICH SCHLEUSE UW,2026-06-30 04:22:00+00:00,18.2,18.185636999303235,18.185636999303235,,2,0.014363000696764772,0.014363000696764772
DUISBURG-MEIDERICH SCHLEUSE OW,2026-06-30 04:23:00+00:00,25.02,25.00174703297707,25.00174703297707,,2,0.01825296702292789,0.01825296702292789
DUISBURG-MEIDERICH SCHLEUSE UW,2026-06-30 04:23:00+00:00,18.2,18.185636999303235,18.185636999303235,,2,0.014363000696764772,0.014363000696764772
DUISBURG-MEIDERICH SCHLEUSE OW,2026-06-30 04:24:00+00:00,25.02,25.00174703297707,25.00174703297707,,2,0.01825296702292789,0.01825296702292789
DUISBURG-MEIDERICH SCHLEUSE UW,2026-06-30 04:24:00+00:00,18.2,18.185636999303235,18.185636999303235,,2,0.014363000696764772,0.014363000696764772
Basel-Rheinhalle,2026-06-30 04:25:00+00:00,525.0,526.6265341785873,526.6265341785873,,2,-1.6265341785873488,1.6265341785873488
DUISBURG-MEIDERICH SCHLEUSE OW,2026-06-30 04:25:00+00:00,25.02,25.00174703297707,25.00174703297707,,2,0.01825296702292789,0.01825296702292789
DUISBURG-MEIDERICH SCHLEUSE UW,2026-06-30 04:25:00+00:00,18.2,18.185636999303235,18.185636999303235,,2,0.014363000696764772,0.014363000696764772
DUISBURG-MEIDERICH SCHLEUSE OW,2026-06-30 04:26:00+00:00,25.02,25.00174703297707,25.00174703297707,,2,0.01825296702292789,0.01825296702292789
DUISBURG-MEIDERICH SCHLEUSE UW,2026-06-30 04:26:00+00:00,18.2,18.185636999303235,18.185636999303235,,2,0.014363000696764772,0.014363000696764772
DUISBURG-MEIDERICH SCHLEUSE OW,2026-06-30 04:27:00+00:00,25.01,25.00174703297707,25.00174703297707,,2,0.00825296702292988,0.00825296702292988
DUISBURG-MEIDERICH SCHLEUSE UW,2026-06-30 04:27:00+00:00,18.2,18.185636999303235,18.185636999303235,,2,0.014363000696764772,0.014363000696764772
DUISBURG-MEIDERICH SCHLEUSE OW,2026-06-30 04:28:00+00:00,25.01,25.00174703297707,25.00174703297707,,2,0.00825296702292988,0.00825296702292988
DUISBURG-MEIDERICH SCHLEUSE UW,2026-06-30 04:28:00+00:00,18.2,18.185636999303235,18.185636999303235,,2,0.014363000696764772,0.014363000696764772
DUISBURG-MEIDERICH SCHLEUSE OW,2026-06-30 04:29:00+00:00,25.01,25.00174703297707,25.00174703297707,,2,0.00825296702292988,0.00825296702292988
DUISBURG-MEIDERICH SCHLEUSE UW,2026-06-30 04:29:00+00:00,18.2,18.185636999303235,18.185636999303235,,2,0.014363000696764772,0.014363000696764772
BINGEN,2026-06-30 04:30:00+00:00,107.0,107.3009128064918,107.3009128064918,,2,-0.3009128064917945,0.3009128064917945
BONN,2026-06-30 04:30:00+00:00,138.0,138.65684172333985,138.65684172333985,,2,-0.656841723339852,0.656841723339852
BREISACH,2026-06-30 04:30:00+00:00,187.0,187.64613404778748,187.64613404778748,,2,-0.6461340477874842,0.6461340477874842
Basel-Rheinhalle,2026-06-30 04:30:00+00:00,524.0,525.9486653705105,525.9486653705105,,2,-1.9486653705105255,1.9486653705105255
DUISBURG-MEIDERICH SCHLEUSE OW,2026-06-30 04:30:00+00:00,25.01,25.00174703297707,25.00174703297707,,2,0.00825296702292988,0.00825296702292988
DUISBURG-MEIDERICH SCHLEUSE UW,2026-06-30 04:30:00+00:00,18.2,18.185636999303235,18.185636999303235,,2,0.014363000696764772,0.014363000696764772
DUISBURG-RUHRORT,2026-06-30 04:30:00+00:00,215.0,212.91151385545024,213.61157424674983,0.0,2,1.388425753250175,1.388425753250175
DÜSSELDORF,2026-06-30 04:30:00+00:00,83.0,81.47027012881453,81.47027012881453,,2,1.5297298711854665,1.5297298711854665
EMMERICH,2026-06-30 04:30:00+00:00,54.0,53.44639997185097,53.44639997185097,,2,0.5536000281490274,0.5536000281490274
IFFEZHEIM,2026-06-30 04:30:00+00:00,147.0,147.23095327809037,147.23095327809037,1.0,2,-0.23095327809036803,0.23095327809036803
KAUB,2026-06-30 04:30:00+00:00,90.0,87.54089229038628,87.54089229038628,,2,2.4591077096137184,2.4591077096137184
KOBLENZ,2026-06-30 04:30:00+00:00,84.0,83.55922183540687,81.89704713392878,0.0,2,2.1029528660712202,2.1029528660712202
KONSTANZ-RHEIN,2026-06-30 04:30:00+00:00,314.0,313.14927484682545,313.14927484682545,,2,0.850725153174551,0.850725153174551
Koblenz OP,2026-06-30 04:30:00+00:00,201.0,202.4864150767689,202.4864150767689,,2,-1.4864150767689068,1.4864150767689068
Koblenz UP,2026-06-30 04:30:00+00:00,44.0,44.98373281687329,44.98373281687329,3.0,2,-0.9837328168732924,0.9837328168732924
KÖLN,2026-06-30 04:30:00+00:00,134.0,133.52465522198813,133.9719123943406,0.0,2,0.028087605659408155,0.028087605659408155
LOBITH,2026-06-30 04:30:00+00:00,704.0,703.9893548975876,703.9893548975876,,2,0.01064510241235439,0.01064510241235439
MAINZ,2026-06-30 04:30:00+00:00,184.0,186.55487722713377,186.55487722713377,,2,-2.5548772271337725,2.5548772271337725
MANNHEIM,2026-06-30 04:30:00+00:00,164.0,162.8236145041894,163.70441797231226,0.0,2,0.2955820276877432,0.2955820276877432
MAXAU,2026-06-30 04:30:00+00:00,409.0,409.7093628545773,409.7093628545773,1.0,2,-0.7093628545773072,0.7093628545773072
REES,2026-06-30 04:30:00+00:00,96.0,96.1295437782343,96.1295437782343,,2,-0.12954377823429297,0.12954377823429297
RHEINE UNTERSCHLEUSE,2026-06-30 04:30:00+00:00,188.0,190.62489968937774,190.62489968937774,2.0,2,-2.6248996893777417,2.6248996893777417
RHEINWEILER,2026-06-30 04:30:00+00:00,223.0,223.25597285914608,223.25597285914608,,2,-0.2559728591460839,0.2559728591460839
SANKT GOAR,2026-06-30 04:30:00+00:00,178.0,178.02136525994626,177.38740291474778,0.0,2,0.6125970852522187,0.6125970852522187
SPEYER,2026-06-30 04:30:00+00:00,257.0,255.75543178756024,255.75543178756024,1.0,2,1.2445682124397592,1.2445682124397592
WESEL,2026-06-30 04:30:00+00:00,152.0,151.1209635028423,151.79434989546513,0.0,2,0.2056501045348682,0.2056501045348682
WORMS,2026-06-30 04:30:00+00:00,74.0,74.74461591093258,74.24976439824998,0.0,2,-0.24976439824997954,0.24976439824997954
DUISBURG-MEIDERICH SCHLEUSE OW,2026-06-30 04:31:00+00:00,25.01,25.00174703297707,25.00174703297707,,2,0.00825296702292988,0.00825296702292988
DUISBURG-MEIDERICH SCHLEUSE UW,2026-06-30 04:31:00+00:00,18.21,18.185636999303235,18.185636999303235,,2,0.024363000696766335,0.024363000696766335
DUISBURG-MEIDERICH SCHLEUSE OW,2026-06-30 04:32:00+00:00,25.01,25.00174703297707,25.00174703297707,,2,0.00825296702292988,0.00825296702292988
DUISBURG-MEIDERICH SCHLEUSE UW,2026-06-30 04:32:00+00:00,18.21,18.185636999303235,18.185636999303235,,2,0.024363000696766335,0.024363000696766335
DUISBURG-MEIDERICH SCHLEUSE OW,2026-06-30 04:33:00+00:00,25.01,25.00174703297707,25.00174703297707,,2,0.00825296702292988,0.00825296702292988
DUISBURG-MEIDERICH SCHLEUSE UW,2026-06-30 04:33:00+00:00,18.21,18.185636999303235,18.185636999303235,,2,0.024363000696766335,0.024363000696766335
DUISBURG-MEIDERICH SCHLEUSE OW,2026-06-30 04:34:00+00:00,25.01,25.00174703297707,25.00174703297707,,2,0.00825296702292988,0.00825296702292988
DUISBURG-MEIDERICH SCHLEUSE UW,2026-06-30 04:34:00+00:00,18.21,18.185636999303235,18.185636999303235,,2,0.024363000696766335,0.024363000696766335
Basel-Rheinhalle,2026-06-30 04:35:00+00:00,524.0,525.8965884252549,525.8965884252549,,2,-1.8965884252548904,1.8965884252548904
DUISBURG-MEIDERICH SCHLEUSE OW,2026-06-30 04:35:00+00:00,25.01,25.00174703297707,25.00174703297707,,2,0.00825296702292988,0.00825296702292988
DUISBURG-MEIDERICH SCHLEUSE UW,2026-06-30 04:35:00+00:00,18.2,18.185636999303235,18.185636999303235,,2,0.014363000696764772,0.014363000696764772
DUISBURG-MEIDERICH SCHLEUSE OW,2026-06-30 04:36:00+00:00,25.01,25.00174703297707,25.00174703297707,,2,0.00825296702292988,0.00825296702292988
DUISBURG-MEIDERICH SCHLEUSE UW,2026-06-30 04:36:00+00:00,18.2,18.185636999303235,18.185636999303235,,2,0.014363000696764772,0.014363000696764772
DUISBURG-MEIDERICH SCHLEUSE OW,2026-06-30 04:37:00+00:00,25.01,25.00174703297707,25.00174703297707,,2,0.00825296702292988,0.00825296702292988
DUISBURG-MEIDERICH SCHLEUSE UW,2026-06-30 04:37:00+00:00,18.2,18.185636999303235,18.185636999303235,,2,0.014363000696764772,0.014363000696764772
DUISBURG-MEIDERICH SCHLEUSE OW,2026-06-30 04:38:00+00:00,25.01,25.00174703297707,25.00174703297707,,2,0.00825296702292988,0.00825296702292988
DUISBURG-MEIDERICH SCHLEUSE UW,2026-06-30 04:38:00+00:00,18.2,18.185636999303235,18.185636999303235,,2,0.014363000696764772,0.014363000696764772
DUISBURG-MEIDERICH SCHLEUSE OW,2026-06-30 04:39:00+00:00,25.0,25.00174703297707,25.00174703297707,,2,-0.001747032977071683,0.001747032977071683
DUISBURG-MEIDERICH SCHLEUSE UW,2026-06-30 04:39:00+00:00,18.2,18.185636999303235,18.185636999303235,,2,0.014363000696764772,0.014363000696764772
Basel-Rheinhalle,2026-06-30 04:40:00+00:00,524.0,525.4921956939686,525.4921956939686,,2,-1.492195693968597,1.492195693968597
DUISBURG-MEIDERICH SCHLEUSE OW,2026-06-30 04:40:00+00:00,25.0,25.00174703297707,25.00174703297707,,2,-0.001747032977071683,0.001747032977071683
DUISBURG-MEIDERICH SCHLEUSE UW,2026-06-30 04:40:00+00:00,18.2,18.185636999303235,18.185636999303235,,2,0.014363000696764772,0.014363000696764772
LOBITH,2026-06-30 04:40:00+00:00,705.0,703.8343983621105,703.8343983621105,,2,1.1656016378894947,1.1656016378894947
DUISBURG-MEIDERICH SCHLEUSE OW,2026-06-30 04:41:00+00:00,25.0,25.00174703297707,25.00174703297707,,2,-0.001747032977071683,0.001747032977071683
DUISBURG-MEIDERICH SCHLEUSE UW,2026-06-30 04:41:00+00:00,18.2,18.185636999303235,18.185636999303235,,2,0.014363000696764772,0.014363000696764772
DUISBURG-MEIDERICH SCHLEUSE OW,2026-06-30 04:42:00+00:00,25.0,25.00174703297707,25.00174703297707,,2,-0.001747032977071683,0.001747032977071683
DUISBURG-MEIDERICH SCHLEUSE UW,2026-06-30 04:42:00+00:00,18.2,18.185636999303235,18.185636999303235,,2,0.014363000696764772,0.014363000696764772
DUISBURG-MEIDERICH SCHLEUSE OW,2026-06-30 04:43:00+00:00,25.0,25.00174703297707,25.00174703297707,,2,-0.001747032977071683,0.001747032977071683
DUISBURG-MEIDERICH SCHLEUSE UW,2026-06-30 04:43:00+00:00,18.2,18.185636999303235,18.185636999303235,,2,0.014363000696764772,0.014363000696764772
DUISBURG-MEIDERICH SCHLEUSE OW,2026-06-30 04:44:00+00:00,25.0,25.00174703297707,25.00174703297707,,2,-0.001747032977071683,0.001747032977071683
DUISBURG-MEIDERICH SCHLEUSE UW,2026-06-30 04:44:00+00:00,18.2,18.185636999303235,18.185636999303235,,2,0.014363000696764772,0.014363000696764772
BINGEN,2026-06-30 04:45:00+00:00,107.0,107.32935816089022,107.32935816089022,,2,-0.32935816089022296,0.32935816089022296
BONN,2026-06-30 04:45:00+00:00,138.0,138.61228839657903,138.61228839657903,,2,-0.6122883965790322,0.6122883965790322
BREISACH,2026-06-30 04:45:00+00:00,187.0,187.26451607954903,187.26451607954903,,2,-0.26451607954902556,0.26451607954902556
Basel-Rheinhalle,2026-06-30 04:45:00+00:00,525.0,525.5185325233653,525.5185325233653,,2,-0.518532523365252,0.518532523365252
DUISBURG-MEIDERICH SCHLEUSE OW,2026-06-30 04:45:00+00:00,25.0,25.00174703297707,25.00174703297707,,2,-0.001747032977071683,0.001747032977071683
DUISBURG-MEIDERICH SCHLEUSE UW,2026-06-30 04:45:00+00:00,18.2,18.185636999303235,18.185636999303235,,2,0.014363000696764772,0.014363000696764772
DUISBURG-RUHRORT,2026-06-30 04:45:00+00:00,215.0,212.53173975504887,213.5482736523907,0.0,2,1.4517263476093092,1.4517263476093092
DÜSSELDORF,2026-06-30 04:45:00+00:00,84.0,81.31414139108956,81.31414139108956,,2,2.6858586089104364,2.6858586089104364
EMMERICH,2026-06-30 04:45:00+00:00,52.0,52.440557734022605,52.440557734022605,,2,-0.44055773402260456,0.44055773402260456
IFFEZHEIM,2026-06-30 04:45:00+00:00,145.0,147.29236136288532,147.29236136288532,1.0,2,-2.292361362885316,2.292361362885316
KAUB,2026-06-30 04:45:00+00:00,90.0,87.56933764478471,87.56933764478471,,2,2.43066235521529,2.43066235521529
KOBLENZ,2026-06-30 04:45:00+00:00,85.0,82.77895545772017,82.49944109320947,0.0,2,2.5005589067905305,2.5005589067905305
KONSTANZ-RHEIN,2026-06-30 04:45:00+00:00,313.0,313.1684384076135,313.1684384076135,,2,-0.16843840761350748,0.16843840761350748
Koblenz OP,2026-06-30 04:45:00+00:00,203.0,202.4489878474107,202.4489878474107,,2,0.5510121525892941,0.5510121525892941
Koblenz UP,2026-06-30 04:45:00+00:00,35.0,44.88249732188552,44.88249732188552,3.0,2,-9.882497321885523,9.882497321885523
KÖLN,2026-06-30 04:45:00+00:00,134.0,133.4801018952273,133.9154161379712,0.0,2,0.08458386202880774,0.08458386202880774
MAINZ,2026-06-30 04:45:00+00:00,183.0,187.23973335990783,187.23973335990783,,2,-4.239733359907831,4.239733359907831
MANNHEIM,2026-06-30 04:45:00+00:00,164.0,162.8236145041894,163.70441797231226,0.0,2,0.2955820276877432,0.2955820276877432
MAXAU,2026-06-30 04:45:00+00:00,409.0,409.7364925576512,409.7364925576512,1.0,2,-0.7364925576512178,0.7364925576512178
REES,2026-06-30 04:45:00+00:00,96.0,95.92046039310459,95.92046039310459,,2,0.07953960689540907,0.07953960689540907
RHEINE UNTERSCHLEUSE,2026-06-30 04:45:00+00:00,188.0,190.62489968937774,190.62489968937774,2.0,2,-2.6248996893777417,2.6248996893777417
RHEINWEILER,2026-06-30 04:45:00+00:00,223.0,223.2751364199341,223.2751364199341,,2,-0.275136419934114,0.275136419934114
SANKT GOAR,2026-06-30 04:45:00+00:00,179.0,178.0498106143447,177.4907940876744,0.0,2,1.5092059123255979,1.5092059123255979
SPEYER,2026-06-30 04:45:00+00:00,256.0,255.78233115176042,255.78233115176042,1.0,2,0.2176688482395832,0.2176688482395832
WESEL,2026-06-30 04:45:00+00:00,152.0,151.4058809222745,152.1215753261148,0.0,2,-0.12157532611479382,0.12157532611479382
WORMS,2026-06-30 04:45:00+00:00,74.0,74.43854286013163,73.29837480816064,0.0,2,0.701625191839355,0.701625191839355
DUISBURG-MEIDERICH SCHLEUSE OW,2026-06-30 04:46:00+00:00,25.0,25.00174703297707,25.00174703297707,,2,-0.001747032977071683,0.001747032977071683
DUISBURG-MEIDERICH SCHLEUSE UW,2026-06-30 04:46:00+00:00,18.2,18.185636999303235,18.185636999303235,,2,0.014363000696764772,0.014363000696764772
DUISBURG-MEIDERICH SCHLEUSE OW,2026-06-30 04:47:00+00:00,25.0,25.00174703297707,25.00174703297707,,2,-0.001747032977071683,0.001747032977071683
DUISBURG-MEIDERICH SCHLEUSE UW,2026-06-30 04:47:00+00:00,18.2,18.185636999303235,18.185636999303235,,2,0.014363000696764772,0.014363000696764772
DUISBURG-MEIDERICH SCHLEUSE OW,2026-06-30 04:48:00+00:00,25.0,25.00174703297707,25.00174703297707,,2,-0.001747032977071683,0.001747032977071683
DUISBURG-MEIDERICH SCHLEUSE UW,2026-06-30 04:48:00+00:00,18.2,18.185636999303235,18.185636999303235,,2,0.014363000696764772,0.014363000696764772
DUISBURG-MEIDERICH SCHLEUSE OW,2026-06-30 04:49:00+00:00,25.0,25.00174703297707,25.00174703297707,,2,-0.001747032977071683,0.001747032977071683
DUISBURG-MEIDERICH SCHLEUSE UW,2026-06-30 04:49:00+00:00,18.2,18.185636999303235,18.185636999303235,,2,0.014363000696764772,0.014363000696764772
Basel-Rheinhalle,2026-06-30 04:50:00+00:00,526.0,526.7566197794081,526.7566197794081,,2,-0.7566197794080836,0.7566197794080836
DUISBURG-MEIDERICH SCHLEUSE OW,2026-06-30 04:50:00+00:00,25.0,25.00174703297707,25.00174703297707,,2,-0.001747032977071683,0.001747032977071683
DUISBURG-MEIDERICH SCHLEUSE UW,2026-06-30 04:50:00+00:00,18.2,18.185636999303235,18.185636999303235,,2,0.014363000696764772,0.014363000696764772
LOBITH,2026-06-30 04:50:00+00:00,706.0,703.7857761363514,703.7857761363514,,2,2.2142238636486127,2.2142238636486127
DUISBURG-MEIDERICH SCHLEUSE OW,2026-06-30 04:51:00+00:00,25.0,25.00174703297707,25.00174703297707,,2,-0.001747032977071683,0.001747032977071683
DUISBURG-MEIDERICH SCHLEUSE UW,2026-06-30 04:51:00+00:00,18.2,18.185636999303235,18.185636999303235,,2,0.014363000696764772,0.014363000696764772
DUISBURG-MEIDERICH SCHLEUSE OW,2026-06-30 04:52:00+00:00,25.0,25.00174703297707,25.00174703297707,,2,-0.001747032977071683,0.001747032977071683
DUISBURG-MEIDERICH SCHLEUSE UW,2026-06-30 04:52:00+00:00,18.2,18.185636999303235,18.185636999303235,,2,0.014363000696764772,0.014363000696764772
DUISBURG-MEIDERICH SCHLEUSE OW,2026-06-30 04:53:00+00:00,25.0,25.00174703297707,25.00174703297707,,2,-0.001747032977071683,0.001747032977071683
DUISBURG-MEIDERICH SCHLEUSE UW,2026-06-30 04:53:00+00:00,18.2,18.185636999303235,18.185636999303235,,2,0.014363000696764772,0.014363000696764772
DUISBURG-MEIDERICH SCHLEUSE OW,2026-06-30 04:54:00+00:00,25.0,25.00174703297707,25.00174703297707,,2,-0.001747032977071683,0.001747032977071683
DUISBURG-MEIDERICH SCHLEUSE UW,2026-06-30 04:54:00+00:00,18.2,18.185636999303235,18.185636999303235,,2,0.014363000696764772,0.014363000696764772
Basel-Rheinhalle,2026-06-30 04:55:00+00:00,526.0,526.826445832164,526.826445832164,,2,-0.8264458321640404,0.8264458321640404
DUISBURG-MEIDERICH SCHLEUSE OW,2026-06-30 04:55:00+00:00,25.0,25.00174703297707,25.00174703297707,,2,-0.001747032977071683,0.001747032977071683
DUISBURG-MEIDERICH SCHLEUSE UW,2026-06-30 04:55:00+00:00,18.21,18.185636999303235,18.185636999303235,,2,0.024363000696766335,0.024363000696766335
DUISBURG-MEIDERICH SCHLEUSE OW,2026-06-30 04:56:00+00:00,24.99,25.00174703297707,25.00174703297707,,2,-0.011747032977073246,0.011747032977073246
DUISBURG-MEIDERICH SCHLEUSE UW,2026-06-30 04:56:00+00:00,18.21,18.185636999303235,18.185636999303235,,2,0.024363000696766335,0.024363000696766335
DUISBURG-MEIDERICH SCHLEUSE OW,2026-06-30 04:57:00+00:00,24.99,24.990910390501124,24.990910390501124,,2,-0.0009103905011258462,0.0009103905011258462
DUISBURG-MEIDERICH SCHLEUSE UW,2026-06-30 04:57:00+00:00,18.21,18.185636999303235,18.185636999303235,,2,0.024363000696766335,0.024363000696766335
DUISBURG-MEIDERICH SCHLEUSE OW,2026-06-30 04:58:00+00:00,24.99,24.990910390501124,24.990910390501124,,2,-0.0009103905011258462,0.0009103905011258462
DUISBURG-MEIDERICH SCHLEUSE UW,2026-06-30 04:58:00+00:00,18.21,18.185636999303235,18.185636999303235,,2,0.024363000696766335,0.024363000696766335
DUISBURG-MEIDERICH SCHLEUSE OW,2026-06-30 04:59:00+00:00,24.99,24.990910390501124,24.990910390501124,,2,-0.0009103905011258462,0.0009103905011258462
DUISBURG-MEIDERICH SCHLEUSE UW,2026-06-30 04:59:00+00:00,18.21,18.185636999303235,18.185636999303235,,2,0.024363000696766335,0.024363000696766335
BINGEN,2026-06-30 05:00:00+00:00,107.0,107.25719101563077,107.25719101563077,,2,-0.25719101563076663,0.25719101563076663
BONN,2026-06-30 05:00:00+00:00,137.0,139.245942009186,139.245942009186,,2,-2.2459420091859954,2.2459420091859954
BREISACH,2026-06-30 05:00:00+00:00,187.0,187.1487798648837,187.1487798648837,,2,-0.14877986488369288,0.14877986488369288
Basel-Rheinhalle,2026-06-30 05:00:00+00:00,526.0,527.2473883416272,527.2473883416272,,2,-1.2473883416272429,1.2473883416272429
DUISBURG-MEIDERICH SCHLEUSE OW,2026-06-30 05:00:00+00:00,24.99,24.990910390501124,24.990910390501124,,2,-0.0009103905011258462,0.0009103905011258462
DUISBURG-MEIDERICH SCHLEUSE UW,2026-06-30 05:00:00+00:00,18.21,18.185636999303235,18.185636999303235,,2,0.024363000696766335,0.024363000696766335
DUISBURG-RUHRORT,2026-06-30 05:00:00+00:00,215.0,212.77560948422823,213.71428412099013,0.0,2,1.2857158790098708,1.2857158790098708
DÜSSELDORF,2026-06-30 05:00:00+00:00,84.0,81.31414139108956,81.31414139108956,,2,2.6858586089104364,2.6858586089104364
EMMERICH,2026-06-30 05:00:00+00:00,54.0,52.45335340725536,52.45335340725536,,2,1.5466465927446365,1.5466465927446365
IFFEZHEIM,2026-06-30 05:00:00+00:00,147.0,147.2231703327285,147.2231703327285,1.0,2,-0.2231703327285004,0.2231703327285004
KAUB,2026-06-30 05:00:00+00:00,92.0,87.31876429331507,87.31876429331507,,2,4.68123570668493,4.68123570668493
KOBLENZ,2026-06-30 05:00:00+00:00,83.0,82.49381557296384,81.61740666878231,0.0,2,1.3825933312176915,1.3825933312176915
KONSTANZ-RHEIN,2026-06-30 05:00:00+00:00,314.0,313.36725536220416,313.36725536220416,,2,0.6327446377958381,0.6327446377958381
Koblenz OP,2026-06-30 05:00:00+00:00,205.0,202.47566137249544,202.47566137249544,,2,2.5243386275045623,2.5243386275045623
Koblenz UP,2026-06-30 05:00:00+00:00,21.0,45.71782891637937,45.71782891637937,3.0,2,-24.717828916379368,24.717828916379368
KÖLN,2026-06-30 05:00:00+00:00,133.0,134.11375550783427,134.0192261267422,0.0,2,-1.0192261267422111,1.0192261267422111
LOBITH,2026-06-30 05:00:00+00:00,705.0,703.7243425057563,703.7243425057563,,2,1.27565749424366,1.27565749424366
MAINZ,2026-06-30 05:00:00+00:00,183.0,187.42352518591758,187.42352518591758,,2,-4.423525185917583,4.423525185917583
MANNHEIM,2026-06-30 05:00:00+00:00,164.0,162.5439627588862,163.88138277963165,0.0,2,0.11861722036834976,0.11861722036834976
MAXAU,2026-06-30 05:00:00+00:00,408.0,410.1821123599304,410.1821123599304,1.0,2,-2.182112359930386,2.182112359930386
REES,2026-06-30 05:00:00+00:00,96.0,95.92046039310459,95.92046039310459,,2,0.07953960689540907,0.07953960689540907
RHEINE UNTERSCHLEUSE,2026-06-30 05:00:00+00:00,189.0,225.08990405503727,225.08990405503727,2.0,2,-36.089904055037266,36.089904055037266
RHEINWEILER,2026-06-30 05:00:00+00:00,223.0,223.47395337452468,223.47395337452468,,2,-0.4739533745246831,0.4739533745246831
SANKT GOAR,2026-06-30 05:00:00+00:00,179.0,178.089605429018,177.5311136949932,0.0,2,1.468886305006805,1.468886305006805
SPEYER,2026-06-30 05:00:00+00:00,257.0,256.46750215666367,256.46750215666367,1.0,2,0.5324978433363299,0.5324978433363299
WESEL,2026-06-30 05:00:00+00:00,153.0,151.93486155660835,152.07795593714,0.0,2,0.9220440628600102,0.9220440628600102
WORMS,2026-06-30 05:00:00+00:00,74.0,74.56167858430523,73.19732179402565,0.0,2,0.8026782059743454,0.8026782059743454
DUISBURG-MEIDERICH SCHLEUSE OW,2026-06-30 05:01:00+00:00,24.99,24.990910390501124,24.990910390501124,,2,-0.0009103905011258462,0.0009103905011258462
DUISBURG-MEIDERICH SCHLEUSE UW,2026-06-30 05:01:00+00:00,18.21,18.185636999303235,18.185636999303235,,2,0.024363000696766335,0.024363000696766335
DUISBURG-MEIDERICH SCHLEUSE OW,2026-06-30 05:02:00+00:00,24.99,24.990910390501124,24.990910390501124,,2,-0.0009103905011258462,0.0009103905011258462
DUISBURG-MEIDERICH SCHLEUSE UW,2026-06-30 05:02:00+00:00,18.21,18.185636999303235,18.185636999303235,,2,0.024363000696766335,0.024363000696766335
DUISBURG-MEIDERICH SCHLEUSE OW,2026-06-30 05:03:00+00:00,24.99,24.990910390501124,24.990910390501124,,2,-0.0009103905011258462,0.0009103905011258462
DUISBURG-MEIDERICH SCHLEUSE UW,2026-06-30 05:03:00+00:00,18.22,18.185636999303235,18.185636999303235,,2,0.034363000696764345,0.034363000696764345
DUISBURG-MEIDERICH SCHLEUSE OW,2026-06-30 05:04:00+00:00,24.99,24.990910390501124,24.990910390501124,,2,-0.0009103905011258462,0.0009103905011258462
DUISBURG-MEIDERICH SCHLEUSE UW,2026-06-30 05:04:00+00:00,18.22,18.185636999303235,18.185636999303235,,2,0.034363000696764345,0.034363000696764345
Basel-Rheinhalle,2026-06-30 05:05:00+00:00,528.0,527.85627183544,527.85627183544,,2,0.14372816456000237,0.14372816456000237
DUISBURG-MEIDERICH SCHLEUSE OW,2026-06-30 05:05:00+00:00,24.99,24.990910390501124,24.990910390501124,,2,-0.0009103905011258462,0.0009103905011258462
DUISBURG-MEIDERICH SCHLEUSE UW,2026-06-30 05:05:00+00:00,18.22,18.185636999303235,18.185636999303235,,2,0.034363000696764345,0.034363000696764345
DUISBURG-MEIDERICH SCHLEUSE OW,2026-06-30 05:06:00+00:00,24.99,24.990910390501124,24.990910390501124,,2,-0.0009103905011258462,0.0009103905011258462
DUISBURG-MEIDERICH SCHLEUSE UW,2026-06-30 05:06:00+00:00,18.22,18.185636999303235,18.185636999303235,,2,0.034363000696764345,0.034363000696764345
DUISBURG-MEIDERICH SCHLEUSE OW,2026-06-30 05:07:00+00:00,24.99,24.986418420991306,24.986418420991306,,2,0.0035815790086921595,0.0035815790086921595
DUISBURG-MEIDERICH SCHLEUSE UW,2026-06-30 05:07:00+00:00,18.22,18.185636999303235,18.185636999303235,,2,0.034363000696764345,0.034363000696764345
DUISBURG-MEIDERICH SCHLEUSE OW,2026-06-30 05:08:00+00:00,24.99,24.986418420991306,24.986418420991306,,2,0.0035815790086921595,0.0035815790086921595
DUISBURG-MEIDERICH SCHLEUSE UW,2026-06-30 05:08:00+00:00,18.22,18.185636999303235,18.185636999303235,,2,0.034363000696764345,0.034363000696764345
DUISBURG-MEIDERICH SCHLEUSE OW,2026-06-30 05:09:00+00:00,24.99,24.986418420991306,24.986418420991306,,2,0.0035815790086921595,0.0035815790086921595
DUISBURG-MEIDERICH SCHLEUSE UW,2026-06-30 05:09:00+00:00,18.22,18.185636999303235,18.185636999303235,,2,0.034363000696764345,0.034363000696764345
Basel-Rheinhalle,2026-06-30 05:10:00+00:00,530.0,527.85627183544,527.85627183544,,2,2.1437281645600024,2.1437281645600024
DUISBURG-MEIDERICH SCHLEUSE OW,2026-06-30 05:10:00+00:00,24.99,24.986418420991306,24.986418420991306,,2,0.0035815790086921595,0.0035815790086921595
DUISBURG-MEIDERICH SCHLEUSE UW,2026-06-30 05:10:00+00:00,18.22,18.185636999303235,18.185636999303235,,2,0.034363000696764345,0.034363000696764345
LOBITH,2026-06-30 05:10:00+00:00,703.0,703.6666582108385,703.6666582108385,,2,-0.6666582108384773,0.6666582108384773
DUISBURG-MEIDERICH SCHLEUSE OW,2026-06-30 05:11:00+00:00,24.99,24.986418420991306,24.986418420991306,,2,0.0035815790086921595,0.0035815790086921595
DUISBURG-MEIDERICH SCHLEUSE UW,2026-06-30 05:11:00+00:00,18.22,18.185636999303235,18.185636999303235,,2,0.034363000696764345,0.034363000696764345
DUISBURG-MEIDERICH SCHLEUSE OW,2026-06-30 05:12:00+00:00,24.99,24.986418420991306,24.986418420991306,,2,0.0035815790086921595,0.0035815790086921595
DUISBURG-MEIDERICH SCHLEUSE UW,2026-06-30 05:12:00+00:00,18.22,18.185636999303235,18.185636999303235,,2,0.034363000696764345,0.034363000696764345
DUISBURG-MEIDERICH SCHLEUSE OW,2026-06-30 05:13:00+00:00,24.99,24.986418420991306,24.986418420991306,,2,0.0035815790086921595,0.0035815790086921595
DUISBURG-MEIDERICH SCHLEUSE UW,2026-06-30 05:13:00+00:00,18.22,18.185636999303235,18.185636999303235,,2,0.034363000696764345,0.034363000696764345
DUISBURG-MEIDERICH SCHLEUSE OW,2026-06-30 05:14:00+00:00,24.99,24.986418420991306,24.986418420991306,,2,0.0035815790086921595,0.0035815790086921595
DUISBURG-MEIDERICH SCHLEUSE UW,2026-06-30 05:14:00+00:00,18.22,18.185636999303235,18.185636999303235,,2,0.034363000696764345,0.034363000696764345
BINGEN,2026-06-30 05:15:00+00:00,106.0,107.25719101563077,107.25719101563077,,2,-1.2571910156307666,1.2571910156307666
BONN,2026-06-30 05:15:00+00:00,137.0,139.29341823735083,139.29341823735083,,2,-2.293418237350835,2.293418237350835
BREISACH,2026-06-30 05:15:00+00:00,188.0,186.7403022521323,186.7403022521323,,2,1.2596977478677047,1.2596977478677047
Basel-Rheinhalle,2026-06-30 05:15:00+00:00,528.0,527.85627183544,527.85627183544,,2,0.14372816456000237,0.14372816456000237
DUISBURG-MEIDERICH SCHLEUSE OW,2026-06-30 05:15:00+00:00,24.98,24.986418420991306,24.986418420991306,,2,-0.006418420991305851,0.006418420991305851
DUISBURG-MEIDERICH SCHLEUSE UW,2026-06-30 05:15:00+00:00,18.22,18.185636999303235,18.185636999303235,,2,0.034363000696764345,0.034363000696764345
DUISBURG-RUHRORT,2026-06-30 05:15:00+00:00,215.0,213.49016501926118,213.59632080381735,0.0,2,1.403679196182651,1.403679196182651
DÜSSELDORF,2026-06-30 05:15:00+00:00,82.0,81.39951316782593,81.39951316782593,,2,0.6004868321740702,0.6004868321740702
EMMERICH,2026-06-30 05:15:00+00:00,53.0,53.07513578562487,53.07513578562487,,2,-0.07513578562487311,0.07513578562487311
IFFEZHEIM,2026-06-30 05:15:00+00:00,147.0,147.24122744018243,147.24122744018243,1.0,2,-0.2412274401824277,0.2412274401824277
KAUB,2026-06-30 05:15:00+00:00,90.0,87.31876429331507,87.31876429331507,,2,2.68123570668493,2.68123570668493
KOBLENZ,2026-06-30 05:15:00+00:00,81.0,82.60820361772699,81.76206422484921,0.0,2,-0.7620642248492118,0.7620642248492118
KONSTANZ-RHEIN,2026-06-30 05:15:00+00:00,313.0,313.36725536220416,313.36725536220416,,2,-0.3672553622041619,0.3672553622041619
Koblenz OP,2026-06-30 05:15:00+00:00,205.0,203.21433701617957,203.21433701617957,,2,1.7856629838204299,1.7856629838204299
Koblenz UP,2026-06-30 05:15:00+00:00,30.0,45.71782891637937,45.71782891637937,3.0,2,-15.717828916379368,15.717828916379368
KÖLN,2026-06-30 05:15:00+00:00,133.0,134.11375550783427,134.0192261267422,0.0,2,-1.0192261267422111,1.0192261267422111
MAINZ,2026-06-30 05:15:00+00:00,182.0,187.3966063165564,187.3966063165564,,2,-5.396606316556387,5.396606316556387
MANNHEIM,2026-06-30 05:15:00+00:00,165.0,162.5439627588862,163.8093496021136,0.0,2,1.190650397886401,1.190650397886401
MAXAU,2026-06-30 05:15:00+00:00,408.0,410.1357698675817,410.1357698675817,1.0,2,-2.1357698675817005,2.1357698675817005
REES,2026-06-30 05:15:00+00:00,96.0,95.97221360867971,95.97221360867971,,2,0.027786391320290704,0.027786391320290704
RHEINE UNTERSCHLEUSE,2026-06-30 05:15:00+00:00,190.0,231.29172148577996,231.29172148577996,2.0,2,-41.29172148577996,41.29172148577996
RHEINWEILER,2026-06-30 05:15:00+00:00,223.0,223.47395337452468,223.47395337452468,,2,-0.4739533745246831,0.4739533745246831
SANKT GOAR,2026-06-30 05:15:00+00:00,179.0,178.089605429018,177.5447614652025,0.0,2,1.4552385347975019,1.4552385347975019
SPEYER,2026-06-30 05:15:00+00:00,258.0,256.46750215666367,256.46750215666367,1.0,2,1.5324978433363299,1.5324978433363299
WESEL,2026-06-30 05:15:00+00:00,151.0,151.79475272135107,151.8357872013077,0.0,2,-0.8357872013077099,0.8357872013077099
WORMS,2026-06-30 05:15:00+00:00,74.0,74.54818716799018,73.19732179402565,0.0,2,0.8026782059743454,0.8026782059743454
DUISBURG-MEIDERICH SCHLEUSE OW,2026-06-30 05:16:00+00:00,24.98,24.986418420991306,24.986418420991306,,2,-0.006418420991305851,0.006418420991305851
DUISBURG-MEIDERICH SCHLEUSE UW,2026-06-30 05:16:00+00:00,18.22,18.185636999303235,18.185636999303235,,2,0.034363000696764345,0.034363000696764345
DUISBURG-MEIDERICH SCHLEUSE OW,2026-06-30 05:17:00+00:00,24.98,24.986418420991306,24.986418420991306,,2,-0.006418420991305851,0.006418420991305851
DUISBURG-MEIDERICH SCHLEUSE UW,2026-06-30 05:17:00+00:00,18.22,18.185636999303235,18.185636999303235,,2,0.034363000696764345,0.034363000696764345
DUISBURG-MEIDERICH SCHLEUSE OW,2026-06-30 05:18:00+00:00,24.98,24.986418420991306,24.986418420991306,,2,-0.006418420991305851,0.006418420991305851
DUISBURG-MEIDERICH SCHLEUSE UW,2026-06-30 05:18:00+00:00,18.22,18.185636999303235,18.185636999303235,,2,0.034363000696764345,0.034363000696764345
DUISBURG-MEIDERICH SCHLEUSE OW,2026-06-30 05:19:00+00:00,24.98,24.986418420991306,24.986418420991306,,2,-0.006418420991305851,0.006418420991305851
DUISBURG-MEIDERICH SCHLEUSE UW,2026-06-30 05:19:00+00:00,18.22,18.185636999303235,18.185636999303235,,2,0.034363000696764345,0.034363000696764345
Basel-Rheinhalle,2026-06-30 05:20:00+00:00,527.0,527.85627183544,527.85627183544,,2,-0.8562718354399976,0.8562718354399976
DUISBURG-MEIDERICH SCHLEUSE OW,2026-06-30 05:20:00+00:00,24.98,24.98075945088031,24.98075945088031,,2,-0.0007594508803094868,0.0007594508803094868
DUISBURG-MEIDERICH SCHLEUSE UW,2026-06-30 05:20:00+00:00,18.22,18.185636999303235,18.185636999303235,,2,0.034363000696764345,0.034363000696764345
LOBITH,2026-06-30 05:20:00+00:00,705.0,704.3278530128277,704.3278530128277,,2,0.6721469871722547,0.6721469871722547
DUISBURG-MEIDERICH SCHLEUSE OW,2026-06-30 05:21:00+00:00,24.98,24.98075945088031,24.98075945088031,,2,-0.0007594508803094868,0.0007594508803094868
DUISBURG-MEIDERICH SCHLEUSE UW,2026-06-30 05:21:00+00:00,18.23,18.185636999303235,18.185636999303235,,2,0.04436300069676591,0.04436300069676591
DUISBURG-MEIDERICH SCHLEUSE OW,2026-06-30 05:22:00+00:00,24.98,24.98075945088031,24.98075945088031,,2,-0.0007594508803094868,0.0007594508803094868
DUISBURG-MEIDERICH SCHLEUSE UW,2026-06-30 05:22:00+00:00,18.23,18.185636999303235,18.185636999303235,,2,0.04436300069676591,0.04436300069676591
DUISBURG-MEIDERICH SCHLEUSE OW,2026-06-30 05:23:00+00:00,24.98,24.98075945088031,24.98075945088031,,2,-0.0007594508803094868,0.0007594508803094868
DUISBURG-MEIDERICH SCHLEUSE UW,2026-06-30 05:23:00+00:00,18.22,18.185636999303235,18.185636999303235,,2,0.034363000696764345,0.034363000696764345
DUISBURG-MEIDERICH SCHLEUSE OW,2026-06-30 05:24:00+00:00,24.98,24.98075945088031,24.98075945088031,,2,-0.0007594508803094868,0.0007594508803094868
DUISBURG-MEIDERICH SCHLEUSE UW,2026-06-30 05:24:00+00:00,18.22,18.185636999303235,18.185636999303235,,2,0.034363000696764345,0.034363000696764345
Basel-Rheinhalle,2026-06-30 05:25:00+00:00,526.0,527.85627183544,527.85627183544,,2,-1.8562718354399976,1.8562718354399976
DUISBURG-MEIDERICH SCHLEUSE OW,2026-06-30 05:25:00+00:00,24.98,24.98075945088031,24.98075945088031,,2,-0.0007594508803094868,0.0007594508803094868
DUISBURG-MEIDERICH SCHLEUSE UW,2026-06-30 05:25:00+00:00,18.22,18.185636999303235,18.185636999303235,,2,0.034363000696764345,0.034363000696764345
DUISBURG-MEIDERICH SCHLEUSE OW,2026-06-30 05:26:00+00:00,24.98,24.98075945088031,24.98075945088031,,2,-0.0007594508803094868,0.0007594508803094868
DUISBURG-MEIDERICH SCHLEUSE UW,2026-06-30 05:26:00+00:00,18.22,18.185636999303235,18.185636999303235,,2,0.034363000696764345,0.034363000696764345
DUISBURG-MEIDERICH SCHLEUSE OW,2026-06-30 05:27:00+00:00,24.98,24.98075945088031,24.98075945088031,,2,-0.0007594508803094868,0.0007594508803094868
DUISBURG-MEIDERICH SCHLEUSE UW,2026-06-30 05:27:00+00:00,18.22,18.185636999303235,18.185636999303235,,2,0.034363000696764345,0.034363000696764345
DUISBURG-MEIDERICH SCHLEUSE OW,2026-06-30 05:28:00+00:00,24.98,24.98075945088031,24.98075945088031,,2,-0.0007594508803094868,0.0007594508803094868
DUISBURG-MEIDERICH SCHLEUSE UW,2026-06-30 05:28:00+00:00,18.22,18.185636999303235,18.185636999303235,,2,0.034363000696764345,0.034363000696764345
DUISBURG-MEIDERICH SCHLEUSE OW,2026-06-30 05:29:00+00:00,24.97,24.98075945088031,24.98075945088031,,2,-0.01075945088031105,0.01075945088031105
DUISBURG-MEIDERICH SCHLEUSE UW,2026-06-30 05:29:00+00:00,18.22,18.185636999303235,18.185636999303235,,2,0.034363000696764345,0.034363000696764345
BINGEN,2026-06-30 05:30:00+00:00,107.0,107.25719101563077,107.25719101563077,,2,-0.25719101563076663,0.25719101563076663
BONN,2026-06-30 05:30:00+00:00,137.0,139.29341823735083,139.29341823735083,,2,-2.293418237350835,2.293418237350835
BREISACH,2026-06-30 05:30:00+00:00,187.0,188.23803000785293,188.23803000785293,,2,-1.2380300078529274,1.2380300078529274
Basel-Rheinhalle,2026-06-30 05:30:00+00:00,526.0,527.7404340210833,527.7404340210833,,2,-1.7404340210832743,1.7404340210832743
DUISBURG-MEIDERICH SCHLEUSE OW,2026-06-30 05:30:00+00:00,24.97,24.98075945088031,24.98075945088031,,2,-0.01075945088031105,0.01075945088031105
DUISBURG-MEIDERICH SCHLEUSE UW,2026-06-30 05:30:00+00:00,18.22,18.185636999303235,18.185636999303235,,2,0.034363000696764345,0.034363000696764345
DUISBURG-RUHRORT,2026-06-30 05:30:00+00:00,215.0,213.9173149458405,213.46325576099713,0.0,2,1.5367442390028714,1.5367442390028714
DÜSSELDORF,2026-06-30 05:30:00+00:00,84.0,81.33942199879908,81.33942199879908,,2,2.6605780012009177,2.6605780012009177
EMMERICH,2026-06-30 05:30:00+00:00,53.0,53.00878993182434,53.00878993182434,,2,-0.008789931824338737,0.008789931824338737
IFFEZHEIM,2026-06-30 05:30:00+00:00,146.0,145.43715706490713,145.43715706490713,1.0,2,0.5628429350928741,0.5628429350928741
KAUB,2026-06-30 05:30:00+00:00,91.0,87.3679345937674,87.3679345937674,,2,3.6320654062325985,3.6320654062325985
KOBLENZ,2026-06-30 05:30:00+00:00,83.0,82.32386949309164,81.3686857410491,0.0,2,1.6313142589508942,1.6313142589508942
KONSTANZ-RHEIN,2026-06-30 05:30:00+00:00,313.0,313.36725536220416,313.36725536220416,,2,-0.3672553622041619,0.3672553622041619
Koblenz OP,2026-06-30 05:30:00+00:00,203.0,203.26175646558667,203.26175646558667,,2,-0.26175646558667154,0.26175646558667154
Koblenz UP,2026-06-30 05:30:00+00:00,40.0,45.76868201460309,45.76868201460309,3.0,2,-5.768682014603087,5.768682014603087
KÖLN,2026-06-30 05:30:00+00:00,133.0,134.11375550783427,133.9854941556496,0.0,2,-0.9854941556496044,0.9854941556496044
LOBITH,2026-06-30 05:30:00+00:00,706.0,704.1615673697999,704.1615673697999,,2,1.8384326302001455,1.8384326302001455
MAINZ,2026-06-30 05:30:00+00:00,182.0,187.5030616052999,187.5030616052999,,2,-5.503061605299905,5.503061605299905
MANNHEIM,2026-06-30 05:30:00+00:00,163.0,162.53223998728413,163.7449994761994,0.0,2,-0.7449994761994105,0.7449994761994105
MAXAU,2026-06-30 05:30:00+00:00,408.0,409.712042762537,409.712042762537,1.0,2,-1.7120427625370098,1.7120427625370098
REES,2026-06-30 05:30:00+00:00,96.0,95.9087757161109,95.9087757161109,,2,0.09122428388910464,0.09122428388910464
RHEINE UNTERSCHLEUSE,2026-06-30 05:30:00+00:00,190.0,230.17291967852788,230.17291967852788,2.0,2,-40.172919678527876,40.172919678527876
RHEINWEILER,2026-06-30 05:30:00+00:00,223.0,223.47395337452468,223.47395337452468,,2,-0.4739533745246831,0.4739533745246831
SANKT GOAR,2026-06-30 05:30:00+00:00,181.0,178.089605429018,177.5447614652025,0.0,2,3.455238534797502,3.455238534797502
SPEYER,2026-06-30 05:30:00+00:00,258.0,256.46750215666367,256.46750215666367,1.0,2,1.5324978433363299,1.5324978433363299
WESEL,2026-06-30 05:30:00+00:00,153.0,151.78306804435738,151.62191822804652,0.0,2,1.3780817719534753,1.3780817719534753
WORMS,2026-06-30 05:30:00+00:00,75.0,74.54818716799018,73.1579747240064,0.0,2,1.8420252759936062,1.8420252759936062
DUISBURG-MEIDERICH SCHLEUSE OW,2026-06-30 05:31:00+00:00,24.97,24.98075945088031,24.98075945088031,,2,-0.01075945088031105,0.01075945088031105
DUISBURG-MEIDERICH SCHLEUSE UW,2026-06-30 05:31:00+00:00,18.22,18.185636999303235,18.185636999303235,,2,0.034363000696764345,0.034363000696764345
DUISBURG-MEIDERICH SCHLEUSE OW,2026-06-30 05:32:00+00:00,24.97,24.98075945088031,24.98075945088031,,2,-0.01075945088031105,0.01075945088031105
DUISBURG-MEIDERICH SCHLEUSE UW,2026-06-30 05:32:00+00:00,18.22,18.185636999303235,18.185636999303235,,2,0.034363000696764345,0.034363000696764345
DUISBURG-MEIDERICH SCHLEUSE OW,2026-06-30 05:33:00+00:00,24.97,24.98075945088031,24.98075945088031,,2,-0.01075945088031105,0.01075945088031105
DUISBURG-MEIDERICH SCHLEUSE UW,2026-06-30 05:33:00+00:00,18.22,18.185636999303235,18.185636999303235,,2,0.034363000696764345,0.034363000696764345
DUISBURG-MEIDERICH SCHLEUSE OW,2026-06-30 05:34:00+00:00,24.97,24.98075945088031,24.98075945088031,,2,-0.01075945088031105,0.01075945088031105
DUISBURG-MEIDERICH SCHLEUSE UW,2026-06-30 05:34:00+00:00,18.22,18.185636999303235,18.185636999303235,,2,0.034363000696764345,0.034363000696764345
Basel-Rheinhalle,2026-06-30 05:35:00+00:00,525.0,527.7404340210833,527.7404340210833,,2,-2.7404340210832743,2.7404340210832743
DUISBURG-MEIDERICH SCHLEUSE OW,2026-06-30 05:35:00+00:00,24.97,24.98075945088031,24.98075945088031,,2,-0.01075945088031105,0.01075945088031105
DUISBURG-MEIDERICH SCHLEUSE UW,2026-06-30 05:35:00+00:00,18.22,18.185636999303235,18.185636999303235,,2,0.034363000696764345,0.034363000696764345
DUISBURG-MEIDERICH SCHLEUSE OW,2026-06-30 05:36:00+00:00,24.97,24.98075945088031,24.98075945088031,,2,-0.01075945088031105,0.01075945088031105
DUISBURG-MEIDERICH SCHLEUSE UW,2026-06-30 05:36:00+00:00,18.23,18.185636999303235,18.185636999303235,,2,0.04436300069676591,0.04436300069676591
DUISBURG-MEIDERICH SCHLEUSE OW,2026-06-30 05:37:00+00:00,24.97,24.98075945088031,24.98075945088031,,2,-0.01075945088031105,0.01075945088031105
DUISBURG-MEIDERICH SCHLEUSE UW,2026-06-30 05:37:00+00:00,18.23,18.185636999303235,18.185636999303235,,2,0.04436300069676591,0.04436300069676591
DUISBURG-MEIDERICH SCHLEUSE OW,2026-06-30 05:38:00+00:00,24.97,24.98075945088031,24.98075945088031,,2,-0.01075945088031105,0.01075945088031105
DUISBURG-MEIDERICH SCHLEUSE UW,2026-06-30 05:38:00+00:00,18.23,18.185636999303235,18.185636999303235,,2,0.04436300069676591,0.04436300069676591
DUISBURG-MEIDERICH SCHLEUSE OW,2026-06-30 05:39:00+00:00,24.97,24.975187323783363,24.975187323783363,,2,-0.005187323783363951,0.005187323783363951
DUISBURG-MEIDERICH SCHLEUSE UW,2026-06-30 05:39:00+00:00,18.23,18.185636999303235,18.185636999303235,,2,0.04436300069676591,0.04436300069676591
Basel-Rheinhalle,2026-06-30 05:40:00+00:00,525.0,527.5751253322691,527.5751253322691,,2,-2.5751253322690673,2.5751253322690673
DUISBURG-MEIDERICH SCHLEUSE OW,2026-06-30 05:40:00+00:00,24.97,24.975187323783363,24.975187323783363,,2,-0.005187323783363951,0.005187323783363951
DUISBURG-MEIDERICH SCHLEUSE UW,2026-06-30 05:40:00+00:00,18.23,18.185636999303235,18.185636999303235,,2,0.04436300069676591,0.04436300069676591
LOBITH,2026-06-30 05:40:00+00:00,703.0,704.0680283909369,704.0680283909369,,2,-1.0680283909368882,1.0680283909368882
DUISBURG-MEIDERICH SCHLEUSE OW,2026-06-30 05:41:00+00:00,24.97,24.975187323783363,24.975187323783363,,2,-0.005187323783363951,0.005187323783363951
DUISBURG-MEIDERICH SCHLEUSE UW,2026-06-30 05:41:00+00:00,18.23,18.185636999303235,18.185636999303235,,2,0.04436300069676591,0.04436300069676591
DUISBURG-MEIDERICH SCHLEUSE OW,2026-06-30 05:42:00+00:00,24.97,24.975187323783363,24.975187323783363,,2,-0.005187323783363951,0.005187323783363951
DUISBURG-MEIDERICH SCHLEUSE UW,2026-06-30 05:42:00+00:00,18.23,18.185636999303235,18.185636999303235,,2,0.04436300069676591,0.04436300069676591
DUISBURG-MEIDERICH SCHLEUSE OW,2026-06-30 05:43:00+00:00,24.96,24.975187323783363,24.975187323783363,,2,-0.015187323783361961,0.015187323783361961
DUISBURG-MEIDERICH SCHLEUSE UW,2026-06-30 05:43:00+00:00,18.23,18.185636999303235,18.185636999303235,,2,0.04436300069676591,0.04436300069676591
DUISBURG-MEIDERICH SCHLEUSE OW,2026-06-30 05:44:00+00:00,24.96,24.975187323783363,24.975187323783363,,2,-0.015187323783361961,0.015187323783361961
DUISBURG-MEIDERICH SCHLEUSE UW,2026-06-30 05:44:00+00:00,18.23,18.185636999303235,18.185636999303235,,2,0.04436300069676591,0.04436300069676591
BINGEN,2026-06-30 05:45:00+00:00,106.0,107.25719101563077,107.25719101563077,,2,-1.2571910156307666,1.2571910156307666
BONN,2026-06-30 05:45:00+00:00,138.0,139.29341823735083,139.29341823735083,,2,-1.293418237350835,1.293418237350835
BREISACH,2026-06-30 05:45:00+00:00,186.0,187.56712858535658,187.56712858535658,,2,-1.5671285853565848,1.5671285853565848
Basel-Rheinhalle,2026-06-30 05:45:00+00:00,525.0,527.3993146977675,527.3993146977675,,2,-2.3993146977675224,2.3993146977675224
DUISBURG-MEIDERICH SCHLEUSE OW,2026-06-30 05:45:00+00:00,24.96,24.975187323783363,24.975187323783363,,2,-0.015187323783361961,0.015187323783361961
DUISBURG-MEIDERICH SCHLEUSE UW,2026-06-30 05:45:00+00:00,18.23,18.185636999303235,18.185636999303235,,2,0.04436300069676591,0.04436300069676591
DUISBURG-RUHRORT,2026-06-30 05:45:00+00:00,216.0,213.9173149458405,213.46325576099713,0.0,2,2.5367442390028714,2.5367442390028714
DÜSSELDORF,2026-06-30 05:45:00+00:00,84.0,81.37142238238656,81.37142238238656,,2,2.6285776176134448,2.6285776176134448
EMMERICH,2026-06-30 05:45:00+00:00,53.0,52.34810182448429,52.34810182448429,,2,0.6518981755157114,0.6518981755157114
IFFEZHEIM,2026-06-30 05:45:00+00:00,148.0,145.25899551320418,145.25899551320418,1.0,2,2.7410044867958163,2.7410044867958163
KAUB,2026-06-30 05:45:00+00:00,90.0,87.3679345937674,87.3679345937674,,2,2.6320654062325985,2.6320654062325985
KOBLENZ,2026-06-30 05:45:00+00:00,81.0,82.2927698114865,81.31709079572593,0.0,2,-0.3170907957259317,0.3170907957259317
KONSTANZ-RHEIN,2026-06-30 05:45:00+00:00,314.0,313.36725536220416,313.36725536220416,,2,0.6327446377958381,0.6327446377958381
Koblenz OP,2026-06-30 05:45:00+00:00,207.0,203.1744583815844,203.1744583815844,,2,3.825541618415599,3.825541618415599
Koblenz UP,2026-06-30 05:45:00+00:00,40.0,45.71782891637937,45.71782891637937,3.0,2,-5.717828916379368,5.717828916379368
KÖLN,2026-06-30 05:45:00+00:00,133.0,134.11375550783427,133.94373167528983,0.0,2,-0.9437316752898255,0.9437316752898255
MAINZ,2026-06-30 05:45:00+00:00,183.0,188.1101510488048,188.1101510488048,,2,-5.110151048804795,5.110151048804795
MANNHEIM,2026-06-30 05:45:00+00:00,165.0,162.53223998728413,163.78454587956972,0.0,2,1.2154541204302802,1.2154541204302802
MAXAU,2026-06-30 05:45:00+00:00,408.0,409.2580283132176,409.2580283132176,1.0,2,-1.2580283132176078,1.2580283132176078
REES,2026-06-30 05:45:00+00:00,99.0,96.35873307485154,96.35873307485154,,2,2.6412669251484573,2.6412669251484573
RHEINE UNTERSCHLEUSE,2026-06-30 05:45:00+00:00,191.0,229.83787731214346,229.83787731214346,2.0,2,-38.83787731214346,38.83787731214346
RHEINWEILER,2026-06-30 05:45:00+00:00,223.0,223.47395337452468,223.47395337452468,,2,-0.4739533745246831,0.4739533745246831
SANKT GOAR,2026-06-30 05:45:00+00:00,180.0,178.089605429018,177.5447614652025,0.0,2,2.455238534797502,2.455238534797502
SPEYER,2026-06-30 05:45:00+00:00,259.0,256.4558061319697,256.4558061319697,1.0,2,2.544193868030277,2.544193868030277
WESEL,2026-06-30 05:45:00+00:00,153.0,151.78306804435738,151.87722664407386,0.0,2,1.1227733559261424,1.1227733559261424
WORMS,2026-06-30 05:45:00+00:00,74.0,74.54818716799018,73.14860913916606,0.0,2,0.8513908608339449,0.8513908608339449
DUISBURG-MEIDERICH SCHLEUSE OW,2026-06-30 05:46:00+00:00,24.96,24.975187323783363,24.975187323783363,,2,-0.015187323783361961,0.015187323783361961
DUISBURG-MEIDERICH SCHLEUSE UW,2026-06-30 05:46:00+00:00,18.23,18.185636999303235,18.185636999303235,,2,0.04436300069676591,0.04436300069676591
DUISBURG-MEIDERICH SCHLEUSE OW,2026-06-30 05:47:00+00:00,24.96,24.975187323783363,24.975187323783363,,2,-0.015187323783361961,0.015187323783361961
DUISBURG-MEIDERICH SCHLEUSE UW,2026-06-30 05:47:00+00:00,18.22,18.185636999303235,18.185636999303235,,2,0.034363000696764345,0.034363000696764345
DUISBURG-MEIDERICH SCHLEUSE OW,2026-06-30 05:48:00+00:00,24.96,24.975187323783363,24.975187323783363,,2,-0.015187323783361961,0.015187323783361961
DUISBURG-MEIDERICH SCHLEUSE UW,2026-06-30 05:48:00+00:00,18.22,18.185636999303235,18.185636999303235,,2,0.034363000696764345,0.034363000696764345
DUISBURG-MEIDERICH SCHLEUSE OW,2026-06-30 05:49:00+00:00,24.96,24.975187323783363,24.975187323783363,,2,-0.015187323783361961,0.015187323783361961
DUISBURG-MEIDERICH SCHLEUSE UW,2026-06-30 05:49:00+00:00,18.22,18.185636999303235,18.185636999303235,,2,0.034363000696764345,0.034363000696764345
Basel-Rheinhalle,2026-06-30 05:50:00+00:00,524.0,527.2382236740269,527.2382236740269,,2,-3.2382236740269263,3.2382236740269263
DUISBURG-MEIDERICH SCHLEUSE OW,2026-06-30 05:50:00+00:00,24.96,24.975187323783363,24.975187323783363,,2,-0.015187323783361961,0.015187323783361961
DUISBURG-MEIDERICH SCHLEUSE UW,2026-06-30 05:50:00+00:00,18.23,18.185636999303235,18.185636999303235,,2,0.04436300069676591,0.04436300069676591
LOBITH,2026-06-30 05:50:00+00:00,704.0,704.010344096019,704.010344096019,,2,-0.010344096019025528,0.010344096019025528
DUISBURG-MEIDERICH SCHLEUSE OW,2026-06-30 05:51:00+00:00,24.96,24.975187323783363,24.975187323783363,,2,-0.015187323783361961,0.015187323783361961
DUISBURG-MEIDERICH SCHLEUSE UW,2026-06-30 05:51:00+00:00,18.23,18.185636999303235,18.185636999303235,,2,0.04436300069676591,0.04436300069676591
DUISBURG-MEIDERICH SCHLEUSE OW,2026-06-30 05:52:00+00:00,24.96,24.975187323783363,24.975187323783363,,2,-0.015187323783361961,0.015187323783361961
DUISBURG-MEIDERICH SCHLEUSE UW,2026-06-30 05:52:00+00:00,18.23,18.185636999303235,18.185636999303235,,2,0.04436300069676591,0.04436300069676591
DUISBURG-MEIDERICH SCHLEUSE OW,2026-06-30 05:53:00+00:00,24.96,24.967589298436618,24.967589298436618,,2,-0.007589298436617042,0.007589298436617042
DUISBURG-MEIDERICH SCHLEUSE UW,2026-06-30 05:53:00+00:00,18.23,18.185636999303235,18.185636999303235,,2,0.04436300069676591,0.04436300069676591
DUISBURG-MEIDERICH SCHLEUSE OW,2026-06-30 05:54:00+00:00,24.96,24.967589298436618,24.967589298436618,,2,-0.007589298436617042,0.007589298436617042
DUISBURG-MEIDERICH SCHLEUSE UW,2026-06-30 05:54:00+00:00,18.23,18.185636999303235,18.185636999303235,,2,0.04436300069676591,0.04436300069676591
Basel-Rheinhalle,2026-06-30 05:55:00+00:00,524.0,527.3628170052366,527.3628170052366,,2,-3.362817005236593,3.362817005236593
DUISBURG-MEIDERICH SCHLEUSE OW,2026-06-30 05:55:00+00:00,24.96,24.967589298436618,24.967589298436618,,2,-0.007589298436617042,0.007589298436617042
DUISBURG-MEIDERICH SCHLEUSE UW,2026-06-30 05:55:00+00:00,18.23,18.185636999303235,18.185636999303235,,2,0.04436300069676591,0.04436300069676591
DUISBURG-MEIDERICH SCHLEUSE OW,2026-06-30 05:56:00+00:00,24.95,24.967589298436618,24.967589298436618,,2,-0.017589298436618606,0.017589298436618606
DUISBURG-MEIDERICH SCHLEUSE UW,2026-06-30 05:56:00+00:00,18.23,18.185636999303235,18.185636999303235,,2,0.04436300069676591,0.04436300069676591
DUISBURG-MEIDERICH SCHLEUSE OW,2026-06-30 05:57:00+00:00,24.95,24.967589298436618,24.967589298436618,,2,-0.017589298436618606,0.017589298436618606
DUISBURG-MEIDERICH SCHLEUSE UW,2026-06-30 05:57:00+00:00,18.23,18.185636999303235,18.185636999303235,,2,0.04436300069676591,0.04436300069676591
DUISBURG-MEIDERICH SCHLEUSE OW,2026-06-30 05:58:00+00:00,24.95,24.967589298436618,24.967589298436618,,2,-0.017589298436618606,0.017589298436618606
DUISBURG-MEIDERICH SCHLEUSE UW,2026-06-30 05:58:00+00:00,18.23,18.185636999303235,18.185636999303235,,2,0.04436300069676591,0.04436300069676591
DUISBURG-MEIDERICH SCHLEUSE OW,2026-06-30 05:59:00+00:00,24.95,24.967589298436618,24.967589298436618,,2,-0.017589298436618606,0.017589298436618606
DUISBURG-MEIDERICH SCHLEUSE UW,2026-06-30 05:59:00+00:00,18.23,18.185636999303235,18.185636999303235,,2,0.04436300069676591,0.04436300069676591
BINGEN,2026-06-30 06:00:00+00:00,106.0,107.00040848039181,107.00040848039181,,2,-1.0004084803918118,1.0004084803918118
BONN,2026-06-30 06:00:00+00:00,137.0,139.56806897982665,139.56806897982665,,2,-2.5680689798266485,2.5680689798266485
BREISACH,2026-06-30 06:00:00+00:00,187.0,187.19877543500806,187.19877543500806,,2,-0.19877543500805928,0.19877543500805928
Basel-Rheinhalle,2026-06-30 06:00:00+00:00,525.0,527.4910986101223,527.4910986101223,,2,-2.4910986101223216,2.4910986101223216
DUISBURG-MEIDERICH SCHLEUSE OW,2026-06-30 06:00:00+00:00,24.95,24.38341780184071,24.38341780184071,,2,0.5665821981592885,0.5665821981592885
DUISBURG-MEIDERICH SCHLEUSE UW,2026-06-30 06:00:00+00:00,18.23,17.603319455055157,17.603319455055157,,2,0.6266805449448434,0.6266805449448434
DUISBURG-RUHRORT,2026-06-30 06:00:00+00:00,215.0,213.82033614190615,213.43406604532962,0.0,2,1.5659339546703848,1.5659339546703848
DÜSSELDORF,2026-06-30 06:00:00+00:00,85.0,80.95064083138656,80.95064083138656,,2,4.049359168613435,4.049359168613435
EMMERICH,2026-06-30 06:00:00+00:00,54.0,53.15373286516946,53.15373286516946,,2,0.8462671348305406,0.8462671348305406
IFFEZHEIM,2026-06-30 06:00:00+00:00,146.0,146.91131403990104,146.91131403990104,1.0,2,-0.9113140399010433,0.9113140399010433
KAUB,2026-06-30 06:00:00+00:00,91.0,86.46599215538436,86.46599215538436,,2,4.534007844615644,4.534007844615644
KOBLENZ,2026-06-30 06:00:00+00:00,82.0,82.46483344915777,81.05200132874053,0.0,2,0.9479986712594695,0.9479986712594695
KONSTANZ-RHEIN,2026-06-30 06:00:00+00:00,313.0,313.4493296267283,313.4493296267283,,2,-0.4493296267282858,0.4493296267282858
Koblenz OP,2026-06-30 06:00:00+00:00,206.0,201.0909887207164,201.0909887207164,,2,4.90901127928359,4.90901127928359
Koblenz UP,2026-06-30 06:00:00+00:00,41.0,45.967203983999504,45.967203983999504,3.0,2,-4.967203983999504,4.967203983999504
KÖLN,2026-06-30 06:00:00+00:00,133.0,134.1246927812488,134.08162613200645,0.0,2,-1.0816261320064484,1.0816261320064484
LOBITH,2026-06-30 06:00:00+00:00,704.0,702.9647494468549,702.9647494468549,,2,1.035250553145147,1.035250553145147
MAINZ,2026-06-30 06:00:00+00:00,182.0,187.76674086335115,187.76674086335115,,2,-5.766740863351146,5.766740863351146
MANNHEIM,2026-06-30 06:00:00+00:00,166.0,161.38974179935505,163.82752966820956,0.0,2,2.1724703317904357,2.1724703317904357
MAXAU,2026-06-30 06:00:00+00:00,407.0,409.6174637295619,409.6174637295619,1.0,2,-2.617463729561905,2.617463729561905
REES,2026-06-30 06:00:00+00:00,96.0,96.4597455440925,96.4597455440925,,2,-0.4597455440924989,0.4597455440924989
RHEINE UNTERSCHLEUSE,2026-06-30 06:00:00+00:00,191.0,223.34267057170328,223.34267057170328,2.0,2,-32.34267057170328,32.34267057170328
RHEINWEILER,2026-06-30 06:00:00+00:00,223.0,223.6975162740495,223.6975162740495,,2,-0.6975162740494909,0.6975162740494909
SANKT GOAR,2026-06-30 06:00:00+00:00,180.0,177.99720891770596,177.3956347474896,0.0,2,2.604365252510405,2.604365252510405
SPEYER,2026-06-30 06:00:00+00:00,258.0,255.9401215467636,255.9401215467636,1.0,2,2.0598784532363936,2.0598784532363936
WESEL,2026-06-30 06:00:00+00:00,152.0,150.72156053099243,151.63915781314134,0.0,2,0.36084218685866176,0.36084218685866176
WORMS,2026-06-30 06:00:00+00:00,74.0,74.43409539434477,73.17050306451955,0.0,2,0.8294969354804493,0.8294969354804493
DUISBURG-MEIDERICH SCHLEUSE OW,2026-06-30 06:01:00+00:00,24.95,24.32767301061258,24.32767301061258,,2,0.622326989387421,0.622326989387421
DUISBURG-MEIDERICH SCHLEUSE UW,2026-06-30 06:01:00+00:00,18.23,17.16275743215509,17.16275743215509,,2,1.067242567844911,1.067242567844911
DUISBURG-MEIDERICH SCHLEUSE OW,2026-06-30 06:02:00+00:00,24.95,24.32767301061258,24.32767301061258,,2,0.622326989387421,0.622326989387421
DUISBURG-MEIDERICH SCHLEUSE UW,2026-06-30 06:02:00+00:00,18.23,17.16275743215509,17.16275743215509,,2,1.067242567844911,1.067242567844911
DUISBURG-MEIDERICH SCHLEUSE OW,2026-06-30 06:03:00+00:00,24.95,24.967589298436618,24.967589298436618,,2,-0.017589298436618606,0.017589298436618606
DUISBURG-MEIDERICH SCHLEUSE UW,2026-06-30 06:03:00+00:00,18.23,18.185636999303235,18.185636999303235,,2,0.04436300069676591,0.04436300069676591
DUISBURG-MEIDERICH SCHLEUSE OW,2026-06-30 06:04:00+00:00,24.94,24.967589298436618,24.967589298436618,,2,-0.027589298436616616,0.027589298436616616
DUISBURG-MEIDERICH SCHLEUSE UW,2026-06-30 06:04:00+00:00,18.23,18.185636999303235,18.185636999303235,,2,0.04436300069676591,0.04436300069676591
Basel-Rheinhalle,2026-06-30 06:05:00+00:00,527.0,527.3140526246411,527.3140526246411,,2,-0.3140526246411355,0.3140526246411355
DUISBURG-MEIDERICH SCHLEUSE OW,2026-06-30 06:05:00+00:00,24.94,24.967589298436618,24.967589298436618,,2,-0.027589298436616616,0.027589298436616616
DUISBURG-MEIDERICH SCHLEUSE UW,2026-06-30 06:05:00+00:00,18.23,18.185636999303235,18.185636999303235,,2,0.04436300069676591,0.04436300069676591
DUISBURG-MEIDERICH SCHLEUSE OW,2026-06-30 06:06:00+00:00,24.94,24.967589298436618,24.967589298436618,,2,-0.027589298436616616,0.027589298436616616
DUISBURG-MEIDERICH SCHLEUSE UW,2026-06-30 06:06:00+00:00,18.23,18.185636999303235,18.185636999303235,,2,0.04436300069676591,0.04436300069676591
DUISBURG-MEIDERICH SCHLEUSE OW,2026-06-30 06:07:00+00:00,24.94,24.960026465077153,24.960026465077153,,2,-0.020026465077151556,0.020026465077151556
DUISBURG-MEIDERICH SCHLEUSE UW,2026-06-30 06:07:00+00:00,18.23,18.185636999303235,18.185636999303235,,2,0.04436300069676591,0.04436300069676591
DUISBURG-MEIDERICH SCHLEUSE OW,2026-06-30 06:08:00+00:00,24.94,24.960026465077153,24.960026465077153,,2,-0.020026465077151556,0.020026465077151556
DUISBURG-MEIDERICH SCHLEUSE UW,2026-06-30 06:08:00+00:00,18.23,18.185636999303235,18.185636999303235,,2,0.04436300069676591,0.04436300069676591
DUISBURG-MEIDERICH SCHLEUSE OW,2026-06-30 06:09:00+00:00,24.94,24.960026465077153,24.960026465077153,,2,-0.020026465077151556,0.020026465077151556
DUISBURG-MEIDERICH SCHLEUSE UW,2026-06-30 06:09:00+00:00,18.23,18.185636999303235,18.185636999303235,,2,0.04436300069676591,0.04436300069676591
Basel-Rheinhalle,2026-06-30 06:10:00+00:00,525.0,525.0208550844046,525.0208550844046,,2,-0.02085508440461581,0.02085508440461581
DUISBURG-MEIDERICH SCHLEUSE OW,2026-06-30 06:10:00+00:00,24.94,24.960026465077153,24.960026465077153,,2,-0.020026465077151556,0.020026465077151556
DUISBURG-MEIDERICH SCHLEUSE UW,2026-06-30 06:10:00+00:00,18.23,18.185636999303235,18.185636999303235,,2,0.04436300069676591,0.04436300069676591
LOBITH,2026-06-30 06:10:00+00:00,705.0,703.2651127466253,703.2651127466253,,2,1.7348872533747226,1.7348872533747226
DUISBURG-MEIDERICH SCHLEUSE OW,2026-06-30 06:11:00+00:00,24.94,24.960026465077153,24.960026465077153,,2,-0.020026465077151556,0.020026465077151556
DUISBURG-MEIDERICH SCHLEUSE UW,2026-06-30 06:11:00+00:00,18.23,18.185636999303235,18.185636999303235,,2,0.04436300069676591,0.04436300069676591
DUISBURG-MEIDERICH SCHLEUSE OW,2026-06-30 06:12:00+00:00,24.94,24.960026465077153,24.960026465077153,,2,-0.020026465077151556,0.020026465077151556
DUISBURG-MEIDERICH SCHLEUSE UW,2026-06-30 06:12:00+00:00,18.23,18.185636999303235,18.185636999303235,,2,0.04436300069676591,0.04436300069676591
DUISBURG-MEIDERICH SCHLEUSE OW,2026-06-30 06:13:00+00:00,24.94,24.960026465077153,24.960026465077153,,2,-0.020026465077151556,0.020026465077151556
DUISBURG-MEIDERICH SCHLEUSE UW,2026-06-30 06:13:00+00:00,18.23,18.185636999303235,18.185636999303235,,2,0.04436300069676591,0.04436300069676591
DUISBURG-MEIDERICH SCHLEUSE OW,2026-06-30 06:14:00+00:00,24.94,24.960026465077153,24.960026465077153,,2,-0.020026465077151556,0.020026465077151556
DUISBURG-MEIDERICH SCHLEUSE UW,2026-06-30 06:14:00+00:00,18.24,18.185636999303235,18.185636999303235,,2,0.05436300069676392,0.05436300069676392
BINGEN,2026-06-30 06:15:00+00:00,106.0,107.01993925725684,107.01993925725684,,2,-1.019939257256837,1.019939257256837
BONN,2026-06-30 06:15:00+00:00,137.0,139.37012762182977,139.37012762182977,,2,-2.3701276218297664,2.3701276218297664
BREISACH,2026-06-30 06:15:00+00:00,190.0,187.19877543500806,187.19877543500806,,2,2.8012245649919407,2.8012245649919407
Basel-Rheinhalle,2026-06-30 06:15:00+00:00,523.0,524.8360412083025,524.8360412083025,,2,-1.836041208302504,1.836041208302504
DUISBURG-MEIDERICH SCHLEUSE OW,2026-06-30 06:15:00+00:00,24.94,24.960026465077153,24.960026465077153,,2,-0.020026465077151556,0.020026465077151556
DUISBURG-MEIDERICH SCHLEUSE UW,2026-06-30 06:15:00+00:00,18.24,18.185636999303235,18.185636999303235,,2,0.05436300069676392,0.05436300069676392
DUISBURG-RUHRORT,2026-06-30 06:15:00+00:00,215.0,213.5683567777589,213.50710010906454,0.0,2,1.4928998909354618,1.4928998909354618
DÜSSELDORF,2026-06-30 06:15:00+00:00,84.0,81.98694718093314,81.98694718093314,,2,2.013052819066857,2.013052819066857
EMMERICH,2026-06-30 06:15:00+00:00,52.0,53.79736659875695,53.79736659875695,,2,-1.7973665987569518,1.7973665987569518
IFFEZHEIM,2026-06-30 06:15:00+00:00,144.0,146.96880269215453,146.96880269215453,1.0,2,-2.968802692154526,2.968802692154526
KAUB,2026-06-30 06:15:00+00:00,90.0,86.41241427877685,86.41241427877685,,2,3.5875857212231494,3.5875857212231494
KOBLENZ,2026-06-30 06:15:00+00:00,82.0,81.52790229939285,80.97347520949053,0.0,2,1.0265247905094697,1.0265247905094697
KONSTANZ-RHEIN,2026-06-30 06:15:00+00:00,314.0,313.3509428438706,313.3509428438706,,2,0.6490571561294018,0.6490571561294018
Koblenz OP,2026-06-30 06:15:00+00:00,207.0,200.65436850432576,200.65436850432576,,2,6.34563149567424,6.34563149567424
Koblenz UP,2026-06-30 06:15:00+00:00,41.0,48.36893441642366,48.36893441642366,3.0,2,-7.368934416423663,7.368934416423663
KÖLN,2026-06-30 06:15:00+00:00,134.0,134.01547033893385,134.0913879326865,0.0,2,-0.09138793268650147,0.09138793268650147
MAINZ,2026-06-30 06:15:00+00:00,181.0,187.71613734398815,187.71613734398815,,2,-6.7161373439881515,6.7161373439881515
MANNHEIM,2026-06-30 06:15:00+00:00,165.0,161.28573627330226,163.76742705687943,0.0,2,1.232572943120573,1.232572943120573
MAXAU,2026-06-30 06:15:00+00:00,406.0,409.98564951139707,409.98564951139707,1.0,2,-3.985649511397071,3.985649511397071
REES,2026-06-30 06:15:00+00:00,97.0,95.9299955334391,95.9299955334391,,2,1.0700044665609028,1.0700044665609028
RHEINE UNTERSCHLEUSE,2026-06-30 06:15:00+00:00,192.0,223.18501185169362,223.18501185169362,2.0,2,-31.185011851693616,31.185011851693616
RHEINWEILER,2026-06-30 06:15:00+00:00,223.0,223.59912949119186,223.59912949119186,,2,-0.5991294911918601,0.5991294911918601
SANKT GOAR,2026-06-30 06:15:00+00:00,181.0,178.016739694571,177.28208024090395,0.0,2,3.7179197590960484,3.7179197590960484
SPEYER,2026-06-30 06:15:00+00:00,258.0,255.931574600636,255.931574600636,1.0,2,2.0684253993640027,2.0684253993640027
WESEL,2026-06-30 06:15:00+00:00,152.0,150.82623350926553,151.61048108243253,0.0,2,0.3895189175674716,0.3895189175674716
WORMS,2026-06-30 06:15:00+00:00,74.0,74.4255484482171,73.42623799222757,0.0,2,0.5737620077724301,0.5737620077724301
DUISBURG-MEIDERICH SCHLEUSE OW,2026-06-30 06:16:00+00:00,24.94,24.960026465077153,24.960026465077153,,2,-0.020026465077151556,0.020026465077151556
DUISBURG-MEIDERICH SCHLEUSE UW,2026-06-30 06:16:00+00:00,18.24,18.185636999303235,18.185636999303235,,2,0.05436300069676392,0.05436300069676392
DUISBURG-MEIDERICH SCHLEUSE OW,2026-06-30 06:17:00+00:00,24.94,24.960026465077153,24.960026465077153,,2,-0.020026465077151556,0.020026465077151556
DUISBURG-MEIDERICH SCHLEUSE UW,2026-06-30 06:17:00+00:00,18.24,18.185636999303235,18.185636999303235,,2,0.05436300069676392,0.05436300069676392
DUISBURG-MEIDERICH SCHLEUSE OW,2026-06-30 06:18:00+00:00,24.94,24.960026465077153,24.960026465077153,,2,-0.020026465077151556,0.020026465077151556
DUISBURG-MEIDERICH SCHLEUSE UW,2026-06-30 06:18:00+00:00,18.24,18.185636999303235,18.185636999303235,,2,0.05436300069676392,0.05436300069676392
DUISBURG-MEIDERICH SCHLEUSE OW,2026-06-30 06:19:00+00:00,24.94,24.960026465077153,24.960026465077153,,2,-0.020026465077151556,0.020026465077151556
DUISBURG-MEIDERICH SCHLEUSE UW,2026-06-30 06:19:00+00:00,18.24,18.185636999303235,18.185636999303235,,2,0.05436300069676392,0.05436300069676392
Basel-Rheinhalle,2026-06-30 06:20:00+00:00,520.0,525.1532939609898,525.1532939609898,,2,-5.153293960989799,5.153293960989799
DUISBURG-MEIDERICH SCHLEUSE OW,2026-06-30 06:20:00+00:00,24.93,24.958172512729323,24.958172512729323,,2,-0.02817251272932353,0.02817251272932353
DUISBURG-MEIDERICH SCHLEUSE UW,2026-06-30 06:20:00+00:00,18.23,18.185636999303235,18.185636999303235,,2,0.04436300069676591,0.04436300069676591
LOBITH,2026-06-30 06:20:00+00:00,704.0,703.2651127466253,703.2651127466253,,2,0.7348872533747226,0.7348872533747226
DUISBURG-MEIDERICH SCHLEUSE OW,2026-06-30 06:21:00+00:00,24.93,24.958172512729323,24.958172512729323,,2,-0.02817251272932353,0.02817251272932353
DUISBURG-MEIDERICH SCHLEUSE UW,2026-06-30 06:21:00+00:00,18.23,18.185636999303235,18.185636999303235,,2,0.04436300069676591,0.04436300069676591
DUISBURG-MEIDERICH SCHLEUSE OW,2026-06-30 06:22:00+00:00,24.93,24.958172512729323,24.958172512729323,,2,-0.02817251272932353,0.02817251272932353
DUISBURG-MEIDERICH SCHLEUSE UW,2026-06-30 06:22:00+00:00,18.23,18.185636999303235,18.185636999303235,,2,0.04436300069676591,0.04436300069676591
DUISBURG-MEIDERICH SCHLEUSE OW,2026-06-30 06:23:00+00:00,24.93,24.958172512729323,24.958172512729323,,2,-0.02817251272932353,0.02817251272932353
DUISBURG-MEIDERICH SCHLEUSE UW,2026-06-30 06:23:00+00:00,18.23,18.185636999303235,18.185636999303235,,2,0.04436300069676591,0.04436300069676591
DUISBURG-MEIDERICH SCHLEUSE OW,2026-06-30 06:24:00+00:00,24.93,24.958172512729323,24.958172512729323,,2,-0.02817251272932353,0.02817251272932353
DUISBURG-MEIDERICH SCHLEUSE UW,2026-06-30 06:24:00+00:00,18.23,18.185636999303235,18.185636999303235,,2,0.04436300069676591,0.04436300069676591
Basel-Rheinhalle,2026-06-30 06:25:00+00:00,519.0,524.7801061297815,524.7801061297815,,2,-5.7801061297815295,5.7801061297815295
DUISBURG-MEIDERICH SCHLEUSE OW,2026-06-30 06:25:00+00:00,24.93,24.958172512729323,24.958172512729323,,2,-0.02817251272932353,0.02817251272932353
DUISBURG-MEIDERICH SCHLEUSE UW,2026-06-30 06:25:00+00:00,18.23,18.185636999303235,18.185636999303235,,2,0.04436300069676591,0.04436300069676591
DUISBURG-MEIDERICH SCHLEUSE OW,2026-06-30 06:26:00+00:00,24.93,24.958172512729323,24.958172512729323,,2,-0.02817251272932353,0.02817251272932353
DUISBURG-MEIDERICH SCHLEUSE UW,2026-06-30 06:26:00+00:00,18.23,18.185636999303235,18.185636999303235,,2,0.04436300069676591,0.04436300069676591
DUISBURG-MEIDERICH SCHLEUSE OW,2026-06-30 06:27:00+00:00,24.92,24.958172512729323,24.958172512729323,,2,-0.03817251272932154,0.03817251272932154
DUISBURG-MEIDERICH SCHLEUSE UW,2026-06-30 06:27:00+00:00,18.23,18.185636999303235,18.185636999303235,,2,0.04436300069676591,0.04436300069676591
DUISBURG-MEIDERICH SCHLEUSE OW,2026-06-30 06:28:00+00:00,24.92,24.958172512729323,24.958172512729323,,2,-0.03817251272932154,0.03817251272932154
DUISBURG-MEIDERICH SCHLEUSE UW,2026-06-30 06:28:00+00:00,18.23,18.185636999303235,18.185636999303235,,2,0.04436300069676591,0.04436300069676591
DUISBURG-MEIDERICH SCHLEUSE OW,2026-06-30 06:29:00+00:00,24.92,24.958172512729323,24.958172512729323,,2,-0.03817251272932154,0.03817251272932154
DUISBURG-MEIDERICH SCHLEUSE UW,2026-06-30 06:29:00+00:00,18.23,18.185636999303235,18.185636999303235,,2,0.04436300069676591,0.04436300069676591
BINGEN,2026-06-30 06:30:00+00:00,106.0,107.04124797428126,107.04124797428126,,2,-1.0412479742812621,1.0412479742812621
BONN,2026-06-30 06:30:00+00:00,137.0,139.83846145503952,139.83846145503952,,2,-2.8384614550395213,2.8384614550395213
BREISACH,2026-06-30 06:30:00+00:00,194.0,185.57467030180212,185.57467030180212,,2,8.425329698197885,8.425329698197885
Basel-Rheinhalle,2026-06-30 06:30:00+00:00,519.0,522.8240227268755,522.8240227268755,,2,-3.824022726875455,3.824022726875455
DUISBURG-MEIDERICH SCHLEUSE OW,2026-06-30 06:30:00+00:00,24.92,24.958172512729323,24.958172512729323,,2,-0.03817251272932154,0.03817251272932154
DUISBURG-MEIDERICH SCHLEUSE UW,2026-06-30 06:30:00+00:00,18.23,18.185636999303235,18.185636999303235,,2,0.04436300069676591,0.04436300069676591
DUISBURG-RUHRORT,2026-06-30 06:30:00+00:00,215.0,214.32987852455972,213.4404302255109,0.0,2,1.5595697744890913,1.5595697744890913
DÜSSELDORF,2026-06-30 06:30:00+00:00,84.0,80.94321019064999,80.94321019064999,,2,3.0567898093500077,3.0567898093500077
EMMERICH,2026-06-30 06:30:00+00:00,54.0,53.14924089565964,53.14924089565964,,2,0.8507591043403622,0.8507591043403622
IFFEZHEIM,2026-06-30 06:30:00+00:00,147.0,146.92052312049998,146.92052312049998,1.0,2,0.07947687950002091,0.07947687950002091
KAUB,2026-06-30 06:30:00+00:00,91.0,86.1027911898819,86.1027911898819,,2,4.8972088101181015,4.8972088101181015
KOBLENZ,2026-06-30 06:30:00+00:00,83.0,82.44825909620808,81.02915961819463,0.0,2,1.970840381805374,1.970840381805374
KONSTANZ-RHEIN,2026-06-30 06:30:00+00:00,314.0,313.2838454110964,313.2838454110964,,2,0.7161545889035779,0.7161545889035779
Koblenz OP,2026-06-30 06:30:00+00:00,207.0,200.65436850432576,200.65436850432576,,2,6.34563149567424,6.34563149567424
Koblenz UP,2026-06-30 06:30:00+00:00,44.0,48.35854388792781,48.35854388792781,3.0,2,-4.358543887927809,4.358543887927809
KÖLN,2026-06-30 06:30:00+00:00,133.0,134.18368250928103,134.24395645028957,0.0,2,-1.2439564502895735,1.2439564502895735
LOBITH,2026-06-30 06:30:00+00:00,705.0,704.3348834455538,704.3348834455538,,2,0.6651165544461719,0.6651165544461719
MAINZ,2026-06-30 06:30:00+00:00,181.0,185.50122662531297,185.50122662531297,,2,-4.501226625312967,4.501226625312967
MANNHEIM,2026-06-30 06:30:00+00:00,165.0,161.33485236087876,163.77623741291524,0.0,2,1.2237625870847637,1.2237625870847637
MAXAU,2026-06-30 06:30:00+00:00,406.0,409.8281750605916,409.8281750605916,1.0,2,-3.8281750605916045,3.8281750605916045
REES,2026-06-30 06:30:00+00:00,97.0,95.9299955334391,95.9299955334391,,2,1.0700044665609028,1.0700044665609028
RHEINE UNTERSCHLEUSE,2026-06-30 06:30:00+00:00,192.0,213.39721556292344,213.39721556292344,2.0,2,-21.397215562923435,21.397215562923435
RHEINWEILER,2026-06-30 06:30:00+00:00,223.0,223.43947364137478,223.43947364137478,,2,-0.43947364137477507,0.43947364137477507
SANKT GOAR,2026-06-30 06:30:00+00:00,180.0,177.67497031285257,177.55601300443092,0.0,2,2.4439869955690767,2.4439869955690767
SPEYER,2026-06-30 06:30:00+00:00,260.0,255.931574600636,255.931574600636,1.0,2,4.068425399364003,4.068425399364003
WESEL,2026-06-30 06:30:00+00:00,151.0,150.61215829873433,151.66000940924823,0.0,2,-0.6600094092482323,0.6600094092482323
WORMS,2026-06-30 06:30:00+00:00,74.0,74.35248945555206,73.42623799222757,0.0,2,0.5737620077724301,0.5737620077724301
DUISBURG-MEIDERICH SCHLEUSE OW,2026-06-30 06:31:00+00:00,24.92,24.958172512729323,24.958172512729323,,2,-0.03817251272932154,0.03817251272932154
DUISBURG-MEIDERICH SCHLEUSE UW,2026-06-30 06:31:00+00:00,18.23,18.185636999303235,18.185636999303235,,2,0.04436300069676591,0.04436300069676591
DUISBURG-MEIDERICH SCHLEUSE OW,2026-06-30 06:32:00+00:00,24.92,24.958172512729323,24.958172512729323,,2,-0.03817251272932154,0.03817251272932154
DUISBURG-MEIDERICH SCHLEUSE UW,2026-06-30 06:32:00+00:00,18.23,18.185636999303235,18.185636999303235,,2,0.04436300069676591,0.04436300069676591
DUISBURG-MEIDERICH SCHLEUSE OW,2026-06-30 06:33:00+00:00,24.92,24.958172512729323,24.958172512729323,,2,-0.03817251272932154,0.03817251272932154
DUISBURG-MEIDERICH SCHLEUSE UW,2026-06-30 06:33:00+00:00,18.23,18.185636999303235,18.185636999303235,,2,0.04436300069676591,0.04436300069676591
DUISBURG-MEIDERICH SCHLEUSE OW,2026-06-30 06:34:00+00:00,24.92,24.958172512729323,24.958172512729323,,2,-0.03817251272932154,0.03817251272932154
DUISBURG-MEIDERICH SCHLEUSE UW,2026-06-30 06:34:00+00:00,18.23,18.185636999303235,18.185636999303235,,2,0.04436300069676591,0.04436300069676591
Basel-Rheinhalle,2026-06-30 06:35:00+00:00,520.0,522.4507637501988,522.4507637501988,,2,-2.450763750198803,2.450763750198803
DUISBURG-MEIDERICH SCHLEUSE OW,2026-06-30 06:35:00+00:00,24.92,24.958172512729323,24.958172512729323,,2,-0.03817251272932154,0.03817251272932154
DUISBURG-MEIDERICH SCHLEUSE UW,2026-06-30 06:35:00+00:00,18.23,18.185636999303235,18.185636999303235,,2,0.04436300069676591,0.04436300069676591
DUISBURG-MEIDERICH SCHLEUSE OW,2026-06-30 06:36:00+00:00,24.92,24.958172512729323,24.958172512729323,,2,-0.03817251272932154,0.03817251272932154
DUISBURG-MEIDERICH SCHLEUSE UW,2026-06-30 06:36:00+00:00,18.23,18.185636999303235,18.185636999303235,,2,0.04436300069676591,0.04436300069676591
DUISBURG-MEIDERICH SCHLEUSE OW,2026-06-30 06:37:00+00:00,24.92,24.958172512729323,24.958172512729323,,2,-0.03817251272932154,0.03817251272932154
DUISBURG-MEIDERICH SCHLEUSE UW,2026-06-30 06:37:00+00:00,18.23,18.185636999303235,18.185636999303235,,2,0.04436300069676591,0.04436300069676591
DUISBURG-MEIDERICH SCHLEUSE OW,2026-06-30 06:38:00+00:00,24.92,24.958172512729323,24.958172512729323,,2,-0.03817251272932154,0.03817251272932154
DUISBURG-MEIDERICH SCHLEUSE UW,2026-06-30 06:38:00+00:00,18.23,18.185636999303235,18.185636999303235,,2,0.04436300069676591,0.04436300069676591
DUISBURG-MEIDERICH SCHLEUSE OW,2026-06-30 06:39:00+00:00,24.92,24.958172512729323,24.958172512729323,,2,-0.03817251272932154,0.03817251272932154
DUISBURG-MEIDERICH SCHLEUSE UW,2026-06-30 06:39:00+00:00,18.23,18.185636999303235,18.185636999303235,,2,0.04436300069676591,0.04436300069676591
Basel-Rheinhalle,2026-06-30 06:40:00+00:00,520.0,522.4801587467491,522.4801587467491,,2,-2.4801587467491117,2.4801587467491117
DUISBURG-MEIDERICH SCHLEUSE OW,2026-06-30 06:40:00+00:00,24.91,24.958172512729323,24.958172512729323,,2,-0.0481725127293231,0.0481725127293231
DUISBURG-MEIDERICH SCHLEUSE UW,2026-06-30 06:40:00+00:00,18.23,18.185636999303235,18.185636999303235,,2,0.04436300069676591,0.04436300069676591
LOBITH,2026-06-30 06:40:00+00:00,705.0,704.48418959741,704.48418959741,,2,0.5158104025899775,0.5158104025899775
DUISBURG-MEIDERICH SCHLEUSE OW,2026-06-30 06:41:00+00:00,24.91,24.958172512729323,24.958172512729323,,2,-0.0481725127293231,0.0481725127293231
DUISBURG-MEIDERICH SCHLEUSE UW,2026-06-30 06:41:00+00:00,18.22,18.185636999303235,18.185636999303235,,2,0.034363000696764345,0.034363000696764345
DUISBURG-MEIDERICH SCHLEUSE OW,2026-06-30 06:42:00+00:00,24.91,24.958172512729323,24.958172512729323,,2,-0.0481725127293231,0.0481725127293231
DUISBURG-MEIDERICH SCHLEUSE UW,2026-06-30 06:42:00+00:00,18.22,18.185636999303235,18.185636999303235,,2,0.034363000696764345,0.034363000696764345
DUISBURG-MEIDERICH SCHLEUSE OW,2026-06-30 06:43:00+00:00,24.91,24.958172512729323,24.958172512729323,,2,-0.0481725127293231,0.0481725127293231
DUISBURG-MEIDERICH SCHLEUSE UW,2026-06-30 06:43:00+00:00,18.22,18.185636999303235,18.185636999303235,,2,0.034363000696764345,0.034363000696764345
DUISBURG-MEIDERICH SCHLEUSE OW,2026-06-30 06:44:00+00:00,24.91,24.958172512729323,24.958172512729323,,2,-0.0481725127293231,0.0481725127293231
DUISBURG-MEIDERICH SCHLEUSE UW,2026-06-30 06:44:00+00:00,18.22,18.185636999303235,18.185636999303235,,2,0.034363000696764345,0.034363000696764345
BINGEN,2026-06-30 06:45:00+00:00,106.0,107.10178298058175,107.10178298058175,,2,-1.1017829805817456,1.1017829805817456
BONN,2026-06-30 06:45:00+00:00,137.0,139.99136298224968,139.99136298224968,,2,-2.991362982249683,2.991362982249683
BREISACH,2026-06-30 06:45:00+00:00,192.0,184.50727097902066,184.50727097902066,,2,7.49272902097934,7.49272902097934
Basel-Rheinhalle,2026-06-30 06:45:00+00:00,520.0,522.7578674352385,522.7578674352385,,2,-2.757867435238495,2.757867435238495
DUISBURG-MEIDERICH SCHLEUSE OW,2026-06-30 06:45:00+00:00,24.91,24.958172512729323,24.958172512729323,,2,-0.0481725127293231,0.0481725127293231
DUISBURG-MEIDERICH SCHLEUSE UW,2026-06-30 06:45:00+00:00,18.22,18.185636999303235,18.185636999303235,,2,0.034363000696764345,0.034363000696764345
DUISBURG-RUHRORT,2026-06-30 06:45:00+00:00,215.0,213.95840874773248,213.45348703521412,0.0,2,1.546512964785876,1.546512964785876
DÜSSELDORF,2026-06-30 06:45:00+00:00,83.0,81.20329698706804,81.20329698706804,,2,1.7967030129319568,1.7967030129319568
EMMERICH,2026-06-30 06:45:00+00:00,53.0,52.652675945613886,52.652675945613886,,2,0.3473240543861138,0.3473240543861138
IFFEZHEIM,2026-06-30 06:45:00+00:00,144.0,146.68490159614825,146.68490159614825,1.0,2,-2.6849015961482507,2.6849015961482507
KAUB,2026-06-30 06:45:00+00:00,91.0,86.12197624992172,86.12197624992172,,2,4.878023750078285,4.878023750078285
KOBLENZ,2026-06-30 06:45:00+00:00,83.0,82.37035024424348,80.16676111403423,0.0,2,2.83323888596577,2.83323888596577
KONSTANZ-RHEIN,2026-06-30 06:45:00+00:00,313.0,313.25159207585153,313.25159207585153,,2,-0.25159207585153354,0.25159207585153354
Koblenz OP,2026-06-30 06:45:00+00:00,207.0,201.8891227660223,201.8891227660223,,2,5.110877233977703,5.110877233977703
Koblenz UP,2026-06-30 06:45:00+00:00,57.0,48.35854388792781,48.35854388792781,3.0,2,8.641456112072191,8.641456112072191
KÖLN,2026-06-30 06:45:00+00:00,133.0,134.47636600224178,134.34100021551419,0.0,2,-1.3410002155141854,1.3410002155141854
MAINZ,2026-06-30 06:45:00+00:00,183.0,186.29215331135373,186.29215331135373,,2,-3.2921533113537294,3.2921533113537294
MANNHEIM,2026-06-30 06:45:00+00:00,166.0,161.23541027418108,163.63690442246488,0.0,2,2.3630955775351197,2.3630955775351197
MAXAU,2026-06-30 06:45:00+00:00,405.0,409.8410392576521,409.8410392576521,1.0,2,-4.841039257652085,4.841039257652085
REES,2026-06-30 06:45:00+00:00,96.0,96.00726250522787,96.00726250522787,,2,-0.0072625052278709745,0.0072625052278709745
RHEINE UNTERSCHLEUSE,2026-06-30 06:45:00+00:00,192.0,201.02958388690845,201.02958388690845,2.0,2,-9.029583886908455,9.029583886908455
RHEINWEILER,2026-06-30 06:45:00+00:00,223.0,223.4072203061299,223.4072203061299,,2,-0.40722030612988647,0.40722030612988647
SANKT GOAR,2026-06-30 06:45:00+00:00,181.0,177.6792817517863,177.57240917989586,0.0,2,3.427590820104143,3.427590820104143
SPEYER,2026-06-30 06:45:00+00:00,258.0,255.90457497811644,255.90457497811644,1.0,2,2.095425021883557,2.095425021883557
WESEL,2026-06-30 06:45:00+00:00,152.0,150.76246754252458,150.56307137256007,0.0,2,1.4369286274399258,1.4369286274399258
WORMS,2026-06-30 06:45:00+00:00,74.0,74.30216345643089,73.37121334714959,0.0,2,0.6287866528504082,0.6287866528504082
DUISBURG-MEIDERICH SCHLEUSE OW,2026-06-30 06:46:00+00:00,24.91,24.958172512729323,24.958172512729323,,2,-0.0481725127293231,0.0481725127293231
DUISBURG-MEIDERICH SCHLEUSE UW,2026-06-30 06:46:00+00:00,18.21,18.185636999303235,18.185636999303235,,2,0.024363000696766335,0.024363000696766335
DUISBURG-MEIDERICH SCHLEUSE OW,2026-06-30 06:47:00+00:00,24.91,24.958172512729323,24.958172512729323,,2,-0.0481725127293231,0.0481725127293231
DUISBURG-MEIDERICH SCHLEUSE UW,2026-06-30 06:47:00+00:00,18.21,18.185636999303235,18.185636999303235,,2,0.024363000696766335,0.024363000696766335
DUISBURG-MEIDERICH SCHLEUSE OW,2026-06-30 06:48:00+00:00,24.91,24.958172512729323,24.958172512729323,,2,-0.0481725127293231,0.0481725127293231
DUISBURG-MEIDERICH SCHLEUSE UW,2026-06-30 06:48:00+00:00,18.22,18.185636999303235,18.185636999303235,,2,0.034363000696764345,0.034363000696764345
DUISBURG-MEIDERICH SCHLEUSE OW,2026-06-30 06:49:00+00:00,24.91,24.958172512729323,24.958172512729323,,2,-0.0481725127293231,0.0481725127293231
DUISBURG-MEIDERICH SCHLEUSE UW,2026-06-30 06:49:00+00:00,18.22,18.185636999303235,18.185636999303235,,2,0.034363000696764345,0.034363000696764345
Basel-Rheinhalle,2026-06-30 06:50:00+00:00,519.0,522.9735808156412,522.9735808156412,,2,-3.973580815641185,3.973580815641185
DUISBURG-MEIDERICH SCHLEUSE OW,2026-06-30 06:50:00+00:00,24.91,24.958172512729323,24.958172512729323,,2,-0.0481725127293231,0.0481725127293231
DUISBURG-MEIDERICH SCHLEUSE UW,2026-06-30 06:50:00+00:00,18.22,18.185636999303235,18.185636999303235,,2,0.034363000696764345,0.034363000696764345
LOBITH,2026-06-30 06:50:00+00:00,705.0,704.1705371455345,704.1705371455345,,2,0.8294628544655325,0.8294628544655325
DUISBURG-MEIDERICH SCHLEUSE OW,2026-06-30 06:51:00+00:00,24.91,24.958172512729323,24.958172512729323,,2,-0.0481725127293231,0.0481725127293231
DUISBURG-MEIDERICH SCHLEUSE UW,2026-06-30 06:51:00+00:00,18.22,18.185636999303235,18.185636999303235,,2,0.034363000696764345,0.034363000696764345
DUISBURG-MEIDERICH SCHLEUSE OW,2026-06-30 06:52:00+00:00,24.91,24.958172512729323,24.958172512729323,,2,-0.0481725127293231,0.0481725127293231
DUISBURG-MEIDERICH SCHLEUSE UW,2026-06-30 06:52:00+00:00,18.22,18.185636999303235,18.185636999303235,,2,0.034363000696764345,0.034363000696764345
DUISBURG-MEIDERICH SCHLEUSE OW,2026-06-30 06:53:00+00:00,24.91,24.958172512729323,24.958172512729323,,2,-0.0481725127293231,0.0481725127293231
DUISBURG-MEIDERICH SCHLEUSE UW,2026-06-30 06:53:00+00:00,18.22,18.185636999303235,18.185636999303235,,2,0.034363000696764345,0.034363000696764345
DUISBURG-MEIDERICH SCHLEUSE OW,2026-06-30 06:54:00+00:00,24.91,24.958172512729323,24.958172512729323,,2,-0.0481725127293231,0.0481725127293231
DUISBURG-MEIDERICH SCHLEUSE UW,2026-06-30 06:54:00+00:00,18.22,18.185636999303235,18.185636999303235,,2,0.034363000696764345,0.034363000696764345
Basel-Rheinhalle,2026-06-30 06:55:00+00:00,519.0,521.0816505623741,521.0816505623741,,2,-2.0816505623740795,2.0816505623740795
DUISBURG-MEIDERICH SCHLEUSE OW,2026-06-30 06:55:00+00:00,24.91,24.958172512729323,24.958172512729323,,2,-0.0481725127293231,0.0481725127293231
DUISBURG-MEIDERICH SCHLEUSE UW,2026-06-30 06:55:00+00:00,18.22,18.185636999303235,18.185636999303235,,2,0.034363000696764345,0.034363000696764345
DUISBURG-MEIDERICH SCHLEUSE OW,2026-06-30 06:56:00+00:00,24.91,24.958172512729323,24.958172512729323,,2,-0.0481725127293231,0.0481725127293231
DUISBURG-MEIDERICH SCHLEUSE UW,2026-06-30 06:56:00+00:00,18.22,18.185636999303235,18.185636999303235,,2,0.034363000696764345,0.034363000696764345
DUISBURG-MEIDERICH SCHLEUSE OW,2026-06-30 06:57:00+00:00,24.91,24.958172512729323,24.958172512729323,,2,-0.0481725127293231,0.0481725127293231
DUISBURG-MEIDERICH SCHLEUSE UW,2026-06-30 06:57:00+00:00,18.22,18.185636999303235,18.185636999303235,,2,0.034363000696764345,0.034363000696764345
DUISBURG-MEIDERICH SCHLEUSE OW,2026-06-30 06:58:00+00:00,24.91,24.958172512729323,24.958172512729323,,2,-0.0481725127293231,0.0481725127293231
DUISBURG-MEIDERICH SCHLEUSE UW,2026-06-30 06:58:00+00:00,18.22,18.185636999303235,18.185636999303235,,2,0.034363000696764345,0.034363000696764345
DUISBURG-MEIDERICH SCHLEUSE OW,2026-06-30 06:59:00+00:00,24.91,24.958172512729323,24.958172512729323,,2,-0.0481725127293231,0.0481725127293231
DUISBURG-MEIDERICH SCHLEUSE UW,2026-06-30 06:59:00+00:00,18.22,18.185636999303235,18.185636999303235,,2,0.034363000696764345,0.034363000696764345
BINGEN,2026-06-30 07:00:00+00:00,106.0,107.26024713321381,107.26024713321381,,2,-1.2602471332138094,1.2602471332138094
BONN,2026-06-30 07:00:00+00:00,137.0,140.01287582770007,140.01287582770007,,2,-3.0128758277000713,3.0128758277000713
BREISACH,2026-06-30 07:00:00+00:00,190.0,186.46835063126474,186.46835063126474,,2,3.531649368735259,3.531649368735259
Basel-Rheinhalle,2026-06-30 07:00:00+00:00,518.0,519.9728929927254,519.9728929927254,,2,-1.9728929927254057,1.9728929927254057
DUISBURG-MEIDERICH SCHLEUSE OW,2026-06-30 07:00:00+00:00,24.91,25.846732000707874,25.846732000707874,,2,-0.9367320007078739,0.9367320007078739
DUISBURG-MEIDERICH SCHLEUSE UW,2026-06-30 07:00:00+00:00,18.21,19.30627500393466,19.30627500393466,,2,-1.0962750039346574,1.0962750039346574
DUISBURG-RUHRORT,2026-06-30 07:00:00+00:00,215.0,213.97090356105358,213.43197295840636,0.0,2,1.5680270415936377,1.5680270415936377
DÜSSELDORF,2026-06-30 07:00:00+00:00,83.0,81.22480983251845,81.22480983251845,,2,1.7751901674815542,1.7751901674815542
EMMERICH,2026-06-30 07:00:00+00:00,54.0,52.743677994882994,52.743677994882994,,2,1.2563220051170063,1.2563220051170063
IFFEZHEIM,2026-06-30 07:00:00+00:00,145.0,146.2988243561089,146.2988243561089,1.0,2,-1.298824356108895,1.298824356108895
KAUB,2026-06-30 07:00:00+00:00,92.0,86.14943571146225,86.14943571146225,,2,5.850564288537754,5.850564288537754
KOBLENZ,2026-06-30 07:00:00+00:00,85.0,82.28614925844664,80.11956595665231,0.0,2,4.880434043347691,4.880434043347691
KONSTANZ-RHEIN,2026-06-30 07:00:00+00:00,314.0,313.4258252015556,313.4258252015556,,2,0.5741747984444032,0.5741747984444032
Koblenz OP,2026-06-30 07:00:00+00:00,206.0,201.9856982034902,201.9856982034902,,2,4.0143017965098124,4.0143017965098124
Koblenz UP,2026-06-30 07:00:00+00:00,64.0,48.27434290213097,48.27434290213097,3.0,2,15.725657097869032,15.725657097869032
KÖLN,2026-06-30 07:00:00+00:00,133.0,134.49787884769216,134.2449043665746,0.0,2,-1.2449043665745876,1.2449043665745876
LOBITH,2026-06-30 07:00:00+00:00,705.0,703.8789387486472,703.8789387486472,,2,1.121061251352785,1.121061251352785
MAINZ,2026-06-30 07:00:00+00:00,182.0,185.86427377837035,185.86427377837035,,2,-3.8642737783703467,3.8642737783703467
MANNHEIM,2026-06-30 07:00:00+00:00,166.0,163.15443259320713,163.53008508405168,0.0,2,2.4699149159483227,2.4699149159483227
MAXAU,2026-06-30 07:00:00+00:00,405.0,410.1525855826237,410.1525855826237,1.0,2,-5.152585582623715,5.152585582623715
REES,2026-06-30 07:00:00+00:00,97.0,96.02877535067827,96.02877535067827,,2,0.9712246493217265,0.9712246493217265
RHEINE UNTERSCHLEUSE,2026-06-30 07:00:00+00:00,192.0,196.74881576663049,196.74881576663049,2.0,2,-4.748815766630486,4.748815766630486
RHEINWEILER,2026-06-30 07:00:00+00:00,223.0,223.90295137206968,223.90295137206968,,2,-0.9029513720696798,0.9029513720696798
SANKT GOAR,2026-06-30 07:00:00+00:00,181.0,177.67609714981424,177.55618127317075,0.0,2,3.4438187268292495,3.4438187268292495
SPEYER,2026-06-30 07:00:00+00:00,259.0,255.68528165751874,255.68528165751874,1.0,2,3.3147183424812567,3.3147183424812567
WESEL,2026-06-30 07:00:00+00:00,153.0,152.36076349791668,151.72274771155375,0.0,2,1.277252288446249,1.277252288446249
WORMS,2026-06-30 07:00:00+00:00,74.0,74.67866891682435,73.39062326504298,0.0,2,0.6093767349570243,0.6093767349570243
DUISBURG-MEIDERICH SCHLEUSE OW,2026-06-30 07:01:00+00:00,24.91,25.846732000707874,25.846732000707874,,2,-0.9367320007078739,0.9367320007078739
DUISBURG-MEIDERICH SCHLEUSE UW,2026-06-30 07:01:00+00:00,18.21,19.30627500393466,19.30627500393466,,2,-1.0962750039346574,1.0962750039346574
DUISBURG-MEIDERICH SCHLEUSE OW,2026-06-30 07:02:00+00:00,24.91,25.846732000707874,25.846732000707874,,2,-0.9367320007078739,0.9367320007078739
DUISBURG-MEIDERICH SCHLEUSE UW,2026-06-30 07:02:00+00:00,18.21,19.30627500393466,19.30627500393466,,2,-1.0962750039346574,1.0962750039346574
DUISBURG-MEIDERICH SCHLEUSE OW,2026-06-30 07:03:00+00:00,24.91,25.846732000707874,25.846732000707874,,2,-0.9367320007078739,0.9367320007078739
DUISBURG-MEIDERICH SCHLEUSE UW,2026-06-30 07:03:00+00:00,18.21,19.30627500393466,19.30627500393466,,2,-1.0962750039346574,1.0962750039346574
DUISBURG-MEIDERICH SCHLEUSE OW,2026-06-30 07:04:00+00:00,24.91,26.8035521106874,26.8035521106874,,2,-1.8935521106873985,1.8935521106873985
DUISBURG-MEIDERICH SCHLEUSE UW,2026-06-30 07:04:00+00:00,18.21,20.528453775052842,20.528453775052842,,2,-2.3184537750528413,2.3184537750528413
Basel-Rheinhalle,2026-06-30 07:05:00+00:00,518.0,519.8153423306505,519.8153423306505,,2,-1.8153423306505374,1.8153423306505374
DUISBURG-MEIDERICH SCHLEUSE OW,2026-06-30 07:05:00+00:00,24.91,27.926841304822403,27.926841304822403,,2,-3.016841304822403,3.016841304822403
DUISBURG-MEIDERICH SCHLEUSE UW,2026-06-30 07:05:00+00:00,18.21,21.952268968008898,21.952268968008898,,2,-3.742268968008897,3.742268968008897
DUISBURG-MEIDERICH SCHLEUSE OW,2026-06-30 07:06:00+00:00,24.91,28.215259162637363,28.215259162637363,,2,-3.3052591626373626,3.3052591626373626
DUISBURG-MEIDERICH SCHLEUSE UW,2026-06-30 07:06:00+00:00,18.21,22.313323855203027,22.313323855203027,,2,-4.103323855203026,4.103323855203026
DUISBURG-MEIDERICH SCHLEUSE OW,2026-06-30 07:07:00+00:00,24.91,28.215259162637363,28.215259162637363,,2,-3.3052591626373626,3.3052591626373626
DUISBURG-MEIDERICH SCHLEUSE UW,2026-06-30 07:07:00+00:00,18.21,22.313323855203027,22.313323855203027,,2,-4.103323855203026,4.103323855203026
DUISBURG-MEIDERICH SCHLEUSE OW,2026-06-30 07:08:00+00:00,24.91,28.212710610388317,28.212710610388317,,2,-3.302710610388317,3.302710610388317
DUISBURG-MEIDERICH SCHLEUSE UW,2026-06-30 07:08:00+00:00,18.21,22.31077530295398,22.31077530295398,,2,-4.100775302953981,4.100775302953981
DUISBURG-MEIDERICH SCHLEUSE OW,2026-06-30 07:09:00+00:00,24.91,28.212710610388317,28.212710610388317,,2,-3.302710610388317,3.302710610388317
DUISBURG-MEIDERICH SCHLEUSE UW,2026-06-30 07:09:00+00:00,18.21,22.31077530295398,22.31077530295398,,2,-4.100775302953981,4.100775302953981
Basel-Rheinhalle,2026-06-30 07:10:00+00:00,519.0,519.6625162189672,519.6625162189672,,2,-0.6625162189671983,0.6625162189671983
DUISBURG-MEIDERICH SCHLEUSE OW,2026-06-30 07:10:00+00:00,24.91,28.212710610388317,28.212710610388317,,2,-3.302710610388317,3.302710610388317
DUISBURG-MEIDERICH SCHLEUSE UW,2026-06-30 07:10:00+00:00,18.21,22.31077530295398,22.31077530295398,,2,-4.100775302953981,4.100775302953981
LOBITH,2026-06-30 07:10:00+00:00,704.0,703.9450038299143,703.9450038299143,,2,0.054996170085701124,0.054996170085701124
DUISBURG-MEIDERICH SCHLEUSE OW,2026-06-30 07:11:00+00:00,24.91,28.212710610388317,28.212710610388317,,2,-3.302710610388317,3.302710610388317
DUISBURG-MEIDERICH SCHLEUSE UW,2026-06-30 07:11:00+00:00,18.22,22.31077530295398,22.31077530295398,,2,-4.090775302953983,4.090775302953983
DUISBURG-MEIDERICH SCHLEUSE OW,2026-06-30 07:12:00+00:00,24.91,28.227931460625477,28.227931460625477,,2,-3.317931460625477,3.317931460625477
DUISBURG-MEIDERICH SCHLEUSE UW,2026-06-30 07:12:00+00:00,18.22,22.32599615319114,22.32599615319114,,2,-4.105996153191143,4.105996153191143
DUISBURG-MEIDERICH SCHLEUSE OW,2026-06-30 07:13:00+00:00,24.91,28.227931460625477,28.227931460625477,,2,-3.317931460625477,3.317931460625477
DUISBURG-MEIDERICH SCHLEUSE UW,2026-06-30 07:13:00+00:00,18.21,22.32599615319114,22.32599615319114,,2,-4.115996153191141,4.115996153191141
DUISBURG-MEIDERICH SCHLEUSE OW,2026-06-30 07:14:00+00:00,24.91,28.227931460625477,28.227931460625477,,2,-3.317931460625477,3.317931460625477
DUISBURG-MEIDERICH SCHLEUSE UW,2026-06-30 07:14:00+00:00,18.21,22.32599615319114,22.32599615319114,,2,-4.115996153191141,4.115996153191141
BINGEN,2026-06-30 07:15:00+00:00,105.0,106.72516050581538,106.72516050581538,,2,-1.7251605058153814,1.7251605058153814
BONN,2026-06-30 07:15:00+00:00,137.0,140.01287582770007,140.01287582770007,,2,-3.0128758277000713,3.0128758277000713
BREISACH,2026-06-30 07:15:00+00:00,189.0,187.64581248617614,187.64581248617614,,2,1.3541875138238595,1.3541875138238595
Basel-Rheinhalle,2026-06-30 07:15:00+00:00,521.0,519.6891135924892,519.6891135924892,,2,1.310886407510793,1.310886407510793
DUISBURG-MEIDERICH SCHLEUSE OW,2026-06-30 07:15:00+00:00,24.91,28.227931460625477,28.227931460625477,,2,-3.317931460625477,3.317931460625477
DUISBURG-MEIDERICH SCHLEUSE UW,2026-06-30 07:15:00+00:00,18.21,22.32599615319114,22.32599615319114,,2,-4.115996153191141,4.115996153191141
DUISBURG-RUHRORT,2026-06-30 07:15:00+00:00,215.0,213.93924518694445,213.3966891539542,0.0,2,1.6033108460457868,1.6033108460457868
DÜSSELDORF,2026-06-30 07:15:00+00:00,84.0,81.36093484424948,81.36093484424948,,2,2.639065155750515,2.639065155750515
EMMERICH,2026-06-30 07:15:00+00:00,51.0,53.41539434986209,53.41539434986209,,2,-2.4153943498620905,2.4153943498620905
IFFEZHEIM,2026-06-30 07:15:00+00:00,144.0,147.9276515333782,147.9276515333782,1.0,2,-3.927651533378196,3.927651533378196
KAUB,2026-06-30 07:15:00+00:00,92.0,85.84669684875904,85.84669684875904,,2,6.153303151240962,6.153303151240962
KOBLENZ,2026-06-30 07:15:00+00:00,86.0,82.27434884929562,79.78892941066225,0.0,2,6.211070589337751,6.211070589337751
KONSTANZ-RHEIN,2026-06-30 07:15:00+00:00,314.0,313.350255056148,313.350255056148,,2,0.6497449438519993,0.6497449438519993
Koblenz OP,2026-06-30 07:15:00+00:00,205.0,201.94915219881452,201.94915219881452,,2,3.0508478011854834,3.0508478011854834
Koblenz UP,2026-06-30 07:15:00+00:00,65.0,48.30659363439903,48.30659363439903,3.0,2,16.69340636560097,16.69340636560097
KÖLN,2026-06-30 07:15:00+00:00,133.0,134.49787884769216,134.2082747161762,0.0,2,-1.2082747161761915,1.2082747161761915
MAINZ,2026-06-30 07:15:00+00:00,183.0,186.18346036333287,186.18346036333287,,2,-3.1834603633328697,3.1834603633328697
MANNHEIM,2026-06-30 07:15:00+00:00,167.0,163.12441125786478,163.48796301306353,0.0,2,3.512036986936465,3.512036986936465
MAXAU,2026-06-30 07:15:00+00:00,405.0,410.17218239438256,410.17218239438256,1.0,2,-5.17218239438256,5.17218239438256
REES,2026-06-30 07:15:00+00:00,96.0,96.13128180124806,96.13128180124806,,2,-0.13128180124806477,0.13128180124806477
RHEINE UNTERSCHLEUSE,2026-06-30 07:15:00+00:00,192.0,196.17883175797533,196.17883175797533,2.0,2,-4.178831757975331,4.178831757975331
RHEINWEILER,2026-06-30 07:15:00+00:00,223.0,223.82037447173482,223.82037447173482,,2,-0.8203744717348229,0.8203744717348229
SANKT GOAR,2026-06-30 07:15:00+00:00,181.0,177.73162210357097,177.5803391168679,0.0,2,3.41966088313211,3.41966088313211
SPEYER,2026-06-30 07:15:00+00:00,259.0,255.0879655040002,255.0879655040002,1.0,2,3.912034495999791,3.912034495999791
WESEL,2026-06-30 07:15:00+00:00,152.0,152.15210909682435,151.8789201065825,0.0,2,0.12107989341748748,0.12107989341748748
WORMS,2026-06-30 07:15:00+00:00,74.0,74.69246952804302,73.30695250072236,0.0,2,0.6930474992776396,0.6930474992776396
DUISBURG-MEIDERICH SCHLEUSE OW,2026-06-30 07:16:00+00:00,24.91,28.227931460625477,28.227931460625477,,2,-3.317931460625477,3.317931460625477
DUISBURG-MEIDERICH SCHLEUSE UW,2026-06-30 07:16:00+00:00,18.21,22.32599615319114,22.32599615319114,,2,-4.115996153191141,4.115996153191141
DUISBURG-MEIDERICH SCHLEUSE OW,2026-06-30 07:17:00+00:00,24.91,28.227931460625477,28.227931460625477,,2,-3.317931460625477,3.317931460625477
DUISBURG-MEIDERICH SCHLEUSE UW,2026-06-30 07:17:00+00:00,18.21,22.32599615319114,22.32599615319114,,2,-4.115996153191141,4.115996153191141
DUISBURG-MEIDERICH SCHLEUSE OW,2026-06-30 07:18:00+00:00,24.91,28.227931460625477,28.227931460625477,,2,-3.317931460625477,3.317931460625477
DUISBURG-MEIDERICH SCHLEUSE UW,2026-06-30 07:18:00+00:00,18.21,22.32599615319114,22.32599615319114,,2,-4.115996153191141,4.115996153191141
DUISBURG-MEIDERICH SCHLEUSE OW,2026-06-30 07:19:00+00:00,24.91,28.227931460625477,28.227931460625477,,2,-3.317931460625477,3.317931460625477
DUISBURG-MEIDERICH SCHLEUSE UW,2026-06-30 07:19:00+00:00,18.21,22.32599615319114,22.32599615319114,,2,-4.115996153191141,4.115996153191141
Basel-Rheinhalle,2026-06-30 07:20:00+00:00,521.0,519.999427268702,519.999427268702,,2,1.000572731298007,1.000572731298007
DUISBURG-MEIDERICH SCHLEUSE OW,2026-06-30 07:20:00+00:00,24.91,28.227931460625477,28.227931460625477,,2,-3.317931460625477,3.317931460625477
DUISBURG-MEIDERICH SCHLEUSE UW,2026-06-30 07:20:00+00:00,18.21,22.32599615319114,22.32599615319114,,2,-4.115996153191141,4.115996153191141
LOBITH,2026-06-30 07:20:00+00:00,705.0,703.880885857478,703.880885857478,,2,1.119114142521994,1.119114142521994
DUISBURG-MEIDERICH SCHLEUSE OW,2026-06-30 07:21:00+00:00,24.91,28.227931460625477,28.227931460625477,,2,-3.317931460625477,3.317931460625477
DUISBURG-MEIDERICH SCHLEUSE UW,2026-06-30 07:21:00+00:00,18.21,22.32599615319114,22.32599615319114,,2,-4.115996153191141,4.115996153191141
DUISBURG-MEIDERICH SCHLEUSE OW,2026-06-30 07:22:00+00:00,24.91,28.227931460625477,28.227931460625477,,2,-3.317931460625477,3.317931460625477
DUISBURG-MEIDERICH SCHLEUSE UW,2026-06-30 07:22:00+00:00,18.21,22.32599615319114,22.32599615319114,,2,-4.115996153191141,4.115996153191141
DUISBURG-MEIDERICH SCHLEUSE OW,2026-06-30 07:23:00+00:00,24.91,28.227931460625477,28.227931460625477,,2,-3.317931460625477,3.317931460625477
DUISBURG-MEIDERICH SCHLEUSE UW,2026-06-30 07:23:00+00:00,18.21,22.32599615319114,22.32599615319114,,2,-4.115996153191141,4.115996153191141
DUISBURG-MEIDERICH SCHLEUSE OW,2026-06-30 07:24:00+00:00,24.91,28.227931460625477,28.227931460625477,,2,-3.317931460625477,3.317931460625477
DUISBURG-MEIDERICH SCHLEUSE UW,2026-06-30 07:24:00+00:00,18.21,22.32599615319114,22.32599615319114,,2,-4.115996153191141,4.115996153191141
Basel-Rheinhalle,2026-06-30 07:25:00+00:00,519.0,520.2770652751148,520.2770652751148,,2,-1.2770652751147509,1.2770652751147509
DUISBURG-MEIDERICH SCHLEUSE OW,2026-06-30 07:25:00+00:00,24.92,28.227931460625477,28.227931460625477,,2,-3.3079314606254755,3.3079314606254755
DUISBURG-MEIDERICH SCHLEUSE UW,2026-06-30 07:25:00+00:00,18.21,22.32599615319114,22.32599615319114,,2,-4.115996153191141,4.115996153191141
DUISBURG-MEIDERICH SCHLEUSE OW,2026-06-30 07:26:00+00:00,24.92,28.227931460625477,28.227931460625477,,2,-3.3079314606254755,3.3079314606254755
DUISBURG-MEIDERICH SCHLEUSE UW,2026-06-30 07:26:00+00:00,18.21,22.32599615319114,22.32599615319114,,2,-4.115996153191141,4.115996153191141
DUISBURG-MEIDERICH SCHLEUSE OW,2026-06-30 07:27:00+00:00,24.92,28.227931460625477,28.227931460625477,,2,-3.3079314606254755,3.3079314606254755
DUISBURG-MEIDERICH SCHLEUSE UW,2026-06-30 07:27:00+00:00,18.21,22.32599615319114,22.32599615319114,,2,-4.115996153191141,4.115996153191141
DUISBURG-MEIDERICH SCHLEUSE OW,2026-06-30 07:28:00+00:00,24.92,28.227931460625477,28.227931460625477,,2,-3.3079314606254755,3.3079314606254755
DUISBURG-MEIDERICH SCHLEUSE UW,2026-06-30 07:28:00+00:00,18.21,22.32599615319114,22.32599615319114,,2,-4.115996153191141,4.115996153191141
DUISBURG-MEIDERICH SCHLEUSE OW,2026-06-30 07:29:00+00:00,24.92,28.227931460625477,28.227931460625477,,2,-3.3079314606254755,3.3079314606254755
DUISBURG-MEIDERICH SCHLEUSE UW,2026-06-30 07:29:00+00:00,18.21,22.32599615319114,22.32599615319114,,2,-4.115996153191141,4.115996153191141
BINGEN,2026-06-30 07:30:00+00:00,106.0,106.68123806161252,106.68123806161252,,2,-0.6812380616125182,0.6812380616125182
BONN,2026-06-30 07:30:00+00:00,137.0,140.01287582770007,140.01287582770007,,2,-3.0128758277000713,3.0128758277000713
BREISACH,2026-06-30 07:30:00+00:00,191.0,186.45943690814042,186.45943690814042,,2,4.540563091859582,4.540563091859582
Basel-Rheinhalle,2026-06-30 07:30:00+00:00,519.0,520.4867364621725,520.4867364621725,,2,-1.48673646217253,1.48673646217253
DUISBURG-MEIDERICH SCHLEUSE OW,2026-06-30 07:30:00+00:00,24.92,28.227931460625477,28.227931460625477,,2,-3.3079314606254755,3.3079314606254755
DUISBURG-MEIDERICH SCHLEUSE UW,2026-06-30 07:30:00+00:00,18.21,22.32599615319114,22.32599615319114,,2,-4.115996153191141,4.115996153191141
DUISBURG-RUHRORT,2026-06-30 07:30:00+00:00,216.0,214.0727328664637,213.52965123656207,0.0,2,2.4703487634379258,2.4703487634379258
DÜSSELDORF,2026-06-30 07:30:00+00:00,83.0,82.5226750372295,82.5226750372295,,2,0.47732496277049563,0.47732496277049563
EMMERICH,2026-06-30 07:30:00+00:00,54.0,53.42317571077782,53.42317571077782,,2,0.5768242892221807,0.5768242892221807
IFFEZHEIM,2026-06-30 07:30:00+00:00,143.0,146.48110597801548,146.48110597801548,1.0,2,-3.481105978015478,3.481105978015478
KAUB,2026-06-30 07:30:00+00:00,90.0,85.69140940618593,85.69140940618593,,2,4.308590593814074,4.308590593814074
KOBLENZ,2026-06-30 07:30:00+00:00,86.0,82.23042640509276,80.85182962066511,0.0,2,5.148170379334886,5.148170379334886
KONSTANZ-RHEIN,2026-06-30 07:30:00+00:00,314.0,313.2731166807913,313.2731166807913,,2,0.7268833192086959,0.7268833192086959
Koblenz OP,2026-06-30 07:30:00+00:00,205.0,202.25001243576216,202.25001243576216,,2,2.7499875642378413,2.7499875642378413
Koblenz UP,2026-06-30 07:30:00+00:00,67.0,48.290067801510794,48.290067801510794,3.0,2,18.709932198489206,18.709932198489206
KÖLN,2026-06-30 07:30:00+00:00,133.0,134.49787884769216,134.20083650473117,0.0,2,-1.2008365047311713,1.2008365047311713
LOBITH,2026-06-30 07:30:00+00:00,704.0,703.9201830633405,703.9201830633405,,2,0.07981693665954026,0.07981693665954026
MAINZ,2026-06-30 07:30:00+00:00,185.0,185.99383973080907,185.99383973080907,,2,-0.9938397308090714,0.9938397308090714
MANNHEIM,2026-06-30 07:30:00+00:00,166.0,163.21111072196018,163.59242816803973,0.0,2,2.4075718319602686,2.4075718319602686
MAXAU,2026-06-30 07:30:00+00:00,405.0,410.17218239438256,410.17218239438256,1.0,2,-5.17218239438256,5.17218239438256
REES,2026-06-30 07:30:00+00:00,97.0,96.0274828648673,96.0274828648673,,2,0.9725171351327049,0.9725171351327049
RHEINE UNTERSCHLEUSE,2026-06-30 07:30:00+00:00,193.0,185.60824935005482,185.60824935005482,2.0,2,7.39175064994518,7.39175064994518
RHEINWEILER,2026-06-30 07:30:00+00:00,223.0,223.61388092416036,223.61388092416036,,2,-0.6138809241603553,0.6138809241603553
SANKT GOAR,2026-06-30 07:30:00+00:00,181.0,177.69956216821245,177.07105990453624,0.0,2,3.9289400954637586,3.9289400954637586
SPEYER,2026-06-30 07:30:00+00:00,261.0,255.1420001188865,255.1420001188865,1.0,2,5.8579998811135,5.8579998811135
WESEL,2026-06-30 07:30:00+00:00,153.0,152.16379377381804,151.91654275738733,0.0,2,1.083457242612667,1.083457242612667
WORMS,2026-06-30 07:30:00+00:00,75.0,74.73493411648204,73.3056904912654,0.0,2,1.6943095087346052,1.6943095087346052
DUISBURG-MEIDERICH SCHLEUSE OW,2026-06-30 07:31:00+00:00,24.92,28.227931460625477,28.227931460625477,,2,-3.3079314606254755,3.3079314606254755
DUISBURG-MEIDERICH SCHLEUSE UW,2026-06-30 07:31:00+00:00,18.21,22.32599615319114,22.32599615319114,,2,-4.115996153191141,4.115996153191141
DUISBURG-MEIDERICH SCHLEUSE OW,2026-06-30 07:32:00+00:00,24.93,28.227931460625477,28.227931460625477,,2,-3.2979314606254775,3.2979314606254775
DUISBURG-MEIDERICH SCHLEUSE UW,2026-06-30 07:32:00+00:00,18.21,22.32599615319114,22.32599615319114,,2,-4.115996153191141,4.115996153191141
DUISBURG-MEIDERICH SCHLEUSE OW,2026-06-30 07:33:00+00:00,24.93,28.227931460625477,28.227931460625477,,2,-3.2979314606254775,3.2979314606254775
DUISBURG-MEIDERICH SCHLEUSE UW,2026-06-30 07:33:00+00:00,18.21,22.32599615319114,22.32599615319114,,2,-4.115996153191141,4.115996153191141
DUISBURG-MEIDERICH SCHLEUSE OW,2026-06-30 07:34:00+00:00,24.93,28.227931460625477,28.227931460625477,,2,-3.2979314606254775,3.2979314606254775
DUISBURG-MEIDERICH SCHLEUSE UW,2026-06-30 07:34:00+00:00,18.21,22.32599615319114,22.32599615319114,,2,-4.115996153191141,4.115996153191141
Basel-Rheinhalle,2026-06-30 07:35:00+00:00,520.0,520.5040767587631,520.5040767587631,,2,-0.5040767587630626,0.5040767587630626
DUISBURG-MEIDERICH SCHLEUSE OW,2026-06-30 07:35:00+00:00,24.93,28.227931460625477,28.227931460625477,,2,-3.2979314606254775,3.2979314606254775
DUISBURG-MEIDERICH SCHLEUSE UW,2026-06-30 07:35:00+00:00,18.21,22.32599615319114,22.32599615319114,,2,-4.115996153191141,4.115996153191141
DUISBURG-MEIDERICH SCHLEUSE OW,2026-06-30 07:36:00+00:00,24.93,28.227931460625477,28.227931460625477,,2,-3.2979314606254775,3.2979314606254775
DUISBURG-MEIDERICH SCHLEUSE UW,2026-06-30 07:36:00+00:00,18.21,22.32599615319114,22.32599615319114,,2,-4.115996153191141,4.115996153191141
DUISBURG-MEIDERICH SCHLEUSE OW,2026-06-30 07:37:00+00:00,24.93,28.227931460625477,28.227931460625477,,2,-3.2979314606254775,3.2979314606254775
DUISBURG-MEIDERICH SCHLEUSE UW,2026-06-30 07:37:00+00:00,18.21,22.32599615319114,22.32599615319114,,2,-4.115996153191141,4.115996153191141
DUISBURG-MEIDERICH SCHLEUSE OW,2026-06-30 07:38:00+00:00,24.93,28.227931460625477,28.227931460625477,,2,-3.2979314606254775,3.2979314606254775
DUISBURG-MEIDERICH SCHLEUSE UW,2026-06-30 07:38:00+00:00,18.21,22.32599615319114,22.32599615319114,,2,-4.115996153191141,4.115996153191141
DUISBURG-MEIDERICH SCHLEUSE OW,2026-06-30 07:39:00+00:00,24.93,28.227931460625477,28.227931460625477,,2,-3.2979314606254775,3.2979314606254775
DUISBURG-MEIDERICH SCHLEUSE UW,2026-06-30 07:39:00+00:00,18.21,22.32599615319114,22.32599615319114,,2,-4.115996153191141,4.115996153191141
Basel-Rheinhalle,2026-06-30 07:40:00+00:00,519.0,520.4368670656579,520.4368670656579,,2,-1.436867065657907,1.436867065657907
DUISBURG-MEIDERICH SCHLEUSE OW,2026-06-30 07:40:00+00:00,24.93,28.227931460625477,28.227931460625477,,2,-3.2979314606254775,3.2979314606254775
DUISBURG-MEIDERICH SCHLEUSE UW,2026-06-30 07:40:00+00:00,18.21,22.32599615319114,22.32599615319114,,2,-4.115996153191141,4.115996153191141
LOBITH,2026-06-30 07:40:00+00:00,703.0,703.925211482164,703.925211482164,,2,-0.9252114821639452,0.9252114821639452
DUISBURG-MEIDERICH SCHLEUSE OW,2026-06-30 07:41:00+00:00,24.93,28.227931460625477,28.227931460625477,,2,-3.2979314606254775,3.2979314606254775
DUISBURG-MEIDERICH SCHLEUSE UW,2026-06-30 07:41:00+00:00,18.21,22.32599615319114,22.32599615319114,,2,-4.115996153191141,4.115996153191141
DUISBURG-MEIDERICH SCHLEUSE OW,2026-06-30 07:42:00+00:00,24.93,28.227931460625477,28.227931460625477,,2,-3.2979314606254775,3.2979314606254775
DUISBURG-MEIDERICH SCHLEUSE UW,2026-06-30 07:42:00+00:00,18.2,22.32599615319114,22.32599615319114,,2,-4.125996153191142,4.125996153191142
DUISBURG-MEIDERICH SCHLEUSE OW,2026-06-30 07:43:00+00:00,24.93,28.227931460625477,28.227931460625477,,2,-3.2979314606254775,3.2979314606254775
DUISBURG-MEIDERICH SCHLEUSE UW,2026-06-30 07:43:00+00:00,18.2,22.32599615319114,22.32599615319114,,2,-4.125996153191142,4.125996153191142
DUISBURG-MEIDERICH SCHLEUSE OW,2026-06-30 07:44:00+00:00,24.93,28.227931460625477,28.227931460625477,,2,-3.2979314606254775,3.2979314606254775
DUISBURG-MEIDERICH SCHLEUSE UW,2026-06-30 07:44:00+00:00,18.21,22.32599615319114,22.32599615319114,,2,-4.115996153191141,4.115996153191141
BINGEN,2026-06-30 07:45:00+00:00,106.0,106.585013099321,106.585013099321,,2,-0.585013099321003,0.585013099321003
BONN,2026-06-30 07:45:00+00:00,136.0,140.06995740262565,140.06995740262565,,2,-4.069957402625647,4.069957402625647
BREISACH,2026-06-30 07:45:00+00:00,193.0,186.64193310429522,186.64193310429522,,2,6.358066895704781,6.358066895704781
Basel-Rheinhalle,2026-06-30 07:45:00+00:00,517.0,520.0804379175811,520.0804379175811,,2,-3.0804379175810936,3.0804379175810936
DUISBURG-MEIDERICH SCHLEUSE OW,2026-06-30 07:45:00+00:00,24.93,25.01039566081844,25.01039566081844,,3,-0.0803956608184393,0.0803956608184393
DUISBURG-MEIDERICH SCHLEUSE UW,2026-06-30 07:45:00+00:00,18.21,18.32631217621006,18.32631217621006,,3,-0.11631217621005874,0.11631217621005874
DUISBURG-RUHRORT,2026-06-30 07:45:00+00:00,215.0,215.13397451697648,215.0536223464224,0.0,3,-0.053622346422400824,0.053622346422400824
DÜSSELDORF,2026-06-30 07:45:00+00:00,85.0,82.9997659740991,82.9997659740991,,3,2.0002340259008946,2.0002340259008946
EMMERICH,2026-06-30 07:45:00+00:00,53.0,52.29526527911011,52.29526527911011,,3,0.7047347208898884,0.7047347208898884
IFFEZHEIM,2026-06-30 07:45:00+00:00,141.0,141.27571940404547,145.6161213980632,1.0,3,-4.6161213980632,4.6161213980632
KAUB,2026-06-30 07:45:00+00:00,91.0,92.30575210913447,92.30575210913447,,3,-1.305752109134474,1.305752109134474
KOBLENZ,2026-06-30 07:45:00+00:00,87.0,85.15915536585304,85.13187343806885,0.0,3,1.868126561931149,1.868126561931149
KONSTANZ-RHEIN,2026-06-30 07:45:00+00:00,314.0,313.6839958010083,313.6839958010083,,3,0.3160041989917204,0.3160041989917204
Koblenz OP,2026-06-30 07:45:00+00:00,205.0,205.06713637199383,205.06713637199383,,3,-0.0671363719938256,0.0671363719938256
Koblenz UP,2026-06-30 07:45:00+00:00,67.0,58.879480164802196,58.879480164802196,3.0,3,8.120519835197804,8.120519835197804
KÖLN,2026-06-30 07:45:00+00:00,133.0,133.3762304211405,133.17135456625888,0.0,3,-0.17135456625888423,0.17135456625888423
MAINZ,2026-06-30 07:45:00+00:00,185.0,184.89034535822188,184.89034535822188,,3,0.10965464177812123,0.10965464177812123
MANNHEIM,2026-06-30 07:45:00+00:00,166.0,165.95815361977003,166.37221366000355,0.0,3,-0.3722136600035526,0.3722136600035526
MAXAU,2026-06-30 07:45:00+00:00,404.0,405.62550745535685,405.6506701164683,1.0,3,-1.6506701164682909,1.6506701164682909
REES,2026-06-30 07:45:00+00:00,97.0,96.37852086015022,96.37852086015022,,3,0.6214791398497823,0.6214791398497823
RHEINE UNTERSCHLEUSE,2026-06-30 07:45:00+00:00,193.0,185.18816926970965,185.18816926970965,2.0,3,7.811830730290353,7.811830730290353
RHEINWEILER,2026-06-30 07:45:00+00:00,223.0,222.92034810663336,222.92034810663336,,3,0.0796518933666448,0.0796518933666448
SANKT GOAR,2026-06-30 07:45:00+00:00,182.0,181.05815990842544,181.13664278363188,0.0,3,0.8633572163681151,0.8633572163681151
SPEYER,2026-06-30 07:45:00+00:00,260.0,260.71249083544484,261.0520229516927,1.0,3,-1.0520229516927202,1.0520229516927202
WESEL,2026-06-30 07:45:00+00:00,155.0,151.42160536055425,152.51324090735136,0.0,3,2.48675909264864,2.48675909264864
WORMS,2026-06-30 07:45:00+00:00,74.0,73.74144349995288,74.83391061072375,0.0,3,-0.8339106107237484,0.8339106107237484
DUISBURG-MEIDERICH SCHLEUSE OW,2026-06-30 07:46:00+00:00,24.93,25.01039566081844,25.01039566081844,,3,-0.0803956608184393,0.0803956608184393
DUISBURG-MEIDERICH SCHLEUSE UW,2026-06-30 07:46:00+00:00,18.21,18.32631217621006,18.32631217621006,,3,-0.11631217621005874,0.11631217621005874
DUISBURG-MEIDERICH SCHLEUSE OW,2026-06-30 07:47:00+00:00,24.93,25.01039566081844,25.01039566081844,,3,-0.0803956608184393,0.0803956608184393
DUISBURG-MEIDERICH SCHLEUSE UW,2026-06-30 07:47:00+00:00,18.21,18.32631217621006,18.32631217621006,,3,-0.11631217621005874,0.11631217621005874
DUISBURG-MEIDERICH SCHLEUSE OW,2026-06-30 07:48:00+00:00,24.93,25.01039566081844,25.01039566081844,,3,-0.0803956608184393,0.0803956608184393
DUISBURG-MEIDERICH SCHLEUSE UW,2026-06-30 07:48:00+00:00,18.21,18.32631217621006,18.32631217621006,,3,-0.11631217621005874,0.11631217621005874
DUISBURG-MEIDERICH SCHLEUSE OW,2026-06-30 07:49:00+00:00,24.94,25.01039566081844,25.01039566081844,,3,-0.07039566081843773,0.07039566081843773
DUISBURG-MEIDERICH SCHLEUSE UW,2026-06-30 07:49:00+00:00,18.21,18.32631217621006,18.32631217621006,,3,-0.11631217621005874,0.11631217621005874
Basel-Rheinhalle,2026-06-30 07:50:00+00:00,517.0,518.8292999274372,518.8292999274372,,3,-1.829299927437205,1.829299927437205
DUISBURG-MEIDERICH SCHLEUSE OW,2026-06-30 07:50:00+00:00,24.94,25.149303589179144,25.149303589179144,,3,-0.20930358917914305,0.20930358917914305
DUISBURG-MEIDERICH SCHLEUSE UW,2026-06-30 07:50:00+00:00,18.21,18.32631217621006,18.32631217621006,,3,-0.11631217621005874,0.11631217621005874
LOBITH,2026-06-30 07:50:00+00:00,705.0,703.4216862639358,703.4216862639358,,3,1.5783137360641604,1.5783137360641604
DUISBURG-MEIDERICH SCHLEUSE OW,2026-06-30 07:51:00+00:00,24.94,25.149303589179144,25.149303589179144,,3,-0.20930358917914305,0.20930358917914305
DUISBURG-MEIDERICH SCHLEUSE UW,2026-06-30 07:51:00+00:00,18.21,18.32631217621006,18.32631217621006,,3,-0.11631217621005874,0.11631217621005874
DUISBURG-MEIDERICH SCHLEUSE OW,2026-06-30 07:52:00+00:00,24.94,25.10175503848611,25.10175503848611,,3,-0.16175503848610973,0.16175503848610973
DUISBURG-MEIDERICH SCHLEUSE UW,2026-06-30 07:52:00+00:00,18.21,18.32631217621006,18.32631217621006,,3,-0.11631217621005874,0.11631217621005874
DUISBURG-MEIDERICH SCHLEUSE OW,2026-06-30 07:53:00+00:00,24.94,25.10175503848611,25.10175503848611,,3,-0.16175503848610973,0.16175503848610973
DUISBURG-MEIDERICH SCHLEUSE UW,2026-06-30 07:53:00+00:00,18.21,18.32631217621006,18.32631217621006,,3,-0.11631217621005874,0.11631217621005874
DUISBURG-MEIDERICH SCHLEUSE OW,2026-06-30 07:54:00+00:00,24.94,25.10175503848611,25.10175503848611,,3,-0.16175503848610973,0.16175503848610973
DUISBURG-MEIDERICH SCHLEUSE UW,2026-06-30 07:54:00+00:00,18.21,18.32631217621006,18.32631217621006,,3,-0.11631217621005874,0.11631217621005874
Basel-Rheinhalle,2026-06-30 07:55:00+00:00,519.0,518.4286410346481,518.4286410346481,,3,0.5713589653519193,0.5713589653519193
DUISBURG-MEIDERICH SCHLEUSE OW,2026-06-30 07:55:00+00:00,24.94,25.10175503848611,25.10175503848611,,3,-0.16175503848610973,0.16175503848610973
DUISBURG-MEIDERICH SCHLEUSE UW,2026-06-30 07:55:00+00:00,18.21,18.32631217621006,18.32631217621006,,3,-0.11631217621005874,0.11631217621005874
DUISBURG-MEIDERICH SCHLEUSE OW,2026-06-30 07:56:00+00:00,24.95,25.10175503848611,25.10175503848611,,3,-0.15175503848611172,0.15175503848611172
DUISBURG-MEIDERICH SCHLEUSE UW,2026-06-30 07:56:00+00:00,18.21,18.32631217621006,18.32631217621006,,3,-0.11631217621005874,0.11631217621005874
DUISBURG-MEIDERICH SCHLEUSE OW,2026-06-30 07:57:00+00:00,24.95,25.149303589179144,25.149303589179144,,3,-0.19930358917914504,0.19930358917914504
DUISBURG-MEIDERICH SCHLEUSE UW,2026-06-30 07:57:00+00:00,18.21,18.32631217621006,18.32631217621006,,3,-0.11631217621005874,0.11631217621005874
DUISBURG-MEIDERICH SCHLEUSE OW,2026-06-30 07:58:00+00:00,24.95,25.149303589179144,25.149303589179144,,3,-0.19930358917914504,0.19930358917914504
DUISBURG-MEIDERICH SCHLEUSE UW,2026-06-30 07:58:00+00:00,18.21,18.32631217621006,18.32631217621006,,3,-0.11631217621005874,0.11631217621005874
DUISBURG-MEIDERICH SCHLEUSE OW,2026-06-30 07:59:00+00:00,24.95,25.10175503848611,25.10175503848611,,3,-0.15175503848611172,0.15175503848611172
DUISBURG-MEIDERICH SCHLEUSE UW,2026-06-30 07:59:00+00:00,18.21,18.32631217621006,18.32631217621006,,3,-0.11631217621005874,0.11631217621005874
BINGEN,2026-06-30 08:00:00+00:00,106.0,106.27905633375094,106.27905633375094,,3,-0.27905633375094396,0.27905633375094396
BONN,2026-06-30 08:00:00+00:00,137.0,138.38852724772087,138.38852724772087,,3,-1.388527247720873,1.388527247720873
BREISACH,2026-06-30 08:00:00+00:00,190.0,193.89758669039534,193.89758669039534,,3,-3.897586690395343,3.897586690395343
Basel-Rheinhalle,2026-06-30 08:00:00+00:00,520.0,518.4286410346481,518.4286410346481,,3,1.5713589653519193,1.5713589653519193
DUISBURG-MEIDERICH SCHLEUSE OW,2026-06-30 08:00:00+00:00,24.95,25.788444594764165,25.788444594764165,,3,-0.8384445947641659,0.8384445947641659
DUISBURG-MEIDERICH SCHLEUSE UW,2026-06-30 08:00:00+00:00,18.21,18.7399890886903,18.7399890886903,,3,-0.5299890886903,0.5299890886903
DUISBURG-RUHRORT,2026-06-30 08:00:00+00:00,215.0,215.2183371088009,213.39272622789534,0.0,3,1.6072737721046622,1.6072737721046622
DÜSSELDORF,2026-06-30 08:00:00+00:00,85.0,82.74003269209972,82.74003269209972,,3,2.2599673079002827,2.2599673079002827
EMMERICH,2026-06-30 08:00:00+00:00,54.0,53.34291568991128,53.34291568991128,,3,0.6570843100887203,0.6570843100887203
IFFEZHEIM,2026-06-30 08:00:00+00:00,140.0,141.59736155764443,146.03302452243193,1.0,3,-6.03302452243193,6.03302452243193
KAUB,2026-06-30 08:00:00+00:00,91.0,92.34826698032562,92.34826698032562,,3,-1.3482669803256186,1.3482669803256186
KOBLENZ,2026-06-30 08:00:00+00:00,88.0,84.86008944197802,84.07341444986089,0.0,3,3.9265855501391087,3.9265855501391087
KONSTANZ-RHEIN,2026-06-30 08:00:00+00:00,314.0,313.52104647124224,313.52104647124224,,3,0.47895352875775643,0.47895352875775643
Koblenz OP,2026-06-30 08:00:00+00:00,207.0,204.82857986863652,204.82857986863652,,3,2.171420131363476,2.171420131363476
Koblenz UP,2026-06-30 08:00:00+00:00,67.0,54.78843374697235,54.78843374697235,3.0,3,12.211566253027648,12.211566253027648
KÖLN,2026-06-30 08:00:00+00:00,132.0,133.57361816161844,133.18148701087094,0.0,3,-1.1814870108709385,1.1814870108709385
LOBITH,2026-06-30 08:00:00+00:00,704.0,705.9219508769947,705.9219508769947,,3,-1.9219508769947424,1.9219508769947424
MAINZ,2026-06-30 08:00:00+00:00,184.0,186.25867644439805,186.25867644439805,,3,-2.2586764443980485,2.2586764443980485
MANNHEIM,2026-06-30 08:00:00+00:00,167.0,165.58061274459178,166.32916879032396,0.0,3,0.670831209676038,0.670831209676038
MAXAU,2026-06-30 08:00:00+00:00,404.0,405.8863176849968,406.7273337752053,1.0,3,-2.7273337752052953,2.7273337752052953
REES,2026-06-30 08:00:00+00:00,97.0,96.00464527077101,96.00464527077101,,3,0.9953547292289926,0.9953547292289926
RHEINE UNTERSCHLEUSE,2026-06-30 08:00:00+00:00,193.0,192.5851995827139,192.5851995827139,2.0,3,0.4148004172861022,0.4148004172861022
RHEINWEILER,2026-06-30 08:00:00+00:00,223.0,223.743660863966,223.743660863966,,3,-0.7436608639659994,0.7436608639659994
SANKT GOAR,2026-06-30 08:00:00+00:00,183.0,182.5567538986462,180.7244733997016,0.0,3,2.275526600298406,2.275526600298406
SPEYER,2026-06-30 08:00:00+00:00,260.0,260.59093963787194,260.9061826725468,1.0,3,-0.9061826725467768,0.9061826725467768
WESEL,2026-06-30 08:00:00+00:00,155.0,151.5262129341969,152.74253120302123,0.0,3,2.2574687969787703,2.2574687969787703
WORMS,2026-06-30 08:00:00+00:00,75.0,73.45766291445892,74.83179108563425,0.0,3,0.16820891436574925,0.16820891436574925
DUISBURG-MEIDERICH SCHLEUSE OW,2026-06-30 08:01:00+00:00,24.95,29.674787897214422,29.674787897214422,,3,-4.724787897214423,4.724787897214423
DUISBURG-MEIDERICH SCHLEUSE UW,2026-06-30 08:01:00+00:00,18.21,23.469177597994992,23.469177597994992,,3,-5.2591775979949915,5.2591775979949915
DUISBURG-MEIDERICH SCHLEUSE OW,2026-06-30 08:02:00+00:00,24.95,30.538650706878375,30.538650706878375,,3,-5.588650706878376,5.588650706878376
DUISBURG-MEIDERICH SCHLEUSE UW,2026-06-30 08:02:00+00:00,18.21,24.333040407658945,24.333040407658945,,3,-6.123040407658944,6.123040407658944
DUISBURG-MEIDERICH SCHLEUSE OW,2026-06-30 08:03:00+00:00,24.95,31.318290309960624,31.318290309960624,,3,-6.368290309960624,6.368290309960624
DUISBURG-MEIDERICH SCHLEUSE UW,2026-06-30 08:03:00+00:00,18.21,25.352904471611907,25.352904471611907,,3,-7.142904471611907,7.142904471611907
DUISBURG-MEIDERICH SCHLEUSE OW,2026-06-30 08:04:00+00:00,24.95,31.318290309960624,31.318290309960624,,3,-6.368290309960624,6.368290309960624
DUISBURG-MEIDERICH SCHLEUSE UW,2026-06-30 08:04:00+00:00,18.21,25.352904471611907,25.352904471611907,,3,-7.142904471611907,7.142904471611907
Basel-Rheinhalle,2026-06-30 08:05:00+00:00,521.0,518.1454721399849,518.1454721399849,,3,2.8545278600150823,2.8545278600150823
DUISBURG-MEIDERICH SCHLEUSE OW,2026-06-30 08:05:00+00:00,24.95,31.167683604337924,31.167683604337924,,3,-6.217683604337925,6.217683604337925
DUISBURG-MEIDERICH SCHLEUSE UW,2026-06-30 08:05:00+00:00,18.21,25.202297765989208,25.202297765989208,,3,-6.992297765989207,6.992297765989207
DUISBURG-MEIDERICH SCHLEUSE OW,2026-06-30 08:06:00+00:00,24.95,30.79607969550443,30.79607969550443,,3,-5.846079695504432,5.846079695504432
DUISBURG-MEIDERICH SCHLEUSE UW,2026-06-30 08:06:00+00:00,18.21,24.838215568332725,24.838215568332725,,3,-6.628215568332724,6.628215568332724
DUISBURG-MEIDERICH SCHLEUSE OW,2026-06-30 08:07:00+00:00,24.96,30.79607969550443,30.79607969550443,,3,-5.836079695504431,5.836079695504431
DUISBURG-MEIDERICH SCHLEUSE UW,2026-06-30 08:07:00+00:00,18.21,24.885764119025758,24.885764119025758,,3,-6.675764119025757,6.675764119025757
DUISBURG-MEIDERICH SCHLEUSE OW,2026-06-30 08:08:00+00:00,24.96,29.923935332974636,29.923935332974636,,3,-4.963935332974636,4.963935332974636
DUISBURG-MEIDERICH SCHLEUSE UW,2026-06-30 08:08:00+00:00,18.21,24.013619756495963,24.013619756495963,,3,-5.803619756495962,5.803619756495962
DUISBURG-MEIDERICH SCHLEUSE OW,2026-06-30 08:09:00+00:00,24.96,29.923935332974636,29.923935332974636,,3,-4.963935332974636,4.963935332974636
DUISBURG-MEIDERICH SCHLEUSE UW,2026-06-30 08:09:00+00:00,18.21,24.013619756495963,24.013619756495963,,3,-5.803619756495962,5.803619756495962
Basel-Rheinhalle,2026-06-30 08:10:00+00:00,525.0,517.6758838353642,517.6758838353642,,3,7.324116164635825,7.324116164635825
DUISBURG-MEIDERICH SCHLEUSE OW,2026-06-30 08:10:00+00:00,24.96,29.923935332974636,29.923935332974636,,3,-4.963935332974636,4.963935332974636
DUISBURG-MEIDERICH SCHLEUSE UW,2026-06-30 08:10:00+00:00,18.21,24.013619756495963,24.013619756495963,,3,-5.803619756495962,5.803619756495962
LOBITH,2026-06-30 08:10:00+00:00,705.0,705.6986783503827,705.6986783503827,,3,-0.6986783503826928,0.6986783503826928
DUISBURG-MEIDERICH SCHLEUSE OW,2026-06-30 08:11:00+00:00,24.96,29.923935332974636,29.923935332974636,,3,-4.963935332974636,4.963935332974636
DUISBURG-MEIDERICH SCHLEUSE UW,2026-06-30 08:11:00+00:00,18.21,23.96607120580293,23.96607120580293,,3,-5.756071205802929,5.756071205802929
DUISBURG-MEIDERICH SCHLEUSE OW,2026-06-30 08:12:00+00:00,24.97,29.759296737716248,29.759296737716248,,3,-4.789296737716249,4.789296737716249
DUISBURG-MEIDERICH SCHLEUSE UW,2026-06-30 08:12:00+00:00,18.21,23.80143261054454,23.80143261054454,,3,-5.59143261054454,5.59143261054454
DUISBURG-MEIDERICH SCHLEUSE OW,2026-06-30 08:13:00+00:00,24.97,29.759296737716248,29.759296737716248,,3,-4.789296737716249,4.789296737716249
DUISBURG-MEIDERICH SCHLEUSE UW,2026-06-30 08:13:00+00:00,18.21,23.80143261054454,23.80143261054454,,3,-5.59143261054454,5.59143261054454
DUISBURG-MEIDERICH SCHLEUSE OW,2026-06-30 08:14:00+00:00,24.97,29.80684528840928,29.80684528840928,,3,-4.8368452884092825,4.8368452884092825
DUISBURG-MEIDERICH SCHLEUSE UW,2026-06-30 08:14:00+00:00,18.21,23.80143261054454,23.80143261054454,,3,-5.59143261054454,5.59143261054454
BINGEN,2026-06-30 08:15:00+00:00,105.0,106.2362932530422,106.2362932530422,,3,-1.2362932530422057,1.2362932530422057
BONN,2026-06-30 08:15:00+00:00,137.0,138.1215048007265,138.1215048007265,,3,-1.1215048007265125,1.1215048007265125
BREISACH,2026-06-30 08:15:00+00:00,189.0,190.7037694203898,190.7037694203898,,3,-1.70376942038979,1.70376942038979
Basel-Rheinhalle,2026-06-30 08:15:00+00:00,524.0,517.8365872769685,517.8365872769685,,3,6.163412723031456,6.163412723031456
DUISBURG-MEIDERICH SCHLEUSE OW,2026-06-30 08:15:00+00:00,24.97,29.80684528840928,29.80684528840928,,3,-4.8368452884092825,4.8368452884092825
DUISBURG-MEIDERICH SCHLEUSE UW,2026-06-30 08:15:00+00:00,18.21,23.80143261054454,23.80143261054454,,3,-5.59143261054454,5.59143261054454
DUISBURG-RUHRORT,2026-06-30 08:15:00+00:00,215.0,215.10261955647078,213.57346373019178,0.0,3,1.4265362698082242,1.4265362698082242
DÜSSELDORF,2026-06-30 08:15:00+00:00,86.0,82.57394754279083,82.57394754279083,,3,3.426052457209167,3.426052457209167
EMMERICH,2026-06-30 08:15:00+00:00,53.0,52.965819552937916,52.965819552937916,,3,0.03418044706208434,0.03418044706208434
IFFEZHEIM,2026-06-30 08:15:00+00:00,142.0,141.7192281357831,146.15257656231233,1.0,3,-4.152576562312333,4.152576562312333
KAUB,2026-06-30 08:15:00+00:00,91.0,92.36195816487987,92.36195816487987,,3,-1.3619581648798658,1.3619581648798658
KOBLENZ,2026-06-30 08:15:00+00:00,89.0,83.82002848849326,83.86162145705555,0.0,3,5.1383785429444515,5.1383785429444515
KONSTANZ-RHEIN,2026-06-30 08:15:00+00:00,314.0,312.713386522954,312.713386522954,,3,1.2866134770459894,1.2866134770459894
Koblenz OP,2026-06-30 08:15:00+00:00,206.0,205.4510958313186,205.4510958313186,,3,0.5489041686813891,0.5489041686813891
Koblenz UP,2026-06-30 08:15:00+00:00,67.0,53.37483769275249,53.37483769275249,3.0,3,13.625162307247507,13.625162307247507
KÖLN,2026-06-30 08:15:00+00:00,133.0,133.28076979646048,133.40817329003147,0.0,3,-0.4081732900314705,0.4081732900314705
MAINZ,2026-06-30 08:15:00+00:00,185.0,186.2658434151727,186.2658434151727,,3,-1.2658434151726965,1.2658434151726965
MANNHEIM,2026-06-30 08:15:00+00:00,166.0,165.11760433344895,166.00756659509136,0.0,3,-0.007566595091361705,0.007566595091361705
MAXAU,2026-06-30 08:15:00+00:00,404.0,405.34161363188986,406.7207472687927,1.0,3,-2.7207472687927066,2.7207472687927066
REES,2026-06-30 08:15:00+00:00,97.0,95.97793438529088,95.97793438529088,,3,1.0220656147091205,1.0220656147091205
RHEINE UNTERSCHLEUSE,2026-06-30 08:15:00+00:00,193.0,206.03169465549888,206.03169465549888,2.0,3,-13.031694655498882,13.031694655498882
RHEINWEILER,2026-06-30 08:15:00+00:00,223.0,222.4385315118648,222.4385315118648,,3,0.5614684881352048,0.5614684881352048
SANKT GOAR,2026-06-30 08:15:00+00:00,181.0,182.48209469691287,180.41827191351052,0.0,3,0.5817280864894769,0.5817280864894769
SPEYER,2026-06-30 08:15:00+00:00,260.0,259.97177379651276,261.43618694346634,1.0,3,-1.436186943466339,1.436186943466339
WESEL,2026-06-30 08:15:00+00:00,154.0,150.8407548805038,152.60643637947265,0.0,3,1.3935636205273454,1.3935636205273454
WORMS,2026-06-30 08:15:00+00:00,75.0,72.99332524952462,74.86141284471672,0.0,3,0.13858715528327537,0.13858715528327537
DUISBURG-MEIDERICH SCHLEUSE OW,2026-06-30 08:16:00+00:00,24.97,29.759296737716248,29.759296737716248,,3,-4.789296737716249,4.789296737716249
DUISBURG-MEIDERICH SCHLEUSE UW,2026-06-30 08:16:00+00:00,18.2,23.80143261054454,23.80143261054454,,3,-5.601432610544542,5.601432610544542
DUISBURG-MEIDERICH SCHLEUSE OW,2026-06-30 08:17:00+00:00,24.97,29.759296737716248,29.759296737716248,,3,-4.789296737716249,4.789296737716249
DUISBURG-MEIDERICH SCHLEUSE UW,2026-06-30 08:17:00+00:00,18.2,23.80143261054454,23.80143261054454,,3,-5.601432610544542,5.601432610544542
DUISBURG-MEIDERICH SCHLEUSE OW,2026-06-30 08:18:00+00:00,24.97,29.759296737716248,29.759296737716248,,3,-4.789296737716249,4.789296737716249
DUISBURG-MEIDERICH SCHLEUSE UW,2026-06-30 08:18:00+00:00,18.2,23.80143261054454,23.80143261054454,,3,-5.601432610544542,5.601432610544542
DUISBURG-MEIDERICH SCHLEUSE OW,2026-06-30 08:19:00+00:00,24.97,29.759296737716248,29.759296737716248,,3,-4.789296737716249,4.789296737716249
DUISBURG-MEIDERICH SCHLEUSE UW,2026-06-30 08:19:00+00:00,18.2,23.80143261054454,23.80143261054454,,3,-5.601432610544542,5.601432610544542
Basel-Rheinhalle,2026-06-30 08:20:00+00:00,522.0,517.9881935253044,517.9881935253044,,3,4.011806474695618,4.011806474695618
DUISBURG-MEIDERICH SCHLEUSE OW,2026-06-30 08:20:00+00:00,24.97,29.759296737716248,29.759296737716248,,3,-4.789296737716249,4.789296737716249
DUISBURG-MEIDERICH SCHLEUSE UW,2026-06-30 08:20:00+00:00,18.2,23.80143261054454,23.80143261054454,,3,-5.601432610544542,5.601432610544542
LOBITH,2026-06-30 08:20:00+00:00,706.0,704.522808122057,704.522808122057,,3,1.477191877943028,1.477191877943028
DUISBURG-MEIDERICH SCHLEUSE OW,2026-06-30 08:21:00+00:00,24.97,29.80684528840928,29.80684528840928,,3,-4.8368452884092825,4.8368452884092825
DUISBURG-MEIDERICH SCHLEUSE UW,2026-06-30 08:21:00+00:00,18.2,23.80143261054454,23.80143261054454,,3,-5.601432610544542,5.601432610544542
DUISBURG-MEIDERICH SCHLEUSE OW,2026-06-30 08:22:00+00:00,24.97,29.80684528840928,29.80684528840928,,3,-4.8368452884092825,4.8368452884092825
DUISBURG-MEIDERICH SCHLEUSE UW,2026-06-30 08:22:00+00:00,18.19,23.80143261054454,23.80143261054454,,3,-5.61143261054454,5.61143261054454
DUISBURG-MEIDERICH SCHLEUSE OW,2026-06-30 08:23:00+00:00,24.98,29.759296737716248,29.759296737716248,,3,-4.779296737716248,4.779296737716248
DUISBURG-MEIDERICH SCHLEUSE UW,2026-06-30 08:23:00+00:00,18.19,23.80143261054454,23.80143261054454,,3,-5.61143261054454,5.61143261054454
DUISBURG-MEIDERICH SCHLEUSE OW,2026-06-30 08:24:00+00:00,24.98,29.759296737716248,29.759296737716248,,3,-4.779296737716248,4.779296737716248
DUISBURG-MEIDERICH SCHLEUSE UW,2026-06-30 08:24:00+00:00,18.19,23.80143261054454,23.80143261054454,,3,-5.61143261054454,5.61143261054454
Basel-Rheinhalle,2026-06-30 08:25:00+00:00,522.0,517.7549297665141,517.7549297665141,,3,4.245070233485876,4.245070233485876
DUISBURG-MEIDERICH SCHLEUSE OW,2026-06-30 08:25:00+00:00,24.98,29.759296737716248,29.759296737716248,,3,-4.779296737716248,4.779296737716248
DUISBURG-MEIDERICH SCHLEUSE UW,2026-06-30 08:25:00+00:00,18.19,23.80143261054454,23.80143261054454,,3,-5.61143261054454,5.61143261054454
DUISBURG-MEIDERICH SCHLEUSE OW,2026-06-30 08:26:00+00:00,24.98,29.759296737716248,29.759296737716248,,3,-4.779296737716248,4.779296737716248
DUISBURG-MEIDERICH SCHLEUSE UW,2026-06-30 08:26:00+00:00,18.19,23.80143261054454,23.80143261054454,,3,-5.61143261054454,5.61143261054454
DUISBURG-MEIDERICH SCHLEUSE OW,2026-06-30 08:27:00+00:00,24.98,29.759296737716248,29.759296737716248,,3,-4.779296737716248,4.779296737716248
DUISBURG-MEIDERICH SCHLEUSE UW,2026-06-30 08:27:00+00:00,18.19,23.80143261054454,23.80143261054454,,3,-5.61143261054454,5.61143261054454
DUISBURG-MEIDERICH SCHLEUSE OW,2026-06-30 08:28:00+00:00,24.98,29.759296737716248,29.759296737716248,,3,-4.779296737716248,4.779296737716248
DUISBURG-MEIDERICH SCHLEUSE UW,2026-06-30 08:28:00+00:00,18.19,23.80143261054454,23.80143261054454,,3,-5.61143261054454,5.61143261054454
DUISBURG-MEIDERICH SCHLEUSE OW,2026-06-30 08:29:00+00:00,24.98,29.759296737716248,29.759296737716248,,3,-4.779296737716248,4.779296737716248
DUISBURG-MEIDERICH SCHLEUSE UW,2026-06-30 08:29:00+00:00,18.19,23.80143261054454,23.80143261054454,,3,-5.61143261054454,5.61143261054454
BINGEN,2026-06-30 08:30:00+00:00,105.0,106.28697561036496,106.28697561036496,,3,-1.286975610364962,1.286975610364962
BONN,2026-06-30 08:30:00+00:00,136.0,138.8420446282988,138.8420446282988,,3,-2.842044628298794,2.842044628298794
BREISACH,2026-06-30 08:30:00+00:00,190.0,190.51860063163073,190.51860063163073,,3,-0.5186006316307328,0.5186006316307328
Basel-Rheinhalle,2026-06-30 08:30:00+00:00,522.0,517.3831682778184,517.3831682778184,,3,4.616831722181587,4.616831722181587
DUISBURG-MEIDERICH SCHLEUSE OW,2026-06-30 08:30:00+00:00,24.98,29.759296737716248,29.759296737716248,,3,-4.779296737716248,4.779296737716248
DUISBURG-MEIDERICH SCHLEUSE UW,2026-06-30 08:30:00+00:00,18.19,23.80143261054454,23.80143261054454,,3,-5.61143261054454,5.61143261054454
DUISBURG-RUHRORT,2026-06-30 08:30:00+00:00,216.0,214.99774055672717,213.4071552502682,0.0,3,2.592844749731796,2.592844749731796
DÜSSELDORF,2026-06-30 08:30:00+00:00,84.0,84.20522294735261,84.20522294735261,,3,-0.2052229473526097,0.2052229473526097
EMMERICH,2026-06-30 08:30:00+00:00,52.0,56.62733403580555,56.62733403580555,,3,-4.6273340358055535,4.6273340358055535
IFFEZHEIM,2026-06-30 08:30:00+00:00,140.0,142.07810625202166,146.08704422318664,1.0,3,-6.087044223186638,6.087044223186638
KAUB,2026-06-30 08:30:00+00:00,90.0,92.41264052220262,92.41264052220262,,3,-2.412640522202622,2.412640522202622
KOBLENZ,2026-06-30 08:30:00+00:00,90.0,83.88542797965853,83.98461419525971,0.0,3,6.015385804740291,6.015385804740291
KONSTANZ-RHEIN,2026-06-30 08:30:00+00:00,314.0,312.15829421043946,312.15829421043946,,3,1.8417057895605353,1.8417057895605353
Koblenz OP,2026-06-30 08:30:00+00:00,206.0,205.38711791274585,205.38711791274585,,3,0.6128820872541496,0.6128820872541496
Koblenz UP,2026-06-30 08:30:00+00:00,67.0,53.399803495389406,53.399803495389406,3.0,3,13.600196504610594,13.600196504610594
KÖLN,2026-06-30 08:30:00+00:00,132.0,134.00130962403276,133.30761806212095,0.0,3,-1.3076180621209517,1.3076180621209517
LOBITH,2026-06-30 08:30:00+00:00,703.0,703.6148477904219,703.6148477904219,,3,-0.6148477904218907,0.6148477904218907
MAINZ,2026-06-30 08:30:00+00:00,184.0,187.09335718410188,187.09335718410188,,3,-3.093357184101876,3.093357184101876
MANNHEIM,2026-06-30 08:30:00+00:00,166.0,164.97283370392086,166.23145861383327,0.0,3,-0.2314586138332686,0.2314586138332686
MAXAU,2026-06-30 08:30:00+00:00,404.0,405.3921514552718,406.7552186911447,1.0,3,-2.755218691144705,2.755218691144705
REES,2026-06-30 08:30:00+00:00,97.0,96.09870354964659,96.09870354964659,,3,0.9012964503534135,0.9012964503534135
RHEINE UNTERSCHLEUSE,2026-06-30 08:30:00+00:00,194.0,203.1167272431969,203.1167272431969,2.0,3,-9.116727243196891,9.116727243196891
RHEINWEILER,2026-06-30 08:30:00+00:00,223.0,222.0783236519677,222.0783236519677,,3,0.9216763480322925,0.9216763480322925
SANKT GOAR,2026-06-30 08:30:00+00:00,182.0,188.39145692472277,180.46884343653545,0.0,3,1.531156563464549,1.531156563464549
SPEYER,2026-06-30 08:30:00+00:00,260.0,259.97177379651276,261.02804943412644,1.0,3,-1.0280494341264443,1.0280494341264443
WESEL,2026-06-30 08:30:00+00:00,153.0,151.59414090439398,152.80591939556035,0.0,3,0.19408060443964814,0.19408060443964814
WORMS,2026-06-30 08:30:00+00:00,75.0,72.5562367293003,74.86141284471672,0.0,3,0.13858715528327537,0.13858715528327537
DUISBURG-MEIDERICH SCHLEUSE OW,2026-06-30 08:31:00+00:00,24.98,29.759296737716248,29.759296737716248,,3,-4.779296737716248,4.779296737716248
DUISBURG-MEIDERICH SCHLEUSE UW,2026-06-30 08:31:00+00:00,18.19,23.80143261054454,23.80143261054454,,3,-5.61143261054454,5.61143261054454
DUISBURG-MEIDERICH SCHLEUSE OW,2026-06-30 08:32:00+00:00,24.98,29.80684528840928,29.80684528840928,,3,-4.826845288409281,4.826845288409281
DUISBURG-MEIDERICH SCHLEUSE UW,2026-06-30 08:32:00+00:00,18.19,23.80143261054454,23.80143261054454,,3,-5.61143261054454,5.61143261054454
DUISBURG-MEIDERICH SCHLEUSE OW,2026-06-30 08:33:00+00:00,24.99,29.80684528840928,29.80684528840928,,3,-4.816845288409283,4.816845288409283
DUISBURG-MEIDERICH SCHLEUSE UW,2026-06-30 08:33:00+00:00,18.19,23.80143261054454,23.80143261054454,,3,-5.61143261054454,5.61143261054454
DUISBURG-MEIDERICH SCHLEUSE OW,2026-06-30 08:34:00+00:00,24.99,29.759296737716248,29.759296737716248,,3,-4.76929673771625,4.76929673771625
DUISBURG-MEIDERICH SCHLEUSE UW,2026-06-30 08:34:00+00:00,18.18,23.80143261054454,23.80143261054454,,3,-5.621432610544542,5.621432610544542
Basel-Rheinhalle,2026-06-30 08:35:00+00:00,522.0,517.8211194896305,517.8211194896305,,3,4.178880510369481,4.178880510369481
DUISBURG-MEIDERICH SCHLEUSE OW,2026-06-30 08:35:00+00:00,24.99,29.759296737716248,29.759296737716248,,3,-4.76929673771625,4.76929673771625
DUISBURG-MEIDERICH SCHLEUSE UW,2026-06-30 08:35:00+00:00,18.18,23.80143261054454,23.80143261054454,,3,-5.621432610544542,5.621432610544542
DUISBURG-MEIDERICH SCHLEUSE OW,2026-06-30 08:36:00+00:00,24.99,29.759296737716248,29.759296737716248,,3,-4.76929673771625,4.76929673771625
DUISBURG-MEIDERICH SCHLEUSE UW,2026-06-30 08:36:00+00:00,18.18,23.80143261054454,23.80143261054454,,3,-5.621432610544542,5.621432610544542
DUISBURG-MEIDERICH SCHLEUSE OW,2026-06-30 08:37:00+00:00,24.99,29.80684528840928,29.80684528840928,,3,-4.816845288409283,4.816845288409283
DUISBURG-MEIDERICH SCHLEUSE UW,2026-06-30 08:37:00+00:00,18.18,23.80143261054454,23.80143261054454,,3,-5.621432610544542,5.621432610544542
DUISBURG-MEIDERICH SCHLEUSE OW,2026-06-30 08:38:00+00:00,24.99,29.80684528840928,29.80684528840928,,3,-4.816845288409283,4.816845288409283
DUISBURG-MEIDERICH SCHLEUSE UW,2026-06-30 08:38:00+00:00,18.18,23.80143261054454,23.80143261054454,,3,-5.621432610544542,5.621432610544542
DUISBURG-MEIDERICH SCHLEUSE OW,2026-06-30 08:39:00+00:00,24.99,29.759296737716248,29.759296737716248,,3,-4.76929673771625,4.76929673771625
DUISBURG-MEIDERICH SCHLEUSE UW,2026-06-30 08:39:00+00:00,18.18,23.80143261054454,23.80143261054454,,3,-5.621432610544542,5.621432610544542
Basel-Rheinhalle,2026-06-30 08:40:00+00:00,523.0,517.5979772477087,517.5979772477087,,3,5.402022752291259,5.402022752291259
DUISBURG-MEIDERICH SCHLEUSE OW,2026-06-30 08:40:00+00:00,24.99,29.759296737716248,29.759296737716248,,3,-4.76929673771625,4.76929673771625
DUISBURG-MEIDERICH SCHLEUSE UW,2026-06-30 08:40:00+00:00,18.18,23.80143261054454,23.80143261054454,,3,-5.621432610544542,5.621432610544542
LOBITH,2026-06-30 08:40:00+00:00,703.0,703.6148477904219,703.6148477904219,,3,-0.6148477904218907,0.6148477904218907
DUISBURG-MEIDERICH SCHLEUSE OW,2026-06-30 08:41:00+00:00,24.99,29.759296737716248,29.759296737716248,,3,-4.76929673771625,4.76929673771625
DUISBURG-MEIDERICH SCHLEUSE UW,2026-06-30 08:41:00+00:00,18.18,23.848981161237575,23.848981161237575,,3,-5.668981161237575,5.668981161237575
DUISBURG-MEIDERICH SCHLEUSE OW,2026-06-30 08:42:00+00:00,24.99,29.759296737716248,29.759296737716248,,3,-4.76929673771625,4.76929673771625
DUISBURG-MEIDERICH SCHLEUSE UW,2026-06-30 08:42:00+00:00,18.18,23.848981161237575,23.848981161237575,,3,-5.668981161237575,5.668981161237575
DUISBURG-MEIDERICH SCHLEUSE OW,2026-06-30 08:43:00+00:00,24.99,29.759296737716248,29.759296737716248,,3,-4.76929673771625,4.76929673771625
DUISBURG-MEIDERICH SCHLEUSE UW,2026-06-30 08:43:00+00:00,18.18,23.80143261054454,23.80143261054454,,3,-5.621432610544542,5.621432610544542
DUISBURG-MEIDERICH SCHLEUSE OW,2026-06-30 08:44:00+00:00,24.99,29.759296737716248,29.759296737716248,,3,-4.76929673771625,4.76929673771625
DUISBURG-MEIDERICH SCHLEUSE UW,2026-06-30 08:44:00+00:00,18.18,23.80143261054454,23.80143261054454,,3,-5.621432610544542,5.621432610544542
BINGEN,2026-06-30 08:45:00+00:00,105.0,106.3209329065926,106.3209329065926,,3,-1.3209329065926028,1.3209329065926028
BONN,2026-06-30 08:45:00+00:00,137.0,139.2780086363168,139.2780086363168,,3,-2.278008636316798,2.278008636316798
BREISACH,2026-06-30 08:45:00+00:00,193.0,189.244330229548,189.244330229548,,3,3.7556697704519877,3.7556697704519877
Basel-Rheinhalle,2026-06-30 08:45:00+00:00,521.0,517.9057280141166,517.9057280141166,,3,3.094271985883438,3.094271985883438
DUISBURG-MEIDERICH SCHLEUSE OW,2026-06-30 08:45:00+00:00,25.0,29.759296737716248,29.759296737716248,,3,-4.759296737716248,4.759296737716248
DUISBURG-MEIDERICH SCHLEUSE UW,2026-06-30 08:45:00+00:00,18.18,23.80143261054454,23.80143261054454,,3,-5.621432610544542,5.621432610544542
DUISBURG-RUHRORT,2026-06-30 08:45:00+00:00,215.0,214.83747608077934,213.27066963329833,0.0,3,1.7293303667016744,1.7293303667016744
DÜSSELDORF,2026-06-30 08:45:00+00:00,82.0,84.87245131916718,84.87245131916718,,3,-2.872451319167183,2.872451319167183
EMMERICH,2026-06-30 08:45:00+00:00,53.0,56.624920474063565,56.624920474063565,,3,-3.6249204740635648,3.6249204740635648
IFFEZHEIM,2026-06-30 08:45:00+00:00,138.0,141.55038764907405,144.928482326584,1.0,3,-6.928482326584003,6.928482326584003
KAUB,2026-06-30 08:45:00+00:00,90.0,92.37949311220734,92.37949311220734,,3,-2.379493112207342,2.379493112207342
KOBLENZ,2026-06-30 08:45:00+00:00,90.0,84.80925535880036,83.05752930972231,0.0,3,6.942470690277688,6.942470690277688
KONSTANZ-RHEIN,2026-06-30 08:45:00+00:00,314.0,312.9004827418916,312.9004827418916,,3,1.099517258108392,1.099517258108392
Koblenz OP,2026-06-30 08:45:00+00:00,206.0,205.0875338922439,205.0875338922439,,3,0.9124661077561029,0.9124661077561029
Koblenz UP,2026-06-30 08:45:00+00:00,68.0,53.62336129877013,53.62336129877013,3.0,3,14.376638701229872,14.376638701229872
KÖLN,2026-06-30 08:45:00+00:00,132.0,134.4247567971473,133.35131650363462,0.0,3,-1.3513165036346209,1.3513165036346209
MAINZ,2026-06-30 08:45:00+00:00,184.0,186.94031076164168,186.94031076164168,,3,-2.9403107616416833,2.9403107616416833
MANNHEIM,2026-06-30 08:45:00+00:00,167.0,165.5600175504701,166.18021819607344,0.0,3,0.8197818039265599,0.8197818039265599
MAXAU,2026-06-30 08:45:00+00:00,403.0,405.626146848863,406.7552186911447,1.0,3,-3.755218691144705,3.755218691144705
REES,2026-06-30 08:45:00+00:00,98.0,96.31991746820593,96.31991746820593,,3,1.6800825317940706,1.6800825317940706
RHEINE UNTERSCHLEUSE,2026-06-30 08:45:00+00:00,194.0,194.50032546588437,194.50032546588437,2.0,3,-0.500325465884373,0.500325465884373
RHEINWEILER,2026-06-30 08:45:00+00:00,223.0,223.20620356823616,223.20620356823616,,3,-0.20620356823616248,0.20620356823616248
SANKT GOAR,2026-06-30 08:45:00+00:00,181.0,182.61945787834813,180.47677412825948,0.0,3,0.5232258717405216,0.5232258717405216
SPEYER,2026-06-30 08:45:00+00:00,261.0,260.3691233090242,260.87901600158153,1.0,3,0.12098399841846685,0.12098399841846685
WESEL,2026-06-30 08:45:00+00:00,154.0,152.11116845335337,152.85973642028063,0.0,3,1.1402635797193739,1.1402635797193739
WORMS,2026-06-30 08:45:00+00:00,75.0,72.90730053806051,74.87396378967087,0.0,3,0.12603621032913281,0.12603621032913281
DUISBURG-MEIDERICH SCHLEUSE OW,2026-06-30 08:46:00+00:00,25.0,29.759296737716248,29.759296737716248,,3,-4.759296737716248,4.759296737716248
DUISBURG-MEIDERICH SCHLEUSE UW,2026-06-30 08:46:00+00:00,18.19,23.80143261054454,23.80143261054454,,3,-5.61143261054454,5.61143261054454
DUISBURG-MEIDERICH SCHLEUSE OW,2026-06-30 08:47:00+00:00,25.0,29.775531617230506,29.775531617230506,,3,-4.775531617230506,4.775531617230506
DUISBURG-MEIDERICH SCHLEUSE UW,2026-06-30 08:47:00+00:00,18.19,23.848981161237575,23.848981161237575,,3,-5.658981161237573,5.658981161237573
DUISBURG-MEIDERICH SCHLEUSE OW,2026-06-30 08:48:00+00:00,25.0,29.82308016792354,29.82308016792354,,3,-4.823080167923539,4.823080167923539
DUISBURG-MEIDERICH SCHLEUSE UW,2026-06-30 08:48:00+00:00,18.19,23.848981161237575,23.848981161237575,,3,-5.658981161237573,5.658981161237573
DUISBURG-MEIDERICH SCHLEUSE OW,2026-06-30 08:49:00+00:00,25.0,29.82308016792354,29.82308016792354,,3,-4.823080167923539,4.823080167923539
DUISBURG-MEIDERICH SCHLEUSE UW,2026-06-30 08:49:00+00:00,18.19,23.80143261054454,23.80143261054454,,3,-5.61143261054454,5.61143261054454
Basel-Rheinhalle,2026-06-30 08:50:00+00:00,520.0,517.5887909058888,517.5887909058888,,3,2.4112090941112,2.4112090941112
DUISBURG-MEIDERICH SCHLEUSE OW,2026-06-30 08:50:00+00:00,25.0,29.775531617230506,29.775531617230506,,3,-4.775531617230506,4.775531617230506
DUISBURG-MEIDERICH SCHLEUSE UW,2026-06-30 08:50:00+00:00,18.19,23.80143261054454,23.80143261054454,,3,-5.61143261054454,5.61143261054454
LOBITH,2026-06-30 08:50:00+00:00,704.0,703.6148477904219,703.6148477904219,,3,0.38515220957810925,0.38515220957810925
DUISBURG-MEIDERICH SCHLEUSE OW,2026-06-30 08:51:00+00:00,25.0,29.775531617230506,29.775531617230506,,3,-4.775531617230506,4.775531617230506
DUISBURG-MEIDERICH SCHLEUSE UW,2026-06-30 08:51:00+00:00,18.19,23.80143261054454,23.80143261054454,,3,-5.61143261054454,5.61143261054454
DUISBURG-MEIDERICH SCHLEUSE OW,2026-06-30 08:52:00+00:00,25.0,29.775531617230506,29.775531617230506,,3,-4.775531617230506,4.775531617230506
DUISBURG-MEIDERICH SCHLEUSE UW,2026-06-30 08:52:00+00:00,18.19,23.80143261054454,23.80143261054454,,3,-5.61143261054454,5.61143261054454
DUISBURG-MEIDERICH SCHLEUSE OW,2026-06-30 08:53:00+00:00,25.0,29.775531617230506,29.775531617230506,,3,-4.775531617230506,4.775531617230506
DUISBURG-MEIDERICH SCHLEUSE UW,2026-06-30 08:53:00+00:00,18.19,23.80143261054454,23.80143261054454,,3,-5.61143261054454,5.61143261054454
DUISBURG-MEIDERICH SCHLEUSE OW,2026-06-30 08:54:00+00:00,25.0,29.775531617230506,29.775531617230506,,3,-4.775531617230506,4.775531617230506
DUISBURG-MEIDERICH SCHLEUSE UW,2026-06-30 08:54:00+00:00,18.2,23.80143261054454,23.80143261054454,,3,-5.601432610544542,5.601432610544542
Basel-Rheinhalle,2026-06-30 08:55:00+00:00,520.0,517.8938212611636,517.8938212611636,,3,2.1061787388364337,2.1061787388364337
DUISBURG-MEIDERICH SCHLEUSE OW,2026-06-30 08:55:00+00:00,25.0,29.775531617230506,29.775531617230506,,3,-4.775531617230506,4.775531617230506
DUISBURG-MEIDERICH SCHLEUSE UW,2026-06-30 08:55:00+00:00,18.2,23.80143261054454,23.80143261054454,,3,-5.601432610544542,5.601432610544542
DUISBURG-MEIDERICH SCHLEUSE OW,2026-06-30 08:56:00+00:00,25.0,29.775531617230506,29.775531617230506,,3,-4.775531617230506,4.775531617230506
DUISBURG-MEIDERICH SCHLEUSE UW,2026-06-30 08:56:00+00:00,18.2,23.80143261054454,23.80143261054454,,3,-5.601432610544542,5.601432610544542
DUISBURG-MEIDERICH SCHLEUSE OW,2026-06-30 08:57:00+00:00,25.0,29.78270231428274,29.78270231428274,,3,-4.782702314282741,4.782702314282741
DUISBURG-MEIDERICH SCHLEUSE UW,2026-06-30 08:57:00+00:00,18.2,23.80143261054454,23.80143261054454,,3,-5.601432610544542,5.601432610544542
DUISBURG-MEIDERICH SCHLEUSE OW,2026-06-30 08:58:00+00:00,25.0,29.830250864975774,29.830250864975774,,3,-4.830250864975774,4.830250864975774
DUISBURG-MEIDERICH SCHLEUSE UW,2026-06-30 08:58:00+00:00,18.2,23.80143261054454,23.80143261054454,,3,-5.601432610544542,5.601432610544542
DUISBURG-MEIDERICH SCHLEUSE OW,2026-06-30 08:59:00+00:00,25.0,29.830250864975774,29.830250864975774,,3,-4.830250864975774,4.830250864975774
DUISBURG-MEIDERICH SCHLEUSE UW,2026-06-30 08:59:00+00:00,18.2,23.848981161237575,23.848981161237575,,3,-5.648981161237575,5.648981161237575
BINGEN,2026-06-30 09:00:00+00:00,104.0,106.56175925688774,106.56175925688774,,3,-2.56175925688774,2.56175925688774
BONN,2026-06-30 09:00:00+00:00,136.0,140.16819755738607,140.16819755738607,,3,-4.1681975573860655,4.1681975573860655
BREISACH,2026-06-30 09:00:00+00:00,194.0,189.72433267561252,189.72433267561252,,3,4.275667324387484,4.275667324387484
Basel-Rheinhalle,2026-06-30 09:00:00+00:00,521.0,517.8382242938909,517.8382242938909,,3,3.161775706109097,3.161775706109097
DUISBURG-MEIDERICH SCHLEUSE OW,2026-06-30 09:00:00+00:00,25.0,27.206898109202893,27.206898109202893,,3,-2.2068981092028928,2.2068981092028928
DUISBURG-MEIDERICH SCHLEUSE UW,2026-06-30 09:00:00+00:00,18.2,21.181082007538393,21.181082007538393,,3,-2.9810820075383937,2.9810820075383937
DUISBURG-RUHRORT,2026-06-30 09:00:00+00:00,215.0,215.46216123212136,213.27106147988727,0.0,3,1.7289385201127345,1.7289385201127345
DÜSSELDORF,2026-06-30 09:00:00+00:00,83.0,82.58510161504279,82.58510161504279,,3,0.4148983849572119,0.4148983849572119
EMMERICH,2026-06-30 09:00:00+00:00,52.0,54.48754864655994,54.48754864655994,,3,-2.4875486465599366,2.4875486465599366
IFFEZHEIM,2026-06-30 09:00:00+00:00,141.0,142.111504554754,144.928482326584,1.0,3,-3.928482326584003,3.928482326584003
KAUB,2026-06-30 09:00:00+00:00,91.0,92.64605251752097,92.64605251752097,,3,-1.646052517520971,1.646052517520971
KOBLENZ,2026-06-30 09:00:00+00:00,90.0,83.07749029441398,81.98012311593025,0.0,3,8.019876884069745,8.019876884069745
KONSTANZ-RHEIN,2026-06-30 09:00:00+00:00,314.0,312.36688527121214,312.36688527121214,,3,1.6331147287878593,1.6331147287878593
Koblenz OP,2026-06-30 09:00:00+00:00,205.0,202.73065412123321,202.73065412123321,,3,2.269345878766785,2.269345878766785
Koblenz UP,2026-06-30 09:00:00+00:00,69.0,50.68612275002632,50.68612275002632,3.0,3,18.31387724997368,18.31387724997368
KÖLN,2026-06-30 09:00:00+00:00,132.0,135.06626357172573,133.37130920501104,0.0,3,-1.3713092050110447,1.3713092050110447
LOBITH,2026-06-30 09:00:00+00:00,703.0,704.7283200275997,704.7283200275997,,3,-1.7283200275996933,1.7283200275996933
MAINZ,2026-06-30 09:00:00+00:00,185.0,187.4496677720384,187.4496677720384,,3,-2.4496677720383957,2.4496677720383957
MANNHEIM,2026-06-30 09:00:00+00:00,166.0,164.48023015066738,166.10081642139176,0.0,3,-0.10081642139175528,0.10081642139175528
MAXAU,2026-06-30 09:00:00+00:00,403.0,405.16992589736446,406.63617405858264,1.0,3,-3.6361740585826396,3.6361740585826396
REES,2026-06-30 09:00:00+00:00,97.0,94.55721138263324,94.55721138263324,,3,2.442788617366759,2.442788617366759
RHEINE UNTERSCHLEUSE,2026-06-30 09:00:00+00:00,194.0,192.5253370552493,192.5253370552493,2.0,3,1.4746629447506905,1.4746629447506905
RHEINWEILER,2026-06-30 09:00:00+00:00,223.0,223.42461986072578,223.42461986072578,,3,-0.42461986072578384,0.42461986072578384
SANKT GOAR,2026-06-30 09:00:00+00:00,182.0,181.34146424698716,180.10216297683985,0.0,3,1.8978370231601502,1.8978370231601502
SPEYER,2026-06-30 09:00:00+00:00,260.0,259.1124896991379,261.16503745854743,1.0,3,-1.165037458547431,1.165037458547431
WESEL,2026-06-30 09:00:00+00:00,154.0,151.52460170883273,152.908624748268,0.0,3,1.0913752517319892,1.0913752517319892
WORMS,2026-06-30 09:00:00+00:00,75.0,72.42669169141995,74.70949095168626,0.0,3,0.29050904831373714,0.29050904831373714
DUISBURG-MEIDERICH SCHLEUSE OW,2026-06-30 09:01:00+00:00,25.0,26.855443211524484,26.855443211524484,,3,-1.8554432115244843,1.8554432115244843
DUISBURG-MEIDERICH SCHLEUSE UW,2026-06-30 09:01:00+00:00,18.2,20.63791727936711,20.63791727936711,,3,-2.4379172793671096,2.4379172793671096
DUISBURG-MEIDERICH SCHLEUSE OW,2026-06-30 09:02:00+00:00,25.0,26.755473786303885,26.755473786303885,,3,-1.7554737863038845,1.7554737863038845
DUISBURG-MEIDERICH SCHLEUSE UW,2026-06-30 09:02:00+00:00,18.2,20.53794785414651,20.53794785414651,,3,-2.3379478541465097,2.3379478541465097
DUISBURG-MEIDERICH SCHLEUSE OW,2026-06-30 09:03:00+00:00,25.0,27.221869675984955,27.221869675984955,,3,-2.221869675984955,2.221869675984955
DUISBURG-MEIDERICH SCHLEUSE UW,2026-06-30 09:03:00+00:00,18.2,21.252410322682564,21.252410322682564,,3,-3.052410322682565,3.052410322682565
DUISBURG-MEIDERICH SCHLEUSE OW,2026-06-30 09:04:00+00:00,25.0,27.257628526261332,27.257628526261332,,3,-2.257628526261332,2.257628526261332
DUISBURG-MEIDERICH SCHLEUSE UW,2026-06-30 09:04:00+00:00,18.21,21.28816917295894,21.28816917295894,,3,-3.0781691729589404,3.0781691729589404
Basel-Rheinhalle,2026-06-30 09:05:00+00:00,516.0,517.3589148077066,517.3589148077066,,3,-1.358914807706583,1.358914807706583
DUISBURG-MEIDERICH SCHLEUSE OW,2026-06-30 09:05:00+00:00,25.0,27.257628526261332,27.257628526261332,,3,-2.257628526261332,2.257628526261332
DUISBURG-MEIDERICH SCHLEUSE UW,2026-06-30 09:05:00+00:00,18.21,21.28816917295894,21.28816917295894,,3,-3.0781691729589404,3.0781691729589404
DUISBURG-MEIDERICH SCHLEUSE OW,2026-06-30 09:06:00+00:00,25.0,27.25457536881868,27.25457536881868,,3,-2.2545753688186814,2.2545753688186814
DUISBURG-MEIDERICH SCHLEUSE UW,2026-06-30 09:06:00+00:00,18.21,21.28511601551629,21.28511601551629,,3,-3.07511601551629,3.07511601551629
DUISBURG-MEIDERICH SCHLEUSE OW,2026-06-30 09:07:00+00:00,25.0,27.25457536881868,27.25457536881868,,3,-2.2545753688186814,2.2545753688186814
DUISBURG-MEIDERICH SCHLEUSE UW,2026-06-30 09:07:00+00:00,18.21,21.28511601551629,21.28511601551629,,3,-3.07511601551629,3.07511601551629
DUISBURG-MEIDERICH SCHLEUSE OW,2026-06-30 09:08:00+00:00,25.0,27.25457536881868,27.25457536881868,,3,-2.2545753688186814,2.2545753688186814
DUISBURG-MEIDERICH SCHLEUSE UW,2026-06-30 09:08:00+00:00,18.21,21.28511601551629,21.28511601551629,,3,-3.07511601551629,3.07511601551629
DUISBURG-MEIDERICH SCHLEUSE OW,2026-06-30 09:09:00+00:00,25.01,27.180870456099928,27.180870456099928,,3,-2.1708704560999266,2.1708704560999266
DUISBURG-MEIDERICH SCHLEUSE UW,2026-06-30 09:09:00+00:00,18.21,21.211411102797538,21.211411102797538,,3,-3.0014111027975368,3.0014111027975368
Basel-Rheinhalle,2026-06-30 09:10:00+00:00,514.0,517.3589148077066,517.3589148077066,,3,-3.358914807706583,3.358914807706583
DUISBURG-MEIDERICH SCHLEUSE OW,2026-06-30 09:10:00+00:00,25.01,27.22841900679296,27.22841900679296,,3,-2.21841900679296,2.21841900679296
DUISBURG-MEIDERICH SCHLEUSE UW,2026-06-30 09:10:00+00:00,18.21,21.211411102797538,21.211411102797538,,3,-3.0014111027975368,3.0014111027975368
LOBITH,2026-06-30 09:10:00+00:00,704.0,704.2710628768967,704.2710628768967,,3,-0.27106287689673536,0.27106287689673536
DUISBURG-MEIDERICH SCHLEUSE OW,2026-06-30 09:11:00+00:00,25.01,27.22841900679296,27.22841900679296,,3,-2.21841900679296,2.21841900679296
DUISBURG-MEIDERICH SCHLEUSE UW,2026-06-30 09:11:00+00:00,18.21,21.25895965349057,21.25895965349057,,3,-3.04895965349057,3.04895965349057
DUISBURG-MEIDERICH SCHLEUSE OW,2026-06-30 09:12:00+00:00,25.01,27.180870456099928,27.180870456099928,,3,-2.1708704560999266,2.1708704560999266
DUISBURG-MEIDERICH SCHLEUSE UW,2026-06-30 09:12:00+00:00,18.21,21.25895965349057,21.25895965349057,,3,-3.04895965349057,3.04895965349057
DUISBURG-MEIDERICH SCHLEUSE OW,2026-06-30 09:13:00+00:00,25.01,27.180870456099928,27.180870456099928,,3,-2.1708704560999266,2.1708704560999266
DUISBURG-MEIDERICH SCHLEUSE UW,2026-06-30 09:13:00+00:00,18.21,21.211411102797538,21.211411102797538,,3,-3.0014111027975368,3.0014111027975368
DUISBURG-MEIDERICH SCHLEUSE OW,2026-06-30 09:14:00+00:00,25.01,27.180870456099928,27.180870456099928,,3,-2.1708704560999266,2.1708704560999266
DUISBURG-MEIDERICH SCHLEUSE UW,2026-06-30 09:14:00+00:00,18.21,21.211411102797538,21.211411102797538,,3,-3.0014111027975368,3.0014111027975368
BINGEN,2026-06-30 09:15:00+00:00,105.0,106.17094004457665,106.17094004457665,,3,-1.1709400445766533,1.1709400445766533
BONN,2026-06-30 09:15:00+00:00,137.0,139.62937668108293,139.62937668108293,,3,-2.629376681082931,2.629376681082931
BREISACH,2026-06-30 09:15:00+00:00,195.0,189.0556256461283,189.0556256461283,,3,5.944374353871694,5.944374353871694
Basel-Rheinhalle,2026-06-30 09:15:00+00:00,516.0,517.4679321548224,517.4679321548224,,3,-1.4679321548223925,1.4679321548223925
DUISBURG-MEIDERICH SCHLEUSE OW,2026-06-30 09:15:00+00:00,25.01,27.180870456099928,27.180870456099928,,3,-2.1708704560999266,2.1708704560999266
DUISBURG-MEIDERICH SCHLEUSE UW,2026-06-30 09:15:00+00:00,18.21,21.211411102797538,21.211411102797538,,3,-3.0014111027975368,3.0014111027975368
DUISBURG-RUHRORT,2026-06-30 09:15:00+00:00,216.0,215.41664960985187,213.27254191410412,0.0,3,2.7274580858958757,2.7274580858958757
DÜSSELDORF,2026-06-30 09:15:00+00:00,86.0,82.43379688416765,82.43379688416765,,3,3.5662031158323515,3.5662031158323515
EMMERICH,2026-06-30 09:15:00+00:00,53.0,53.45923745108045,53.45923745108045,,3,-0.45923745108044756,0.45923745108044756
IFFEZHEIM,2026-06-30 09:15:00+00:00,138.0,137.6315798555084,144.928482326584,1.0,3,-6.928482326584003,6.928482326584003
KAUB,2026-06-30 09:15:00+00:00,91.0,91.98210353726469,91.98210353726469,,3,-0.9821035372646918,0.9821035372646918
KOBLENZ,2026-06-30 09:15:00+00:00,91.0,80.66881655665925,81.96809952704425,0.0,3,9.031900472955755,9.031900472955755
KONSTANZ-RHEIN,2026-06-30 09:15:00+00:00,314.0,311.7484576763994,311.7484576763994,,3,2.2515423236005745,2.2515423236005745
Koblenz OP,2026-06-30 09:15:00+00:00,205.0,202.8255470815899,202.8255470815899,,3,2.174452918410111,2.174452918410111
Koblenz UP,2026-06-30 09:15:00+00:00,69.0,49.724446022007974,49.724446022007974,3.0,3,19.275553977992026,19.275553977992026
KÖLN,2026-06-30 09:15:00+00:00,131.0,134.64399892219035,133.23455112493593,0.0,3,-2.2345511249359333,2.2345511249359333
MAINZ,2026-06-30 09:15:00+00:00,184.0,187.25149248687146,187.25149248687146,,3,-3.251492486871456,3.251492486871456
MANNHEIM,2026-06-30 09:15:00+00:00,166.0,164.25412124514037,166.16712471267005,0.0,3,-0.16712471267004503,0.16712471267004503
MAXAU,2026-06-30 09:15:00+00:00,403.0,404.7097809958543,406.63617405858264,1.0,3,-3.6361740585826396,3.6361740585826396
REES,2026-06-30 09:15:00+00:00,97.0,94.01222727500249,94.01222727500249,,3,2.9877727249975123,2.9877727249975123
RHEINE UNTERSCHLEUSE,2026-06-30 09:15:00+00:00,194.0,188.99612873556035,188.99612873556035,2.0,3,5.003871264439653,5.003871264439653
RHEINWEILER,2026-06-30 09:15:00+00:00,223.0,223.09131845828466,223.09131845828466,,3,-0.09131845828466112,0.09131845828466112
SANKT GOAR,2026-06-30 09:15:00+00:00,182.0,180.94256658124124,180.09423228511582,0.0,3,1.9057677148841776,1.9057677148841776
SPEYER,2026-06-30 09:15:00+00:00,261.0,259.0267869144218,261.3164076757111,1.0,3,-0.31640767571110473,0.31640767571110473
WESEL,2026-06-30 09:15:00+00:00,153.0,151.0311261504002,152.80350116493005,0.0,3,0.1964988350699457,0.1964988350699457
WORMS,2026-06-30 09:15:00+00:00,75.0,72.07886405489346,74.7007545781361,0.0,3,0.29924542186390113,0.29924542186390113
DUISBURG-MEIDERICH SCHLEUSE OW,2026-06-30 09:16:00+00:00,25.01,27.180870456099928,27.180870456099928,,3,-2.1708704560999266,2.1708704560999266
DUISBURG-MEIDERICH SCHLEUSE UW,2026-06-30 09:16:00+00:00,18.21,21.211411102797538,21.211411102797538,,3,-3.0014111027975368,3.0014111027975368
DUISBURG-MEIDERICH SCHLEUSE OW,2026-06-30 09:17:00+00:00,25.01,27.180870456099928,27.180870456099928,,3,-2.1708704560999266,2.1708704560999266
DUISBURG-MEIDERICH SCHLEUSE UW,2026-06-30 09:17:00+00:00,18.21,21.211411102797538,21.211411102797538,,3,-3.0014111027975368,3.0014111027975368
DUISBURG-MEIDERICH SCHLEUSE OW,2026-06-30 09:18:00+00:00,25.01,27.180870456099928,27.180870456099928,,3,-2.1708704560999266,2.1708704560999266
DUISBURG-MEIDERICH SCHLEUSE UW,2026-06-30 09:18:00+00:00,18.21,21.211411102797538,21.211411102797538,,3,-3.0014111027975368,3.0014111027975368
DUISBURG-MEIDERICH SCHLEUSE OW,2026-06-30 09:19:00+00:00,25.01,27.180870456099928,27.180870456099928,,3,-2.1708704560999266,2.1708704560999266
DUISBURG-MEIDERICH SCHLEUSE UW,2026-06-30 09:19:00+00:00,18.21,21.25895965349057,21.25895965349057,,3,-3.04895965349057,3.04895965349057
Basel-Rheinhalle,2026-06-30 09:20:00+00:00,518.0,517.6559134579949,517.6559134579949,,3,0.34408654200512956,0.34408654200512956
DUISBURG-MEIDERICH SCHLEUSE OW,2026-06-30 09:20:00+00:00,25.01,27.180870456099928,27.180870456099928,,3,-2.1708704560999266,2.1708704560999266
DUISBURG-MEIDERICH SCHLEUSE UW,2026-06-30 09:20:00+00:00,18.21,21.25895965349057,21.25895965349057,,3,-3.04895965349057,3.04895965349057
LOBITH,2026-06-30 09:20:00+00:00,704.0,704.1622744412705,704.1622744412705,,3,-0.1622744412704833,0.1622744412704833
DUISBURG-MEIDERICH SCHLEUSE OW,2026-06-30 09:21:00+00:00,25.01,27.180870456099928,27.180870456099928,,3,-2.1708704560999266,2.1708704560999266
DUISBURG-MEIDERICH SCHLEUSE UW,2026-06-30 09:21:00+00:00,18.21,21.211411102797538,21.211411102797538,,3,-3.0014111027975368,3.0014111027975368
DUISBURG-MEIDERICH SCHLEUSE OW,2026-06-30 09:22:00+00:00,25.01,27.180870456099928,27.180870456099928,,3,-2.1708704560999266,2.1708704560999266
DUISBURG-MEIDERICH SCHLEUSE UW,2026-06-30 09:22:00+00:00,18.21,21.211411102797538,21.211411102797538,,3,-3.0014111027975368,3.0014111027975368
DUISBURG-MEIDERICH SCHLEUSE OW,2026-06-30 09:23:00+00:00,25.01,27.180870456099928,27.180870456099928,,3,-2.1708704560999266,2.1708704560999266
DUISBURG-MEIDERICH SCHLEUSE UW,2026-06-30 09:23:00+00:00,18.21,21.211411102797538,21.211411102797538,,3,-3.0014111027975368,3.0014111027975368
DUISBURG-MEIDERICH SCHLEUSE OW,2026-06-30 09:24:00+00:00,25.01,27.180870456099928,27.180870456099928,,3,-2.1708704560999266,2.1708704560999266
DUISBURG-MEIDERICH SCHLEUSE UW,2026-06-30 09:24:00+00:00,18.21,21.211411102797538,21.211411102797538,,3,-3.0014111027975368,3.0014111027975368
Basel-Rheinhalle,2026-06-30 09:25:00+00:00,519.0,517.5777947833908,517.5777947833908,,3,1.4222052166091999,1.4222052166091999
DUISBURG-MEIDERICH SCHLEUSE OW,2026-06-30 09:25:00+00:00,25.01,27.180870456099928,27.180870456099928,,3,-2.1708704560999266,2.1708704560999266
DUISBURG-MEIDERICH SCHLEUSE UW,2026-06-30 09:25:00+00:00,18.2,21.211411102797538,21.211411102797538,,3,-3.0114111027975383,3.0114111027975383
DUISBURG-MEIDERICH SCHLEUSE OW,2026-06-30 09:26:00+00:00,25.01,27.180870456099928,27.180870456099928,,3,-2.1708704560999266,2.1708704560999266
DUISBURG-MEIDERICH SCHLEUSE UW,2026-06-30 09:26:00+00:00,18.2,21.211411102797538,21.211411102797538,,3,-3.0114111027975383,3.0114111027975383
DUISBURG-MEIDERICH SCHLEUSE OW,2026-06-30 09:27:00+00:00,25.01,27.180870456099928,27.180870456099928,,3,-2.1708704560999266,2.1708704560999266
DUISBURG-MEIDERICH SCHLEUSE UW,2026-06-30 09:27:00+00:00,18.21,21.211411102797538,21.211411102797538,,3,-3.0014111027975368,3.0014111027975368
DUISBURG-MEIDERICH SCHLEUSE OW,2026-06-30 09:28:00+00:00,25.01,27.180870456099928,27.180870456099928,,3,-2.1708704560999266,2.1708704560999266
DUISBURG-MEIDERICH SCHLEUSE UW,2026-06-30 09:28:00+00:00,18.21,21.211411102797538,21.211411102797538,,3,-3.0014111027975368,3.0014111027975368
DUISBURG-MEIDERICH SCHLEUSE OW,2026-06-30 09:29:00+00:00,25.01,27.180870456099928,27.180870456099928,,3,-2.1708704560999266,2.1708704560999266
DUISBURG-MEIDERICH SCHLEUSE UW,2026-06-30 09:29:00+00:00,18.21,21.25895965349057,21.25895965349057,,3,-3.04895965349057,3.04895965349057
BINGEN,2026-06-30 09:30:00+00:00,105.0,105.9899862963302,105.9899862963302,,3,-0.9899862963302013,0.9899862963302013
BONN,2026-06-30 09:30:00+00:00,136.0,139.37679704542927,139.37679704542927,,3,-3.376797045429271,3.376797045429271
BREISACH,2026-06-30 09:30:00+00:00,195.0,188.93612257607057,188.93612257607057,,3,6.063877423929426,6.063877423929426
Basel-Rheinhalle,2026-06-30 09:30:00+00:00,522.0,517.7261258711761,517.7261258711761,,3,4.273874128823877,4.273874128823877
DUISBURG-MEIDERICH SCHLEUSE OW,2026-06-30 09:30:00+00:00,25.01,27.180870456099928,27.180870456099928,,3,-2.1708704560999266,2.1708704560999266
DUISBURG-MEIDERICH SCHLEUSE UW,2026-06-30 09:30:00+00:00,18.21,21.25895965349057,21.25895965349057,,3,-3.04895965349057,3.04895965349057
DUISBURG-RUHRORT,2026-06-30 09:30:00+00:00,216.0,215.36394236048397,213.21240114884768,0.0,3,2.7875988511523246,2.7875988511523246
DÜSSELDORF,2026-06-30 09:30:00+00:00,86.0,83.41553842915731,83.41553842915731,,3,2.5844615708426915,2.5844615708426915
EMMERICH,2026-06-30 09:30:00+00:00,52.0,52.813233841432485,52.813233841432485,,3,-0.8132338414324849,0.8132338414324849
IFFEZHEIM,2026-06-30 09:30:00+00:00,136.0,137.70363735423666,144.9999096911959,1.0,3,-8.99990969119591,8.99990969119591
KAUB,2026-06-30 09:30:00+00:00,91.0,91.80114978901824,91.80114978901824,,3,-0.8011497890182397,0.8011497890182397
KOBLENZ,2026-06-30 09:30:00+00:00,91.0,81.76822092207492,81.72356366675064,0.0,3,9.276436333249364,9.276436333249364
KONSTANZ-RHEIN,2026-06-30 09:30:00+00:00,314.0,312.2379224739467,312.2379224739467,,3,1.7620775260533037,1.7620775260533037
Koblenz OP,2026-06-30 09:30:00+00:00,206.0,203.35415295000544,203.35415295000544,,3,2.6458470499945577,2.6458470499945577
Koblenz UP,2026-06-30 09:30:00+00:00,70.0,46.19852848693145,46.19852848693145,3.0,3,23.80147151306855,23.80147151306855
KÖLN,2026-06-30 09:30:00+00:00,131.0,134.41465497383808,133.07586365520433,0.0,3,-2.07586365520433,2.07586365520433
LOBITH,2026-06-30 09:30:00+00:00,703.0,703.0496741971259,703.0496741971259,,3,-0.049674197125909814,0.049674197125909814
MAINZ,2026-06-30 09:30:00+00:00,182.0,187.90550322959186,187.90550322959186,,3,-5.905503229591858,5.905503229591858
MANNHEIM,2026-06-30 09:30:00+00:00,166.0,164.885911295166,165.90136872378773,0.0,3,0.09863127621227363,0.09863127621227363
MAXAU,2026-06-30 09:30:00+00:00,403.0,404.6963181520931,406.63617405858264,1.0,3,-3.6361740585826396,3.6361740585826396
REES,2026-06-30 09:30:00+00:00,96.0,93.6381246770662,93.6381246770662,,3,2.3618753229337983,2.3618753229337983
RHEINE UNTERSCHLEUSE,2026-06-30 09:30:00+00:00,194.0,189.71733231987892,189.71733231987892,2.0,3,4.2826676801210795,4.2826676801210795
RHEINWEILER,2026-06-30 09:30:00+00:00,223.0,223.50595383712033,223.50595383712033,,3,-0.5059538371203303,0.5059538371203303
SANKT GOAR,2026-06-30 09:30:00+00:00,181.0,180.99303043448882,179.9823553587134,0.0,3,1.0176446412866085,1.0176446412866085
SPEYER,2026-06-30 09:30:00+00:00,261.0,259.17255612969547,260.65697769206764,1.0,3,0.3430223079323582,0.3430223079323582
WESEL,2026-06-30 09:30:00+00:00,154.0,151.16347085020934,152.60288063228103,0.0,3,1.3971193677189717,1.3971193677189717
WORMS,2026-06-30 09:30:00+00:00,75.0,72.17676294748276,74.60033366844361,0.0,3,0.3996663315563893,0.3996663315563893
DUISBURG-MEIDERICH SCHLEUSE OW,2026-06-30 09:31:00+00:00,25.01,27.180870456099928,27.180870456099928,,3,-2.1708704560999266,2.1708704560999266
DUISBURG-MEIDERICH SCHLEUSE UW,2026-06-30 09:31:00+00:00,18.2,21.211411102797538,21.211411102797538,,3,-3.0114111027975383,3.0114111027975383
DUISBURG-MEIDERICH SCHLEUSE OW,2026-06-30 09:32:00+00:00,25.01,27.180870456099928,27.180870456099928,,3,-2.1708704560999266,2.1708704560999266
DUISBURG-MEIDERICH SCHLEUSE UW,2026-06-30 09:32:00+00:00,18.2,21.211411102797538,21.211411102797538,,3,-3.0114111027975383,3.0114111027975383
DUISBURG-MEIDERICH SCHLEUSE OW,2026-06-30 09:33:00+00:00,25.01,27.180870456099928,27.180870456099928,,3,-2.1708704560999266,2.1708704560999266
DUISBURG-MEIDERICH SCHLEUSE UW,2026-06-30 09:33:00+00:00,18.2,21.211411102797538,21.211411102797538,,3,-3.0114111027975383,3.0114111027975383
DUISBURG-MEIDERICH SCHLEUSE OW,2026-06-30 09:34:00+00:00,25.01,27.22841900679296,27.22841900679296,,3,-2.21841900679296,2.21841900679296
DUISBURG-MEIDERICH SCHLEUSE UW,2026-06-30 09:34:00+00:00,18.2,21.211411102797538,21.211411102797538,,3,-3.0114111027975383,3.0114111027975383
Basel-Rheinhalle,2026-06-30 09:35:00+00:00,519.0,517.9304809569769,517.9304809569769,,3,1.0695190430230923,1.0695190430230923
DUISBURG-MEIDERICH SCHLEUSE OW,2026-06-30 09:35:00+00:00,25.01,27.22841900679296,27.22841900679296,,3,-2.21841900679296,2.21841900679296
DUISBURG-MEIDERICH SCHLEUSE UW,2026-06-30 09:35:00+00:00,18.2,21.211411102797538,21.211411102797538,,3,-3.0114111027975383,3.0114111027975383
DUISBURG-MEIDERICH SCHLEUSE OW,2026-06-30 09:36:00+00:00,25.01,27.180870456099928,27.180870456099928,,3,-2.1708704560999266,2.1708704560999266
DUISBURG-MEIDERICH SCHLEUSE UW,2026-06-30 09:36:00+00:00,18.2,21.211411102797538,21.211411102797538,,3,-3.0114111027975383,3.0114111027975383
DUISBURG-MEIDERICH SCHLEUSE OW,2026-06-30 09:37:00+00:00,25.01,27.180870456099928,27.180870456099928,,3,-2.1708704560999266,2.1708704560999266
DUISBURG-MEIDERICH SCHLEUSE UW,2026-06-30 09:37:00+00:00,18.2,21.211411102797538,21.211411102797538,,3,-3.0114111027975383,3.0114111027975383
DUISBURG-MEIDERICH SCHLEUSE OW,2026-06-30 09:38:00+00:00,25.01,27.180870456099928,27.180870456099928,,3,-2.1708704560999266,2.1708704560999266
DUISBURG-MEIDERICH SCHLEUSE UW,2026-06-30 09:38:00+00:00,18.19,21.211411102797538,21.211411102797538,,3,-3.0214111027975363,3.0214111027975363
DUISBURG-MEIDERICH SCHLEUSE OW,2026-06-30 09:39:00+00:00,25.01,27.180870456099928,27.180870456099928,,3,-2.1708704560999266,2.1708704560999266
DUISBURG-MEIDERICH SCHLEUSE UW,2026-06-30 09:39:00+00:00,18.19,21.211411102797538,21.211411102797538,,3,-3.0214111027975363,3.0214111027975363
Basel-Rheinhalle,2026-06-30 09:40:00+00:00,519.0,517.8991989212939,517.8991989212939,,3,1.1008010787061266,1.1008010787061266
DUISBURG-MEIDERICH SCHLEUSE OW,2026-06-30 09:40:00+00:00,25.01,27.180870456099928,27.180870456099928,,3,-2.1708704560999266,2.1708704560999266
DUISBURG-MEIDERICH SCHLEUSE UW,2026-06-30 09:40:00+00:00,18.19,21.211411102797538,21.211411102797538,,3,-3.0214111027975363,3.0214111027975363
LOBITH,2026-06-30 09:40:00+00:00,704.0,703.1741177331756,703.1741177331756,,3,0.8258822668243511,0.8258822668243511
DUISBURG-MEIDERICH SCHLEUSE OW,2026-06-30 09:41:00+00:00,25.0,27.180870456099928,27.180870456099928,,3,-2.180870456099928,2.180870456099928
DUISBURG-MEIDERICH SCHLEUSE UW,2026-06-30 09:41:00+00:00,18.19,21.211411102797538,21.211411102797538,,3,-3.0214111027975363,3.0214111027975363
DUISBURG-MEIDERICH SCHLEUSE OW,2026-06-30 09:42:00+00:00,25.0,27.180870456099928,27.180870456099928,,3,-2.180870456099928,2.180870456099928
DUISBURG-MEIDERICH SCHLEUSE UW,2026-06-30 09:42:00+00:00,18.19,21.211411102797538,21.211411102797538,,3,-3.0214111027975363,3.0214111027975363
DUISBURG-MEIDERICH SCHLEUSE OW,2026-06-30 09:43:00+00:00,25.0,27.180870456099928,27.180870456099928,,3,-2.180870456099928,2.180870456099928
DUISBURG-MEIDERICH SCHLEUSE UW,2026-06-30 09:43:00+00:00,18.19,21.211411102797538,21.211411102797538,,3,-3.0214111027975363,3.0214111027975363
DUISBURG-MEIDERICH SCHLEUSE OW,2026-06-30 09:44:00+00:00,25.0,27.180870456099928,27.180870456099928,,3,-2.180870456099928,2.180870456099928
DUISBURG-MEIDERICH SCHLEUSE UW,2026-06-30 09:44:00+00:00,18.2,21.211411102797538,21.211411102797538,,3,-3.0114111027975383,3.0114111027975383
BINGEN,2026-06-30 09:45:00+00:00,105.0,106.39591119658962,106.39591119658962,,3,-1.3959111965896227,1.3959111965896227
BONN,2026-06-30 09:45:00+00:00,137.0,140.34472772597806,140.34472772597806,,3,-3.3447277259780606,3.3447277259780606
BREISACH,2026-06-30 09:45:00+00:00,195.0,187.680286871462,187.680286871462,,3,7.319713128538012,7.319713128538012
Basel-Rheinhalle,2026-06-30 09:45:00+00:00,522.0,517.5941685660191,517.5941685660191,,3,4.405831433980893,4.405831433980893
DUISBURG-MEIDERICH SCHLEUSE OW,2026-06-30 09:45:00+00:00,25.0,27.180870456099928,27.180870456099928,,3,-2.180870456099928,2.180870456099928
DUISBURG-MEIDERICH SCHLEUSE UW,2026-06-30 09:45:00+00:00,18.2,21.211411102797538,21.211411102797538,,3,-3.0114111027975383,3.0114111027975383
DUISBURG-RUHRORT,2026-06-30 09:45:00+00:00,215.0,214.986046251,213.157935241155,0.0,3,1.842064758844998,1.842064758844998
DÜSSELDORF,2026-06-30 09:45:00+00:00,87.0,83.89067370491537,83.89067370491537,,3,3.109326295084628,3.109326295084628
EMMERICH,2026-06-30 09:45:00+00:00,54.0,51.78974250637813,51.78974250637813,,3,2.2102574936218673,2.2102574936218673
IFFEZHEIM,2026-06-30 09:45:00+00:00,138.0,142.8053291056524,144.9999096911959,1.0,3,-6.99990969119591,6.99990969119591
KAUB,2026-06-30 09:45:00+00:00,89.0,92.20707468927766,92.20707468927766,,3,-3.207074689277661,3.207074689277661
KOBLENZ,2026-06-30 09:45:00+00:00,91.0,81.5570109277521,82.74905978367194,0.0,3,8.250940216328061,8.250940216328061
KONSTANZ-RHEIN,2026-06-30 09:45:00+00:00,314.0,312.7512105908071,312.7512105908071,,3,1.2487894091929093,1.2487894091929093
Koblenz OP,2026-06-30 09:45:00+00:00,205.0,204.80479227903743,204.80479227903743,,3,0.19520772096257133,0.19520772096257133
Koblenz UP,2026-06-30 09:45:00+00:00,70.0,46.68256402609766,46.68256402609766,3.0,3,23.31743597390234,23.31743597390234
KÖLN,2026-06-30 09:45:00+00:00,133.0,135.28031413661196,133.07930167347962,0.0,3,-0.0793016734796197,0.0793016734796197
MAINZ,2026-06-30 09:45:00+00:00,181.0,188.31901466251827,188.31901466251827,,3,-7.319014662518271,7.319014662518271
MANNHEIM,2026-06-30 09:45:00+00:00,167.0,165.51195044029902,166.10563816677006,0.0,3,0.8943618332299366,0.8943618332299366
MAXAU,2026-06-30 09:45:00+00:00,402.0,405.96369672387465,406.63617405858264,1.0,3,-4.63617405858264,4.63617405858264
REES,2026-06-30 09:45:00+00:00,96.0,94.65048151927537,94.65048151927537,,3,1.349518480724626,1.349518480724626
RHEINE UNTERSCHLEUSE,2026-06-30 09:45:00+00:00,194.0,187.16568228231571,187.16568228231571,2.0,3,6.834317717684286,6.834317717684286
RHEINWEILER,2026-06-30 09:45:00+00:00,223.0,223.79219422778692,223.79219422778692,,3,-0.7921942277869221,0.7921942277869221
SANKT GOAR,2026-06-30 09:45:00+00:00,182.0,187.22482692864148,179.9853666257032,0.0,3,2.014633374296807,2.014633374296807
SPEYER,2026-06-30 09:45:00+00:00,261.0,261.0568821503289,260.65566738190216,1.0,3,0.34433261809783744,0.34433261809783744
WESEL,2026-06-30 09:45:00+00:00,154.0,151.4317950881265,152.6337992082308,0.0,3,1.366200791769188,1.366200791769188
WORMS,2026-06-30 09:45:00+00:00,76.0,73.65210876527806,74.68471712611486,0.0,3,1.3152828738851383,1.3152828738851383
DUISBURG-MEIDERICH SCHLEUSE OW,2026-06-30 09:46:00+00:00,25.0,27.180870456099928,27.180870456099928,,3,-2.180870456099928,2.180870456099928
DUISBURG-MEIDERICH SCHLEUSE UW,2026-06-30 09:46:00+00:00,18.2,21.211411102797538,21.211411102797538,,3,-3.0114111027975383,3.0114111027975383
DUISBURG-MEIDERICH SCHLEUSE OW,2026-06-30 09:47:00+00:00,25.0,27.180870456099928,27.180870456099928,,3,-2.180870456099928,2.180870456099928
DUISBURG-MEIDERICH SCHLEUSE UW,2026-06-30 09:47:00+00:00,18.2,21.211411102797538,21.211411102797538,,3,-3.0114111027975383,3.0114111027975383
DUISBURG-MEIDERICH SCHLEUSE OW,2026-06-30 09:48:00+00:00,25.0,27.180870456099928,27.180870456099928,,3,-2.180870456099928,2.180870456099928
DUISBURG-MEIDERICH SCHLEUSE UW,2026-06-30 09:48:00+00:00,18.2,21.211411102797538,21.211411102797538,,3,-3.0114111027975383,3.0114111027975383
DUISBURG-MEIDERICH SCHLEUSE OW,2026-06-30 09:49:00+00:00,25.0,27.180870456099928,27.180870456099928,,3,-2.180870456099928,2.180870456099928
DUISBURG-MEIDERICH SCHLEUSE UW,2026-06-30 09:49:00+00:00,18.2,21.211411102797538,21.211411102797538,,3,-3.0114111027975383,3.0114111027975383
Basel-Rheinhalle,2026-06-30 09:50:00+00:00,519.0,517.6783890245381,517.6783890245381,,3,1.3216109754619083,1.3216109754619083
DUISBURG-MEIDERICH SCHLEUSE OW,2026-06-30 09:50:00+00:00,25.0,27.180870456099928,27.180870456099928,,3,-2.180870456099928,2.180870456099928
DUISBURG-MEIDERICH SCHLEUSE UW,2026-06-30 09:50:00+00:00,18.2,21.25895965349057,21.25895965349057,,3,-3.0589596534905716,3.0589596534905716
LOBITH,2026-06-30 09:50:00+00:00,704.0,703.2350923605786,703.2350923605786,,3,0.7649076394213807,0.7649076394213807
DUISBURG-MEIDERICH SCHLEUSE OW,2026-06-30 09:51:00+00:00,25.0,27.180870456099928,27.180870456099928,,3,-2.180870456099928,2.180870456099928
DUISBURG-MEIDERICH SCHLEUSE UW,2026-06-30 09:51:00+00:00,18.2,21.25895965349057,21.25895965349057,,3,-3.0589596534905716,3.0589596534905716
DUISBURG-MEIDERICH SCHLEUSE OW,2026-06-30 09:52:00+00:00,25.0,27.180870456099928,27.180870456099928,,3,-2.180870456099928,2.180870456099928
DUISBURG-MEIDERICH SCHLEUSE UW,2026-06-30 09:52:00+00:00,18.2,21.25895965349057,21.25895965349057,,3,-3.0589596534905716,3.0589596534905716
DUISBURG-MEIDERICH SCHLEUSE OW,2026-06-30 09:53:00+00:00,25.0,27.180870456099928,27.180870456099928,,3,-2.180870456099928,2.180870456099928
DUISBURG-MEIDERICH SCHLEUSE UW,2026-06-30 09:53:00+00:00,18.2,21.25895965349057,21.25895965349057,,3,-3.0589596534905716,3.0589596534905716
DUISBURG-MEIDERICH SCHLEUSE OW,2026-06-30 09:54:00+00:00,25.0,27.180870456099928,27.180870456099928,,3,-2.180870456099928,2.180870456099928
DUISBURG-MEIDERICH SCHLEUSE UW,2026-06-30 09:54:00+00:00,18.2,21.211411102797538,21.211411102797538,,3,-3.0114111027975383,3.0114111027975383
Basel-Rheinhalle,2026-06-30 09:55:00+00:00,519.0,517.9834193798129,517.9834193798129,,3,1.016580620187142,1.016580620187142
DUISBURG-MEIDERICH SCHLEUSE OW,2026-06-30 09:55:00+00:00,25.0,27.180870456099928,27.180870456099928,,3,-2.180870456099928,2.180870456099928
DUISBURG-MEIDERICH SCHLEUSE UW,2026-06-30 09:55:00+00:00,18.2,21.211411102797538,21.211411102797538,,3,-3.0114111027975383,3.0114111027975383
DUISBURG-MEIDERICH SCHLEUSE OW,2026-06-30 09:56:00+00:00,25.0,27.180870456099928,27.180870456099928,,3,-2.180870456099928,2.180870456099928
DUISBURG-MEIDERICH SCHLEUSE UW,2026-06-30 09:56:00+00:00,18.2,21.25895965349057,21.25895965349057,,3,-3.0589596534905716,3.0589596534905716
DUISBURG-MEIDERICH SCHLEUSE OW,2026-06-30 09:57:00+00:00,25.0,27.180870456099928,27.180870456099928,,3,-2.180870456099928,2.180870456099928
DUISBURG-MEIDERICH SCHLEUSE UW,2026-06-30 09:57:00+00:00,18.2,21.25895965349057,21.25895965349057,,3,-3.0589596534905716,3.0589596534905716
DUISBURG-MEIDERICH SCHLEUSE OW,2026-06-30 09:58:00+00:00,25.0,27.180870456099928,27.180870456099928,,3,-2.180870456099928,2.180870456099928
DUISBURG-MEIDERICH SCHLEUSE UW,2026-06-30 09:58:00+00:00,18.2,21.211411102797538,21.211411102797538,,3,-3.0114111027975383,3.0114111027975383
DUISBURG-MEIDERICH SCHLEUSE OW,2026-06-30 09:59:00+00:00,25.0,27.180870456099928,27.180870456099928,,3,-2.180870456099928,2.180870456099928
DUISBURG-MEIDERICH SCHLEUSE UW,2026-06-30 09:59:00+00:00,18.2,21.211411102797538,21.211411102797538,,3,-3.0114111027975383,3.0114111027975383
BINGEN,2026-06-30 10:00:00+00:00,105.0,106.39591119658962,106.39591119658962,,3,-1.3959111965896227,1.3959111965896227
BONN,2026-06-30 10:00:00+00:00,137.0,140.12495331773485,140.12495331773485,,3,-3.1249533177348496,3.1249533177348496
BREISACH,2026-06-30 10:00:00+00:00,193.0,189.22985181303937,189.22985181303937,,3,3.7701481869606255,3.7701481869606255
Basel-Rheinhalle,2026-06-30 10:00:00+00:00,519.0,517.8042445457802,517.8042445457802,,3,1.1957554542198068,1.1957554542198068
DUISBURG-MEIDERICH SCHLEUSE OW,2026-06-30 10:00:00+00:00,25.0,27.175438166121822,27.175438166121822,,3,-2.175438166121822,2.175438166121822
DUISBURG-MEIDERICH SCHLEUSE UW,2026-06-30 10:00:00+00:00,18.21,20.957912233964446,20.957912233964446,,3,-2.7479122339644455,2.7479122339644455
DUISBURG-RUHRORT,2026-06-30 10:00:00+00:00,217.0,214.69938471821374,212.99686753262446,0.0,3,4.003132467375536,4.003132467375536
DÜSSELDORF,2026-06-30 10:00:00+00:00,86.0,83.82966019669792,83.82966019669792,,3,2.1703398033020846,2.1703398033020846
EMMERICH,2026-06-30 10:00:00+00:00,53.0,50.60249828920321,50.60249828920321,,3,2.3975017107967886,2.3975017107967886
IFFEZHEIM,2026-06-30 10:00:00+00:00,137.0,142.27311120606717,144.928482326584,1.0,3,-7.928482326584003,7.928482326584003
KAUB,2026-06-30 10:00:00+00:00,90.0,92.20707468927766,92.20707468927766,,3,-2.207074689277661,2.207074689277661
KOBLENZ,2026-06-30 10:00:00+00:00,92.0,82.60043148018607,82.61115066854768,0.0,3,9.38884933145232,9.38884933145232
KONSTANZ-RHEIN,2026-06-30 10:00:00+00:00,313.0,312.8121852182101,312.8121852182101,,3,0.1878147817898821,0.1878147817898821
Koblenz OP,2026-06-30 10:00:00+00:00,205.0,203.92595685383398,203.92595685383398,,3,1.0740431461660194,1.0740431461660194
Koblenz UP,2026-06-30 10:00:00+00:00,70.0,46.68256402609766,46.68256402609766,3.0,3,23.31743597390234,23.31743597390234
KÖLN,2026-06-30 10:00:00+00:00,131.0,134.91613184390636,132.4716206030435,0.0,3,-1.4716206030435046,1.4716206030435046
LOBITH,2026-06-30 10:00:00+00:00,704.0,705.2018144651943,705.2018144651943,,3,-1.2018144651942748,1.2018144651942748
MAINZ,2026-06-30 10:00:00+00:00,182.0,188.28665865371494,188.28665865371494,,3,-6.286658653714937,6.286658653714937
MANNHEIM,2026-06-30 10:00:00+00:00,167.0,164.99317444323088,165.8798882436198,0.0,3,1.1201117563801972,1.1201117563801972
MAXAU,2026-06-30 10:00:00+00:00,402.0,405.6718470184407,406.65155310551705,1.0,3,-4.651553105517053,4.651553105517053
REES,2026-06-30 10:00:00+00:00,96.0,94.17530169402654,94.17530169402654,,3,1.824698305973456,1.824698305973456
RHEINE UNTERSCHLEUSE,2026-06-30 10:00:00+00:00,194.0,198.5510400966449,198.5510400966449,2.0,3,-4.551040096644897,4.551040096644897
RHEINWEILER,2026-06-30 10:00:00+00:00,223.0,223.79219422778692,223.79219422778692,,3,-0.7921942277869221,0.7921942277869221
SANKT GOAR,2026-06-30 10:00:00+00:00,181.0,187.22482692864148,180.03593814872812,0.0,3,0.9640618512718788,0.9640618512718788
SPEYER,2026-06-30 10:00:00+00:00,261.0,259.41490198343683,260.69584326868994,1.0,3,0.3041567313100586,0.3041567313100586
WESEL,2026-06-30 10:00:00+00:00,154.0,152.0120562091385,152.1669681311183,0.0,3,1.8330318688817044,1.8330318688817044
WORMS,2026-06-30 10:00:00+00:00,75.0,72.71777929810862,74.58105699005436,0.0,3,0.41894300994563594,0.41894300994563594
DUISBURG-MEIDERICH SCHLEUSE OW,2026-06-30 10:01:00+00:00,25.0,26.823983268443413,26.823983268443413,,3,-1.8239832684434134,1.8239832684434134
DUISBURG-MEIDERICH SCHLEUSE UW,2026-06-30 10:01:00+00:00,18.21,20.606457336286038,20.606457336286038,,3,-2.396457336286037,2.396457336286037
DUISBURG-MEIDERICH SCHLEUSE OW,2026-06-30 10:02:00+00:00,25.0,26.56661695249479,26.56661695249479,,3,-1.5666169524947904,1.5666169524947904
DUISBURG-MEIDERICH SCHLEUSE UW,2026-06-30 10:02:00+00:00,18.21,20.349091020337415,20.349091020337415,,3,-2.139091020337414,2.139091020337414
DUISBURG-MEIDERICH SCHLEUSE OW,2026-06-30 10:03:00+00:00,25.0,26.973861100929838,26.973861100929838,,3,-1.9738611009298381,1.9738611009298381
DUISBURG-MEIDERICH SCHLEUSE UW,2026-06-30 10:03:00+00:00,18.21,21.05195029832048,21.05195029832048,,3,-2.84195029832048,2.84195029832048
DUISBURG-MEIDERICH SCHLEUSE OW,2026-06-30 10:04:00+00:00,25.0,27.001098264277186,27.001098264277186,,3,-2.0010982642771857,2.0010982642771857
DUISBURG-MEIDERICH SCHLEUSE UW,2026-06-30 10:04:00+00:00,18.21,21.07918746166783,21.07918746166783,,3,-2.8691874616678277,2.8691874616678277
Basel-Rheinhalle,2026-06-30 10:05:00+00:00,519.0,517.211022009357,517.211022009357,,3,1.7889779906430476,1.7889779906430476
DUISBURG-MEIDERICH SCHLEUSE OW,2026-06-30 10:05:00+00:00,24.99,26.923546534033445,26.923546534033445,,3,-1.9335465340334466,1.9335465340334466
DUISBURG-MEIDERICH SCHLEUSE UW,2026-06-30 10:05:00+00:00,18.22,20.954087180731054,20.954087180731054,,3,-2.7340871807310556,2.7340871807310556
DUISBURG-MEIDERICH SCHLEUSE OW,2026-06-30 10:06:00+00:00,24.99,27.376095559750414,27.376095559750414,,3,-2.386095559750416,2.386095559750416
DUISBURG-MEIDERICH SCHLEUSE UW,2026-06-30 10:06:00+00:00,18.22,21.35908765575499,21.35908765575499,,3,-3.1390876557549916,3.1390876557549916
DUISBURG-MEIDERICH SCHLEUSE OW,2026-06-30 10:07:00+00:00,24.99,27.376095559750414,27.376095559750414,,3,-2.386095559750416,2.386095559750416
DUISBURG-MEIDERICH SCHLEUSE UW,2026-06-30 10:07:00+00:00,18.22,21.35908765575499,21.35908765575499,,3,-3.1390876557549916,3.1390876557549916
DUISBURG-MEIDERICH SCHLEUSE OW,2026-06-30 10:08:00+00:00,24.99,27.32854700905738,27.32854700905738,,3,-2.3385470090573826,2.3385470090573826
DUISBURG-MEIDERICH SCHLEUSE UW,2026-06-30 10:08:00+00:00,18.22,21.35908765575499,21.35908765575499,,3,-3.1390876557549916,3.1390876557549916
DUISBURG-MEIDERICH SCHLEUSE OW,2026-06-30 10:09:00+00:00,24.99,27.32854700905738,27.32854700905738,,3,-2.3385470090573826,2.3385470090573826
DUISBURG-MEIDERICH SCHLEUSE UW,2026-06-30 10:09:00+00:00,18.22,21.406636206448024,21.406636206448024,,3,-3.186636206448025,3.186636206448025
Basel-Rheinhalle,2026-06-30 10:10:00+00:00,519.0,517.3057844297485,517.3057844297485,,3,1.6942155702514583,1.6942155702514583
DUISBURG-MEIDERICH SCHLEUSE OW,2026-06-30 10:10:00+00:00,24.99,27.32854700905738,27.32854700905738,,3,-2.3385470090573826,2.3385470090573826
DUISBURG-MEIDERICH SCHLEUSE UW,2026-06-30 10:10:00+00:00,18.22,21.406636206448024,21.406636206448024,,3,-3.186636206448025,3.186636206448025
LOBITH,2026-06-30 10:10:00+00:00,705.0,704.7194353682365,704.7194353682365,,3,0.28056463176346824,0.28056463176346824
DUISBURG-MEIDERICH SCHLEUSE OW,2026-06-30 10:11:00+00:00,24.99,27.32854700905738,27.32854700905738,,3,-2.3385470090573826,2.3385470090573826
DUISBURG-MEIDERICH SCHLEUSE UW,2026-06-30 10:11:00+00:00,18.22,21.35908765575499,21.35908765575499,,3,-3.1390876557549916,3.1390876557549916
DUISBURG-MEIDERICH SCHLEUSE OW,2026-06-30 10:12:00+00:00,24.99,27.32854700905738,27.32854700905738,,3,-2.3385470090573826,2.3385470090573826
DUISBURG-MEIDERICH SCHLEUSE UW,2026-06-30 10:12:00+00:00,18.22,21.35908765575499,21.35908765575499,,3,-3.1390876557549916,3.1390876557549916
DUISBURG-MEIDERICH SCHLEUSE OW,2026-06-30 10:13:00+00:00,24.99,27.32854700905738,27.32854700905738,,3,-2.3385470090573826,2.3385470090573826
DUISBURG-MEIDERICH SCHLEUSE UW,2026-06-30 10:13:00+00:00,18.22,21.35908765575499,21.35908765575499,,3,-3.1390876557549916,3.1390876557549916
DUISBURG-MEIDERICH SCHLEUSE OW,2026-06-30 10:14:00+00:00,24.99,27.32854700905738,27.32854700905738,,3,-2.3385470090573826,2.3385470090573826
DUISBURG-MEIDERICH SCHLEUSE UW,2026-06-30 10:14:00+00:00,18.23,21.35908765575499,21.35908765575499,,3,-3.12908765575499,3.12908765575499
BINGEN,2026-06-30 10:15:00+00:00,105.0,106.35788720747941,106.35788720747941,,3,-1.3578872074794077,1.3578872074794077
BONN,2026-06-30 10:15:00+00:00,137.0,139.69463962717364,139.69463962717364,,3,-2.6946396271736432,2.6946396271736432
BREISACH,2026-06-30 10:15:00+00:00,193.0,189.35092406164736,189.35092406164736,,3,3.649075938352638,3.649075938352638
Basel-Rheinhalle,2026-06-30 10:15:00+00:00,514.0,516.5499410707693,516.5499410707693,,3,-2.5499410707692505,2.5499410707692505
DUISBURG-MEIDERICH SCHLEUSE OW,2026-06-30 10:15:00+00:00,24.99,27.32854700905738,27.32854700905738,,3,-2.3385470090573826,2.3385470090573826
DUISBURG-MEIDERICH SCHLEUSE UW,2026-06-30 10:15:00+00:00,18.22,21.35908765575499,21.35908765575499,,3,-3.1390876557549916,3.1390876557549916
DUISBURG-RUHRORT,2026-06-30 10:15:00+00:00,217.0,215.47891343129325,212.9955088394426,0.0,3,4.004491160557393,4.004491160557393
DÜSSELDORF,2026-06-30 10:15:00+00:00,87.0,82.7768502874965,82.7768502874965,,3,4.223149712503499,4.223149712503499
EMMERICH,2026-06-30 10:15:00+00:00,53.0,49.22305959246427,49.22305959246427,,3,3.776940407535733,3.776940407535733
IFFEZHEIM,2026-06-30 10:15:00+00:00,135.0,138.4228844772776,144.928482326584,1.0,3,-9.928482326584003,9.928482326584003
KAUB,2026-06-30 10:15:00+00:00,89.0,92.16905070016745,92.16905070016745,,3,-3.169050700167446,3.169050700167446
KOBLENZ,2026-06-30 10:15:00+00:00,93.0,82.40922902109345,81.82051854875515,0.0,3,11.179481451244854,11.179481451244854
KONSTANZ-RHEIN,2026-06-30 10:15:00+00:00,313.0,312.2988971013497,312.2988971013497,,3,0.7011028986502765,0.7011028986502765
Koblenz OP,2026-06-30 10:15:00+00:00,204.0,202.77551712820474,202.77551712820474,,3,1.22448287179526,1.22448287179526
Koblenz UP,2026-06-30 10:15:00+00:00,72.0,46.45900622271694,46.45900622271694,3.0,3,25.540993777283063,25.540993777283063
KÖLN,2026-06-30 10:15:00+00:00,132.0,134.49386719437098,132.4654746346784,0.0,3,-0.4654746346784009,0.4654746346784009
MAINZ,2026-06-30 10:15:00+00:00,181.0,188.2706117160076,188.2706117160076,,3,-7.270611716007608,7.270611716007608
MANNHEIM,2026-06-30 10:15:00+00:00,167.0,164.56865131556734,165.87797096047152,0.0,3,1.1220290395284849,1.1220290395284849
MAXAU,2026-06-30 10:15:00+00:00,402.0,405.6846272897747,406.65155310551705,1.0,3,-4.651553105517053,4.651553105517053
REES,2026-06-30 10:15:00+00:00,96.0,93.72854861562413,93.72854861562413,,3,2.2714513843758652,2.2714513843758652
RHEINE UNTERSCHLEUSE,2026-06-30 10:15:00+00:00,194.0,196.79809459641885,196.79809459641885,2.0,3,-2.7980945964188493,2.7980945964188493
RHEINWEILER,2026-06-30 10:15:00+00:00,223.0,223.62347720048248,223.62347720048248,,3,-0.6234772004824833,0.6234772004824833
SANKT GOAR,2026-06-30 10:15:00+00:00,182.0,187.20877999093415,179.97743593397917,0.0,3,2.022564066020834,2.022564066020834
SPEYER,2026-06-30 10:15:00+00:00,262.0,259.47587661083986,260.69584326868994,1.0,3,1.3041567313100586,1.3041567313100586
WESEL,2026-06-30 10:15:00+00:00,154.0,151.21746870574947,152.1295321702584,0.0,3,1.8704678297416137,1.8704678297416137
WORMS,2026-06-30 10:15:00+00:00,76.0,72.54093373848168,74.58557589752316,0.0,3,1.4144241024768434,1.4144241024768434
DUISBURG-MEIDERICH SCHLEUSE OW,2026-06-30 10:16:00+00:00,24.99,27.32854700905738,27.32854700905738,,3,-2.3385470090573826,2.3385470090573826
DUISBURG-MEIDERICH SCHLEUSE UW,2026-06-30 10:16:00+00:00,18.22,21.35908765575499,21.35908765575499,,3,-3.1390876557549916,3.1390876557549916
DUISBURG-MEIDERICH SCHLEUSE OW,2026-06-30 10:17:00+00:00,24.99,27.32854700905738,27.32854700905738,,3,-2.3385470090573826,2.3385470090573826
DUISBURG-MEIDERICH SCHLEUSE UW,2026-06-30 10:17:00+00:00,18.22,21.35908765575499,21.35908765575499,,3,-3.1390876557549916,3.1390876557549916
DUISBURG-MEIDERICH SCHLEUSE OW,2026-06-30 10:18:00+00:00,24.99,27.32854700905738,27.32854700905738,,3,-2.3385470090573826,2.3385470090573826
DUISBURG-MEIDERICH SCHLEUSE UW,2026-06-30 10:18:00+00:00,18.22,21.35908765575499,21.35908765575499,,3,-3.1390876557549916,3.1390876557549916
DUISBURG-MEIDERICH SCHLEUSE OW,2026-06-30 10:19:00+00:00,24.98,27.32854700905738,27.32854700905738,,3,-2.3485470090573806,2.3485470090573806
DUISBURG-MEIDERICH SCHLEUSE UW,2026-06-30 10:19:00+00:00,18.22,21.35908765575499,21.35908765575499,,3,-3.1390876557549916,3.1390876557549916
Basel-Rheinhalle,2026-06-30 10:20:00+00:00,513.0,517.0783060713311,517.0783060713311,,3,-4.078306071331099,4.078306071331099
DUISBURG-MEIDERICH SCHLEUSE OW,2026-06-30 10:20:00+00:00,24.98,27.32854700905738,27.32854700905738,,3,-2.3485470090573806,2.3485470090573806
DUISBURG-MEIDERICH SCHLEUSE UW,2026-06-30 10:20:00+00:00,18.23,21.35908765575499,21.35908765575499,,3,-3.12908765575499,3.12908765575499
LOBITH,2026-06-30 10:20:00+00:00,704.0,704.332223359799,704.332223359799,,3,-0.33222335979894524,0.33222335979894524
DUISBURG-MEIDERICH SCHLEUSE OW,2026-06-30 10:21:00+00:00,24.98,27.32854700905738,27.32854700905738,,3,-2.3485470090573806,2.3485470090573806
DUISBURG-MEIDERICH SCHLEUSE UW,2026-06-30 10:21:00+00:00,18.23,21.35908765575499,21.35908765575499,,3,-3.12908765575499,3.12908765575499
DUISBURG-MEIDERICH SCHLEUSE OW,2026-06-30 10:22:00+00:00,24.98,27.32854700905738,27.32854700905738,,3,-2.3485470090573806,2.3485470090573806
DUISBURG-MEIDERICH SCHLEUSE UW,2026-06-30 10:22:00+00:00,18.23,21.35908765575499,21.35908765575499,,3,-3.12908765575499,3.12908765575499
DUISBURG-MEIDERICH SCHLEUSE OW,2026-06-30 10:23:00+00:00,24.98,27.32854700905738,27.32854700905738,,3,-2.3485470090573806,2.3485470090573806
DUISBURG-MEIDERICH SCHLEUSE UW,2026-06-30 10:23:00+00:00,18.23,21.35908765575499,21.35908765575499,,3,-3.12908765575499,3.12908765575499
DUISBURG-MEIDERICH SCHLEUSE OW,2026-06-30 10:24:00+00:00,24.98,27.32854700905738,27.32854700905738,,3,-2.3485470090573806,2.3485470090573806
DUISBURG-MEIDERICH SCHLEUSE UW,2026-06-30 10:24:00+00:00,18.23,21.35908765575499,21.35908765575499,,3,-3.12908765575499,3.12908765575499
Basel-Rheinhalle,2026-06-30 10:25:00+00:00,513.0,516.9565251953688,516.9565251953688,,3,-3.9565251953688403,3.9565251953688403
DUISBURG-MEIDERICH SCHLEUSE OW,2026-06-30 10:25:00+00:00,24.98,27.32854700905738,27.32854700905738,,3,-2.3485470090573806,2.3485470090573806
DUISBURG-MEIDERICH SCHLEUSE UW,2026-06-30 10:25:00+00:00,18.23,21.406636206448024,21.406636206448024,,3,-3.1766362064480234,3.1766362064480234
DUISBURG-MEIDERICH SCHLEUSE OW,2026-06-30 10:26:00+00:00,24.98,27.32854700905738,27.32854700905738,,3,-2.3485470090573806,2.3485470090573806
DUISBURG-MEIDERICH SCHLEUSE UW,2026-06-30 10:26:00+00:00,18.23,21.406636206448024,21.406636206448024,,3,-3.1766362064480234,3.1766362064480234
DUISBURG-MEIDERICH SCHLEUSE OW,2026-06-30 10:27:00+00:00,24.98,27.32854700905738,27.32854700905738,,3,-2.3485470090573806,2.3485470090573806
DUISBURG-MEIDERICH SCHLEUSE UW,2026-06-30 10:27:00+00:00,18.23,21.35908765575499,21.35908765575499,,3,-3.12908765575499,3.12908765575499
DUISBURG-MEIDERICH SCHLEUSE OW,2026-06-30 10:28:00+00:00,24.98,27.32854700905738,27.32854700905738,,3,-2.3485470090573806,2.3485470090573806
DUISBURG-MEIDERICH SCHLEUSE UW,2026-06-30 10:28:00+00:00,18.23,21.35908765575499,21.35908765575499,,3,-3.12908765575499,3.12908765575499
DUISBURG-MEIDERICH SCHLEUSE OW,2026-06-30 10:29:00+00:00,24.98,27.32854700905738,27.32854700905738,,3,-2.3485470090573806,2.3485470090573806
DUISBURG-MEIDERICH SCHLEUSE UW,2026-06-30 10:29:00+00:00,18.23,21.35908765575499,21.35908765575499,,3,-3.12908765575499,3.12908765575499
BINGEN,2026-06-30 10:30:00+00:00,104.0,106.02485314908093,106.02485314908093,,3,-2.0248531490809256,2.0248531490809256
BONN,2026-06-30 10:30:00+00:00,137.0,139.39859238317462,139.39859238317462,,3,-2.3985923831746163,2.3985923831746163
BREISACH,2026-06-30 10:30:00+00:00,196.0,189.88170037825967,189.88170037825967,,3,6.118299621740334,6.118299621740334
Basel-Rheinhalle,2026-06-30 10:30:00+00:00,513.0,516.6514948400941,516.6514948400941,,3,-3.651494840094074,3.651494840094074
DUISBURG-MEIDERICH SCHLEUSE OW,2026-06-30 10:30:00+00:00,24.98,27.376095559750414,27.376095559750414,,3,-2.396095559750414,2.396095559750414
DUISBURG-MEIDERICH SCHLEUSE UW,2026-06-30 10:30:00+00:00,18.23,21.406636206448024,21.406636206448024,,3,-3.1766362064480234,3.1766362064480234
DUISBURG-RUHRORT,2026-06-30 10:30:00+00:00,217.0,215.13983308240236,212.9955088394426,0.0,3,4.004491160557393,4.004491160557393
DÜSSELDORF,2026-06-30 10:30:00+00:00,88.0,82.51643081410522,82.51643081410522,,3,5.48356918589478,5.48356918589478
EMMERICH,2026-06-30 10:30:00+00:00,53.0,48.96264011907301,48.96264011907301,,3,4.037359880926992,4.037359880926992
IFFEZHEIM,2026-06-30 10:30:00+00:00,136.0,142.59234577834965,144.928482326584,1.0,3,-8.928482326584003,8.928482326584003
KAUB,2026-06-30 10:30:00+00:00,90.0,91.83601664176896,91.83601664176896,,3,-1.836016641768964,1.836016641768964
KOBLENZ,2026-06-30 10:30:00+00:00,92.0,82.22559391912449,81.82051854875515,0.0,3,10.179481451244854,10.179481451244854
KONSTANZ-RHEIN,2026-06-30 10:30:00+00:00,313.0,312.2988971013497,312.2988971013497,,3,0.7011028986502765,0.7011028986502765
Koblenz OP,2026-06-30 10:30:00+00:00,204.0,203.07852626680122,203.07852626680122,,3,0.9214737331987806,0.9214737331987806
Koblenz UP,2026-06-30 10:30:00+00:00,72.0,46.23100448101387,46.23100448101387,3.0,3,25.76899551898613,25.76899551898613
KÖLN,2026-06-30 10:30:00+00:00,130.0,134.3210442699564,132.46926865226752,0.0,3,-2.469268652267516,2.469268652267516
LOBITH,2026-06-30 10:30:00+00:00,705.0,703.1489054098637,703.1489054098637,,3,1.851094590136313,1.851094590136313
MAINZ,2026-06-30 10:30:00+00:00,180.0,187.93757765760904,187.93757765760904,,3,-7.93757765760904,7.93757765760904
MANNHEIM,2026-06-30 10:30:00+00:00,167.0,164.69959375099168,165.8305959808127,0.0,3,1.1694040191873114,1.1694040191873114
MAXAU,2026-06-30 10:30:00+00:00,401.0,405.4816792560994,406.63617405858264,1.0,3,-5.63617405858264,5.63617405858264
REES,2026-06-30 10:30:00+00:00,96.0,93.46812914223285,93.46812914223285,,3,2.531870857767146,2.531870857767146
RHEINE UNTERSCHLEUSE,2026-06-30 10:30:00+00:00,194.0,191.67887508437224,191.67887508437224,2.0,3,2.321124915627763,2.321124915627763
RHEINWEILER,2026-06-30 10:30:00+00:00,223.0,223.62347720048248,223.62347720048248,,3,-0.6234772004824833,0.6234772004824833
SANKT GOAR,2026-06-30 10:30:00+00:00,182.0,186.84338992373225,179.91613053060166,0.0,3,2.083869469398337,2.083869469398337
SPEYER,2026-06-30 10:30:00+00:00,262.0,259.486912057319,260.69584326868994,1.0,3,1.3041567313100586,1.3041567313100586
WESEL,2026-06-30 10:30:00+00:00,154.0,151.38770181491026,152.32429265448056,0.0,3,1.6757073455194416,1.6757073455194416
WORMS,2026-06-30 10:30:00+00:00,76.0,72.49702057555575,74.56791563651899,0.0,3,1.4320843634810103,1.4320843634810103
DUISBURG-MEIDERICH SCHLEUSE OW,2026-06-30 10:31:00+00:00,24.98,27.376095559750414,27.376095559750414,,3,-2.396095559750414,2.396095559750414
DUISBURG-MEIDERICH SCHLEUSE UW,2026-06-30 10:31:00+00:00,18.23,21.406636206448024,21.406636206448024,,3,-3.1766362064480234,3.1766362064480234
DUISBURG-MEIDERICH SCHLEUSE OW,2026-06-30 10:32:00+00:00,24.98,27.32854700905738,27.32854700905738,,3,-2.3485470090573806,2.3485470090573806
DUISBURG-MEIDERICH SCHLEUSE UW,2026-06-30 10:32:00+00:00,18.23,21.35908765575499,21.35908765575499,,3,-3.12908765575499,3.12908765575499
DUISBURG-MEIDERICH SCHLEUSE OW,2026-06-30 10:33:00+00:00,24.98,27.32854700905738,27.32854700905738,,3,-2.3485470090573806,2.3485470090573806
DUISBURG-MEIDERICH SCHLEUSE UW,2026-06-30 10:33:00+00:00,18.23,21.35908765575499,21.35908765575499,,3,-3.12908765575499,3.12908765575499
DUISBURG-MEIDERICH SCHLEUSE OW,2026-06-30 10:34:00+00:00,24.98,27.32854700905738,27.32854700905738,,3,-2.3485470090573806,2.3485470090573806
DUISBURG-MEIDERICH SCHLEUSE UW,2026-06-30 10:34:00+00:00,18.22,21.35908765575499,21.35908765575499,,3,-3.1390876557549916,3.1390876557549916
Basel-Rheinhalle,2026-06-30 10:35:00+00:00,514.0,516.620212804411,516.620212804411,,3,-2.6202128044110395,2.6202128044110395
DUISBURG-MEIDERICH SCHLEUSE OW,2026-06-30 10:35:00+00:00,24.98,27.32854700905738,27.32854700905738,,3,-2.3485470090573806,2.3485470090573806
DUISBURG-MEIDERICH SCHLEUSE UW,2026-06-30 10:35:00+00:00,18.23,21.35908765575499,21.35908765575499,,3,-3.12908765575499,3.12908765575499
DUISBURG-MEIDERICH SCHLEUSE OW,2026-06-30 10:36:00+00:00,24.98,27.32854700905738,27.32854700905738,,3,-2.3485470090573806,2.3485470090573806
DUISBURG-MEIDERICH SCHLEUSE UW,2026-06-30 10:36:00+00:00,18.23,21.35908765575499,21.35908765575499,,3,-3.12908765575499,3.12908765575499
DUISBURG-MEIDERICH SCHLEUSE OW,2026-06-30 10:37:00+00:00,24.98,27.32854700905738,27.32854700905738,,3,-2.3485470090573806,2.3485470090573806
DUISBURG-MEIDERICH SCHLEUSE UW,2026-06-30 10:37:00+00:00,18.23,21.35908765575499,21.35908765575499,,3,-3.12908765575499,3.12908765575499
DUISBURG-MEIDERICH SCHLEUSE OW,2026-06-30 10:38:00+00:00,24.97,27.32854700905738,27.32854700905738,,3,-2.358547009057382,2.358547009057382
DUISBURG-MEIDERICH SCHLEUSE UW,2026-06-30 10:38:00+00:00,18.23,21.35908765575499,21.35908765575499,,3,-3.12908765575499,3.12908765575499
DUISBURG-MEIDERICH SCHLEUSE OW,2026-06-30 10:39:00+00:00,24.97,27.32854700905738,27.32854700905738,,3,-2.358547009057382,2.358547009057382
DUISBURG-MEIDERICH SCHLEUSE UW,2026-06-30 10:39:00+00:00,18.22,21.40499264696599,21.40499264696599,,3,-3.1849926469659913,3.1849926469659913
Basel-Rheinhalle,2026-06-30 10:40:00+00:00,515.0,516.931906059935,516.931906059935,,3,-1.931906059935045,1.931906059935045
DUISBURG-MEIDERICH SCHLEUSE OW,2026-06-30 10:40:00+00:00,24.97,27.32854700905738,27.32854700905738,,3,-2.358547009057382,2.358547009057382
DUISBURG-MEIDERICH SCHLEUSE UW,2026-06-30 10:40:00+00:00,18.22,21.40499264696599,21.40499264696599,,3,-3.1849926469659913,3.1849926469659913
LOBITH,2026-06-30 10:40:00+00:00,703.0,703.176142573211,703.176142573211,,3,-0.17614257321099558,0.17614257321099558
DUISBURG-MEIDERICH SCHLEUSE OW,2026-06-30 10:41:00+00:00,24.97,27.32854700905738,27.32854700905738,,3,-2.358547009057382,2.358547009057382
DUISBURG-MEIDERICH SCHLEUSE UW,2026-06-30 10:41:00+00:00,18.23,21.40499264696599,21.40499264696599,,3,-3.1749926469659897,3.1749926469659897
DUISBURG-MEIDERICH SCHLEUSE OW,2026-06-30 10:42:00+00:00,24.97,27.32854700905738,27.32854700905738,,3,-2.358547009057382,2.358547009057382
DUISBURG-MEIDERICH SCHLEUSE UW,2026-06-30 10:42:00+00:00,18.23,21.357444096272957,21.357444096272957,,3,-3.1274440962729564,3.1274440962729564
DUISBURG-MEIDERICH SCHLEUSE OW,2026-06-30 10:43:00+00:00,24.97,27.325344544456684,27.325344544456684,,3,-2.3553445444566847,2.3553445444566847
DUISBURG-MEIDERICH SCHLEUSE UW,2026-06-30 10:43:00+00:00,18.23,21.357444096272957,21.357444096272957,,3,-3.1274440962729564,3.1274440962729564
DUISBURG-MEIDERICH SCHLEUSE OW,2026-06-30 10:44:00+00:00,24.97,27.372893095149717,27.372893095149717,,3,-2.402893095149718,2.402893095149718
DUISBURG-MEIDERICH SCHLEUSE UW,2026-06-30 10:44:00+00:00,18.23,21.357444096272957,21.357444096272957,,3,-3.1274440962729564,3.1274440962729564
BINGEN,2026-06-30 10:45:00+00:00,105.0,106.06287713819114,106.06287713819114,,3,-1.0628771381911406,1.0628771381911406
BONN,2026-06-30 10:45:00+00:00,137.0,140.33452311272072,140.33452311272072,,3,-3.334523112720717,3.334523112720717
BREISACH,2026-06-30 10:45:00+00:00,194.0,188.04320444882998,188.04320444882998,,3,5.956795551170018,5.956795551170018
Basel-Rheinhalle,2026-06-30 10:45:00+00:00,514.0,516.7299674132574,516.7299674132574,,3,-2.729967413257441,2.729967413257441
DUISBURG-MEIDERICH SCHLEUSE OW,2026-06-30 10:45:00+00:00,24.97,27.372893095149717,27.372893095149717,,3,-2.402893095149718,2.402893095149718
DUISBURG-MEIDERICH SCHLEUSE UW,2026-06-30 10:45:00+00:00,18.23,21.40499264696599,21.40499264696599,,3,-3.1749926469659897,3.1749926469659897
DUISBURG-RUHRORT,2026-06-30 10:45:00+00:00,216.0,214.10925364057212,213.03798704612987,0.0,3,2.962012953870129,2.962012953870129
DÜSSELDORF,2026-06-30 10:45:00+00:00,86.0,83.12752037077087,83.12752037077087,,3,2.872479629229133,2.872479629229133
EMMERICH,2026-06-30 10:45:00+00:00,53.0,44.25238000357827,44.25238000357827,,3,8.747619996421733,8.747619996421733
IFFEZHEIM,2026-06-30 10:45:00+00:00,137.0,139.68099371844787,144.928482326584,1.0,3,-7.928482326584003,7.928482326584003
KAUB,2026-06-30 10:45:00+00:00,89.0,91.93366858618475,91.93366858618475,,3,-2.9336685861847513,2.9336685861847513
KOBLENZ,2026-06-30 10:45:00+00:00,93.0,82.17719082512932,82.52111611222804,0.0,3,10.478883887771957,10.478883887771957
KONSTANZ-RHEIN,2026-06-30 10:45:00+00:00,313.0,312.7821965174152,312.7821965174152,,3,0.21780348258482718,0.21780348258482718
Koblenz OP,2026-06-30 10:45:00+00:00,203.0,202.95292504191485,202.95292504191485,,3,0.0470749580851475,0.0470749580851475
Koblenz UP,2026-06-30 10:45:00+00:00,72.0,46.44833256554042,46.44833256554042,3.0,3,25.55166743445958,25.55166743445958
KÖLN,2026-06-30 10:45:00+00:00,131.0,135.15470348172758,132.4014850148011,0.0,3,-1.4014850148010964,1.4014850148010964
MAINZ,2026-06-30 10:45:00+00:00,180.0,187.95362459531637,187.95362459531637,,3,-7.95362459531637,7.95362459531637
MANNHEIM,2026-06-30 10:45:00+00:00,167.0,165.55111193184885,165.91575857325202,0.0,3,1.0842414267479796,1.0842414267479796
MAXAU,2026-06-30 10:45:00+00:00,401.0,406.7030241392729,406.63617405858264,1.0,3,-5.63617405858264,5.63617405858264
REES,2026-06-30 10:45:00+00:00,96.0,94.44848603343941,94.44848603343941,,3,1.5515139665605915,1.5515139665605915
RHEINE UNTERSCHLEUSE,2026-06-30 10:45:00+00:00,195.0,183.63747716897112,183.63747716897112,2.0,3,11.362522831028883,11.362522831028883
RHEINWEILER,2026-06-30 10:45:00+00:00,223.0,223.90971759114908,223.90971759114908,,3,-0.9097175911490751,0.9097175911490751
SANKT GOAR,2026-06-30 10:45:00+00:00,181.0,186.85943686143958,179.9240612223257,0.0,3,1.0759387776743097,1.0759387776743097
SPEYER,2026-06-30 10:45:00+00:00,263.0,261.0271967297134,260.69584326868994,1.0,3,2.3041567313100586,2.3041567313100586
WESEL,2026-06-30 10:45:00+00:00,155.0,151.85349657795834,152.2537171400974,0.0,3,2.746282859902607,2.746282859902607
WORMS,2026-06-30 10:45:00+00:00,77.0,73.53965217209377,74.63904381317128,0.0,3,2.360956186828716,2.360956186828716
DUISBURG-MEIDERICH SCHLEUSE OW,2026-06-30 10:46:00+00:00,24.97,27.325344544456684,27.325344544456684,,3,-2.3553445444566847,2.3553445444566847
DUISBURG-MEIDERICH SCHLEUSE UW,2026-06-30 10:46:00+00:00,18.23,21.40499264696599,21.40499264696599,,3,-3.1749926469659897,3.1749926469659897
DUISBURG-MEIDERICH SCHLEUSE OW,2026-06-30 10:47:00+00:00,24.97,27.325344544456684,27.325344544456684,,3,-2.3553445444566847,2.3553445444566847
DUISBURG-MEIDERICH SCHLEUSE UW,2026-06-30 10:47:00+00:00,18.23,21.357444096272957,21.357444096272957,,3,-3.1274440962729564,3.1274440962729564
DUISBURG-MEIDERICH SCHLEUSE OW,2026-06-30 10:48:00+00:00,24.97,27.325344544456684,27.325344544456684,,3,-2.3553445444566847,2.3553445444566847
DUISBURG-MEIDERICH SCHLEUSE UW,2026-06-30 10:48:00+00:00,18.23,21.357444096272957,21.357444096272957,,3,-3.1274440962729564,3.1274440962729564
DUISBURG-MEIDERICH SCHLEUSE OW,2026-06-30 10:49:00+00:00,24.97,27.325344544456684,27.325344544456684,,3,-2.3553445444566847,2.3553445444566847
DUISBURG-MEIDERICH SCHLEUSE UW,2026-06-30 10:49:00+00:00,18.23,21.357444096272957,21.357444096272957,,3,-3.1274440962729564,3.1274440962729564
Basel-Rheinhalle,2026-06-30 10:50:00+00:00,514.0,516.9279635708189,516.9279635708189,,3,-2.9279635708188607,2.9279635708188607
DUISBURG-MEIDERICH SCHLEUSE OW,2026-06-30 10:50:00+00:00,24.97,27.325344544456684,27.325344544456684,,3,-2.3553445444566847,2.3553445444566847
DUISBURG-MEIDERICH SCHLEUSE UW,2026-06-30 10:50:00+00:00,18.22,21.357444096272957,21.357444096272957,,3,-3.137444096272958,3.137444096272958
LOBITH,2026-06-30 10:50:00+00:00,703.0,703.176142573211,703.176142573211,,3,-0.17614257321099558,0.17614257321099558
DUISBURG-MEIDERICH SCHLEUSE OW,2026-06-30 10:51:00+00:00,24.97,27.325344544456684,27.325344544456684,,3,-2.3553445444566847,2.3553445444566847
DUISBURG-MEIDERICH SCHLEUSE UW,2026-06-30 10:51:00+00:00,18.22,21.357444096272957,21.357444096272957,,3,-3.137444096272958,3.137444096272958
DUISBURG-MEIDERICH SCHLEUSE OW,2026-06-30 10:52:00+00:00,24.96,27.325344544456684,27.325344544456684,,3,-2.3653445444566827,2.3653445444566827
DUISBURG-MEIDERICH SCHLEUSE UW,2026-06-30 10:52:00+00:00,18.22,21.357444096272957,21.357444096272957,,3,-3.137444096272958,3.137444096272958
DUISBURG-MEIDERICH SCHLEUSE OW,2026-06-30 10:53:00+00:00,24.96,27.325344544456684,27.325344544456684,,3,-2.3653445444566827,2.3653445444566827
DUISBURG-MEIDERICH SCHLEUSE UW,2026-06-30 10:53:00+00:00,18.22,21.357444096272957,21.357444096272957,,3,-3.137444096272958,3.137444096272958
DUISBURG-MEIDERICH SCHLEUSE OW,2026-06-30 10:54:00+00:00,24.96,27.325344544456684,27.325344544456684,,3,-2.3653445444566827,2.3653445444566827
DUISBURG-MEIDERICH SCHLEUSE UW,2026-06-30 10:54:00+00:00,18.22,21.357444096272957,21.357444096272957,,3,-3.137444096272958,3.137444096272958
Basel-Rheinhalle,2026-06-30 10:55:00+00:00,517.0,517.1075766942871,517.1075766942871,,3,-0.10757669428710415,0.10757669428710415
DUISBURG-MEIDERICH SCHLEUSE OW,2026-06-30 10:55:00+00:00,24.96,27.325344544456684,27.325344544456684,,3,-2.3653445444566827,2.3653445444566827
DUISBURG-MEIDERICH SCHLEUSE UW,2026-06-30 10:55:00+00:00,18.22,21.357444096272957,21.357444096272957,,3,-3.137444096272958,3.137444096272958
DUISBURG-MEIDERICH SCHLEUSE OW,2026-06-30 10:56:00+00:00,24.96,27.325344544456684,27.325344544456684,,3,-2.3653445444566827,2.3653445444566827
DUISBURG-MEIDERICH SCHLEUSE UW,2026-06-30 10:56:00+00:00,18.22,21.357444096272957,21.357444096272957,,3,-3.137444096272958,3.137444096272958
DUISBURG-MEIDERICH SCHLEUSE OW,2026-06-30 10:57:00+00:00,24.96,27.325344544456684,27.325344544456684,,3,-2.3653445444566827,2.3653445444566827
DUISBURG-MEIDERICH SCHLEUSE UW,2026-06-30 10:57:00+00:00,18.22,21.357444096272957,21.357444096272957,,3,-3.137444096272958,3.137444096272958
DUISBURG-MEIDERICH SCHLEUSE OW,2026-06-30 10:58:00+00:00,24.96,27.325344544456684,27.325344544456684,,3,-2.3653445444566827,2.3653445444566827
DUISBURG-MEIDERICH SCHLEUSE UW,2026-06-30 10:58:00+00:00,18.22,21.357444096272957,21.357444096272957,,3,-3.137444096272958,3.137444096272958
DUISBURG-MEIDERICH SCHLEUSE OW,2026-06-30 10:59:00+00:00,24.96,27.325344544456684,27.325344544456684,,3,-2.3653445444566827,2.3653445444566827
DUISBURG-MEIDERICH SCHLEUSE UW,2026-06-30 10:59:00+00:00,18.22,21.40499264696599,21.40499264696599,,3,-3.1849926469659913,3.1849926469659913
BINGEN,2026-06-30 11:00:00+00:00,105.0,105.9882792226324,105.9882792226324,,3,-0.9882792226324,0.9882792226324
BONN,2026-06-30 11:00:00+00:00,137.0,140.18295799955388,140.18295799955388,,3,-3.182957999553878,3.182957999553878
BREISACH,2026-06-30 11:00:00+00:00,193.0,190.27931177626832,190.27931177626832,,3,2.7206882237316847,2.7206882237316847
Basel-Rheinhalle,2026-06-30 11:00:00+00:00,514.0,517.2473556618802,517.2473556618802,,3,-3.247355661880192,3.247355661880192
DUISBURG-MEIDERICH SCHLEUSE OW,2026-06-30 11:00:00+00:00,24.96,27.256772964169823,27.256772964169823,,3,-2.296772964169822,2.296772964169822
DUISBURG-MEIDERICH SCHLEUSE UW,2026-06-30 11:00:00+00:00,18.22,21.232515767623987,21.232515767623987,,3,-3.012515767623988,3.012515767623988
DUISBURG-RUHRORT,2026-06-30 11:00:00+00:00,217.0,215.5375148883711,213.02303187665981,0.0,3,3.9769681233401855,3.9769681233401855
DÜSSELDORF,2026-06-30 11:00:00+00:00,87.0,82.68507628807767,82.68507628807767,,3,4.314923711922333,4.314923711922333
EMMERICH,2026-06-30 11:00:00+00:00,53.0,49.62345738564827,49.62345738564827,,3,3.3765426143517274,3.3765426143517274
IFFEZHEIM,2026-06-30 11:00:00+00:00,135.0,142.51450060035884,144.928482326584,1.0,3,-9.928482326584003,9.928482326584003
KAUB,2026-06-30 11:00:00+00:00,89.0,96.9682546222144,96.9682546222144,,3,-7.968254622214403,7.968254622214403
KOBLENZ,2026-06-30 11:00:00+00:00,94.0,82.05651504305361,81.70458371175532,0.0,3,12.295416288244681,12.295416288244681
KONSTANZ-RHEIN,2026-06-30 11:00:00+00:00,314.0,312.7821965174152,312.7821965174152,,3,1.2178034825848272,1.2178034825848272
Koblenz OP,2026-06-30 11:00:00+00:00,204.0,202.8797739520941,202.8797739520941,,3,1.120226047905902,1.120226047905902
Koblenz UP,2026-06-30 11:00:00+00:00,74.0,46.74936197216182,46.74936197216182,3.0,3,27.25063802783818,27.25063802783818
KÖLN,2026-06-30 11:00:00+00:00,131.0,135.02045942865954,132.22219921807476,0.0,3,-1.2221992180747634,1.2221992180747634
LOBITH,2026-06-30 11:00:00+00:00,703.0,706.3704237354561,706.3704237354561,,3,-3.370423735456143,3.370423735456143
MAINZ,2026-06-30 11:00:00+00:00,180.0,187.9859806041197,187.9859806041197,,3,-7.985980604119703,7.985980604119703
MANNHEIM,2026-06-30 11:00:00+00:00,167.0,161.35762204643765,165.83251326396098,0.0,3,1.1674867360390238,1.1674867360390238
MAXAU,2026-06-30 11:00:00+00:00,401.0,405.4754312180291,406.63617405858264,1.0,3,-5.63617405858264,5.63617405858264
REES,2026-06-30 11:00:00+00:00,97.0,94.03549499635074,94.03549499635074,,3,2.964505003649265,2.964505003649265
RHEINE UNTERSCHLEUSE,2026-06-30 11:00:00+00:00,195.0,194.79699901444283,194.79699901444283,2.0,3,0.20300098555716772,0.20300098555716772
RHEINWEILER,2026-06-30 11:00:00+00:00,223.0,223.90971759114908,223.90971759114908,,3,-0.9097175911490751,0.9097175911490751
SANKT GOAR,2026-06-30 11:00:00+00:00,181.0,186.8917928702429,179.967706364699,0.0,3,1.032293635300988,1.032293635300988
SPEYER,2026-06-30 11:00:00+00:00,261.0,259.4409485591403,256.5393752997501,1.0,3,4.460624700249923,4.460624700249923
WESEL,2026-06-30 11:00:00+00:00,154.0,151.8091672028153,152.41030005057593,0.0,3,1.589699949424073,1.589699949424073
WORMS,2026-06-30 11:00:00+00:00,76.0,72.46342824467051,74.5633967290502,0.0,3,1.436603270949803,1.436603270949803
DUISBURG-MEIDERICH SCHLEUSE OW,2026-06-30 11:01:00+00:00,24.96,27.12322543759507,27.12322543759507,,3,-2.16322543759507,2.16322543759507
DUISBURG-MEIDERICH SCHLEUSE UW,2026-06-30 11:01:00+00:00,18.22,21.098968241049235,21.098968241049235,,3,-2.878968241049236,2.878968241049236
DUISBURG-MEIDERICH SCHLEUSE OW,2026-06-30 11:02:00+00:00,24.95,27.106990558080813,27.106990558080813,,3,-2.156990558080814,2.156990558080814
DUISBURG-MEIDERICH SCHLEUSE UW,2026-06-30 11:02:00+00:00,18.22,20.880488924625,20.880488924625,,3,-2.6604889246249996,2.6604889246249996
DUISBURG-MEIDERICH SCHLEUSE OW,2026-06-30 11:03:00+00:00,24.95,27.484356779583674,27.484356779583674,,3,-2.534356779583675,2.534356779583675
DUISBURG-MEIDERICH SCHLEUSE UW,2026-06-30 11:03:00+00:00,18.22,21.48514266022117,21.48514266022117,,3,-3.265142660221173,3.265142660221173
DUISBURG-MEIDERICH SCHLEUSE OW,2026-06-30 11:04:00+00:00,24.95,27.484356779583674,27.484356779583674,,3,-2.534356779583675,2.534356779583675
DUISBURG-MEIDERICH SCHLEUSE UW,2026-06-30 11:04:00+00:00,18.22,21.532691210914205,21.532691210914205,,3,-3.312691210914206,3.312691210914206
Basel-Rheinhalle,2026-06-30 11:05:00+00:00,514.0,516.9232293434727,516.9232293434727,,3,-2.9232293434727126,2.9232293434727126
DUISBURG-MEIDERICH SCHLEUSE OW,2026-06-30 11:05:00+00:00,24.95,27.379179490419467,27.379179490419467,,3,-2.429179490419468,2.429179490419468
DUISBURG-MEIDERICH SCHLEUSE UW,2026-06-30 11:05:00+00:00,18.22,21.47506247244303,21.47506247244303,,3,-3.255062472443033,3.255062472443033
DUISBURG-MEIDERICH SCHLEUSE OW,2026-06-30 11:06:00+00:00,24.95,27.32677848643353,27.32677848643353,,3,-2.3767784864335297,2.3767784864335297
DUISBURG-MEIDERICH SCHLEUSE UW,2026-06-30 11:06:00+00:00,18.22,21.422661468457093,21.422661468457093,,3,-3.2026614684570944,3.2026614684570944
DUISBURG-MEIDERICH SCHLEUSE OW,2026-06-30 11:07:00+00:00,24.95,27.32677848643353,27.32677848643353,,3,-2.3767784864335297,2.3767784864335297
DUISBURG-MEIDERICH SCHLEUSE UW,2026-06-30 11:07:00+00:00,18.22,21.422661468457093,21.422661468457093,,3,-3.2026614684570944,3.2026614684570944
DUISBURG-MEIDERICH SCHLEUSE OW,2026-06-30 11:08:00+00:00,24.95,27.32677848643353,27.32677848643353,,3,-2.3767784864335297,2.3767784864335297
DUISBURG-MEIDERICH SCHLEUSE UW,2026-06-30 11:08:00+00:00,18.22,21.37511291776406,21.37511291776406,,3,-3.155112917764061,3.155112917764061
DUISBURG-MEIDERICH SCHLEUSE OW,2026-06-30 11:09:00+00:00,24.95,27.32677848643353,27.32677848643353,,3,-2.3767784864335297,2.3767784864335297
DUISBURG-MEIDERICH SCHLEUSE UW,2026-06-30 11:09:00+00:00,18.22,21.37511291776406,21.37511291776406,,3,-3.155112917764061,3.155112917764061
Basel-Rheinhalle,2026-06-30 11:10:00+00:00,512.0,517.2640151602401,517.2640151602401,,3,-5.264015160240092,5.264015160240092
DUISBURG-MEIDERICH SCHLEUSE OW,2026-06-30 11:10:00+00:00,24.95,27.32677848643353,27.32677848643353,,3,-2.3767784864335297,2.3767784864335297
DUISBURG-MEIDERICH SCHLEUSE UW,2026-06-30 11:10:00+00:00,18.22,21.37511291776406,21.37511291776406,,3,-3.155112917764061,3.155112917764061
LOBITH,2026-06-30 11:10:00+00:00,703.0,706.5690667699597,706.5690667699597,,3,-3.5690667699597043,3.5690667699597043
DUISBURG-MEIDERICH SCHLEUSE OW,2026-06-30 11:11:00+00:00,24.95,27.32677848643353,27.32677848643353,,3,-2.3767784864335297,2.3767784864335297
DUISBURG-MEIDERICH SCHLEUSE UW,2026-06-30 11:11:00+00:00,18.22,21.37511291776406,21.37511291776406,,3,-3.155112917764061,3.155112917764061
DUISBURG-MEIDERICH SCHLEUSE OW,2026-06-30 11:12:00+00:00,24.95,27.32677848643353,27.32677848643353,,3,-2.3767784864335297,2.3767784864335297
DUISBURG-MEIDERICH SCHLEUSE UW,2026-06-30 11:12:00+00:00,18.22,21.37511291776406,21.37511291776406,,3,-3.155112917764061,3.155112917764061
DUISBURG-MEIDERICH SCHLEUSE OW,2026-06-30 11:13:00+00:00,24.95,27.32677848643353,27.32677848643353,,3,-2.3767784864335297,2.3767784864335297
DUISBURG-MEIDERICH SCHLEUSE UW,2026-06-30 11:13:00+00:00,18.22,21.37511291776406,21.37511291776406,,3,-3.155112917764061,3.155112917764061
DUISBURG-MEIDERICH SCHLEUSE OW,2026-06-30 11:14:00+00:00,24.95,27.32677848643353,27.32677848643353,,3,-2.3767784864335297,2.3767784864335297
DUISBURG-MEIDERICH SCHLEUSE UW,2026-06-30 11:14:00+00:00,18.22,21.37511291776406,21.37511291776406,,3,-3.155112917764061,3.155112917764061
BINGEN,2026-06-30 11:15:00+00:00,105.0,105.70695089780764,105.70695089780764,,3,-0.7069508978076442,0.7069508978076442
BONN,2026-06-30 11:15:00+00:00,137.0,140.16549341531154,140.16549341531154,,3,-3.165493415311545,3.165493415311545
BREISACH,2026-06-30 11:15:00+00:00,196.0,190.32745044955536,190.32745044955536,,3,5.672549550444643,5.672549550444643
Basel-Rheinhalle,2026-06-30 11:15:00+00:00,511.0,517.3966493257507,517.3966493257507,,3,-6.396649325750673,6.396649325750673
DUISBURG-MEIDERICH SCHLEUSE OW,2026-06-30 11:15:00+00:00,24.95,27.32677848643353,27.32677848643353,,3,-2.3767784864335297,2.3767784864335297
DUISBURG-MEIDERICH SCHLEUSE UW,2026-06-30 11:15:00+00:00,18.22,21.422661468457093,21.422661468457093,,3,-3.2026614684570944,3.2026614684570944
DUISBURG-RUHRORT,2026-06-30 11:15:00+00:00,217.0,216.58151016788796,213.01182970790887,0.0,3,3.9881702920911266,3.9881702920911266
DÜSSELDORF,2026-06-30 11:15:00+00:00,87.0,81.70091192032952,81.70091192032952,,3,5.299088079670483,5.299088079670483
EMMERICH,2026-06-30 11:15:00+00:00,54.0,49.6481393627624,49.6481393627624,,3,4.3518606372376,4.3518606372376
IFFEZHEIM,2026-06-30 11:15:00+00:00,133.0,142.10598071690706,144.9999096911959,1.0,3,-11.99990969119591,11.99990969119591
KAUB,2026-06-30 11:15:00+00:00,90.0,91.47710786402155,91.47710786402155,,3,-1.4771078640215478,1.4771078640215478
KOBLENZ,2026-06-30 11:15:00+00:00,94.0,79.92267234946948,82.6896612151271,0.0,3,11.310338784872897,11.310338784872897
KONSTANZ-RHEIN,2026-06-30 11:15:00+00:00,313.0,312.27616587312906,312.27616587312906,,3,0.7238341268709405,0.7238341268709405
Koblenz OP,2026-06-30 11:15:00+00:00,203.0,202.63113923016567,202.63113923016567,,3,0.3688607698343276,0.3688607698343276
Koblenz UP,2026-06-30 11:15:00+00:00,73.0,46.0716631779151,46.0716631779151,3.0,3,26.9283368220849,26.9283368220849
KÖLN,2026-06-30 11:15:00+00:00,131.0,131.47308054379502,131.9866444674925,0.0,4,-0.9866444674925106,0.9866444674925106
MAINZ,2026-06-30 11:15:00+00:00,180.0,183.32582887258417,183.32582887258417,,4,-3.325828872584168,3.325828872584168
MANNHEIM,2026-06-30 11:15:00+00:00,168.0,165.11063865233623,166.85653286368142,0.0,4,1.143467136318577,1.143467136318577
MAXAU,2026-06-30 11:15:00+00:00,401.0,401.1857059671161,400.79530156610633,1.0,4,0.20469843389366815,0.20469843389366815
REES,2026-06-30 11:15:00+00:00,98.0,95.7151314615221,95.7151314615221,,4,2.2848685384778946,2.2848685384778946
RHEINE UNTERSCHLEUSE,2026-06-30 11:15:00+00:00,195.0,196.34215561681765,196.34215561681765,2.0,4,-1.3421556168176494,1.3421556168176494
RHEINWEILER,2026-06-30 11:15:00+00:00,224.0,222.71877038936714,222.71877038936714,,4,1.2812296106328631,1.2812296106328631
SANKT GOAR,2026-06-30 11:15:00+00:00,181.0,181.9579080356413,181.87353809038328,0.0,4,-0.8735380903832777,0.8735380903832777
SPEYER,2026-06-30 11:15:00+00:00,262.0,261.2375531694958,262.3669165501492,1.0,4,-0.3669165501491989,0.3669165501491989
WESEL,2026-06-30 11:15:00+00:00,156.0,152.8261576188721,154.52364493567086,0.0,4,1.476355064329141,1.476355064329141
WORMS,2026-06-30 11:15:00+00:00,77.0,75.25016043231766,76.0806984093726,0.0,4,0.9193015906273985,0.9193015906273985
DUISBURG-MEIDERICH SCHLEUSE OW,2026-06-30 11:16:00+00:00,24.95,24.986028066135407,24.986028066135407,,4,-0.03602806613540821,0.03602806613540821
DUISBURG-MEIDERICH SCHLEUSE UW,2026-06-30 11:16:00+00:00,18.22,18.347073472580018,18.347073472580018,,4,-0.1270734725800189,0.1270734725800189
DUISBURG-MEIDERICH SCHLEUSE OW,2026-06-30 11:17:00+00:00,24.95,25.087440012185336,25.087440012185336,,4,-0.13744001218533697,0.13744001218533697
DUISBURG-MEIDERICH SCHLEUSE UW,2026-06-30 11:17:00+00:00,18.22,18.268276384618254,18.268276384618254,,4,-0.04827638461825501,0.04827638461825501
DUISBURG-MEIDERICH SCHLEUSE OW,2026-06-30 11:18:00+00:00,24.95,25.087440012185336,25.087440012185336,,4,-0.13744001218533697,0.13744001218533697
DUISBURG-MEIDERICH SCHLEUSE UW,2026-06-30 11:18:00+00:00,18.23,18.268276384618254,18.268276384618254,,4,-0.038276384618253445,0.038276384618253445
DUISBURG-MEIDERICH SCHLEUSE OW,2026-06-30 11:19:00+00:00,24.95,24.973371500165882,24.973371500165882,,4,-0.023371500165882964,0.023371500165882964
DUISBURG-MEIDERICH SCHLEUSE UW,2026-06-30 11:19:00+00:00,18.23,18.268276384618254,18.268276384618254,,4,-0.038276384618253445,0.038276384618253445
Basel-Rheinhalle,2026-06-30 11:20:00+00:00,514.0,515.3027089406629,515.3027089406629,,4,-1.3027089406629102,1.3027089406629102
DUISBURG-MEIDERICH SCHLEUSE OW,2026-06-30 11:20:00+00:00,24.95,24.973371500165882,24.973371500165882,,4,-0.023371500165882964,0.023371500165882964
DUISBURG-MEIDERICH SCHLEUSE UW,2026-06-30 11:20:00+00:00,18.23,18.268276384618254,18.268276384618254,,4,-0.038276384618253445,0.038276384618253445
LOBITH,2026-06-30 11:20:00+00:00,704.0,703.1271320999927,703.1271320999927,,4,0.8728679000073498,0.8728679000073498
DUISBURG-MEIDERICH SCHLEUSE OW,2026-06-30 11:21:00+00:00,24.94,24.973371500165882,24.973371500165882,,4,-0.033371500165880974,0.033371500165880974
DUISBURG-MEIDERICH SCHLEUSE UW,2026-06-30 11:21:00+00:00,18.23,18.268276384618254,18.268276384618254,,4,-0.038276384618253445,0.038276384618253445
DUISBURG-MEIDERICH SCHLEUSE OW,2026-06-30 11:22:00+00:00,24.94,24.973371500165882,24.973371500165882,,4,-0.033371500165880974,0.033371500165880974
DUISBURG-MEIDERICH SCHLEUSE UW,2026-06-30 11:22:00+00:00,18.23,18.268276384618254,18.268276384618254,,4,-0.038276384618253445,0.038276384618253445
DUISBURG-MEIDERICH SCHLEUSE OW,2026-06-30 11:23:00+00:00,24.94,24.973371500165882,24.973371500165882,,4,-0.033371500165880974,0.033371500165880974
DUISBURG-MEIDERICH SCHLEUSE UW,2026-06-30 11:23:00+00:00,18.23,18.268276384618254,18.268276384618254,,4,-0.038276384618253445,0.038276384618253445
DUISBURG-MEIDERICH SCHLEUSE OW,2026-06-30 11:24:00+00:00,24.94,24.973371500165882,24.973371500165882,,4,-0.033371500165880974,0.033371500165880974
DUISBURG-MEIDERICH SCHLEUSE UW,2026-06-30 11:24:00+00:00,18.23,18.268276384618254,18.268276384618254,,4,-0.038276384618253445,0.038276384618253445
Basel-Rheinhalle,2026-06-30 11:25:00+00:00,513.0,515.0938675353974,515.0938675353974,,4,-2.0938675353974077,2.0938675353974077
DUISBURG-MEIDERICH SCHLEUSE OW,2026-06-30 11:25:00+00:00,24.94,24.973371500165882,24.973371500165882,,4,-0.033371500165880974,0.033371500165880974
DUISBURG-MEIDERICH SCHLEUSE UW,2026-06-30 11:25:00+00:00,18.23,18.268276384618254,18.268276384618254,,4,-0.038276384618253445,0.038276384618253445
DUISBURG-MEIDERICH SCHLEUSE OW,2026-06-30 11:26:00+00:00,24.94,24.973371500165882,24.973371500165882,,4,-0.033371500165880974,0.033371500165880974
DUISBURG-MEIDERICH SCHLEUSE UW,2026-06-30 11:26:00+00:00,18.23,18.268276384618254,18.268276384618254,,4,-0.038276384618253445,0.038276384618253445
DUISBURG-MEIDERICH SCHLEUSE OW,2026-06-30 11:27:00+00:00,24.94,25.07478344621581,25.07478344621581,,4,-0.13478344621580973,0.13478344621580973
DUISBURG-MEIDERICH SCHLEUSE UW,2026-06-30 11:27:00+00:00,18.23,18.268276384618254,18.268276384618254,,4,-0.038276384618253445,0.038276384618253445
DUISBURG-MEIDERICH SCHLEUSE OW,2026-06-30 11:28:00+00:00,24.94,25.07478344621581,25.07478344621581,,4,-0.13478344621580973,0.13478344621580973
DUISBURG-MEIDERICH SCHLEUSE UW,2026-06-30 11:28:00+00:00,18.23,18.268276384618254,18.268276384618254,,4,-0.038276384618253445,0.038276384618253445
DUISBURG-MEIDERICH SCHLEUSE OW,2026-06-30 11:29:00+00:00,24.94,24.973371500165882,24.973371500165882,,4,-0.033371500165880974,0.033371500165880974
DUISBURG-MEIDERICH SCHLEUSE UW,2026-06-30 11:29:00+00:00,18.23,18.268276384618254,18.268276384618254,,4,-0.038276384618253445,0.038276384618253445
BINGEN,2026-06-30 11:30:00+00:00,104.0,105.50919106789752,105.50919106789752,,4,-1.5091910678975182,1.5091910678975182
BONN,2026-06-30 11:30:00+00:00,138.0,136.59697296897474,136.59697296897474,,4,1.4030270310252604,1.4030270310252604
BREISACH,2026-06-30 11:30:00+00:00,195.0,194.20448420673802,194.20448420673802,,4,0.7955157932619841,0.7955157932619841
Basel-Rheinhalle,2026-06-30 11:30:00+00:00,513.0,514.9624522674752,514.9624522674752,,4,-1.9624522674752143,1.9624522674752143
DUISBURG-MEIDERICH SCHLEUSE OW,2026-06-30 11:30:00+00:00,24.94,24.973371500165882,24.973371500165882,,4,-0.033371500165880974,0.033371500165880974
DUISBURG-MEIDERICH SCHLEUSE UW,2026-06-30 11:30:00+00:00,18.23,18.268276384618254,18.268276384618254,,4,-0.038276384618253445,0.038276384618253445
DUISBURG-RUHRORT,2026-06-30 11:30:00+00:00,217.0,216.9147386503434,216.6790518113548,0.0,4,0.3209481886451897,0.3209481886451897
DÜSSELDORF,2026-06-30 11:30:00+00:00,88.0,88.69114393446752,88.69114393446752,,4,-0.6911439344675188,0.6911439344675188
EMMERICH,2026-06-30 11:30:00+00:00,54.0,58.16566439997832,58.16566439997832,,4,-4.1656643999783185,4.1656643999783185
IFFEZHEIM,2026-06-30 11:30:00+00:00,136.0,135.24717915937933,135.30913298650907,1.0,4,0.69086701349093,0.69086701349093
KAUB,2026-06-30 11:30:00+00:00,90.0,91.02194491826133,91.02194491826133,,4,-1.021944918261326,1.021944918261326
KOBLENZ,2026-06-30 11:30:00+00:00,95.0,89.89839864320015,93.14277205263333,0.0,4,1.8572279473666669,1.8572279473666669
KONSTANZ-RHEIN,2026-06-30 11:30:00+00:00,314.0,312.5778808975296,312.5778808975296,,4,1.4221191024703899,1.4221191024703899
Koblenz OP,2026-06-30 11:30:00+00:00,203.0,203.3134164096985,203.3134164096985,,4,-0.3134164096985046,0.3134164096985046
Koblenz UP,2026-06-30 11:30:00+00:00,73.0,70.46033498493345,70.46033498493345,3.0,4,2.5396650150665465,2.5396650150665465
KÖLN,2026-06-30 11:30:00+00:00,130.0,131.70229271145385,132.00093413300257,0.0,4,-2.0009341330025734,2.0009341330025734
LOBITH,2026-06-30 11:30:00+00:00,703.0,702.9706821009466,702.9706821009466,,4,0.029317899053353358,0.029317899053353358
MAINZ,2026-06-30 11:30:00+00:00,179.0,184.91319836940016,184.91319836940016,,4,-5.913198369400163,5.913198369400163
MANNHEIM,2026-06-30 11:30:00+00:00,169.0,165.15653086090683,166.77442158358204,0.0,4,2.22557841641796,2.22557841641796
MAXAU,2026-06-30 11:30:00+00:00,400.0,401.1857059671161,400.8661210183818,1.0,4,-0.8661210183818184,0.8661210183818184
REES,2026-06-30 11:30:00+00:00,97.0,95.72505375600728,95.72505375600728,,4,1.2749462439927157,1.2749462439927157
RHEINE UNTERSCHLEUSE,2026-06-30 11:30:00+00:00,195.0,195.5947771544405,195.5947771544405,2.0,4,-0.594777154440493,0.594777154440493
RHEINWEILER,2026-06-30 11:30:00+00:00,223.0,222.25136077218502,222.25136077218502,,4,0.7486392278149765,0.7486392278149765
SANKT GOAR,2026-06-30 11:30:00+00:00,181.0,190.33143924612858,181.85599420608634,0.0,4,-0.8559942060863364,0.8559942060863364
SPEYER,2026-06-30 11:30:00+00:00,262.0,261.3089298913135,262.01991089609015,1.0,4,-0.01991089609015262,0.01991089609015262
WESEL,2026-06-30 11:30:00+00:00,154.0,152.8570112546169,154.63941430908727,0.0,4,-0.6394143090872717,0.6394143090872717
WORMS,2026-06-30 11:30:00+00:00,76.0,75.23216221029776,75.946914346111,0.0,4,0.05308565388899922,0.05308565388899922
DUISBURG-MEIDERICH SCHLEUSE OW,2026-06-30 11:31:00+00:00,24.94,24.973371500165882,24.973371500165882,,4,-0.033371500165880974,0.033371500165880974
DUISBURG-MEIDERICH SCHLEUSE UW,2026-06-30 11:31:00+00:00,18.23,18.268276384618254,18.268276384618254,,4,-0.038276384618253445,0.038276384618253445
DUISBURG-MEIDERICH SCHLEUSE OW,2026-06-30 11:32:00+00:00,24.94,24.973371500165882,24.973371500165882,,4,-0.033371500165880974,0.033371500165880974
DUISBURG-MEIDERICH SCHLEUSE UW,2026-06-30 11:32:00+00:00,18.23,18.268276384618254,18.268276384618254,,4,-0.038276384618253445,0.038276384618253445
DUISBURG-MEIDERICH SCHLEUSE OW,2026-06-30 11:33:00+00:00,24.94,24.973371500165882,24.973371500165882,,4,-0.033371500165880974,0.033371500165880974
DUISBURG-MEIDERICH SCHLEUSE UW,2026-06-30 11:33:00+00:00,18.23,18.268276384618254,18.268276384618254,,4,-0.038276384618253445,0.038276384618253445
DUISBURG-MEIDERICH SCHLEUSE OW,2026-06-30 11:34:00+00:00,24.94,24.973371500165882,24.973371500165882,,4,-0.033371500165880974,0.033371500165880974
DUISBURG-MEIDERICH SCHLEUSE UW,2026-06-30 11:34:00+00:00,18.23,18.268276384618254,18.268276384618254,,4,-0.038276384618253445,0.038276384618253445
Basel-Rheinhalle,2026-06-30 11:35:00+00:00,516.0,514.695248801933,514.695248801933,,4,1.3047511980670379,1.3047511980670379
DUISBURG-MEIDERICH SCHLEUSE OW,2026-06-30 11:35:00+00:00,24.94,24.973371500165882,24.973371500165882,,4,-0.033371500165880974,0.033371500165880974
DUISBURG-MEIDERICH SCHLEUSE UW,2026-06-30 11:35:00+00:00,18.23,18.268276384618254,18.268276384618254,,4,-0.038276384618253445,0.038276384618253445
DUISBURG-MEIDERICH SCHLEUSE OW,2026-06-30 11:36:00+00:00,24.94,24.973371500165882,24.973371500165882,,4,-0.033371500165880974,0.033371500165880974
DUISBURG-MEIDERICH SCHLEUSE UW,2026-06-30 11:36:00+00:00,18.23,18.268276384618254,18.268276384618254,,4,-0.038276384618253445,0.038276384618253445
DUISBURG-MEIDERICH SCHLEUSE OW,2026-06-30 11:37:00+00:00,24.93,24.973371500165882,24.973371500165882,,4,-0.04337150016588254,0.04337150016588254
DUISBURG-MEIDERICH SCHLEUSE UW,2026-06-30 11:37:00+00:00,18.23,18.268276384618254,18.268276384618254,,4,-0.038276384618253445,0.038276384618253445
DUISBURG-MEIDERICH SCHLEUSE OW,2026-06-30 11:38:00+00:00,24.93,24.973371500165882,24.973371500165882,,4,-0.04337150016588254,0.04337150016588254
DUISBURG-MEIDERICH SCHLEUSE UW,2026-06-30 11:38:00+00:00,18.23,18.268276384618254,18.268276384618254,,4,-0.038276384618253445,0.038276384618253445
DUISBURG-MEIDERICH SCHLEUSE OW,2026-06-30 11:39:00+00:00,24.93,24.973371500165882,24.973371500165882,,4,-0.04337150016588254,0.04337150016588254
DUISBURG-MEIDERICH SCHLEUSE UW,2026-06-30 11:39:00+00:00,18.23,18.268276384618254,18.268276384618254,,4,-0.038276384618253445,0.038276384618253445
Basel-Rheinhalle,2026-06-30 11:40:00+00:00,515.0,515.6919999884688,515.6919999884688,,4,-0.6919999884687513,0.6919999884687513
DUISBURG-MEIDERICH SCHLEUSE OW,2026-06-30 11:40:00+00:00,24.93,24.973371500165882,24.973371500165882,,4,-0.04337150016588254,0.04337150016588254
DUISBURG-MEIDERICH SCHLEUSE UW,2026-06-30 11:40:00+00:00,18.23,18.268276384618254,18.268276384618254,,4,-0.038276384618253445,0.038276384618253445
LOBITH,2026-06-30 11:40:00+00:00,704.0,703.0827781215993,703.0827781215993,,4,0.91722187840071,0.91722187840071
DUISBURG-MEIDERICH SCHLEUSE OW,2026-06-30 11:41:00+00:00,24.93,24.973371500165882,24.973371500165882,,4,-0.04337150016588254,0.04337150016588254
DUISBURG-MEIDERICH SCHLEUSE UW,2026-06-30 11:41:00+00:00,18.23,18.268276384618254,18.268276384618254,,4,-0.038276384618253445,0.038276384618253445
DUISBURG-MEIDERICH SCHLEUSE OW,2026-06-30 11:42:00+00:00,24.93,24.973371500165882,24.973371500165882,,4,-0.04337150016588254,0.04337150016588254
DUISBURG-MEIDERICH SCHLEUSE UW,2026-06-30 11:42:00+00:00,18.23,18.268276384618254,18.268276384618254,,4,-0.038276384618253445,0.038276384618253445
DUISBURG-MEIDERICH SCHLEUSE OW,2026-06-30 11:43:00+00:00,24.93,24.973371500165882,24.973371500165882,,4,-0.04337150016588254,0.04337150016588254
DUISBURG-MEIDERICH SCHLEUSE UW,2026-06-30 11:43:00+00:00,18.23,18.347073472580018,18.347073472580018,,4,-0.11707347258001732,0.11707347258001732
DUISBURG-MEIDERICH SCHLEUSE OW,2026-06-30 11:44:00+00:00,24.93,24.973371500165882,24.973371500165882,,4,-0.04337150016588254,0.04337150016588254
DUISBURG-MEIDERICH SCHLEUSE UW,2026-06-30 11:44:00+00:00,18.23,18.347073472580018,18.347073472580018,,4,-0.11707347258001732,0.11707347258001732
BINGEN,2026-06-30 11:45:00+00:00,104.0,105.4771672680753,105.4771672680753,,4,-1.4771672680753056,1.4771672680753056
BONN,2026-06-30 11:45:00+00:00,137.0,138.11915125876777,138.11915125876777,,4,-1.119151258767772,1.119151258767772
BREISACH,2026-06-30 11:45:00+00:00,193.0,193.16393027819495,193.16393027819495,,4,-0.16393027819495387,0.16393027819495387
Basel-Rheinhalle,2026-06-30 11:45:00+00:00,514.0,514.9310153514,514.9310153514,,4,-0.9310153513999921,0.9310153513999921
DUISBURG-MEIDERICH SCHLEUSE OW,2026-06-30 11:45:00+00:00,24.93,24.973371500165882,24.973371500165882,,4,-0.04337150016588254,0.04337150016588254
DUISBURG-MEIDERICH SCHLEUSE UW,2026-06-30 11:45:00+00:00,18.23,18.24566152653009,18.24566152653009,,4,-0.015661526530088565,0.015661526530088565
DUISBURG-RUHRORT,2026-06-30 11:45:00+00:00,218.0,216.84988785381083,216.52814666044372,0.0,4,1.4718533395562758,1.4718533395562758
DÜSSELDORF,2026-06-30 11:45:00+00:00,88.0,89.82668864125861,89.82668864125861,,4,-1.8266886412586132,1.8266886412586132
EMMERICH,2026-06-30 11:45:00+00:00,53.0,58.892710909319796,58.892710909319796,,4,-5.892710909319796,5.892710909319796
IFFEZHEIM,2026-06-30 11:45:00+00:00,134.0,136.7775521438932,136.79671828843863,1.0,4,-2.796718288438626,2.796718288438626
KAUB,2026-06-30 11:45:00+00:00,89.0,90.73038353872332,90.73038353872332,,4,-1.7303835387233164,1.7303835387233164
KOBLENZ,2026-06-30 11:45:00+00:00,93.0,89.01727338492208,93.06071776858433,0.0,4,-0.06071776858432543,0.06071776858432543
KONSTANZ-RHEIN,2026-06-30 11:45:00+00:00,314.0,312.68184523733106,312.68184523733106,,4,1.3181547626689394,1.3181547626689394
Koblenz OP,2026-06-30 11:45:00+00:00,200.0,203.7099440421727,203.7099440421727,,4,-3.709944042172708,3.709944042172708
Koblenz UP,2026-06-30 11:45:00+00:00,74.0,69.76943966012676,69.76943966012676,3.0,4,4.230560339873236,4.230560339873236
KÖLN,2026-06-30 11:45:00+00:00,130.0,131.9946635027805,132.51897374337813,0.0,4,-2.518973743378126,2.518973743378126
MAINZ,2026-06-30 11:45:00+00:00,179.0,185.5639297173082,185.5639297173082,,4,-6.563929717308213,6.563929717308213
MANNHEIM,2026-06-30 11:45:00+00:00,169.0,160.50297304332565,167.25539375174947,0.0,4,1.744606248250534,1.744606248250534
MAXAU,2026-06-30 11:45:00+00:00,400.0,402.63626507718755,402.80684792664056,1.0,4,-2.8068479266405575,2.8068479266405575
REES,2026-06-30 11:45:00+00:00,97.0,95.56936611684624,95.56936611684624,,4,1.4306338831537602,1.4306338831537602
RHEINE UNTERSCHLEUSE,2026-06-30 11:45:00+00:00,195.0,193.07327957764127,193.07327957764127,2.0,4,1.926720422358727,1.926720422358727
RHEINWEILER,2026-06-30 11:45:00+00:00,223.0,222.27565318668763,222.27565318668763,,4,0.7243468133123656,0.7243468133123656
SANKT GOAR,2026-06-30 11:45:00+00:00,181.0,190.37924029804648,181.9049800099648,0.0,4,-0.9049800099647882,0.9049800099647882
SPEYER,2026-06-30 11:45:00+00:00,262.0,261.1858651888118,261.56846967981306,1.0,4,0.43153032018693693,0.43153032018693693
WESEL,2026-06-30 11:45:00+00:00,155.0,153.11966720122908,154.957989145919,0.0,4,0.04201085408101335,0.04201085408101335
WORMS,2026-06-30 11:45:00+00:00,76.0,75.10574646897854,76.53120557886142,0.0,4,-0.5312055788614174,0.5312055788614174
DUISBURG-MEIDERICH SCHLEUSE OW,2026-06-30 11:46:00+00:00,24.93,25.07478344621581,25.07478344621581,,4,-0.1447834462158113,0.1447834462158113
DUISBURG-MEIDERICH SCHLEUSE UW,2026-06-30 11:46:00+00:00,18.23,18.24566152653009,18.24566152653009,,4,-0.015661526530088565,0.015661526530088565
DUISBURG-MEIDERICH SCHLEUSE OW,2026-06-30 11:47:00+00:00,24.93,25.07478344621581,25.07478344621581,,4,-0.1447834462158113,0.1447834462158113
DUISBURG-MEIDERICH SCHLEUSE UW,2026-06-30 11:47:00+00:00,18.23,18.24566152653009,18.24566152653009,,4,-0.015661526530088565,0.015661526530088565
DUISBURG-MEIDERICH SCHLEUSE OW,2026-06-30 11:48:00+00:00,24.93,24.96365077474151,24.96365077474151,,4,-0.03365077474150979,0.03365077474150979
DUISBURG-MEIDERICH SCHLEUSE UW,2026-06-30 11:48:00+00:00,18.23,18.24566152653009,18.24566152653009,,4,-0.015661526530088565,0.015661526530088565
DUISBURG-MEIDERICH SCHLEUSE OW,2026-06-30 11:49:00+00:00,24.93,24.96365077474151,24.96365077474151,,4,-0.03365077474150979,0.03365077474150979
DUISBURG-MEIDERICH SCHLEUSE UW,2026-06-30 11:49:00+00:00,18.23,18.24566152653009,18.24566152653009,,4,-0.015661526530088565,0.015661526530088565
Basel-Rheinhalle,2026-06-30 11:50:00+00:00,514.0,515.5615606385472,515.5615606385472,,4,-1.5615606385472347,1.5615606385472347
DUISBURG-MEIDERICH SCHLEUSE OW,2026-06-30 11:50:00+00:00,24.93,24.96365077474151,24.96365077474151,,4,-0.03365077474150979,0.03365077474150979
DUISBURG-MEIDERICH SCHLEUSE UW,2026-06-30 11:50:00+00:00,18.23,18.24566152653009,18.24566152653009,,4,-0.015661526530088565,0.015661526530088565
LOBITH,2026-06-30 11:50:00+00:00,704.0,702.8810517657863,702.8810517657863,,4,1.1189482342136898,1.1189482342136898
DUISBURG-MEIDERICH SCHLEUSE OW,2026-06-30 11:51:00+00:00,24.93,24.96365077474151,24.96365077474151,,4,-0.03365077474150979,0.03365077474150979
DUISBURG-MEIDERICH SCHLEUSE UW,2026-06-30 11:51:00+00:00,18.23,18.24566152653009,18.24566152653009,,4,-0.015661526530088565,0.015661526530088565
DUISBURG-MEIDERICH SCHLEUSE OW,2026-06-30 11:52:00+00:00,24.93,24.96365077474151,24.96365077474151,,4,-0.03365077474150979,0.03365077474150979
DUISBURG-MEIDERICH SCHLEUSE UW,2026-06-30 11:52:00+00:00,18.23,18.24566152653009,18.24566152653009,,4,-0.015661526530088565,0.015661526530088565
DUISBURG-MEIDERICH SCHLEUSE OW,2026-06-30 11:53:00+00:00,24.93,24.96365077474151,24.96365077474151,,4,-0.03365077474150979,0.03365077474150979
DUISBURG-MEIDERICH SCHLEUSE UW,2026-06-30 11:53:00+00:00,18.23,18.24566152653009,18.24566152653009,,4,-0.015661526530088565,0.015661526530088565
DUISBURG-MEIDERICH SCHLEUSE OW,2026-06-30 11:54:00+00:00,24.93,24.96365077474151,24.96365077474151,,4,-0.03365077474150979,0.03365077474150979
DUISBURG-MEIDERICH SCHLEUSE UW,2026-06-30 11:54:00+00:00,18.23,18.24566152653009,18.24566152653009,,4,-0.015661526530088565,0.015661526530088565
Basel-Rheinhalle,2026-06-30 11:55:00+00:00,513.0,515.7199924552092,515.7199924552092,,4,-2.7199924552091943,2.7199924552091943
DUISBURG-MEIDERICH SCHLEUSE OW,2026-06-30 11:55:00+00:00,24.93,24.96365077474151,24.96365077474151,,4,-0.03365077474150979,0.03365077474150979
DUISBURG-MEIDERICH SCHLEUSE UW,2026-06-30 11:55:00+00:00,18.23,18.24566152653009,18.24566152653009,,4,-0.015661526530088565,0.015661526530088565
DUISBURG-MEIDERICH SCHLEUSE OW,2026-06-30 11:56:00+00:00,24.93,24.96365077474151,24.96365077474151,,4,-0.03365077474150979,0.03365077474150979
DUISBURG-MEIDERICH SCHLEUSE UW,2026-06-30 11:56:00+00:00,18.23,18.24566152653009,18.24566152653009,,4,-0.015661526530088565,0.015661526530088565
DUISBURG-MEIDERICH SCHLEUSE OW,2026-06-30 11:57:00+00:00,24.93,24.96365077474151,24.96365077474151,,4,-0.03365077474150979,0.03365077474150979
DUISBURG-MEIDERICH SCHLEUSE UW,2026-06-30 11:57:00+00:00,18.23,18.24566152653009,18.24566152653009,,4,-0.015661526530088565,0.015661526530088565
DUISBURG-MEIDERICH SCHLEUSE OW,2026-06-30 11:58:00+00:00,24.93,24.96365077474151,24.96365077474151,,4,-0.03365077474150979,0.03365077474150979
DUISBURG-MEIDERICH SCHLEUSE UW,2026-06-30 11:58:00+00:00,18.23,18.24566152653009,18.24566152653009,,4,-0.015661526530088565,0.015661526530088565
DUISBURG-MEIDERICH SCHLEUSE OW,2026-06-30 11:59:00+00:00,24.93,24.96365077474151,24.96365077474151,,4,-0.03365077474150979,0.03365077474150979
DUISBURG-MEIDERICH SCHLEUSE UW,2026-06-30 11:59:00+00:00,18.23,18.24566152653009,18.24566152653009,,4,-0.015661526530088565,0.015661526530088565
BINGEN,2026-06-30 12:00:00+00:00,104.0,105.39539376334541,105.39539376334541,,4,-1.3953937633454103,1.3953937633454103
BONN,2026-06-30 12:00:00+00:00,137.0,136.75810477720847,136.75810477720847,,4,0.24189522279152698,0.24189522279152698
BREISACH,2026-06-30 12:00:00+00:00,192.0,194.17437538077652,194.17437538077652,,4,-2.1743753807765245,2.1743753807765245
Basel-Rheinhalle,2026-06-30 12:00:00+00:00,513.0,515.2519094885262,515.2519094885262,,4,-2.2519094885261666,2.2519094885261666
DUISBURG-MEIDERICH SCHLEUSE OW,2026-06-30 12:00:00+00:00,24.93,24.771413696968263,24.771413696968263,,4,0.15858630303173626,0.15858630303173626
DUISBURG-MEIDERICH SCHLEUSE UW,2026-06-30 12:00:00+00:00,18.23,18.075340371722003,18.075340371722003,,4,0.15465962827799729,0.15465962827799729
DUISBURG-RUHRORT,2026-06-30 12:00:00+00:00,217.0,216.33071811913604,216.6790518113548,0.0,4,0.3209481886451897,0.3209481886451897
DÜSSELDORF,2026-06-30 12:00:00+00:00,88.0,88.8084679106204,88.8084679106204,,4,-0.8084679106203936,0.8084679106203936
EMMERICH,2026-06-30 12:00:00+00:00,53.0,56.88359061445358,56.88359061445358,,4,-3.8835906144535812,3.8835906144535812
IFFEZHEIM,2026-06-30 12:00:00+00:00,133.0,135.53534090802324,136.55360040217957,1.0,4,-3.553600402179569,3.553600402179569
KAUB,2026-06-30 12:00:00+00:00,89.0,89.92947068415971,89.92947068415971,,4,-0.9294706841597105,0.9294706841597105
KOBLENZ,2026-06-30 12:00:00+00:00,93.0,86.88306673430652,89.5294833918045,0.0,4,3.4705166081954957,3.4705166081954957
KONSTANZ-RHEIN,2026-06-30 12:00:00+00:00,313.0,312.63275367604086,312.63275367604086,,4,0.3672463239591366,0.3672463239591366
Koblenz OP,2026-06-30 12:00:00+00:00,201.0,203.33720283757575,203.33720283757575,,4,-2.337202837575745,2.337202837575745
Koblenz UP,2026-06-30 12:00:00+00:00,74.0,69.43559517058523,69.43559517058523,3.0,4,4.564404829414769,4.564404829414769
KÖLN,2026-06-30 12:00:00+00:00,131.0,132.15110324468566,132.00970716679944,0.0,4,-1.0097071667994442,1.0097071667994442
LOBITH,2026-06-30 12:00:00+00:00,705.0,703.3800591267286,703.3800591267286,,4,1.6199408732713891,1.6199408732713891
MAINZ,2026-06-30 12:00:00+00:00,180.0,185.21637434787613,185.21637434787613,,4,-5.216374347876126,5.216374347876126
MANNHEIM,2026-06-30 12:00:00+00:00,168.0,159.42761735335836,166.91095517938854,0.0,4,1.0890448206114627,1.0890448206114627
MAXAU,2026-06-30 12:00:00+00:00,400.0,401.20260811388727,401.2000578406145,1.0,4,-1.2000578406144768,1.2000578406144768
REES,2026-06-30 12:00:00+00:00,97.0,95.67895014720563,95.67895014720563,,4,1.3210498527943741,1.3210498527943741
RHEINE UNTERSCHLEUSE,2026-06-30 12:00:00+00:00,195.0,197.80347567715427,197.80347567715427,2.0,4,-2.8034756771542675,2.8034756771542675
RHEINWEILER,2026-06-30 12:00:00+00:00,224.0,222.27565318668763,222.27565318668763,,4,1.7243468133123656,1.7243468133123656
SANKT GOAR,2026-06-30 12:00:00+00:00,180.0,190.31830237315697,181.90403210871085,0.0,4,-1.904032108710851,1.904032108710851
SPEYER,2026-06-30 12:00:00+00:00,262.0,261.0521627968798,261.3394670350968,1.0,4,0.6605329649032115,0.6605329649032115
WESEL,2026-06-30 12:00:00+00:00,156.0,152.73845087501053,154.24188482548547,0.0,4,1.7581151745145291,1.7581151745145291
WORMS,2026-06-30 12:00:00+00:00,76.0,74.61968561377228,76.10743050759184,0.0,4,-0.10743050759184314,0.10743050759184314
DUISBURG-MEIDERICH SCHLEUSE OW,2026-06-30 12:01:00+00:00,24.93,24.80727958660456,24.80727958660456,,4,0.12272041339543804,0.12272041339543804
DUISBURG-MEIDERICH SCHLEUSE UW,2026-06-30 12:01:00+00:00,18.23,18.1112062613583,18.1112062613583,,4,0.11879373864169906,0.11879373864169906
DUISBURG-MEIDERICH SCHLEUSE OW,2026-06-30 12:02:00+00:00,24.93,24.855656577857864,24.855656577857864,,4,0.0743434221421353,0.0743434221421353
DUISBURG-MEIDERICH SCHLEUSE UW,2026-06-30 12:02:00+00:00,18.23,18.12098615474633,18.12098615474633,,4,0.10901384525367064,0.10901384525367064
DUISBURG-MEIDERICH SCHLEUSE OW,2026-06-30 12:03:00+00:00,24.92,25.093772474240783,25.093772474240783,,4,-0.17377247424078135,0.17377247424078135
DUISBURG-MEIDERICH SCHLEUSE UW,2026-06-30 12:03:00+00:00,18.23,18.30041201517718,18.30041201517718,,4,-0.07041201517717965,0.07041201517717965
DUISBURG-MEIDERICH SCHLEUSE OW,2026-06-30 12:04:00+00:00,24.93,24.98779117819207,24.98779117819207,,4,-0.057791178192069026,0.057791178192069026
DUISBURG-MEIDERICH SCHLEUSE UW,2026-06-30 12:04:00+00:00,18.23,18.30041201517718,18.30041201517718,,4,-0.07041201517717965,0.07041201517717965
Basel-Rheinhalle,2026-06-30 12:05:00+00:00,511.0,515.5726124361297,515.5726124361297,,4,-4.5726124361297025,4.5726124361297025
DUISBURG-MEIDERICH SCHLEUSE OW,2026-06-30 12:05:00+00:00,24.93,24.98779117819207,24.98779117819207,,4,-0.057791178192069026,0.057791178192069026
DUISBURG-MEIDERICH SCHLEUSE UW,2026-06-30 12:05:00+00:00,18.23,18.30041201517718,18.30041201517718,,4,-0.07041201517717965,0.07041201517717965
DUISBURG-MEIDERICH SCHLEUSE OW,2026-06-30 12:06:00+00:00,24.93,24.89263334146713,24.89263334146713,,4,0.037366658532871355,0.037366658532871355
DUISBURG-MEIDERICH SCHLEUSE UW,2026-06-30 12:06:00+00:00,18.23,18.20525417845224,18.20525417845224,,4,0.024745821547760727,0.024745821547760727
DUISBURG-MEIDERICH SCHLEUSE OW,2026-06-30 12:07:00+00:00,24.93,24.89263334146713,24.89263334146713,,4,0.037366658532871355,0.037366658532871355
DUISBURG-MEIDERICH SCHLEUSE UW,2026-06-30 12:07:00+00:00,18.23,18.20525417845224,18.20525417845224,,4,0.024745821547760727,0.024745821547760727
DUISBURG-MEIDERICH SCHLEUSE OW,2026-06-30 12:08:00+00:00,24.93,24.89263334146713,24.89263334146713,,4,0.037366658532871355,0.037366658532871355
DUISBURG-MEIDERICH SCHLEUSE UW,2026-06-30 12:08:00+00:00,18.23,18.20525417845224,18.20525417845224,,4,0.024745821547760727,0.024745821547760727
DUISBURG-MEIDERICH SCHLEUSE OW,2026-06-30 12:09:00+00:00,24.93,24.874883332615447,24.874883332615447,,4,0.0551166673845529,0.0551166673845529
DUISBURG-MEIDERICH SCHLEUSE UW,2026-06-30 12:09:00+00:00,18.23,18.187504169600558,18.187504169600558,,4,0.04249583039944227,0.04249583039944227
Basel-Rheinhalle,2026-06-30 12:10:00+00:00,511.0,515.5726124361297,515.5726124361297,,4,-4.5726124361297025,4.5726124361297025
DUISBURG-MEIDERICH SCHLEUSE OW,2026-06-30 12:10:00+00:00,24.92,24.874883332615447,24.874883332615447,,4,0.04511666738455489,0.04511666738455489
DUISBURG-MEIDERICH SCHLEUSE UW,2026-06-30 12:10:00+00:00,18.23,18.187504169600558,18.187504169600558,,4,0.04249583039944227,0.04249583039944227
LOBITH,2026-06-30 12:10:00+00:00,705.0,703.4230507975327,703.4230507975327,,4,1.57694920246729,1.57694920246729
DUISBURG-MEIDERICH SCHLEUSE OW,2026-06-30 12:11:00+00:00,24.92,24.88878539016829,24.88878539016829,,4,0.03121460983171076,0.03121460983171076
DUISBURG-MEIDERICH SCHLEUSE UW,2026-06-30 12:11:00+00:00,18.23,18.201406227153402,18.201406227153402,,4,0.028593772846598142,0.028593772846598142
DUISBURG-MEIDERICH SCHLEUSE OW,2026-06-30 12:12:00+00:00,24.92,24.8947037518137,24.8947037518137,,4,0.02529624818630083,0.02529624818630083
DUISBURG-MEIDERICH SCHLEUSE UW,2026-06-30 12:12:00+00:00,18.23,18.207324588798812,18.207324588798812,,4,0.02267541120118821,0.02267541120118821
DUISBURG-MEIDERICH SCHLEUSE OW,2026-06-30 12:13:00+00:00,24.92,24.8947037518137,24.8947037518137,,4,0.02529624818630083,0.02529624818630083
DUISBURG-MEIDERICH SCHLEUSE UW,2026-06-30 12:13:00+00:00,18.22,18.207324588798812,18.207324588798812,,4,0.012675411201186648,0.012675411201186648
DUISBURG-MEIDERICH SCHLEUSE OW,2026-06-30 12:14:00+00:00,24.92,24.8947037518137,24.8947037518137,,4,0.02529624818630083,0.02529624818630083
DUISBURG-MEIDERICH SCHLEUSE UW,2026-06-30 12:14:00+00:00,18.22,18.207324588798812,18.207324588798812,,4,0.012675411201186648,0.012675411201186648
BINGEN,2026-06-30 12:15:00+00:00,104.0,105.31885949256987,105.31885949256987,,4,-1.318859492569871,1.318859492569871
BONN,2026-06-30 12:15:00+00:00,137.0,136.71219716211485,136.71219716211485,,4,0.2878028378851525,0.2878028378851525
BREISACH,2026-06-30 12:15:00+00:00,195.0,194.2062501824565,194.2062501824565,,4,0.7937498175434996,0.7937498175434996
Basel-Rheinhalle,2026-06-30 12:15:00+00:00,512.0,514.3479092966502,514.3479092966502,,4,-2.3479092966501867,2.3479092966501867
DUISBURG-MEIDERICH SCHLEUSE OW,2026-06-30 12:15:00+00:00,24.92,24.8947037518137,24.8947037518137,,4,0.02529624818630083,0.02529624818630083
DUISBURG-MEIDERICH SCHLEUSE UW,2026-06-30 12:15:00+00:00,18.22,18.207324588798812,18.207324588798812,,4,0.012675411201186648,0.012675411201186648
DUISBURG-RUHRORT,2026-06-30 12:15:00+00:00,217.0,216.3431332800089,216.6790518113548,0.0,4,0.3209481886451897,0.3209481886451897
DÜSSELDORF,2026-06-30 12:15:00+00:00,88.0,87.90351613631454,87.90351613631454,,4,0.09648386368546369,0.09648386368546369
EMMERICH,2026-06-30 12:15:00+00:00,53.0,56.898568163050356,56.898568163050356,,4,-3.8985681630503564,3.8985681630503564
IFFEZHEIM,2026-06-30 12:15:00+00:00,135.0,135.28231302391157,135.7168305145799,1.0,4,-0.7168305145798968,0.7168305145798968
KAUB,2026-06-30 12:15:00+00:00,89.0,89.86631791292012,89.86631791292012,,4,-0.866317912920124,0.866317912920124
KOBLENZ,2026-06-30 12:15:00+00:00,94.0,87.91967322016403,90.2161469742624,0.0,4,3.7838530257375993,3.7838530257375993
KONSTANZ-RHEIN,2026-06-30 12:15:00+00:00,313.0,312.68184523733106,312.68184523733106,,4,0.3181547626689394,0.3181547626689394
Koblenz OP,2026-06-30 12:15:00+00:00,200.0,202.86529677600163,202.86529677600163,,4,-2.865296776001628,2.865296776001628
Koblenz UP,2026-06-30 12:15:00+00:00,75.0,68.14012885012308,68.14012885012308,3.0,4,6.859871149876923,6.859871149876923
KÖLN,2026-06-30 12:15:00+00:00,131.0,132.10519562959203,132.00970716679944,0.0,4,-1.0097071667994442,1.0097071667994442
MAINZ,2026-06-30 12:15:00+00:00,179.0,185.47498330828702,185.47498330828702,,4,-6.4749833082870225,6.4749833082870225
MANNHEIM,2026-06-30 12:15:00+00:00,168.0,157.28510602542931,166.93802646579044,0.0,4,1.0619735342095566,1.0619735342095566
MAXAU,2026-06-30 12:15:00+00:00,399.0,401.1619081982393,401.18297671940365,1.0,4,-2.182976719403655,2.182976719403655
REES,2026-06-30 12:15:00+00:00,97.0,94.52302766378934,94.52302766378934,,4,2.4769723362106646,2.4769723362106646
RHEINE UNTERSCHLEUSE,2026-06-30 12:15:00+00:00,195.0,197.72170217242436,197.72170217242436,2.0,4,-2.721702172424358,2.721702172424358
RHEINWEILER,2026-06-30 12:15:00+00:00,223.0,222.35516974443803,222.35516974443803,,4,0.6448302555619705,0.6448302555619705
SANKT GOAR,2026-06-30 12:15:00+00:00,180.0,190.32890553150602,181.90403210871085,0.0,4,-1.904032108710851,1.904032108710851
SPEYER,2026-06-30 12:15:00+00:00,262.0,261.4181700107498,257.654613944433,1.0,4,4.345386055567019,4.345386055567019
WESEL,2026-06-30 12:15:00+00:00,155.0,153.13920837425746,154.26179248044903,0.0,4,0.7382075195509685,0.7382075195509685
WORMS,2026-06-30 12:15:00+00:00,76.0,75.76245292406348,76.13450179399375,0.0,4,-0.13450179399374917,0.13450179399374917
DUISBURG-MEIDERICH SCHLEUSE OW,2026-06-30 12:16:00+00:00,24.92,24.8947037518137,24.8947037518137,,4,0.02529624818630083,0.02529624818630083
DUISBURG-MEIDERICH SCHLEUSE UW,2026-06-30 12:16:00+00:00,18.22,18.207324588798812,18.207324588798812,,4,0.012675411201186648,0.012675411201186648
DUISBURG-MEIDERICH SCHLEUSE OW,2026-06-30 12:17:00+00:00,24.92,24.8947037518137,24.8947037518137,,4,0.02529624818630083,0.02529624818630083
DUISBURG-MEIDERICH SCHLEUSE UW,2026-06-30 12:17:00+00:00,18.22,18.207324588798812,18.207324588798812,,4,0.012675411201186648,0.012675411201186648
DUISBURG-MEIDERICH SCHLEUSE OW,2026-06-30 12:18:00+00:00,24.92,24.8947037518137,24.8947037518137,,4,0.02529624818630083,0.02529624818630083
DUISBURG-MEIDERICH SCHLEUSE UW,2026-06-30 12:18:00+00:00,18.22,18.207324588798812,18.207324588798812,,4,0.012675411201186648,0.012675411201186648
DUISBURG-MEIDERICH SCHLEUSE OW,2026-06-30 12:19:00+00:00,24.92,24.8947037518137,24.8947037518137,,4,0.02529624818630083,0.02529624818630083
DUISBURG-MEIDERICH SCHLEUSE UW,2026-06-30 12:19:00+00:00,18.22,18.207324588798812,18.207324588798812,,4,0.012675411201186648,0.012675411201186648
Basel-Rheinhalle,2026-06-30 12:20:00+00:00,513.0,512.9050924616923,512.9050924616923,,4,0.09490753830766607,0.09490753830766607
DUISBURG-MEIDERICH SCHLEUSE OW,2026-06-30 12:20:00+00:00,24.92,24.8947037518137,24.8947037518137,,4,0.02529624818630083,0.02529624818630083
DUISBURG-MEIDERICH SCHLEUSE UW,2026-06-30 12:20:00+00:00,18.22,18.207324588798812,18.207324588798812,,4,0.012675411201186648,0.012675411201186648
LOBITH,2026-06-30 12:20:00+00:00,703.0,703.6712553048638,703.6712553048638,,4,-0.6712553048638483,0.6712553048638483
DUISBURG-MEIDERICH SCHLEUSE OW,2026-06-30 12:21:00+00:00,24.92,24.8947037518137,24.8947037518137,,4,0.02529624818630083,0.02529624818630083
DUISBURG-MEIDERICH SCHLEUSE UW,2026-06-30 12:21:00+00:00,18.22,18.207324588798812,18.207324588798812,,4,0.012675411201186648,0.012675411201186648
DUISBURG-MEIDERICH SCHLEUSE OW,2026-06-30 12:22:00+00:00,24.92,24.8947037518137,24.8947037518137,,4,0.02529624818630083,0.02529624818630083
DUISBURG-MEIDERICH SCHLEUSE UW,2026-06-30 12:22:00+00:00,18.22,18.207324588798812,18.207324588798812,,4,0.012675411201186648,0.012675411201186648
DUISBURG-MEIDERICH SCHLEUSE OW,2026-06-30 12:23:00+00:00,24.92,24.8947037518137,24.8947037518137,,4,0.02529624818630083,0.02529624818630083
DUISBURG-MEIDERICH SCHLEUSE UW,2026-06-30 12:23:00+00:00,18.22,18.207324588798812,18.207324588798812,,4,0.012675411201186648,0.012675411201186648
DUISBURG-MEIDERICH SCHLEUSE OW,2026-06-30 12:24:00+00:00,24.92,24.8947037518137,24.8947037518137,,4,0.02529624818630083,0.02529624818630083
DUISBURG-MEIDERICH SCHLEUSE UW,2026-06-30 12:24:00+00:00,18.22,18.207324588798812,18.207324588798812,,4,0.012675411201186648,0.012675411201186648
Basel-Rheinhalle,2026-06-30 12:25:00+00:00,513.0,512.8710104396105,512.8710104396105,,4,0.12898956038952747,0.12898956038952747
DUISBURG-MEIDERICH SCHLEUSE OW,2026-06-30 12:25:00+00:00,24.92,24.8947037518137,24.8947037518137,,4,0.02529624818630083,0.02529624818630083
DUISBURG-MEIDERICH SCHLEUSE UW,2026-06-30 12:25:00+00:00,18.22,18.207324588798812,18.207324588798812,,4,0.012675411201186648,0.012675411201186648
DUISBURG-MEIDERICH SCHLEUSE OW,2026-06-30 12:26:00+00:00,24.92,24.8947037518137,24.8947037518137,,4,0.02529624818630083,0.02529624818630083
DUISBURG-MEIDERICH SCHLEUSE UW,2026-06-30 12:26:00+00:00,18.22,18.207324588798812,18.207324588798812,,4,0.012675411201186648,0.012675411201186648
DUISBURG-MEIDERICH SCHLEUSE OW,2026-06-30 12:27:00+00:00,24.93,24.8947037518137,24.8947037518137,,4,0.03529624818629884,0.03529624818629884
DUISBURG-MEIDERICH SCHLEUSE UW,2026-06-30 12:27:00+00:00,18.22,18.207324588798812,18.207324588798812,,4,0.012675411201186648,0.012675411201186648
DUISBURG-MEIDERICH SCHLEUSE OW,2026-06-30 12:28:00+00:00,24.93,24.991026192886256,24.991026192886256,,4,-0.061026192886256325,0.061026192886256325
DUISBURG-MEIDERICH SCHLEUSE UW,2026-06-30 12:28:00+00:00,18.22,18.207324588798812,18.207324588798812,,4,0.012675411201186648,0.012675411201186648
DUISBURG-MEIDERICH SCHLEUSE OW,2026-06-30 12:29:00+00:00,24.93,24.991026192886256,24.991026192886256,,4,-0.061026192886256325,0.061026192886256325
DUISBURG-MEIDERICH SCHLEUSE UW,2026-06-30 12:29:00+00:00,18.22,18.207324588798812,18.207324588798812,,4,0.012675411201186648,0.012675411201186648
BINGEN,2026-06-30 12:30:00+00:00,104.0,105.19919451282433,105.19919451282433,,4,-1.1991945128243344,1.1991945128243344
BONN,2026-06-30 12:30:00+00:00,138.0,136.84699149534532,136.84699149534532,,4,1.1530085046546787,1.1530085046546787
BREISACH,2026-06-30 12:30:00+00:00,195.0,193.7522586754083,193.7522586754083,,4,1.2477413245916864,1.2477413245916864
Basel-Rheinhalle,2026-06-30 12:30:00+00:00,514.0,514.3123508295607,514.3123508295607,,4,-0.312350829560728,0.312350829560728
DUISBURG-MEIDERICH SCHLEUSE OW,2026-06-30 12:30:00+00:00,24.93,24.991026192886256,24.991026192886256,,4,-0.061026192886256325,0.061026192886256325
DUISBURG-MEIDERICH SCHLEUSE UW,2026-06-30 12:30:00+00:00,18.22,18.207324588798812,18.207324588798812,,4,0.012675411201186648,0.012675411201186648
DUISBURG-RUHRORT,2026-06-30 12:30:00+00:00,219.0,216.3915349531863,216.6504954453514,0.0,4,2.349504554648604,2.349504554648604
DÜSSELDORF,2026-06-30 12:30:00+00:00,88.0,87.9716922935447,87.9716922935447,,4,0.028307706455294124,0.028307706455294124
EMMERICH,2026-06-30 12:30:00+00:00,54.0,57.499088332659376,57.499088332659376,,4,-3.499088332659376,3.499088332659376
IFFEZHEIM,2026-06-30 12:30:00+00:00,135.0,135.1750798326922,135.6384021741643,1.0,4,-0.6384021741642982,0.6384021741642982
KAUB,2026-06-30 12:30:00+00:00,88.0,89.934945287733,89.934945287733,,4,-1.934945287733001,1.934945287733001
KOBLENZ,2026-06-30 12:30:00+00:00,93.0,86.17737297751644,88.30601638635923,0.0,4,4.693983613640768,4.693983613640768
KONSTANZ-RHEIN,2026-06-30 12:30:00+00:00,313.0,312.68184523733106,312.68184523733106,,4,0.3181547626689394,0.3181547626689394
Koblenz OP,2026-06-30 12:30:00+00:00,199.0,205.6281421014416,205.6281421014416,,4,-6.628142101441597,6.628142101441597
Koblenz UP,2026-06-30 12:30:00+00:00,75.0,66.21040957959119,66.21040957959119,3.0,4,8.789590420408814,8.789590420408814
KÖLN,2026-06-30 12:30:00+00:00,131.0,131.99938386095,132.00970716679944,0.0,4,-1.0097071667994442,1.0097071667994442
LOBITH,2026-06-30 12:30:00+00:00,703.0,703.7999660190039,703.7999660190039,,4,-0.7999660190039322,0.7999660190039322
MAINZ,2026-06-30 12:30:00+00:00,180.0,185.6311394820894,185.6311394820894,,4,-5.631139482089395,5.631139482089395
MANNHEIM,2026-06-30 12:30:00+00:00,169.0,158.0108732324621,166.9085221985331,0.0,4,2.091477801466908,2.091477801466908
MAXAU,2026-06-30 12:30:00+00:00,399.0,402.5233971674126,402.65107894258006,1.0,4,-3.6510789425800567,3.6510789425800567
REES,2026-06-30 12:30:00+00:00,97.0,94.57442734987954,94.57442734987954,,4,2.4255726501204578,2.4255726501204578
RHEINE UNTERSCHLEUSE,2026-06-30 12:30:00+00:00,195.0,198.27963246854117,198.27963246854117,2.0,4,-3.279632468541166,3.279632468541166
RHEINWEILER,2026-06-30 12:30:00+00:00,224.0,222.35516974443803,222.35516974443803,,4,1.6448302555619705,1.6448302555619705
SANKT GOAR,2026-06-30 12:30:00+00:00,180.0,190.39753290631893,181.90403210871085,0.0,4,-1.904032108710851,1.904032108710851
SPEYER,2026-06-30 12:30:00+00:00,262.0,261.66282750750565,257.30871308993073,1.0,4,4.691286910069266,4.691286910069266
WESEL,2026-06-30 12:30:00+00:00,155.0,152.70914422687233,154.34107297538796,0.0,4,0.6589270246120407,0.6589270246120407
WORMS,2026-06-30 12:30:00+00:00,76.0,75.90228897081796,76.13450179399375,0.0,4,-0.13450179399374917,0.13450179399374917
DUISBURG-MEIDERICH SCHLEUSE OW,2026-06-30 12:31:00+00:00,24.93,24.889614246836327,24.889614246836327,,4,0.04038575316367243,0.04038575316367243
DUISBURG-MEIDERICH SCHLEUSE UW,2026-06-30 12:31:00+00:00,18.22,18.207324588798812,18.207324588798812,,4,0.012675411201186648,0.012675411201186648
DUISBURG-MEIDERICH SCHLEUSE OW,2026-06-30 12:32:00+00:00,24.93,24.889614246836327,24.889614246836327,,4,0.04038575316367243,0.04038575316367243
DUISBURG-MEIDERICH SCHLEUSE UW,2026-06-30 12:32:00+00:00,18.23,18.207324588798812,18.207324588798812,,4,0.02267541120118821,0.02267541120118821
DUISBURG-MEIDERICH SCHLEUSE OW,2026-06-30 12:33:00+00:00,24.93,24.889614246836327,24.889614246836327,,4,0.04038575316367243,0.04038575316367243
DUISBURG-MEIDERICH SCHLEUSE UW,2026-06-30 12:33:00+00:00,18.23,18.207324588798812,18.207324588798812,,4,0.02267541120118821,0.02267541120118821
DUISBURG-MEIDERICH SCHLEUSE OW,2026-06-30 12:34:00+00:00,24.93,24.8947037518137,24.8947037518137,,4,0.03529624818629884,0.03529624818629884
DUISBURG-MEIDERICH SCHLEUSE UW,2026-06-30 12:34:00+00:00,18.23,18.207324588798812,18.207324588798812,,4,0.02267541120118821,0.02267541120118821
Basel-Rheinhalle,2026-06-30 12:35:00+00:00,518.0,514.2463894055475,514.2463894055475,,4,3.753610594452539,3.753610594452539
DUISBURG-MEIDERICH SCHLEUSE OW,2026-06-30 12:35:00+00:00,24.93,24.991026192886256,24.991026192886256,,4,-0.061026192886256325,0.061026192886256325
DUISBURG-MEIDERICH SCHLEUSE UW,2026-06-30 12:35:00+00:00,18.23,18.207324588798812,18.207324588798812,,4,0.02267541120118821,0.02267541120118821
DUISBURG-MEIDERICH SCHLEUSE OW,2026-06-30 12:36:00+00:00,24.92,24.991026192886256,24.991026192886256,,4,-0.07102619288625434,0.07102619288625434
DUISBURG-MEIDERICH SCHLEUSE UW,2026-06-30 12:36:00+00:00,18.23,18.207324588798812,18.207324588798812,,4,0.02267541120118821,0.02267541120118821
DUISBURG-MEIDERICH SCHLEUSE OW,2026-06-30 12:37:00+00:00,24.92,24.889614246836327,24.889614246836327,,4,0.030385753163674423,0.030385753163674423
DUISBURG-MEIDERICH SCHLEUSE UW,2026-06-30 12:37:00+00:00,18.23,18.207324588798812,18.207324588798812,,4,0.02267541120118821,0.02267541120118821
DUISBURG-MEIDERICH SCHLEUSE OW,2026-06-30 12:38:00+00:00,24.92,24.889614246836327,24.889614246836327,,4,0.030385753163674423,0.030385753163674423
DUISBURG-MEIDERICH SCHLEUSE UW,2026-06-30 12:38:00+00:00,18.22,18.30873653484874,18.30873653484874,,4,-0.08873653484874211,0.08873653484874211
DUISBURG-MEIDERICH SCHLEUSE OW,2026-06-30 12:39:00+00:00,24.92,24.889614246836327,24.889614246836327,,4,0.030385753163674423,0.030385753163674423
DUISBURG-MEIDERICH SCHLEUSE UW,2026-06-30 12:39:00+00:00,18.23,18.30873653484874,18.30873653484874,,4,-0.07873653484874055,0.07873653484874055
Basel-Rheinhalle,2026-06-30 12:40:00+00:00,517.0,514.3123508295607,514.3123508295607,,4,2.687649170439272,2.687649170439272
DUISBURG-MEIDERICH SCHLEUSE OW,2026-06-30 12:40:00+00:00,24.93,24.889614246836327,24.889614246836327,,4,0.04038575316367243,0.04038575316367243
DUISBURG-MEIDERICH SCHLEUSE UW,2026-06-30 12:40:00+00:00,18.23,18.229939446886977,18.229939446886977,,4,6.055311302333166e-05,6.055311302333166e-05
LOBITH,2026-06-30 12:40:00+00:00,704.0,703.9868851300173,703.9868851300173,,4,0.013114869982700839,0.013114869982700839
DUISBURG-MEIDERICH SCHLEUSE OW,2026-06-30 12:41:00+00:00,24.92,24.889614246836327,24.889614246836327,,4,0.030385753163674423,0.030385753163674423
DUISBURG-MEIDERICH SCHLEUSE UW,2026-06-30 12:41:00+00:00,18.23,18.229939446886977,18.229939446886977,,4,6.055311302333166e-05,6.055311302333166e-05
DUISBURG-MEIDERICH SCHLEUSE OW,2026-06-30 12:42:00+00:00,24.93,24.889614246836327,24.889614246836327,,4,0.04038575316367243,0.04038575316367243
DUISBURG-MEIDERICH SCHLEUSE UW,2026-06-30 12:42:00+00:00,18.23,18.229939446886977,18.229939446886977,,4,6.055311302333166e-05,6.055311302333166e-05
DUISBURG-MEIDERICH SCHLEUSE OW,2026-06-30 12:43:00+00:00,24.93,24.889614246836327,24.889614246836327,,4,0.04038575316367243,0.04038575316367243
DUISBURG-MEIDERICH SCHLEUSE UW,2026-06-30 12:43:00+00:00,18.23,18.229939446886977,18.229939446886977,,4,6.055311302333166e-05,6.055311302333166e-05
DUISBURG-MEIDERICH SCHLEUSE OW,2026-06-30 12:44:00+00:00,24.93,24.889614246836327,24.889614246836327,,4,0.04038575316367243,0.04038575316367243
DUISBURG-MEIDERICH SCHLEUSE UW,2026-06-30 12:44:00+00:00,18.23,18.229939446886977,18.229939446886977,,4,6.055311302333166e-05,6.055311302333166e-05
BINGEN,2026-06-30 12:45:00+00:00,104.0,105.27919663396426,105.27919663396426,,4,-1.2791966339642613,1.2791966339642613
BONN,2026-06-30 12:45:00+00:00,137.0,136.9328127742825,136.9328127742825,,4,0.0671872257175039,0.0671872257175039
BREISACH,2026-06-30 12:45:00+00:00,193.0,192.4340456510625,192.4340456510625,,4,0.5659543489375096,0.5659543489375096
Basel-Rheinhalle,2026-06-30 12:45:00+00:00,517.0,514.340504701099,514.340504701099,,4,2.6594952989009926,2.6594952989009926
DUISBURG-MEIDERICH SCHLEUSE OW,2026-06-30 12:45:00+00:00,24.93,24.889614246836327,24.889614246836327,,4,0.04038575316367243,0.04038575316367243
DUISBURG-MEIDERICH SCHLEUSE UW,2026-06-30 12:45:00+00:00,18.23,18.229939446886977,18.229939446886977,,4,6.055311302333166e-05,6.055311302333166e-05
DUISBURG-RUHRORT,2026-06-30 12:45:00+00:00,218.0,216.27976621833682,216.4995902944403,0.0,4,1.50040970555969,1.50040970555969
DÜSSELDORF,2026-06-30 12:45:00+00:00,88.0,87.58397249933971,87.58397249933971,,4,0.4160275006602916,0.4160275006602916
EMMERICH,2026-06-30 12:45:00+00:00,53.0,57.863590392356464,57.863590392356464,,4,-4.863590392356464,4.863590392356464
IFFEZHEIM,2026-06-30 12:45:00+00:00,134.0,136.24300905829665,135.9896095442721,1.0,4,-1.9896095442720991,1.9896095442720991
KAUB,2026-06-30 12:45:00+00:00,88.0,90.01855054961221,90.01855054961221,,4,-2.0185505496122147,2.0185505496122147
KOBLENZ,2026-06-30 12:45:00+00:00,93.0,88.29505026852162,91.60810905110316,0.0,4,1.3918909488968438,1.3918909488968438
KONSTANZ-RHEIN,2026-06-30 12:45:00+00:00,313.0,312.63275367604086,312.63275367604086,,4,0.3672463239591366,0.3672463239591366
Koblenz OP,2026-06-30 12:45:00+00:00,198.0,204.76957936042007,204.76957936042007,,4,-6.769579360420067,6.769579360420067
Koblenz UP,2026-06-30 12:45:00+00:00,70.0,67.0161158005228,67.0161158005228,3.0,4,2.9838841994772025,2.9838841994772025
KÖLN,2026-06-30 12:45:00+00:00,131.0,132.12655340791272,132.52674800340924,0.0,4,-1.5267480034092387,1.5267480034092387
MAINZ,2026-06-30 12:45:00+00:00,181.0,186.20573692068623,186.20573692068623,,4,-5.205736920686235,5.205736920686235
MANNHEIM,2026-06-30 12:45:00+00:00,169.0,156.7343916855582,167.30775317944273,0.0,4,1.6922468205572727,1.6922468205572727
MAXAU,2026-06-30 12:45:00+00:00,399.0,402.9327243352103,403.2222029071424,1.0,4,-4.222202907142389,4.222202907142389
REES,2026-06-30 12:45:00+00:00,98.0,95.05510594392776,95.05510594392776,,4,2.9448940560722434,2.9448940560722434
RHEINE UNTERSCHLEUSE,2026-06-30 12:45:00+00:00,195.0,191.55167339569218,191.55167339569218,2.0,4,3.448326604307823,3.448326604307823
RHEINWEILER,2026-06-30 12:45:00+00:00,225.0,222.27565318668763,222.27565318668763,,4,2.7243468133123656,2.7243468133123656
SANKT GOAR,2026-06-30 12:45:00+00:00,181.0,190.32489480376995,181.90403210871085,0.0,4,-0.9040321087108509,0.9040321087108509
SPEYER,2026-06-30 12:45:00+00:00,262.0,261.48045867182503,256.8788212805301,1.0,4,5.121178719469924,5.121178719469924
WESEL,2026-06-30 12:45:00+00:00,155.0,153.1584994303168,154.72397020859074,0.0,4,0.27602979140925754,0.27602979140925754
WORMS,2026-06-30 12:45:00+00:00,77.0,76.07590429769556,76.69627313664718,0.0,4,0.3037268633528214,0.3037268633528214
DUISBURG-MEIDERICH SCHLEUSE OW,2026-06-30 12:46:00+00:00,24.93,24.889614246836327,24.889614246836327,,4,0.04038575316367243,0.04038575316367243
DUISBURG-MEIDERICH SCHLEUSE UW,2026-06-30 12:46:00+00:00,18.23,18.229939446886977,18.229939446886977,,4,6.055311302333166e-05,6.055311302333166e-05
DUISBURG-MEIDERICH SCHLEUSE OW,2026-06-30 12:47:00+00:00,24.93,24.889614246836327,24.889614246836327,,4,0.04038575316367243,0.04038575316367243
DUISBURG-MEIDERICH SCHLEUSE UW,2026-06-30 12:47:00+00:00,18.23,18.229939446886977,18.229939446886977,,4,6.055311302333166e-05,6.055311302333166e-05
DUISBURG-MEIDERICH SCHLEUSE OW,2026-06-30 12:48:00+00:00,24.93,24.889614246836327,24.889614246836327,,4,0.04038575316367243,0.04038575316367243
DUISBURG-MEIDERICH SCHLEUSE UW,2026-06-30 12:48:00+00:00,18.23,18.229939446886977,18.229939446886977,,4,6.055311302333166e-05,6.055311302333166e-05
DUISBURG-MEIDERICH SCHLEUSE OW,2026-06-30 12:49:00+00:00,24.93,24.889614246836327,24.889614246836327,,4,0.04038575316367243,0.04038575316367243
DUISBURG-MEIDERICH SCHLEUSE UW,2026-06-30 12:49:00+00:00,18.23,18.229939446886977,18.229939446886977,,4,6.055311302333166e-05,6.055311302333166e-05
Basel-Rheinhalle,2026-06-30 12:50:00+00:00,516.0,514.2699605423845,514.2699605423845,,4,1.7300394576154758,1.7300394576154758
DUISBURG-MEIDERICH SCHLEUSE OW,2026-06-30 12:50:00+00:00,24.93,24.889614246836327,24.889614246836327,,4,0.04038575316367243,0.04038575316367243
DUISBURG-MEIDERICH SCHLEUSE UW,2026-06-30 12:50:00+00:00,18.23,18.229939446886977,18.229939446886977,,4,6.055311302333166e-05,6.055311302333166e-05
LOBITH,2026-06-30 12:50:00+00:00,704.0,703.8853164235786,703.8853164235786,,4,0.11468357642138471,0.11468357642138471
DUISBURG-MEIDERICH SCHLEUSE OW,2026-06-30 12:51:00+00:00,24.93,24.889614246836327,24.889614246836327,,4,0.04038575316367243,0.04038575316367243
DUISBURG-MEIDERICH SCHLEUSE UW,2026-06-30 12:51:00+00:00,18.23,18.229939446886977,18.229939446886977,,4,6.055311302333166e-05,6.055311302333166e-05
DUISBURG-MEIDERICH SCHLEUSE OW,2026-06-30 12:52:00+00:00,24.93,24.991026192886256,24.991026192886256,,4,-0.061026192886256325,0.061026192886256325
DUISBURG-MEIDERICH SCHLEUSE UW,2026-06-30 12:52:00+00:00,18.23,18.229939446886977,18.229939446886977,,4,6.055311302333166e-05,6.055311302333166e-05
DUISBURG-MEIDERICH SCHLEUSE OW,2026-06-30 12:53:00+00:00,24.93,24.991026192886256,24.991026192886256,,4,-0.061026192886256325,0.061026192886256325
DUISBURG-MEIDERICH SCHLEUSE UW,2026-06-30 12:53:00+00:00,18.23,18.229939446886977,18.229939446886977,,4,6.055311302333166e-05,6.055311302333166e-05
DUISBURG-MEIDERICH SCHLEUSE OW,2026-06-30 12:54:00+00:00,24.93,24.889614246836327,24.889614246836327,,4,0.04038575316367243,0.04038575316367243
DUISBURG-MEIDERICH SCHLEUSE UW,2026-06-30 12:54:00+00:00,18.23,18.229939446886977,18.229939446886977,,4,6.055311302333166e-05,6.055311302333166e-05
Basel-Rheinhalle,2026-06-30 12:55:00+00:00,515.0,515.1842510895948,515.1842510895948,,4,-0.1842510895947953,0.1842510895947953
DUISBURG-MEIDERICH SCHLEUSE OW,2026-06-30 12:55:00+00:00,24.93,24.889614246836327,24.889614246836327,,4,0.04038575316367243,0.04038575316367243
DUISBURG-MEIDERICH SCHLEUSE UW,2026-06-30 12:55:00+00:00,18.23,18.229939446886977,18.229939446886977,,4,6.055311302333166e-05,6.055311302333166e-05
DUISBURG-MEIDERICH SCHLEUSE OW,2026-06-30 12:56:00+00:00,24.93,24.889614246836327,24.889614246836327,,4,0.04038575316367243,0.04038575316367243
DUISBURG-MEIDERICH SCHLEUSE UW,2026-06-30 12:56:00+00:00,18.23,18.229939446886977,18.229939446886977,,4,6.055311302333166e-05,6.055311302333166e-05
DUISBURG-MEIDERICH SCHLEUSE OW,2026-06-30 12:57:00+00:00,24.93,24.8947037518137,24.8947037518137,,4,0.03529624818629884,0.03529624818629884
DUISBURG-MEIDERICH SCHLEUSE UW,2026-06-30 12:57:00+00:00,18.23,18.30873653484874,18.30873653484874,,4,-0.07873653484874055,0.07873653484874055
DUISBURG-MEIDERICH SCHLEUSE OW,2026-06-30 12:58:00+00:00,24.93,24.8947037518137,24.8947037518137,,4,0.03529624818629884,0.03529624818629884
DUISBURG-MEIDERICH SCHLEUSE UW,2026-06-30 12:58:00+00:00,18.23,18.30873653484874,18.30873653484874,,4,-0.07873653484874055,0.07873653484874055
DUISBURG-MEIDERICH SCHLEUSE OW,2026-06-30 12:59:00+00:00,24.93,24.8947037518137,24.8947037518137,,4,0.03529624818629884,0.03529624818629884
DUISBURG-MEIDERICH SCHLEUSE UW,2026-06-30 12:59:00+00:00,18.23,18.207324588798812,18.207324588798812,,4,0.02267541120118821,0.02267541120118821
BINGEN,2026-06-30 13:00:00+00:00,104.0,105.37435447068921,105.37435447068921,,4,-1.3743544706892123,1.3743544706892123
BONN,2026-06-30 13:00:00+00:00,137.0,137.04458004356815,137.04458004356815,,4,-0.044580043568146266,0.044580043568146266
BREISACH,2026-06-30 13:00:00+00:00,195.0,194.414150991344,194.414150991344,,4,0.5858490086559982,0.5858490086559982
Basel-Rheinhalle,2026-06-30 13:00:00+00:00,515.0,514.2994396983399,514.2994396983399,,4,0.7005603016600617,0.7005603016600617
DUISBURG-MEIDERICH SCHLEUSE OW,2026-06-30 13:00:00+00:00,24.93,25.11759806087184,25.11759806087184,,4,-0.1875980608718386,0.1875980608718386
DUISBURG-MEIDERICH SCHLEUSE UW,2026-06-30 13:00:00+00:00,18.23,18.43021889785695,18.43021889785695,,4,-0.20021889785694924,0.20021889785694924
DUISBURG-RUHRORT,2026-06-30 13:00:00+00:00,218.0,216.0818183899368,216.56303835323718,0.0,4,1.4369616467628248,1.4369616467628248
DÜSSELDORF,2026-06-30 13:00:00+00:00,89.0,87.0682955389306,87.0682955389306,,4,1.9317044610694012,1.9317044610694012
EMMERICH,2026-06-30 13:00:00+00:00,53.0,58.7637026249753,58.7637026249753,,4,-5.763702624975302,5.763702624975302
IFFEZHEIM,2026-06-30 13:00:00+00:00,133.0,135.2798266882385,135.6384021741643,1.0,4,-2.6384021741642982,2.6384021741642982
KAUB,2026-06-30 13:00:00+00:00,88.0,90.11370838633717,90.11370838633717,,4,-2.1137083863371657,2.1137083863371657
KOBLENZ,2026-06-30 13:00:00+00:00,92.0,89.17828913681238,91.7826614911594,0.0,4,0.2173385088405979,0.2173385088405979
KONSTANZ-RHEIN,2026-06-30 13:00:00+00:00,313.0,312.68184523733106,312.68184523733106,,4,0.3181547626689394,0.3181547626689394
Koblenz OP,2026-06-30 13:00:00+00:00,200.0,205.31199442688222,205.31199442688222,,4,-5.311994426882222,5.311994426882222
Koblenz UP,2026-06-30 13:00:00+00:00,58.0,80.55857830831698,80.55857830831698,3.0,4,-22.55857830831698,22.55857830831698
KÖLN,2026-06-30 13:00:00+00:00,130.0,132.28073228458453,131.9278672867872,0.0,4,-1.9278672867872046,1.9278672867872046
LOBITH,2026-06-30 13:00:00+00:00,704.0,703.4549427017641,703.4549427017641,,4,0.5450572982358608,0.5450572982358608
MAINZ,2026-06-30 13:00:00+00:00,181.0,186.0638827336898,186.0638827336898,,4,-5.063882733689809,5.063882733689809
MANNHEIM,2026-06-30 13:00:00+00:00,169.0,156.24747298217426,166.88972825449963,0.0,4,2.11027174550037,2.11027174550037
MAXAU,2026-06-30 13:00:00+00:00,399.0,403.04934723213427,403.0176784826946,1.0,4,-4.017678482694578,4.017678482694578
REES,2026-06-30 13:00:00+00:00,97.0,95.33532376921613,95.33532376921613,,4,1.6646762307838685,1.6646762307838685
RHEINE UNTERSCHLEUSE,2026-06-30 13:00:00+00:00,195.0,198.72105786489453,198.72105786489453,2.0,4,-3.721057864894533,3.721057864894533
RHEINWEILER,2026-06-30 13:00:00+00:00,225.0,222.27565318668763,222.27565318668763,,4,2.7243468133123656,2.7243468133123656
SANKT GOAR,2026-06-30 13:00:00+00:00,179.0,190.4200526404949,181.90403210871085,0.0,4,-2.904032108710851,2.904032108710851
SPEYER,2026-06-30 13:00:00+00:00,262.0,260.79360764770854,256.55125141220907,1.0,4,5.448748587790931,5.448748587790931
WESEL,2026-06-30 13:00:00+00:00,154.0,153.5503293425217,154.28567502600902,0.0,4,-0.2856750260090166,0.2856750260090166
WORMS,2026-06-30 13:00:00+00:00,77.0,75.47233738324756,76.13450179399375,0.0,4,0.8654982060062508,0.8654982060062508
DUISBURG-MEIDERICH SCHLEUSE OW,2026-06-30 13:01:00+00:00,24.92,25.472617131752546,25.472617131752546,,4,-0.5526171317525446,0.5526171317525446
DUISBURG-MEIDERICH SCHLEUSE UW,2026-06-30 13:01:00+00:00,18.23,18.688098172488544,18.688098172488544,,4,-0.458098172488544,0.458098172488544
DUISBURG-MEIDERICH SCHLEUSE OW,2026-06-30 13:02:00+00:00,24.92,25.567774968477487,25.567774968477487,,4,-0.647774968477485,0.647774968477485
DUISBURG-MEIDERICH SCHLEUSE UW,2026-06-30 13:02:00+00:00,18.23,18.783256009213485,18.783256009213485,,4,-0.5532560092134844,0.5532560092134844
DUISBURG-MEIDERICH SCHLEUSE OW,2026-06-30 13:03:00+00:00,24.92,25.330216055440438,25.330216055440438,,4,-0.4102160554404364,0.4102160554404364
DUISBURG-MEIDERICH SCHLEUSE UW,2026-06-30 13:03:00+00:00,18.23,18.74933834345285,18.74933834345285,,4,-0.5193383434528513,0.5193383434528513
DUISBURG-MEIDERICH SCHLEUSE OW,2026-06-30 13:04:00+00:00,24.93,25.330216055440438,25.330216055440438,,4,-0.40021605544043837,0.40021605544043837
DUISBURG-MEIDERICH SCHLEUSE UW,2026-06-30 13:04:00+00:00,18.23,18.74933834345285,18.74933834345285,,4,-0.5193383434528513,0.5193383434528513
Basel-Rheinhalle,2026-06-30 13:05:00+00:00,515.0,514.3364285934612,514.3364285934612,,4,0.6635714065388356,0.6635714065388356
DUISBURG-MEIDERICH SCHLEUSE OW,2026-06-30 13:05:00+00:00,24.93,25.431628001490367,25.431628001490367,,4,-0.5016280014903671,0.5016280014903671
DUISBURG-MEIDERICH SCHLEUSE UW,2026-06-30 13:05:00+00:00,18.23,18.74933834345285,18.74933834345285,,4,-0.5193383434528513,0.5193383434528513
DUISBURG-MEIDERICH SCHLEUSE OW,2026-06-30 13:06:00+00:00,24.93,25.72953424455658,25.72953424455658,,4,-0.799534244556579,0.799534244556579
DUISBURG-MEIDERICH SCHLEUSE UW,2026-06-30 13:06:00+00:00,18.23,18.945832640469135,18.945832640469135,,4,-0.7158326404691344,0.7158326404691344
DUISBURG-MEIDERICH SCHLEUSE OW,2026-06-30 13:07:00+00:00,24.93,25.72953424455658,25.72953424455658,,4,-0.799534244556579,0.799534244556579
DUISBURG-MEIDERICH SCHLEUSE UW,2026-06-30 13:07:00+00:00,18.23,18.945832640469135,18.945832640469135,,4,-0.7158326404691344,0.7158326404691344
DUISBURG-MEIDERICH SCHLEUSE OW,2026-06-30 13:08:00+00:00,24.93,25.72953424455658,25.72953424455658,,4,-0.799534244556579,0.799534244556579
DUISBURG-MEIDERICH SCHLEUSE UW,2026-06-30 13:08:00+00:00,18.23,18.945832640469135,18.945832640469135,,4,-0.7158326404691344,0.7158326404691344
DUISBURG-MEIDERICH SCHLEUSE OW,2026-06-30 13:09:00+00:00,24.93,25.614220240953806,25.614220240953806,,4,-0.6842202409538061,0.6842202409538061
DUISBURG-MEIDERICH SCHLEUSE UW,2026-06-30 13:09:00+00:00,18.23,18.93193058291629,18.93193058291629,,4,-0.7019305829162903,0.7019305829162903
Basel-Rheinhalle,2026-06-30 13:10:00+00:00,518.0,514.3364285934612,514.3364285934612,,4,3.6635714065388356,3.6635714065388356
DUISBURG-MEIDERICH SCHLEUSE OW,2026-06-30 13:10:00+00:00,24.93,25.614220240953806,25.614220240953806,,4,-0.6842202409538061,0.6842202409538061
DUISBURG-MEIDERICH SCHLEUSE UW,2026-06-30 13:10:00+00:00,18.23,18.93193058291629,18.93193058291629,,4,-0.7019305829162903,0.7019305829162903
LOBITH,2026-06-30 13:10:00+00:00,704.0,703.6607636716158,703.6607636716158,,4,0.33923632838423146,0.33923632838423146
DUISBURG-MEIDERICH SCHLEUSE OW,2026-06-30 13:11:00+00:00,24.93,25.614220240953806,25.614220240953806,,4,-0.6842202409538061,0.6842202409538061
DUISBURG-MEIDERICH SCHLEUSE UW,2026-06-30 13:11:00+00:00,18.23,18.93193058291629,18.93193058291629,,4,-0.7019305829162903,0.7019305829162903
DUISBURG-MEIDERICH SCHLEUSE OW,2026-06-30 13:12:00+00:00,24.93,25.61930974593118,25.61930974593118,,4,-0.6893097459311797,0.6893097459311797
DUISBURG-MEIDERICH SCHLEUSE UW,2026-06-30 13:12:00+00:00,18.23,18.93193058291629,18.93193058291629,,4,-0.7019305829162903,0.7019305829162903
DUISBURG-MEIDERICH SCHLEUSE OW,2026-06-30 13:13:00+00:00,24.93,25.61930974593118,25.61930974593118,,4,-0.6893097459311797,0.6893097459311797
DUISBURG-MEIDERICH SCHLEUSE UW,2026-06-30 13:13:00+00:00,18.23,18.93193058291629,18.93193058291629,,4,-0.7019305829162903,0.7019305829162903
DUISBURG-MEIDERICH SCHLEUSE OW,2026-06-30 13:14:00+00:00,24.93,25.61930974593118,25.61930974593118,,4,-0.6893097459311797,0.6893097459311797
DUISBURG-MEIDERICH SCHLEUSE UW,2026-06-30 13:14:00+00:00,18.23,18.93193058291629,18.93193058291629,,4,-0.7019305829162903,0.7019305829162903
BINGEN,2026-06-30 13:15:00+00:00,104.0,105.13868953414581,105.13868953414581,,4,-1.1386895341458114,1.1386895341458114
BONN,2026-06-30 13:15:00+00:00,137.0,137.21520433984097,137.21520433984097,,4,-0.21520433984096599,0.21520433984096599
BREISACH,2026-06-30 13:15:00+00:00,195.0,194.84271012854464,194.84271012854464,,4,0.15728987145536166,0.15728987145536166
Basel-Rheinhalle,2026-06-30 13:15:00+00:00,520.0,514.2987303833655,514.2987303833655,,4,5.701269616634477,5.701269616634477
DUISBURG-MEIDERICH SCHLEUSE OW,2026-06-30 13:15:00+00:00,24.93,25.61930974593118,25.61930974593118,,4,-0.6893097459311797,0.6893097459311797
DUISBURG-MEIDERICH SCHLEUSE UW,2026-06-30 13:15:00+00:00,18.23,18.93193058291629,18.93193058291629,,4,-0.7019305829162903,0.7019305829162903
DUISBURG-RUHRORT,2026-06-30 13:15:00+00:00,219.0,216.35468989212148,216.5041238068932,0.0,4,2.4958761931067954,2.4958761931067954
DÜSSELDORF,2026-06-30 13:15:00+00:00,89.0,88.02861937961951,88.02861937961951,,4,0.9713806203804864,0.9713806203804864
EMMERICH,2026-06-30 13:15:00+00:00,54.0,58.719559809426435,58.719559809426435,,4,-4.7195598094264355,4.7195598094264355
IFFEZHEIM,2026-06-30 13:15:00+00:00,136.0,135.26888630897525,135.6384021741643,1.0,4,0.36159782583570177,0.36159782583570177
KAUB,2026-06-30 13:15:00+00:00,88.0,89.85569557489158,89.85569557489158,,4,-1.855695574891584,1.855695574891584
KOBLENZ,2026-06-30 13:15:00+00:00,91.0,92.80637072438608,93.41831556697653,0.0,4,-2.4183155669765313,2.4183155669765313
KONSTANZ-RHEIN,2026-06-30 13:15:00+00:00,313.0,312.7188341324523,312.7188341324523,,4,0.28116586754771333,0.28116586754771333
Koblenz OP,2026-06-30 13:15:00+00:00,199.0,205.58734757359116,205.58734757359116,,4,-6.58734757359116,6.58734757359116
Koblenz UP,2026-06-30 13:15:00+00:00,66.0,80.58766050864702,80.58766050864702,3.0,4,-14.58766050864702,14.58766050864702
KÖLN,2026-06-30 13:15:00+00:00,131.0,132.34824624327152,131.87350413674818,0.0,4,-0.8735041367481813,0.8735041367481813
MAINZ,2026-06-30 13:15:00+00:00,181.0,185.551889769248,185.551889769248,,4,-4.5518897692479925,4.5518897692479925
MANNHEIM,2026-06-30 13:15:00+00:00,169.0,156.23415564284832,166.87256308772677,0.0,4,2.1274369122732253,2.1274369122732253
MAXAU,2026-06-30 13:15:00+00:00,396.0,403.069202084432,403.48108464709577,1.0,4,-7.48108464709577,7.48108464709577
REES,2026-06-30 13:15:00+00:00,97.0,95.50756657833924,95.50756657833924,,4,1.4924334216607633,1.4924334216607633
RHEINE UNTERSCHLEUSE,2026-06-30 13:15:00+00:00,195.0,198.5337249539268,198.5337249539268,2.0,4,-3.533724953926793,3.533724953926793
RHEINWEILER,2026-06-30 13:15:00+00:00,225.0,222.39215863955926,222.39215863955926,,4,2.6078413604407444,2.6078413604407444
SANKT GOAR,2026-06-30 13:15:00+00:00,180.0,190.31828319347753,181.90403210871085,0.0,4,-1.904032108710851,1.904032108710851
SPEYER,2026-06-30 13:15:00+00:00,262.0,261.2826854059083,256.7185295432543,1.0,4,5.281470456745694,5.281470456745694
WESEL,2026-06-30 13:15:00+00:00,156.0,153.7267427531864,154.2104563197525,0.0,4,1.7895436802475047,1.7895436802475047
WORMS,2026-06-30 13:15:00+00:00,77.0,75.30155940809362,76.13905319029867,0.0,4,0.860946809701332,0.860946809701332
DUISBURG-MEIDERICH SCHLEUSE OW,2026-06-30 13:16:00+00:00,24.93,25.61930974593118,25.61930974593118,,4,-0.6893097459311797,0.6893097459311797
DUISBURG-MEIDERICH SCHLEUSE UW,2026-06-30 13:16:00+00:00,18.23,18.93193058291629,18.93193058291629,,4,-0.7019305829162903,0.7019305829162903
DUISBURG-MEIDERICH SCHLEUSE OW,2026-06-30 13:17:00+00:00,24.93,25.61930974593118,25.61930974593118,,4,-0.6893097459311797,0.6893097459311797
DUISBURG-MEIDERICH SCHLEUSE UW,2026-06-30 13:17:00+00:00,18.23,18.93193058291629,18.93193058291629,,4,-0.7019305829162903,0.7019305829162903
DUISBURG-MEIDERICH SCHLEUSE OW,2026-06-30 13:18:00+00:00,24.93,25.61930974593118,25.61930974593118,,4,-0.6893097459311797,0.6893097459311797
DUISBURG-MEIDERICH SCHLEUSE UW,2026-06-30 13:18:00+00:00,18.22,18.93193058291629,18.93193058291629,,4,-0.7119305829162919,0.7119305829162919
DUISBURG-MEIDERICH SCHLEUSE OW,2026-06-30 13:19:00+00:00,24.93,25.61930974593118,25.61930974593118,,4,-0.6893097459311797,0.6893097459311797
DUISBURG-MEIDERICH SCHLEUSE UW,2026-06-30 13:19:00+00:00,18.22,18.93193058291629,18.93193058291629,,4,-0.7119305829162919,0.7119305829162919
Basel-Rheinhalle,2026-06-30 13:20:00+00:00,520.0,514.3024377112528,514.3024377112528,,4,5.6975622887472355,5.6975622887472355
DUISBURG-MEIDERICH SCHLEUSE OW,2026-06-30 13:20:00+00:00,24.93,25.61930974593118,25.61930974593118,,4,-0.6893097459311797,0.6893097459311797
DUISBURG-MEIDERICH SCHLEUSE UW,2026-06-30 13:20:00+00:00,18.22,18.93193058291629,18.93193058291629,,4,-0.7119305829162919,0.7119305829162919
LOBITH,2026-06-30 13:20:00+00:00,703.0,703.6724114627772,703.6724114627772,,4,-0.6724114627771769,0.6724114627771769
DUISBURG-MEIDERICH SCHLEUSE OW,2026-06-30 13:21:00+00:00,24.94,25.61930974593118,25.61930974593118,,4,-0.6793097459311781,0.6793097459311781
DUISBURG-MEIDERICH SCHLEUSE UW,2026-06-30 13:21:00+00:00,18.22,18.93193058291629,18.93193058291629,,4,-0.7119305829162919,0.7119305829162919
DUISBURG-MEIDERICH SCHLEUSE OW,2026-06-30 13:22:00+00:00,24.94,25.61930974593118,25.61930974593118,,4,-0.6793097459311781,0.6793097459311781
DUISBURG-MEIDERICH SCHLEUSE UW,2026-06-30 13:22:00+00:00,18.22,18.93193058291629,18.93193058291629,,4,-0.7119305829162919,0.7119305829162919
DUISBURG-MEIDERICH SCHLEUSE OW,2026-06-30 13:23:00+00:00,24.94,25.61930974593118,25.61930974593118,,4,-0.6793097459311781,0.6793097459311781
DUISBURG-MEIDERICH SCHLEUSE UW,2026-06-30 13:23:00+00:00,18.22,18.93193058291629,18.93193058291629,,4,-0.7119305829162919,0.7119305829162919
DUISBURG-MEIDERICH SCHLEUSE OW,2026-06-30 13:24:00+00:00,24.94,25.61930974593118,25.61930974593118,,4,-0.6793097459311781,0.6793097459311781
DUISBURG-MEIDERICH SCHLEUSE UW,2026-06-30 13:24:00+00:00,18.22,18.93193058291629,18.93193058291629,,4,-0.7119305829162919,0.7119305829162919
Basel-Rheinhalle,2026-06-30 13:25:00+00:00,520.0,514.344827998429,514.344827998429,,4,5.655172001571032,5.655172001571032
DUISBURG-MEIDERICH SCHLEUSE OW,2026-06-30 13:25:00+00:00,24.94,25.61930974593118,25.61930974593118,,4,-0.6793097459311781,0.6793097459311781
DUISBURG-MEIDERICH SCHLEUSE UW,2026-06-30 13:25:00+00:00,18.22,18.93193058291629,18.93193058291629,,4,-0.7119305829162919,0.7119305829162919
DUISBURG-MEIDERICH SCHLEUSE OW,2026-06-30 13:26:00+00:00,24.94,25.715632187003735,25.715632187003735,,4,-0.7756321870037333,0.7756321870037333
DUISBURG-MEIDERICH SCHLEUSE UW,2026-06-30 13:26:00+00:00,18.22,18.93193058291629,18.93193058291629,,4,-0.7119305829162919,0.7119305829162919
DUISBURG-MEIDERICH SCHLEUSE OW,2026-06-30 13:27:00+00:00,24.94,25.715632187003735,25.715632187003735,,4,-0.7756321870037333,0.7756321870037333
DUISBURG-MEIDERICH SCHLEUSE UW,2026-06-30 13:27:00+00:00,18.22,18.93193058291629,18.93193058291629,,4,-0.7119305829162919,0.7119305829162919
DUISBURG-MEIDERICH SCHLEUSE OW,2026-06-30 13:28:00+00:00,24.94,25.614220240953806,25.614220240953806,,4,-0.6742202409538045,0.6742202409538045
DUISBURG-MEIDERICH SCHLEUSE UW,2026-06-30 13:28:00+00:00,18.22,18.93193058291629,18.93193058291629,,4,-0.7119305829162919,0.7119305829162919
DUISBURG-MEIDERICH SCHLEUSE OW,2026-06-30 13:29:00+00:00,24.94,25.715632187003735,25.715632187003735,,4,-0.7756321870037333,0.7756321870037333
DUISBURG-MEIDERICH SCHLEUSE UW,2026-06-30 13:29:00+00:00,18.22,18.93193058291629,18.93193058291629,,4,-0.7119305829162919,0.7119305829162919
BINGEN,2026-06-30 13:30:00+00:00,104.0,105.11684521526871,105.11684521526871,,4,-1.116845215268711,1.116845215268711
BONN,2026-06-30 13:30:00+00:00,138.0,137.19968355236315,137.19968355236315,,4,0.8003164476368454,0.8003164476368454
BREISACH,2026-06-30 13:30:00+00:00,194.0,194.36926098133813,194.36926098133813,,4,-0.36926098133812957,0.36926098133812957
Basel-Rheinhalle,2026-06-30 13:30:00+00:00,520.0,514.3024377112528,514.3024377112528,,4,5.6975622887472355,5.6975622887472355
DUISBURG-MEIDERICH SCHLEUSE OW,2026-06-30 13:30:00+00:00,24.94,25.715632187003735,25.715632187003735,,4,-0.7756321870037333,0.7756321870037333
DUISBURG-MEIDERICH SCHLEUSE UW,2026-06-30 13:30:00+00:00,18.22,18.93193058291629,18.93193058291629,,4,-0.7119305829162919,0.7119305829162919
DUISBURG-RUHRORT,2026-06-30 13:30:00+00:00,219.0,216.35468989212148,216.53268017289662,0.0,4,2.467319827103381,2.467319827103381
DÜSSELDORF,2026-06-30 13:30:00+00:00,89.0,87.61523317596752,87.61523317596752,,4,1.3847668240324822,1.3847668240324822
EMMERICH,2026-06-30 13:30:00+00:00,54.0,59.28308968502474,59.28308968502474,,4,-5.283089685024741,5.283089685024741
IFFEZHEIM,2026-06-30 13:30:00+00:00,135.0,135.6692411008407,136.55360040217957,1.0,4,-1.553600402179569,1.553600402179569
KAUB,2026-06-30 13:30:00+00:00,88.0,89.64731899534372,89.64731899534372,,4,-1.6473189953437242,1.6473189953437242
KOBLENZ,2026-06-30 13:30:00+00:00,92.0,92.7131644622121,93.41831556697653,0.0,4,-1.4183155669765313,1.4183155669765313
KONSTANZ-RHEIN,2026-06-30 13:30:00+00:00,313.0,312.7188341324523,312.7188341324523,,4,0.28116586754771333,0.28116586754771333
Koblenz OP,2026-06-30 13:30:00+00:00,199.0,205.59151817513273,205.59151817513273,,4,-6.591518175132734,6.591518175132734
Koblenz UP,2026-06-30 13:30:00+00:00,65.0,80.34368553317348,80.34368553317348,3.0,4,-15.343685533173485,15.343685533173485
KÖLN,2026-06-30 13:30:00+00:00,131.0,132.34824624327152,131.87350413674818,0.0,4,-0.8735041367481813,0.8735041367481813
LOBITH,2026-06-30 13:30:00+00:00,703.0,703.5679570941069,703.5679570941069,,4,-0.5679570941068732,0.5679570941068732
MAINZ,2026-06-30 13:30:00+00:00,182.0,185.99369063808106,185.99369063808106,,4,-3.9936906380810626,3.9936906380810626
MANNHEIM,2026-06-30 13:30:00+00:00,169.0,156.23415564284832,166.87256308772677,0.0,4,2.1274369122732253,2.1274369122732253
MAXAU,2026-06-30 13:30:00+00:00,398.0,403.10635099800464,403.5689852205821,1.0,4,-5.5689852205820785,5.5689852205820785
REES,2026-06-30 13:30:00+00:00,97.0,95.35559789661359,95.35559789661359,,4,1.6444021033864118,1.6444021033864118
RHEINE UNTERSCHLEUSE,2026-06-30 13:30:00+00:00,195.0,198.49439766423842,198.49439766423842,2.0,4,-3.49439766423842,3.49439766423842
RHEINWEILER,2026-06-30 13:30:00+00:00,225.0,222.39215863955926,222.39215863955926,,4,2.6078413604407444,2.6078413604407444
SANKT GOAR,2026-06-30 13:30:00+00:00,179.0,190.00679627634383,181.8864882244139,0.0,4,-2.8864882244139096,2.8864882244139096
SPEYER,2026-06-30 13:30:00+00:00,262.0,261.41848408055176,257.0193568387056,1.0,4,4.980643161294381,4.980643161294381
WESEL,2026-06-30 13:30:00+00:00,154.0,153.7225721516448,154.12558945039777,0.0,4,-0.1255894503977686,0.1255894503977686
WORMS,2026-06-30 13:30:00+00:00,77.0,75.30155940809362,76.13905319029867,0.0,4,0.860946809701332,0.860946809701332
DUISBURG-MEIDERICH SCHLEUSE OW,2026-06-30 13:31:00+00:00,24.94,25.614220240953806,25.614220240953806,,4,-0.6742202409538045,0.6742202409538045
DUISBURG-MEIDERICH SCHLEUSE UW,2026-06-30 13:31:00+00:00,18.23,18.93193058291629,18.93193058291629,,4,-0.7019305829162903,0.7019305829162903
DUISBURG-MEIDERICH SCHLEUSE OW,2026-06-30 13:32:00+00:00,24.95,25.614220240953806,25.614220240953806,,4,-0.6642202409538065,0.6642202409538065
DUISBURG-MEIDERICH SCHLEUSE UW,2026-06-30 13:32:00+00:00,18.23,18.93193058291629,18.93193058291629,,4,-0.7019305829162903,0.7019305829162903
DUISBURG-MEIDERICH SCHLEUSE OW,2026-06-30 13:33:00+00:00,24.95,25.614220240953806,25.614220240953806,,4,-0.6642202409538065,0.6642202409538065
DUISBURG-MEIDERICH SCHLEUSE UW,2026-06-30 13:33:00+00:00,18.23,18.93193058291629,18.93193058291629,,4,-0.7019305829162903,0.7019305829162903
DUISBURG-MEIDERICH SCHLEUSE OW,2026-06-30 13:34:00+00:00,24.95,25.61930974593118,25.61930974593118,,4,-0.6693097459311801,0.6693097459311801
DUISBURG-MEIDERICH SCHLEUSE UW,2026-06-30 13:34:00+00:00,18.23,18.93193058291629,18.93193058291629,,4,-0.7019305829162903,0.7019305829162903
Basel-Rheinhalle,2026-06-30 13:35:00+00:00,519.0,514.2699605423845,514.2699605423845,,4,4.730039457615476,4.730039457615476
DUISBURG-MEIDERICH SCHLEUSE OW,2026-06-30 13:35:00+00:00,24.95,25.61930974593118,25.61930974593118,,4,-0.6693097459311801,0.6693097459311801
DUISBURG-MEIDERICH SCHLEUSE UW,2026-06-30 13:35:00+00:00,18.22,18.93193058291629,18.93193058291629,,4,-0.7119305829162919,0.7119305829162919
DUISBURG-MEIDERICH SCHLEUSE OW,2026-06-30 13:36:00+00:00,24.95,25.61930974593118,25.61930974593118,,4,-0.6693097459311801,0.6693097459311801
DUISBURG-MEIDERICH SCHLEUSE UW,2026-06-30 13:36:00+00:00,18.22,18.93193058291629,18.93193058291629,,4,-0.7119305829162919,0.7119305829162919
DUISBURG-MEIDERICH SCHLEUSE OW,2026-06-30 13:37:00+00:00,24.95,25.61930974593118,25.61930974593118,,4,-0.6693097459311801,0.6693097459311801
DUISBURG-MEIDERICH SCHLEUSE UW,2026-06-30 13:37:00+00:00,18.22,18.93193058291629,18.93193058291629,,4,-0.7119305829162919,0.7119305829162919
DUISBURG-MEIDERICH SCHLEUSE OW,2026-06-30 13:38:00+00:00,24.95,25.61930974593118,25.61930974593118,,4,-0.6693097459311801,0.6693097459311801
DUISBURG-MEIDERICH SCHLEUSE UW,2026-06-30 13:38:00+00:00,18.22,18.93193058291629,18.93193058291629,,4,-0.7119305829162919,0.7119305829162919
DUISBURG-MEIDERICH SCHLEUSE OW,2026-06-30 13:39:00+00:00,24.95,25.61930974593118,25.61930974593118,,4,-0.6693097459311801,0.6693097459311801
DUISBURG-MEIDERICH SCHLEUSE UW,2026-06-30 13:39:00+00:00,18.22,18.93193058291629,18.93193058291629,,4,-0.7119305829162919,0.7119305829162919
Basel-Rheinhalle,2026-06-30 13:40:00+00:00,520.0,514.2994396983399,514.2994396983399,,4,5.700560301660062,5.700560301660062
DUISBURG-MEIDERICH SCHLEUSE OW,2026-06-30 13:40:00+00:00,24.95,25.61930974593118,25.61930974593118,,4,-0.6693097459311801,0.6693097459311801
DUISBURG-MEIDERICH SCHLEUSE UW,2026-06-30 13:40:00+00:00,18.22,18.93193058291629,18.93193058291629,,4,-0.7119305829162919,0.7119305829162919
LOBITH,2026-06-30 13:40:00+00:00,704.0,703.5796048852683,703.5796048852683,,4,0.4203951147317184,0.4203951147317184
DUISBURG-MEIDERICH SCHLEUSE OW,2026-06-30 13:41:00+00:00,24.95,25.61930974593118,25.61930974593118,,4,-0.6693097459311801,0.6693097459311801
DUISBURG-MEIDERICH SCHLEUSE UW,2026-06-30 13:41:00+00:00,18.22,18.93193058291629,18.93193058291629,,4,-0.7119305829162919,0.7119305829162919
DUISBURG-MEIDERICH SCHLEUSE OW,2026-06-30 13:42:00+00:00,24.95,25.61930974593118,25.61930974593118,,4,-0.6693097459311801,0.6693097459311801
DUISBURG-MEIDERICH SCHLEUSE UW,2026-06-30 13:42:00+00:00,18.22,18.93193058291629,18.93193058291629,,4,-0.7119305829162919,0.7119305829162919
DUISBURG-MEIDERICH SCHLEUSE OW,2026-06-30 13:43:00+00:00,24.95,25.61930974593118,25.61930974593118,,4,-0.6693097459311801,0.6693097459311801
DUISBURG-MEIDERICH SCHLEUSE UW,2026-06-30 13:43:00+00:00,18.22,19.03334252896622,19.03334252896622,,4,-0.8133425289662206,0.8133425289662206
DUISBURG-MEIDERICH SCHLEUSE OW,2026-06-30 13:44:00+00:00,24.95,25.61930974593118,25.61930974593118,,4,-0.6693097459311801,0.6693097459311801
DUISBURG-MEIDERICH SCHLEUSE UW,2026-06-30 13:44:00+00:00,18.22,19.03334252896622,19.03334252896622,,4,-0.8133425289662206,0.8133425289662206
BINGEN,2026-06-30 13:45:00+00:00,103.0,105.1759436281863,105.1759436281863,,4,-2.175943628186303,2.175943628186303
BONN,2026-06-30 13:45:00+00:00,138.0,137.19312617891202,137.19312617891202,,4,0.8068738210879758,0.8068738210879758
BREISACH,2026-06-30 13:45:00+00:00,193.0,193.7672376756637,193.7672376756637,,4,-0.7672376756636936,0.7672376756636936
Basel-Rheinhalle,2026-06-30 13:45:00+00:00,520.0,514.3024377112528,514.3024377112528,,4,5.6975622887472355,5.6975622887472355
DUISBURG-MEIDERICH SCHLEUSE OW,2026-06-30 13:45:00+00:00,24.95,25.61930974593118,25.61930974593118,,4,-0.6693097459311801,0.6693097459311801
DUISBURG-MEIDERICH SCHLEUSE UW,2026-06-30 13:45:00+00:00,18.23,18.954545441004456,18.954545441004456,,4,-0.7245454410044552,0.7245454410044552
DUISBURG-RUHRORT,2026-06-30 13:45:00+00:00,219.0,216.44280771156386,216.38177502198553,0.0,4,2.6182249780144673,2.6182249780144673
DÜSSELDORF,2026-06-30 13:45:00+00:00,89.0,88.18026078048577,88.18026078048577,,4,0.8197392195142328,0.8197392195142328
EMMERICH,2026-06-30 13:45:00+00:00,53.0,59.02793313828528,59.02793313828528,,4,-6.027933138285277,6.027933138285277
IFFEZHEIM,2026-06-30 13:45:00+00:00,133.0,136.28107604814292,136.90480777228737,1.0,4,-3.90480777228737,3.90480777228737
KAUB,2026-06-30 13:45:00+00:00,87.0,90.50261985029773,90.50261985029773,,4,-3.5026198502977337,3.5026198502977337
KOBLENZ,2026-06-30 13:45:00+00:00,91.0,91.18194674482399,92.23176718738006,0.0,4,-1.2317671873800577,1.2317671873800577
KONSTANZ-RHEIN,2026-06-30 13:45:00+00:00,313.0,312.6158838133179,312.6158838133179,,4,0.3841161866820926,0.3841161866820926
Koblenz OP,2026-06-30 13:45:00+00:00,200.0,204.81369021599286,204.81369021599286,,4,-4.813690215992864,4.813690215992864
Koblenz UP,2026-06-30 13:45:00+00:00,47.0,80.01737076147187,80.01737076147187,3.0,4,-33.01737076147187,33.01737076147187
KÖLN,2026-06-30 13:45:00+00:00,132.0,132.4222514266307,132.38037636495105,0.0,4,-0.3803763649510472,0.3803763649510472
MAINZ,2026-06-30 13:45:00+00:00,182.0,186.65040569603778,186.65040569603778,,4,-4.6504056960377795,4.6504056960377795
MANNHEIM,2026-06-30 13:45:00+00:00,170.0,155.3773084998127,167.30775317944273,0.0,4,2.6922468205572727,2.6922468205572727
MAXAU,2026-06-30 13:45:00+00:00,397.0,403.3948687439858,403.8101865078122,1.0,4,-6.810186507812205,6.810186507812205
REES,2026-06-30 13:45:00+00:00,97.0,95.55366569369849,95.55366569369849,,4,1.4463343063015088,1.4463343063015088
RHEINE UNTERSCHLEUSE,2026-06-30 13:45:00+00:00,195.0,192.34987716518333,192.34987716518333,2.0,4,2.6501228348166705,2.6501228348166705
RHEINWEILER,2026-06-30 13:45:00+00:00,224.0,222.27565318668763,222.27565318668763,,4,1.7243468133123656,1.7243468133123656
SANKT GOAR,2026-06-30 13:45:00+00:00,179.0,189.9132544655725,181.8864882244139,0.0,4,-2.8864882244139096,2.8864882244139096
SPEYER,2026-06-30 13:45:00+00:00,262.0,261.2698193843441,256.40796902526654,1.0,4,5.592030974733461,5.592030974733461
WESEL,2026-06-30 13:45:00+00:00,156.0,153.67809407898926,154.55627711536968,0.0,4,1.4437228846303185,1.4437228846303185
WORMS,2026-06-30 13:45:00+00:00,77.0,75.54408215930358,76.69627313664718,0.0,4,0.3037268633528214,0.3037268633528214
DUISBURG-MEIDERICH SCHLEUSE OW,2026-06-30 13:46:00+00:00,24.95,25.725291041979894,25.725291041979894,,4,-0.7752910419798944,0.7752910419798944
DUISBURG-MEIDERICH SCHLEUSE UW,2026-06-30 13:46:00+00:00,18.23,18.954545441004456,18.954545441004456,,4,-0.7245454410044552,0.7245454410044552
DUISBURG-MEIDERICH SCHLEUSE OW,2026-06-30 13:47:00+00:00,24.95,25.725291041979894,25.725291041979894,,4,-0.7752910419798944,0.7752910419798944
DUISBURG-MEIDERICH SCHLEUSE UW,2026-06-30 13:47:00+00:00,18.23,18.954545441004456,18.954545441004456,,4,-0.7245454410044552,0.7245454410044552
DUISBURG-MEIDERICH SCHLEUSE OW,2026-06-30 13:48:00+00:00,24.96,25.623879095929965,25.623879095929965,,4,-0.6638790959299641,0.6638790959299641
DUISBURG-MEIDERICH SCHLEUSE UW,2026-06-30 13:48:00+00:00,18.23,18.954545441004456,18.954545441004456,,4,-0.7245454410044552,0.7245454410044552
DUISBURG-MEIDERICH SCHLEUSE OW,2026-06-30 13:49:00+00:00,24.96,25.623879095929965,25.623879095929965,,4,-0.6638790959299641,0.6638790959299641
DUISBURG-MEIDERICH SCHLEUSE UW,2026-06-30 13:49:00+00:00,18.23,18.954545441004456,18.954545441004456,,4,-0.7245454410044552,0.7245454410044552
Basel-Rheinhalle,2026-06-30 13:50:00+00:00,521.0,514.340504701099,514.340504701099,,4,6.659495298900993,6.659495298900993
DUISBURG-MEIDERICH SCHLEUSE OW,2026-06-30 13:50:00+00:00,24.95,25.623879095929965,25.623879095929965,,4,-0.6738790959299656,0.6738790959299656
DUISBURG-MEIDERICH SCHLEUSE UW,2026-06-30 13:50:00+00:00,18.23,18.954545441004456,18.954545441004456,,4,-0.7245454410044552,0.7245454410044552
LOBITH,2026-06-30 13:50:00+00:00,704.0,703.5796048852683,703.5796048852683,,4,0.4203951147317184,0.4203951147317184
DUISBURG-MEIDERICH SCHLEUSE OW,2026-06-30 13:51:00+00:00,24.95,25.623879095929965,25.623879095929965,,4,-0.6738790959299656,0.6738790959299656
DUISBURG-MEIDERICH SCHLEUSE UW,2026-06-30 13:51:00+00:00,18.23,18.954545441004456,18.954545441004456,,4,-0.7245454410044552,0.7245454410044552
DUISBURG-MEIDERICH SCHLEUSE OW,2026-06-30 13:52:00+00:00,24.95,25.623879095929965,25.623879095929965,,4,-0.6738790959299656,0.6738790959299656
DUISBURG-MEIDERICH SCHLEUSE UW,2026-06-30 13:52:00+00:00,18.23,18.954545441004456,18.954545441004456,,4,-0.7245454410044552,0.7245454410044552
DUISBURG-MEIDERICH SCHLEUSE OW,2026-06-30 13:53:00+00:00,24.96,25.623879095929965,25.623879095929965,,4,-0.6638790959299641,0.6638790959299641
DUISBURG-MEIDERICH SCHLEUSE UW,2026-06-30 13:53:00+00:00,18.23,18.954545441004456,18.954545441004456,,4,-0.7245454410044552,0.7245454410044552
DUISBURG-MEIDERICH SCHLEUSE OW,2026-06-30 13:54:00+00:00,24.96,25.623879095929965,25.623879095929965,,4,-0.6638790959299641,0.6638790959299641
DUISBURG-MEIDERICH SCHLEUSE UW,2026-06-30 13:54:00+00:00,18.23,18.954545441004456,18.954545441004456,,4,-0.7245454410044552,0.7245454410044552
Basel-Rheinhalle,2026-06-30 13:55:00+00:00,521.0,514.2699605423845,514.2699605423845,,4,6.730039457615476,6.730039457615476
DUISBURG-MEIDERICH SCHLEUSE OW,2026-06-30 13:55:00+00:00,24.96,25.623879095929965,25.623879095929965,,4,-0.6638790959299641,0.6638790959299641
DUISBURG-MEIDERICH SCHLEUSE UW,2026-06-30 13:55:00+00:00,18.23,18.954545441004456,18.954545441004456,,4,-0.7245454410044552,0.7245454410044552
DUISBURG-MEIDERICH SCHLEUSE OW,2026-06-30 13:56:00+00:00,24.96,25.623879095929965,25.623879095929965,,4,-0.6638790959299641,0.6638790959299641
DUISBURG-MEIDERICH SCHLEUSE UW,2026-06-30 13:56:00+00:00,18.23,19.03334252896622,19.03334252896622,,4,-0.803342528966219,0.803342528966219
DUISBURG-MEIDERICH SCHLEUSE OW,2026-06-30 13:57:00+00:00,24.96,25.735011767404266,25.735011767404266,,4,-0.7750117674042656,0.7750117674042656
DUISBURG-MEIDERICH SCHLEUSE UW,2026-06-30 13:57:00+00:00,18.23,19.03334252896622,19.03334252896622,,4,-0.803342528966219,0.803342528966219
DUISBURG-MEIDERICH SCHLEUSE OW,2026-06-30 13:58:00+00:00,24.96,25.735011767404266,25.735011767404266,,4,-0.7750117674042656,0.7750117674042656
DUISBURG-MEIDERICH SCHLEUSE UW,2026-06-30 13:58:00+00:00,18.23,18.93193058291629,18.93193058291629,,4,-0.7019305829162903,0.7019305829162903
DUISBURG-MEIDERICH SCHLEUSE OW,2026-06-30 13:59:00+00:00,24.96,25.633599821354338,25.633599821354338,,4,-0.6735998213543368,0.6735998213543368
DUISBURG-MEIDERICH SCHLEUSE UW,2026-06-30 13:59:00+00:00,18.23,18.93193058291629,18.93193058291629,,4,-0.7019305829162903,0.7019305829162903
BINGEN,2026-06-30 14:00:00+00:00,103.0,105.1759436281863,105.1759436281863,,4,-2.175943628186303,2.175943628186303
BONN,2026-06-30 14:00:00+00:00,139.0,136.96536385788346,136.96536385788346,,4,2.0346361421165398,2.0346361421165398
BREISACH,2026-06-30 14:00:00+00:00,194.0,194.33134286203898,194.33134286203898,,4,-0.33134286203898,0.33134286203898
Basel-Rheinhalle,2026-06-30 14:00:00+00:00,520.0,514.2699605423845,514.2699605423845,,4,5.730039457615476,5.730039457615476
DUISBURG-MEIDERICH SCHLEUSE OW,2026-06-30 14:00:00+00:00,24.96,25.06743272297709,25.06743272297709,,4,-0.10743272297709083,0.10743272297709083
DUISBURG-MEIDERICH SCHLEUSE UW,2026-06-30 14:00:00+00:00,18.23,18.386082486457262,18.386082486457262,,4,-0.15608248645726164,0.15608248645726164
DUISBURG-RUHRORT,2026-06-30 14:00:00+00:00,219.0,217.16530930356387,216.53268017289662,0.0,4,2.467319827103381,2.467319827103381
DÜSSELDORF,2026-06-30 14:00:00+00:00,88.0,88.545364238975,88.545364238975,,4,-0.5453642389749973,0.5453642389749973
EMMERICH,2026-06-30 14:00:00+00:00,54.0,57.80719809094505,57.80719809094505,,4,-3.8071980909450502,3.8071980909450502
IFFEZHEIM,2026-06-30 14:00:00+00:00,132.0,134.72543989544485,135.7168305145799,1.0,4,-3.7168305145798968,3.7168305145798968
KAUB,2026-06-30 14:00:00+00:00,88.0,90.42915989883431,90.42915989883431,,4,-2.429159898834314,2.429159898834314
KOBLENZ,2026-06-30 14:00:00+00:00,90.0,90.84151905381606,92.23176718738006,0.0,4,-2.2317671873800577,2.2317671873800577
KONSTANZ-RHEIN,2026-06-30 14:00:00+00:00,313.0,312.6158838133179,312.6158838133179,,4,0.3841161866820926,0.3841161866820926
Koblenz OP,2026-06-30 14:00:00+00:00,201.0,206.36560057405478,206.36560057405478,,4,-5.365600574054781,5.365600574054781
Koblenz UP,2026-06-30 14:00:00+00:00,47.0,80.13487127330306,80.13487127330306,3.0,4,-33.13487127330306,33.13487127330306
KÖLN,2026-06-30 14:00:00+00:00,131.0,132.27244470887516,131.86895274044323,0.0,4,-0.868952740443234,0.868952740443234
LOBITH,2026-06-30 14:00:00+00:00,704.0,703.9274891095841,703.9274891095841,,4,0.07251089041585601,0.07251089041585601
MAINZ,2026-06-30 14:00:00+00:00,182.0,185.66019489635323,185.66019489635323,,4,-3.6601948963532323,3.6601948963532323
MANNHEIM,2026-06-30 14:00:00+00:00,170.0,155.01134174015792,166.9085221985331,0.0,4,3.091477801466908,3.091477801466908
MAXAU,2026-06-30 14:00:00+00:00,396.0,403.7085812644518,403.58858096215357,1.0,4,-7.588580962153571,7.588580962153571
REES,2026-06-30 14:00:00+00:00,97.0,94.58818178123836,94.58818178123836,,4,2.4118182187616384,2.4118182187616384
RHEINE UNTERSCHLEUSE,2026-06-30 14:00:00+00:00,195.0,201.15598069950192,201.15598069950192,2.0,4,-6.155980699501924,6.155980699501924
RHEINWEILER,2026-06-30 14:00:00+00:00,225.0,222.27565318668763,222.27565318668763,,4,2.7243468133123656,2.7243468133123656
SANKT GOAR,2026-06-30 14:00:00+00:00,179.0,190.01636480315833,181.90403210871085,0.0,4,-2.904032108710851,2.904032108710851
SPEYER,2026-06-30 14:00:00+00:00,262.0,261.0764333928405,256.6488793397744,1.0,4,5.351120660225604,5.351120660225604
WESEL,2026-06-30 14:00:00+00:00,156.0,153.07527866223018,154.06260760492705,0.0,4,1.9373923950729477,1.9373923950729477
WORMS,2026-06-30 14:00:00+00:00,77.0,74.91154586264454,76.13450179399375,0.0,4,0.8654982060062508,0.8654982060062508
DUISBURG-MEIDERICH SCHLEUSE OW,2026-06-30 14:01:00+00:00,24.96,24.896495487305366,24.896495487305366,,4,0.0635045126946352,0.0635045126946352
DUISBURG-MEIDERICH SCHLEUSE UW,2026-06-30 14:01:00+00:00,18.22,18.220929969390852,18.220929969390852,,4,-0.0009299693908531026,0.0009299693908531026
DUISBURG-MEIDERICH SCHLEUSE OW,2026-06-30 14:02:00+00:00,24.96,24.914245496157047,24.914245496157047,,4,0.04575450384295365,0.04575450384295365
DUISBURG-MEIDERICH SCHLEUSE UW,2026-06-30 14:02:00+00:00,18.22,18.218572926232838,18.218572926232838,,4,0.0014270737671608913,0.0014270737671608913
DUISBURG-MEIDERICH SCHLEUSE OW,2026-06-30 14:03:00+00:00,24.96,25.29998749668144,25.29998749668144,,4,-0.339987496681438,0.339987496681438
DUISBURG-MEIDERICH SCHLEUSE UW,2026-06-30 14:03:00+00:00,18.22,18.599017193366397,18.599017193366397,,4,-0.3790171933663977,0.3790171933663977
DUISBURG-MEIDERICH SCHLEUSE OW,2026-06-30 14:04:00+00:00,24.96,25.29998749668144,25.29998749668144,,4,-0.339987496681438,0.339987496681438
DUISBURG-MEIDERICH SCHLEUSE UW,2026-06-30 14:04:00+00:00,18.22,18.599017193366397,18.599017193366397,,4,-0.3790171933663977,0.3790171933663977
Basel-Rheinhalle,2026-06-30 14:05:00+00:00,518.0,514.3469549680727,514.3469549680727,,4,3.653045031927263,3.653045031927263
DUISBURG-MEIDERICH SCHLEUSE OW,2026-06-30 14:05:00+00:00,24.96,25.29998749668144,25.29998749668144,,4,-0.339987496681438,0.339987496681438
DUISBURG-MEIDERICH SCHLEUSE UW,2026-06-30 14:05:00+00:00,18.23,18.599017193366397,18.599017193366397,,4,-0.36901719336639616,0.36901719336639616
DUISBURG-MEIDERICH SCHLEUSE OW,2026-06-30 14:06:00+00:00,24.96,25.002081253615227,25.002081253615227,,4,-0.04208125361522619,0.04208125361522619
DUISBURG-MEIDERICH SCHLEUSE UW,2026-06-30 14:06:00+00:00,18.23,18.301110950300185,18.301110950300185,,4,-0.07111095030018433,0.07111095030018433
DUISBURG-MEIDERICH SCHLEUSE OW,2026-06-30 14:07:00+00:00,24.97,25.002081253615227,25.002081253615227,,4,-0.03208125361522818,0.03208125361522818
DUISBURG-MEIDERICH SCHLEUSE UW,2026-06-30 14:07:00+00:00,18.23,18.301110950300185,18.301110950300185,,4,-0.07111095030018433,0.07111095030018433
DUISBURG-MEIDERICH SCHLEUSE OW,2026-06-30 14:08:00+00:00,24.97,24.906923416890287,24.906923416890287,,4,0.0630765831097122,0.0630765831097122
DUISBURG-MEIDERICH SCHLEUSE UW,2026-06-30 14:08:00+00:00,18.23,18.205953113575244,18.205953113575244,,4,0.024046886424756053,0.024046886424756053
DUISBURG-MEIDERICH SCHLEUSE OW,2026-06-30 14:09:00+00:00,24.97,24.906923416890287,24.906923416890287,,4,0.0630765831097122,0.0630765831097122
DUISBURG-MEIDERICH SCHLEUSE UW,2026-06-30 14:09:00+00:00,18.23,18.205953113575244,18.205953113575244,,4,0.024046886424756053,0.024046886424756053
Basel-Rheinhalle,2026-06-30 14:10:00+00:00,518.0,514.3333345218775,514.3333345218775,,4,3.666665478122468,3.666665478122468
DUISBURG-MEIDERICH SCHLEUSE OW,2026-06-30 14:10:00+00:00,24.97,24.906923416890287,24.906923416890287,,4,0.0630765831097122,0.0630765831097122
DUISBURG-MEIDERICH SCHLEUSE UW,2026-06-30 14:10:00+00:00,18.23,18.28475020153701,18.28475020153701,,4,-0.054750201537007825,0.054750201537007825
LOBITH,2026-06-30 14:10:00+00:00,703.0,703.7235363938481,703.7235363938481,,4,-0.7235363938481214,0.7235363938481214
DUISBURG-MEIDERICH SCHLEUSE OW,2026-06-30 14:11:00+00:00,24.97,24.9723828640442,24.9723828640442,,4,-0.0023828640442005167,0.0023828640442005167
DUISBURG-MEIDERICH SCHLEUSE UW,2026-06-30 14:11:00+00:00,18.23,18.35020964869092,18.35020964869092,,4,-0.12020964869092055,0.12020964869092055
DUISBURG-MEIDERICH SCHLEUSE OW,2026-06-30 14:12:00+00:00,24.97,24.9723828640442,24.9723828640442,,4,-0.0023828640442005167,0.0023828640442005167
DUISBURG-MEIDERICH SCHLEUSE UW,2026-06-30 14:12:00+00:00,18.23,18.248797702640992,18.248797702640992,,4,-0.018797702640991787,0.018797702640991787
DUISBURG-MEIDERICH SCHLEUSE OW,2026-06-30 14:13:00+00:00,24.97,25.073794810094128,25.073794810094128,,4,-0.10379481009412928,0.10379481009412928
DUISBURG-MEIDERICH SCHLEUSE UW,2026-06-30 14:13:00+00:00,18.23,18.248797702640992,18.248797702640992,,4,-0.018797702640991787,0.018797702640991787
DUISBURG-MEIDERICH SCHLEUSE OW,2026-06-30 14:14:00+00:00,24.97,25.073794810094128,25.073794810094128,,4,-0.10379481009412928,0.10379481009412928
DUISBURG-MEIDERICH SCHLEUSE UW,2026-06-30 14:14:00+00:00,18.22,18.248797702640992,18.248797702640992,,4,-0.02879770264099335,0.02879770264099335
BINGEN,2026-06-30 14:15:00+00:00,103.0,104.98941136751554,104.98941136751554,,4,-1.9894113675155438,1.9894113675155438
BONN,2026-06-30 14:15:00+00:00,139.0,136.9944643046053,136.9944643046053,,4,2.0055356953947125,2.0055356953947125
BREISACH,2026-06-30 14:15:00+00:00,194.0,193.5786738776175,193.5786738776175,,4,0.42132612238251,0.42132612238251
Basel-Rheinhalle,2026-06-30 14:15:00+00:00,519.0,514.2987303833655,514.2987303833655,,4,4.701269616634477,4.701269616634477
DUISBURG-MEIDERICH SCHLEUSE OW,2026-06-30 14:15:00+00:00,24.97,25.073794810094128,25.073794810094128,,4,-0.10379481009412928,0.10379481009412928
DUISBURG-MEIDERICH SCHLEUSE UW,2026-06-30 14:15:00+00:00,18.22,18.248797702640992,18.248797702640992,,4,-0.02879770264099335,0.02879770264099335
DUISBURG-RUHRORT,2026-06-30 14:15:00+00:00,219.0,217.07715706584614,216.53268017289662,0.0,4,2.467319827103381,2.467319827103381
DÜSSELDORF,2026-06-30 14:15:00+00:00,89.0,90.19052663876418,90.19052663876418,,4,-1.190526638764183,1.190526638764183
EMMERICH,2026-06-30 14:15:00+00:00,53.0,58.07360616741337,58.07360616741337,,4,-5.073606167413367,5.073606167413367
IFFEZHEIM,2026-06-30 14:15:00+00:00,136.0,134.76242879056608,135.7168305145799,1.0,4,0.28316948542010323,0.28316948542010323
KAUB,2026-06-30 14:15:00+00:00,88.0,89.7100205490006,89.7100205490006,,4,-1.7100205490006033,1.7100205490006033
KOBLENZ,2026-06-30 14:15:00+00:00,91.0,91.90121143692681,93.4514761143284,0.0,4,-2.4514761143284005,2.4514761143284005
KONSTANZ-RHEIN,2026-06-30 14:15:00+00:00,313.0,312.65048795182975,312.65048795182975,,4,0.3495120481702543,0.3495120481702543
Koblenz OP,2026-06-30 14:15:00+00:00,202.0,204.00137694979577,204.00137694979577,,4,-2.0013769497957696,2.0013769497957696
Koblenz UP,2026-06-30 14:15:00+00:00,48.0,77.98875126816422,77.98875126816422,3.0,4,-29.988751268164222,29.988751268164222
KÖLN,2026-06-30 14:15:00+00:00,130.0,132.12860828994053,131.86895274044323,0.0,4,-1.868952740443234,1.868952740443234
MAINZ,2026-06-30 14:15:00+00:00,182.0,186.15990006320277,186.15990006320277,,4,-4.15990006320277,4.15990006320277
MANNHEIM,2026-06-30 14:15:00+00:00,170.0,154.64014052122104,166.9085221985331,0.0,4,3.091477801466908,3.091477801466908
MAXAU,2026-06-30 14:15:00+00:00,396.0,403.74557015957305,403.58858096215357,1.0,4,-7.588580962153571,7.588580962153571
REES,2026-06-30 14:15:00+00:00,97.0,94.59996717441912,94.59996717441912,,4,2.4000328255808796,2.4000328255808796
RHEINE UNTERSCHLEUSE,2026-06-30 14:15:00+00:00,196.0,199.38909500226094,199.38909500226094,2.0,4,-3.3890950022609445,3.3890950022609445
RHEINWEILER,2026-06-30 14:15:00+00:00,225.0,222.3102573251995,222.3102573251995,,4,2.689742674800499,2.689742674800499
SANKT GOAR,2026-06-30 14:15:00+00:00,179.0,189.87290441063377,181.90403210871085,0.0,4,-2.904032108710851,2.904032108710851
SPEYER,2026-06-30 14:15:00+00:00,262.0,261.06607183478155,256.77480701273464,1.0,4,5.225192987265359,5.225192987265359
WESEL,2026-06-30 14:15:00+00:00,156.0,152.52983623007353,154.10113039912926,0.0,4,1.8988696008707393,1.8988696008707393
WORMS,2026-06-30 14:15:00+00:00,77.0,74.99733290616788,76.13450179399375,0.0,4,0.8654982060062508,0.8654982060062508
DUISBURG-MEIDERICH SCHLEUSE OW,2026-06-30 14:16:00+00:00,24.97,25.073794810094128,25.073794810094128,,4,-0.10379481009412928,0.10379481009412928
DUISBURG-MEIDERICH SCHLEUSE UW,2026-06-30 14:16:00+00:00,18.22,18.248797702640992,18.248797702640992,,4,-0.02879770264099335,0.02879770264099335
DUISBURG-MEIDERICH SCHLEUSE OW,2026-06-30 14:17:00+00:00,24.97,24.9723828640442,24.9723828640442,,4,-0.0023828640442005167,0.0023828640442005167
DUISBURG-MEIDERICH SCHLEUSE UW,2026-06-30 14:17:00+00:00,18.22,18.248797702640992,18.248797702640992,,4,-0.02879770264099335,0.02879770264099335
DUISBURG-MEIDERICH SCHLEUSE OW,2026-06-30 14:18:00+00:00,24.97,25.073794810094128,25.073794810094128,,4,-0.10379481009412928,0.10379481009412928
DUISBURG-MEIDERICH SCHLEUSE UW,2026-06-30 14:18:00+00:00,18.22,18.248797702640992,18.248797702640992,,4,-0.02879770264099335,0.02879770264099335
DUISBURG-MEIDERICH SCHLEUSE OW,2026-06-30 14:19:00+00:00,24.97,25.073794810094128,25.073794810094128,,4,-0.10379481009412928,0.10379481009412928
DUISBURG-MEIDERICH SCHLEUSE UW,2026-06-30 14:19:00+00:00,18.22,18.248797702640992,18.248797702640992,,4,-0.02879770264099335,0.02879770264099335
Basel-Rheinhalle,2026-06-30 14:20:00+00:00,521.0,514.2699605423845,514.2699605423845,,4,6.730039457615476,6.730039457615476
DUISBURG-MEIDERICH SCHLEUSE OW,2026-06-30 14:20:00+00:00,24.97,24.9723828640442,24.9723828640442,,4,-0.0023828640442005167,0.0023828640442005167
DUISBURG-MEIDERICH SCHLEUSE UW,2026-06-30 14:20:00+00:00,18.22,18.248797702640992,18.248797702640992,,4,-0.02879770264099335,0.02879770264099335
LOBITH,2026-06-30 14:20:00+00:00,704.0,703.9020067210053,703.9020067210053,,4,0.09799327899474974,0.09799327899474974
DUISBURG-MEIDERICH SCHLEUSE OW,2026-06-30 14:21:00+00:00,24.97,24.9723828640442,24.9723828640442,,4,-0.0023828640442005167,0.0023828640442005167
DUISBURG-MEIDERICH SCHLEUSE UW,2026-06-30 14:21:00+00:00,18.22,18.248797702640992,18.248797702640992,,4,-0.02879770264099335,0.02879770264099335
DUISBURG-MEIDERICH SCHLEUSE OW,2026-06-30 14:22:00+00:00,24.97,24.9723828640442,24.9723828640442,,4,-0.0023828640442005167,0.0023828640442005167
DUISBURG-MEIDERICH SCHLEUSE UW,2026-06-30 14:22:00+00:00,18.22,18.248797702640992,18.248797702640992,,4,-0.02879770264099335,0.02879770264099335
DUISBURG-MEIDERICH SCHLEUSE OW,2026-06-30 14:23:00+00:00,24.97,24.9723828640442,24.9723828640442,,4,-0.0023828640442005167,0.0023828640442005167
DUISBURG-MEIDERICH SCHLEUSE UW,2026-06-30 14:23:00+00:00,18.22,18.248797702640992,18.248797702640992,,4,-0.02879770264099335,0.02879770264099335
DUISBURG-MEIDERICH SCHLEUSE OW,2026-06-30 14:24:00+00:00,24.97,24.9723828640442,24.9723828640442,,4,-0.0023828640442005167,0.0023828640442005167
DUISBURG-MEIDERICH SCHLEUSE UW,2026-06-30 14:24:00+00:00,18.22,18.248797702640992,18.248797702640992,,4,-0.02879770264099335,0.02879770264099335
Basel-Rheinhalle,2026-06-30 14:25:00+00:00,522.0,514.340504701099,514.340504701099,,4,7.659495298900993,7.659495298900993
DUISBURG-MEIDERICH SCHLEUSE OW,2026-06-30 14:25:00+00:00,24.98,24.9723828640442,24.9723828640442,,4,0.0076171359558010465,0.0076171359558010465
DUISBURG-MEIDERICH SCHLEUSE UW,2026-06-30 14:25:00+00:00,18.23,18.248797702640992,18.248797702640992,,4,-0.018797702640991787,0.018797702640991787
DUISBURG-MEIDERICH SCHLEUSE OW,2026-06-30 14:26:00+00:00,24.98,24.9723828640442,24.9723828640442,,4,0.0076171359558010465,0.0076171359558010465
DUISBURG-MEIDERICH SCHLEUSE UW,2026-06-30 14:26:00+00:00,18.23,18.35020964869092,18.35020964869092,,4,-0.12020964869092055,0.12020964869092055
DUISBURG-MEIDERICH SCHLEUSE OW,2026-06-30 14:27:00+00:00,24.98,24.9723828640442,24.9723828640442,,4,0.0076171359558010465,0.0076171359558010465
DUISBURG-MEIDERICH SCHLEUSE UW,2026-06-30 14:27:00+00:00,18.23,18.35020964869092,18.35020964869092,,4,-0.12020964869092055,0.12020964869092055
DUISBURG-MEIDERICH SCHLEUSE OW,2026-06-30 14:28:00+00:00,24.98,24.9723828640442,24.9723828640442,,4,0.0076171359558010465,0.0076171359558010465
DUISBURG-MEIDERICH SCHLEUSE UW,2026-06-30 14:28:00+00:00,18.23,18.271412560729157,18.271412560729157,,4,-0.04141256072915667,0.04141256072915667
DUISBURG-MEIDERICH SCHLEUSE OW,2026-06-30 14:29:00+00:00,24.98,24.9723828640442,24.9723828640442,,4,0.0076171359558010465,0.0076171359558010465
DUISBURG-MEIDERICH SCHLEUSE UW,2026-06-30 14:29:00+00:00,18.23,18.271412560729157,18.271412560729157,,4,-0.04141256072915667,0.04141256072915667
BINGEN,2026-06-30 14:30:00+00:00,103.0,105.1946883623492,105.1946883623492,,4,-2.194688362349197,2.194688362349197
BONN,2026-06-30 14:30:00+00:00,139.0,137.26920277874297,137.26920277874297,,4,1.7307972212570348,1.7307972212570348
BREISACH,2026-06-30 14:30:00+00:00,191.0,194.23246520120148,194.23246520120148,,4,-3.232465201201478,3.232465201201478
Basel-Rheinhalle,2026-06-30 14:30:00+00:00,522.0,514.2699605423845,514.2699605423845,,4,7.730039457615476,7.730039457615476
DUISBURG-MEIDERICH SCHLEUSE OW,2026-06-30 14:30:00+00:00,24.98,24.9723828640442,24.9723828640442,,4,0.0076171359558010465,0.0076171359558010465
DUISBURG-MEIDERICH SCHLEUSE UW,2026-06-30 14:30:00+00:00,18.23,18.35020964869092,18.35020964869092,,4,-0.12020964869092055,0.12020964869092055
DUISBURG-RUHRORT,2026-06-30 14:30:00+00:00,219.0,217.3380789502193,216.53268017289662,0.0,4,2.467319827103381,2.467319827103381
DÜSSELDORF,2026-06-30 14:30:00+00:00,88.0,87.88256060921466,87.88256060921466,,4,0.11743939078533572,0.11743939078533572
EMMERICH,2026-06-30 14:30:00+00:00,54.0,57.62442353035386,57.62442353035386,,4,-3.624423530353859,3.624423530353859
IFFEZHEIM,2026-06-30 14:30:00+00:00,133.0,135.01734909904198,136.55360040217957,1.0,4,-3.553600402179569,3.553600402179569
KAUB,2026-06-30 14:30:00+00:00,87.0,89.50474355416695,89.50474355416695,,4,-2.50474355416695,2.50474355416695
KOBLENZ,2026-06-30 14:30:00+00:00,86.0,90.74923422003857,92.4216230430205,0.0,4,-6.421623043020503,6.421623043020503
KONSTANZ-RHEIN,2026-06-30 14:30:00+00:00,313.0,312.65048795182975,312.65048795182975,,4,0.3495120481702543,0.3495120481702543
Koblenz OP,2026-06-30 14:30:00+00:00,202.0,206.232696058202,206.232696058202,,4,-4.232696058202009,4.232696058202009
Koblenz UP,2026-06-30 14:30:00+00:00,45.0,77.98875126816422,77.98875126816422,3.0,4,-32.98875126816422,32.98875126816422
KÖLN,2026-06-30 14:30:00+00:00,131.0,132.4033467640782,131.86895274044323,0.0,4,-0.868952740443234,0.868952740443234
LOBITH,2026-06-30 14:30:00+00:00,704.0,704.0284004135026,704.0284004135026,,4,-0.028400413502595256,0.028400413502595256
MAINZ,2026-06-30 14:30:00+00:00,182.0,185.1733965914054,185.1733965914054,,4,-3.1733965914054068,3.1733965914054068
MANNHEIM,2026-06-30 14:30:00+00:00,170.0,154.60802287532783,166.9085221985331,0.0,4,3.091477801466908,3.091477801466908
MAXAU,2026-06-30 14:30:00+00:00,397.0,403.76143356621355,403.6056620833644,1.0,4,-6.605662083364393,6.605662083364393
REES,2026-06-30 14:30:00+00:00,97.0,94.92002375948718,94.92002375948718,,4,2.0799762405128206,2.0799762405128206
RHEINE UNTERSCHLEUSE,2026-06-30 14:30:00+00:00,196.0,200.18022393056842,200.18022393056842,2.0,4,-4.180223930568417,4.180223930568417
RHEINWEILER,2026-06-30 14:30:00+00:00,223.0,222.3102573251995,222.3102573251995,,4,0.6897426748004989,0.6897426748004989
SANKT GOAR,2026-06-30 14:30:00+00:00,179.0,190.09885223799787,181.90403210871085,0.0,4,-2.904032108710851,2.904032108710851
SPEYER,2026-06-30 14:30:00+00:00,262.0,261.071103102461,256.612950193903,1.0,4,5.387049806097025,5.387049806097025
WESEL,2026-06-30 14:30:00+00:00,156.0,153.2965579294821,154.23446128945096,0.0,4,1.7655387105490377,1.7655387105490377
WORMS,2026-06-30 14:30:00+00:00,79.0,74.96521526027466,76.13450179399375,0.0,4,2.865498206006251,2.865498206006251
DUISBURG-MEIDERICH SCHLEUSE OW,2026-06-30 14:31:00+00:00,24.98,24.9723828640442,24.9723828640442,,4,0.0076171359558010465,0.0076171359558010465
DUISBURG-MEIDERICH SCHLEUSE UW,2026-06-30 14:31:00+00:00,18.23,18.35020964869092,18.35020964869092,,4,-0.12020964869092055,0.12020964869092055
DUISBURG-MEIDERICH SCHLEUSE OW,2026-06-30 14:32:00+00:00,24.98,25.073794810094128,25.073794810094128,,4,-0.09379481009412771,0.09379481009412771
DUISBURG-MEIDERICH SCHLEUSE UW,2026-06-30 14:32:00+00:00,18.23,18.248797702640992,18.248797702640992,,4,-0.018797702640991787,0.018797702640991787
DUISBURG-MEIDERICH SCHLEUSE OW,2026-06-30 14:33:00+00:00,24.98,25.073794810094128,25.073794810094128,,4,-0.09379481009412771,0.09379481009412771
DUISBURG-MEIDERICH SCHLEUSE UW,2026-06-30 14:33:00+00:00,18.23,18.248797702640992,18.248797702640992,,4,-0.018797702640991787,0.018797702640991787
DUISBURG-MEIDERICH SCHLEUSE OW,2026-06-30 14:34:00+00:00,24.98,24.9723828640442,24.9723828640442,,4,0.0076171359558010465,0.0076171359558010465
DUISBURG-MEIDERICH SCHLEUSE UW,2026-06-30 14:34:00+00:00,18.23,18.248797702640992,18.248797702640992,,4,-0.018797702640991787,0.018797702640991787
Basel-Rheinhalle,2026-06-30 14:35:00+00:00,521.0,515.1842510895948,515.1842510895948,,4,5.815748910405205,5.815748910405205
DUISBURG-MEIDERICH SCHLEUSE OW,2026-06-30 14:35:00+00:00,24.98,24.9723828640442,24.9723828640442,,4,0.0076171359558010465,0.0076171359558010465
DUISBURG-MEIDERICH SCHLEUSE UW,2026-06-30 14:35:00+00:00,18.23,18.248797702640992,18.248797702640992,,4,-0.018797702640991787,0.018797702640991787
DUISBURG-MEIDERICH SCHLEUSE OW,2026-06-30 14:36:00+00:00,24.98,24.9723828640442,24.9723828640442,,4,0.0076171359558010465,0.0076171359558010465
DUISBURG-MEIDERICH SCHLEUSE UW,2026-06-30 14:36:00+00:00,18.23,18.248797702640992,18.248797702640992,,4,-0.018797702640991787,0.018797702640991787
DUISBURG-MEIDERICH SCHLEUSE OW,2026-06-30 14:37:00+00:00,24.98,24.9723828640442,24.9723828640442,,4,0.0076171359558010465,0.0076171359558010465
DUISBURG-MEIDERICH SCHLEUSE UW,2026-06-30 14:37:00+00:00,18.22,18.248797702640992,18.248797702640992,,4,-0.02879770264099335,0.02879770264099335
DUISBURG-MEIDERICH SCHLEUSE OW,2026-06-30 14:38:00+00:00,24.98,24.9723828640442,24.9723828640442,,4,0.0076171359558010465,0.0076171359558010465
DUISBURG-MEIDERICH SCHLEUSE UW,2026-06-30 14:38:00+00:00,18.23,18.248797702640992,18.248797702640992,,4,-0.018797702640991787,0.018797702640991787
DUISBURG-MEIDERICH SCHLEUSE OW,2026-06-30 14:39:00+00:00,24.98,24.9723828640442,24.9723828640442,,4,0.0076171359558010465,0.0076171359558010465
DUISBURG-MEIDERICH SCHLEUSE UW,2026-06-30 14:39:00+00:00,18.22,18.35020964869092,18.35020964869092,,4,-0.1302096486909221,0.1302096486909221
Basel-Rheinhalle,2026-06-30 14:40:00+00:00,520.0,514.1697907748857,514.1697907748857,,4,5.830209225114345,5.830209225114345
DUISBURG-MEIDERICH SCHLEUSE OW,2026-06-30 14:40:00+00:00,24.98,24.9723828640442,24.9723828640442,,4,0.0076171359558010465,0.0076171359558010465
DUISBURG-MEIDERICH SCHLEUSE UW,2026-06-30 14:40:00+00:00,18.22,18.35020964869092,18.35020964869092,,4,-0.1302096486909221,0.1302096486909221
LOBITH,2026-06-30 14:40:00+00:00,703.0,704.0155589668868,704.0155589668868,,4,-1.0155589668868288,1.0155589668868288
DUISBURG-MEIDERICH SCHLEUSE OW,2026-06-30 14:41:00+00:00,24.98,24.9723828640442,24.9723828640442,,4,0.0076171359558010465,0.0076171359558010465
DUISBURG-MEIDERICH SCHLEUSE UW,2026-06-30 14:41:00+00:00,18.22,18.271412560729157,18.271412560729157,,4,-0.05141256072915823,0.05141256072915823
DUISBURG-MEIDERICH SCHLEUSE OW,2026-06-30 14:42:00+00:00,24.99,24.9723828640442,24.9723828640442,,4,0.017617135955799057,0.017617135955799057
DUISBURG-MEIDERICH SCHLEUSE UW,2026-06-30 14:42:00+00:00,18.23,18.271412560729157,18.271412560729157,,4,-0.04141256072915667,0.04141256072915667
DUISBURG-MEIDERICH SCHLEUSE OW,2026-06-30 14:43:00+00:00,24.99,24.9723828640442,24.9723828640442,,4,0.017617135955799057,0.017617135955799057
DUISBURG-MEIDERICH SCHLEUSE UW,2026-06-30 14:43:00+00:00,18.23,18.271412560729157,18.271412560729157,,4,-0.04141256072915667,0.04141256072915667
DUISBURG-MEIDERICH SCHLEUSE OW,2026-06-30 14:44:00+00:00,24.99,24.9723828640442,24.9723828640442,,4,0.017617135955799057,0.017617135955799057
DUISBURG-MEIDERICH SCHLEUSE UW,2026-06-30 14:44:00+00:00,18.23,18.271412560729157,18.271412560729157,,4,-0.04141256072915667,0.04141256072915667
BINGEN,2026-06-30 14:45:00+00:00,103.0,105.1946883623492,105.1946883623492,,4,-2.194688362349197,2.194688362349197
BONN,2026-06-30 14:45:00+00:00,139.0,137.26064851117664,137.26064851117664,,4,1.7393514888233597,1.7393514888233597
BREISACH,2026-06-30 14:45:00+00:00,187.0,193.43032513298692,193.43032513298692,,4,-6.430325132986923,6.430325132986923
Basel-Rheinhalle,2026-06-30 14:45:00+00:00,521.0,514.4572541687822,514.4572541687822,,4,6.542745831217758,6.542745831217758
DUISBURG-MEIDERICH SCHLEUSE OW,2026-06-30 14:45:00+00:00,24.99,24.9723828640442,24.9723828640442,,4,0.017617135955799057,0.017617135955799057
DUISBURG-MEIDERICH SCHLEUSE UW,2026-06-30 14:45:00+00:00,18.23,18.271412560729157,18.271412560729157,,4,-0.04141256072915667,0.04141256072915667
DUISBURG-RUHRORT,2026-06-30 14:45:00+00:00,219.0,217.59281424691582,216.38177502198553,0.0,4,2.6182249780144673,2.6182249780144673
DÜSSELDORF,2026-06-30 14:45:00+00:00,89.0,88.57253026159671,88.57253026159671,,4,0.42746973840328906,0.42746973840328906
EMMERICH,2026-06-30 14:45:00+00:00,54.0,58.82147394285589,58.82147394285589,,4,-4.821473942855889,4.821473942855889
IFFEZHEIM,2026-06-30 14:45:00+00:00,133.0,135.7157101691768,136.0680378846877,1.0,4,-3.0680378846876977,3.0680378846876977
KAUB,2026-06-30 14:45:00+00:00,87.0,89.7100205490006,89.7100205490006,,4,-2.7100205490006033,2.7100205490006033
KOBLENZ,2026-06-30 14:45:00+00:00,88.0,90.74923422003857,92.4216230430205,0.0,4,-4.421623043020503,4.421623043020503
KONSTANZ-RHEIN,2026-06-30 14:45:00+00:00,313.0,312.6158838133179,312.6158838133179,,4,0.3841161866820926,0.3841161866820926
Koblenz OP,2026-06-30 14:45:00+00:00,201.0,205.96464583819363,205.96464583819363,,4,-4.964645838193633,4.964645838193633
Koblenz UP,2026-06-30 14:45:00+00:00,45.0,77.98875126816422,77.98875126816422,3.0,4,-32.98875126816422,32.98875126816422
KÖLN,2026-06-30 14:45:00+00:00,131.0,132.59194041614307,132.46650994137252,0.0,4,-1.4665099413725216,1.4665099413725216
MAINZ,2026-06-30 14:45:00+00:00,183.0,184.2481419654237,184.2481419654237,,4,-1.248141965423713,1.248141965423713
MANNHEIM,2026-06-30 14:45:00+00:00,170.0,154.99436367699778,167.30775317944273,0.0,4,2.6922468205572727,2.6922468205572727
MAXAU,2026-06-30 14:45:00+00:00,395.0,403.64887071445054,403.8101865078122,1.0,4,-8.810186507812205,8.810186507812205
REES,2026-06-30 14:45:00+00:00,97.0,95.33710938543614,95.33710938543614,,4,1.6628906145638638,1.6628906145638638
RHEINE UNTERSCHLEUSE,2026-06-30 14:45:00+00:00,196.0,194.71777354433826,194.71777354433826,2.0,4,1.2822264556617426,1.2822264556617426
RHEINWEILER,2026-06-30 14:45:00+00:00,223.0,222.27565318668763,222.27565318668763,,4,0.7243468133123656,0.7243468133123656
SANKT GOAR,2026-06-30 14:45:00+00:00,179.0,190.09885223799787,181.90403210871085,0.0,4,-2.904032108710851,2.904032108710851
SPEYER,2026-06-30 14:45:00+00:00,263.0,261.3162382181351,256.7294618689999,1.0,4,6.27053813100008,6.27053813100008
WESEL,2026-06-30 14:45:00+00:00,155.0,152.23881614630096,154.5681797131178,0.0,4,0.4318202868822141,0.4318202868822141
WORMS,2026-06-30 14:45:00+00:00,77.0,75.17532995817405,76.69627313664718,0.0,4,0.3037268633528214,0.3037268633528214
DUISBURG-MEIDERICH SCHLEUSE OW,2026-06-30 14:46:00+00:00,24.99,24.9526784899766,24.9526784899766,,5,0.037321510023399895,0.037321510023399895
DUISBURG-MEIDERICH SCHLEUSE UW,2026-06-30 14:46:00+00:00,18.23,18.242201920418022,18.242201920418022,,5,-0.012201920418021928,0.012201920418021928
DUISBURG-MEIDERICH SCHLEUSE OW,2026-06-30 14:47:00+00:00,24.99,24.9526784899766,24.9526784899766,,5,0.037321510023399895,0.037321510023399895
DUISBURG-MEIDERICH SCHLEUSE UW,2026-06-30 14:47:00+00:00,18.23,18.242201920418022,18.242201920418022,,5,-0.012201920418021928,0.012201920418021928
DUISBURG-MEIDERICH SCHLEUSE OW,2026-06-30 14:48:00+00:00,24.99,24.9526784899766,24.9526784899766,,5,0.037321510023399895,0.037321510023399895
DUISBURG-MEIDERICH SCHLEUSE UW,2026-06-30 14:48:00+00:00,18.23,18.242201920418022,18.242201920418022,,5,-0.012201920418021928,0.012201920418021928
DUISBURG-MEIDERICH SCHLEUSE OW,2026-06-30 14:49:00+00:00,24.99,24.9526784899766,24.9526784899766,,5,0.037321510023399895,0.037321510023399895
DUISBURG-MEIDERICH SCHLEUSE UW,2026-06-30 14:49:00+00:00,18.23,18.242201920418022,18.242201920418022,,5,-0.012201920418021928,0.012201920418021928
Basel-Rheinhalle,2026-06-30 14:50:00+00:00,522.0,519.9201196193376,519.9201196193376,,5,2.0798803806624164,2.0798803806624164
DUISBURG-MEIDERICH SCHLEUSE OW,2026-06-30 14:50:00+00:00,24.99,24.9526784899766,24.9526784899766,,5,0.037321510023399895,0.037321510023399895
DUISBURG-MEIDERICH SCHLEUSE UW,2026-06-30 14:50:00+00:00,18.23,18.242201920418022,18.242201920418022,,5,-0.012201920418021928,0.012201920418021928
LOBITH,2026-06-30 14:50:00+00:00,703.0,703.7502059274409,703.7502059274409,,5,-0.7502059274409021,0.7502059274409021
DUISBURG-MEIDERICH SCHLEUSE OW,2026-06-30 14:51:00+00:00,24.99,24.9526784899766,24.9526784899766,,5,0.037321510023399895,0.037321510023399895
DUISBURG-MEIDERICH SCHLEUSE UW,2026-06-30 14:51:00+00:00,18.23,18.242201920418022,18.242201920418022,,5,-0.012201920418021928,0.012201920418021928
DUISBURG-MEIDERICH SCHLEUSE OW,2026-06-30 14:52:00+00:00,24.99,24.9526784899766,24.9526784899766,,5,0.037321510023399895,0.037321510023399895
DUISBURG-MEIDERICH SCHLEUSE UW,2026-06-30 14:52:00+00:00,18.23,18.242201920418022,18.242201920418022,,5,-0.012201920418021928,0.012201920418021928
DUISBURG-MEIDERICH SCHLEUSE OW,2026-06-30 14:53:00+00:00,24.99,24.9526784899766,24.9526784899766,,5,0.037321510023399895,0.037321510023399895
DUISBURG-MEIDERICH SCHLEUSE UW,2026-06-30 14:53:00+00:00,18.23,18.242201920418022,18.242201920418022,,5,-0.012201920418021928,0.012201920418021928
DUISBURG-MEIDERICH SCHLEUSE OW,2026-06-30 14:54:00+00:00,24.99,24.9526784899766,24.9526784899766,,5,0.037321510023399895,0.037321510023399895
DUISBURG-MEIDERICH SCHLEUSE UW,2026-06-30 14:54:00+00:00,18.23,18.242201920418022,18.242201920418022,,5,-0.012201920418021928,0.012201920418021928
Basel-Rheinhalle,2026-06-30 14:55:00+00:00,522.0,519.9201196193376,519.9201196193376,,5,2.0798803806624164,2.0798803806624164
DUISBURG-MEIDERICH SCHLEUSE OW,2026-06-30 14:55:00+00:00,24.99,24.9526784899766,24.9526784899766,,5,0.037321510023399895,0.037321510023399895
DUISBURG-MEIDERICH SCHLEUSE UW,2026-06-30 14:55:00+00:00,18.23,18.242201920418022,18.242201920418022,,5,-0.012201920418021928,0.012201920418021928
DUISBURG-MEIDERICH SCHLEUSE OW,2026-06-30 14:56:00+00:00,24.99,24.9526784899766,24.9526784899766,,5,0.037321510023399895,0.037321510023399895
DUISBURG-MEIDERICH SCHLEUSE UW,2026-06-30 14:56:00+00:00,18.23,18.242201920418022,18.242201920418022,,5,-0.012201920418021928,0.012201920418021928
DUISBURG-MEIDERICH SCHLEUSE OW,2026-06-30 14:57:00+00:00,25.0,24.9526784899766,24.9526784899766,,5,0.04732151002340146,0.04732151002340146
DUISBURG-MEIDERICH SCHLEUSE UW,2026-06-30 14:57:00+00:00,18.23,18.242201920418022,18.242201920418022,,5,-0.012201920418021928,0.012201920418021928
DUISBURG-MEIDERICH SCHLEUSE OW,2026-06-30 14:58:00+00:00,25.0,24.9526784899766,24.9526784899766,,5,0.04732151002340146,0.04732151002340146
DUISBURG-MEIDERICH SCHLEUSE UW,2026-06-30 14:58:00+00:00,18.23,18.242201920418022,18.242201920418022,,5,-0.012201920418021928,0.012201920418021928
DUISBURG-MEIDERICH SCHLEUSE OW,2026-06-30 14:59:00+00:00,25.0,24.9526784899766,24.9526784899766,,5,0.04732151002340146,0.04732151002340146
DUISBURG-MEIDERICH SCHLEUSE UW,2026-06-30 14:59:00+00:00,18.23,18.242201920418022,18.242201920418022,,5,-0.012201920418021928,0.012201920418021928
BINGEN,2026-06-30 15:00:00+00:00,52.0,102.99898434784727,102.99898434784727,,5,-50.99898434784727,50.99898434784727
BONN,2026-06-30 15:00:00+00:00,81.0,138.05381517021203,138.05381517021203,,5,-57.05381517021203,57.05381517021203
BREISACH,2026-06-30 15:00:00+00:00,180.0,192.4035469317345,192.4035469317345,,5,-12.403546931734496,12.403546931734496
Basel-Rheinhalle,2026-06-30 15:00:00+00:00,522.0,519.7138159237116,519.7138159237116,,5,2.2861840762883503,2.2861840762883503
DUISBURG-MEIDERICH SCHLEUSE OW,2026-06-30 15:00:00+00:00,25.0,25.05707985176714,25.05707985176714,,5,-0.05707985176713848,0.05707985176713848
DUISBURG-MEIDERICH SCHLEUSE UW,2026-06-30 15:00:00+00:00,18.23,18.352183456967133,18.352183456967133,,5,-0.12218345696713229,0.12218345696713229
DUISBURG-RUHRORT,2026-06-30 15:00:00+00:00,156.0,219.4536744570783,218.76711987941007,0.0,5,-62.767119879410075,62.767119879410075
DÜSSELDORF,2026-06-30 15:00:00+00:00,27.0,89.53567689816975,89.53567689816975,,5,-62.535676898169754,62.535676898169754
EMMERICH,2026-06-30 15:00:00+00:00,5.0,54.174314056273666,54.174314056273666,,5,-49.174314056273666,49.174314056273666
IFFEZHEIM,2026-06-30 15:00:00+00:00,68.0,134.0285551534297,134.09891459519739,1.0,5,-66.09891459519739,66.09891459519739
KAUB,2026-06-30 15:00:00+00:00,26.0,86.6596228430995,86.6596228430995,,5,-60.6596228430995,60.6596228430995
KOBLENZ,2026-06-30 15:00:00+00:00,21.0,86.64588066108392,88.2252763130974,0.0,5,-67.2252763130974,67.2252763130974
KONSTANZ-RHEIN,2026-06-30 15:00:00+00:00,273.0,313.36008797836917,313.36008797836917,,5,-40.360087978369165,40.360087978369165
Koblenz OP,2026-06-30 15:00:00+00:00,200.0,203.27963401979864,203.27963401979864,,5,-3.2796340197986353,3.2796340197986353
Koblenz UP,2026-06-30 15:00:00+00:00,37.0,49.70618318265612,49.70618318265612,3.0,5,-12.706183182656119,12.706183182656119
KÖLN,2026-06-30 15:00:00+00:00,70.0,131.8152939887424,130.53133440820872,0.0,5,-60.53133440820872,60.53133440820872
LOBITH,2026-06-30 15:00:00+00:00,704.0,704.4344231683601,704.4344231683601,,5,-0.4344231683601265,0.4344231683601265
MAINZ,2026-06-30 15:00:00+00:00,129.0,182.2667838138326,182.2667838138326,,5,-53.2667838138326,53.2667838138326
MANNHEIM,2026-06-30 15:00:00+00:00,96.0,170.154455659355,169.3405435463856,0.0,5,-73.34054354638559,73.34054354638559
MAXAU,2026-06-30 15:00:00+00:00,316.0,397.04645510942817,396.90988763706065,1.0,5,-80.90988763706065,80.90988763706065
REES,2026-06-30 15:00:00+00:00,39.0,96.47211222357762,96.47211222357762,,5,-57.472112223577625,57.472112223577625
RHEINE UNTERSCHLEUSE,2026-06-30 15:00:00+00:00,186.0,203.33481287720625,203.33481287720625,2.0,5,-17.334812877206247,17.334812877206247
RHEINWEILER,2026-06-30 15:00:00+00:00,220.0,223.80075849053858,223.80075849053858,,5,-3.800758490538584,3.800758490538584
SANKT GOAR,2026-06-30 15:00:00+00:00,109.0,179.96900900444456,178.53417490117974,0.0,5,-69.53417490117974,69.53417490117974
SPEYER,2026-06-30 15:00:00+00:00,182.0,261.92159616422316,262.0902345606907,1.0,5,-80.0902345606907,80.0902345606907
WESEL,2026-06-30 15:00:00+00:00,93.0,157.1412905144495,155.97279971726775,0.0,5,-62.97279971726775,62.97279971726775
WORMS,2026-06-30 15:00:00+00:00,12.0,77.12471354347556,77.26866101711975,0.0,5,-65.26866101711975,65.26866101711975
DUISBURG-MEIDERICH SCHLEUSE OW,2026-06-30 15:01:00+00:00,25.0,25.0672206808486,25.0672206808486,,5,-0.06722068084859956,0.06722068084859956
DUISBURG-MEIDERICH SCHLEUSE UW,2026-06-30 15:01:00+00:00,18.23,18.362324286048594,18.362324286048594,,5,-0.13232428604859336,0.13232428604859336
DUISBURG-MEIDERICH SCHLEUSE OW,2026-06-30 15:02:00+00:00,25.0,25.031930013992717,25.031930013992717,,5,-0.03193001399271722,0.03193001399271722
DUISBURG-MEIDERICH SCHLEUSE UW,2026-06-30 15:02:00+00:00,18.23,18.32703361919271,18.32703361919271,,5,-0.09703361919271103,0.09703361919271103
DUISBURG-MEIDERICH SCHLEUSE OW,2026-06-30 15:03:00+00:00,25.0,25.1565347863137,25.1565347863137,,5,-0.15653478631369921,0.15653478631369921
DUISBURG-MEIDERICH SCHLEUSE UW,2026-06-30 15:03:00+00:00,18.23,18.446058216755123,18.446058216755123,,5,-0.2160582167551226,0.2160582167551226
DUISBURG-MEIDERICH SCHLEUSE OW,2026-06-30 15:04:00+00:00,25.0,25.1565347863137,25.1565347863137,,5,-0.15653478631369921,0.15653478631369921
DUISBURG-MEIDERICH SCHLEUSE UW,2026-06-30 15:04:00+00:00,18.23,18.446058216755123,18.446058216755123,,5,-0.2160582167551226,0.2160582167551226
Basel-Rheinhalle,2026-06-30 15:05:00+00:00,522.0,519.8229623317978,519.8229623317978,,5,2.1770376682021606,2.1770376682021606
DUISBURG-MEIDERICH SCHLEUSE OW,2026-06-30 15:05:00+00:00,25.0,25.1565347863137,25.1565347863137,,5,-0.15653478631369921,0.15653478631369921
DUISBURG-MEIDERICH SCHLEUSE UW,2026-06-30 15:05:00+00:00,18.23,18.446058216755123,18.446058216755123,,5,-0.2160582167551226,0.2160582167551226
DUISBURG-MEIDERICH SCHLEUSE OW,2026-06-30 15:06:00+00:00,25.0,25.16466039846383,25.16466039846383,,5,-0.1646603984638304,0.1646603984638304
DUISBURG-MEIDERICH SCHLEUSE UW,2026-06-30 15:06:00+00:00,18.23,18.454183828905254,18.454183828905254,,5,-0.2241838289052538,0.2241838289052538
DUISBURG-MEIDERICH SCHLEUSE OW,2026-06-30 15:07:00+00:00,25.0,25.16727194979225,25.16727194979225,,5,-0.16727194979225146,0.16727194979225146
DUISBURG-MEIDERICH SCHLEUSE UW,2026-06-30 15:07:00+00:00,18.23,18.454183828905254,18.454183828905254,,5,-0.2241838289052538,0.2241838289052538
DUISBURG-MEIDERICH SCHLEUSE OW,2026-06-30 15:08:00+00:00,25.0,25.16727194979225,25.16727194979225,,5,-0.16727194979225146,0.16727194979225146
DUISBURG-MEIDERICH SCHLEUSE UW,2026-06-30 15:08:00+00:00,18.23,18.454183828905254,18.454183828905254,,5,-0.2241838289052538,0.2241838289052538
DUISBURG-MEIDERICH SCHLEUSE OW,2026-06-30 15:09:00+00:00,25.0,25.16727194979225,25.16727194979225,,5,-0.16727194979225146,0.16727194979225146
DUISBURG-MEIDERICH SCHLEUSE UW,2026-06-30 15:09:00+00:00,18.23,18.454183828905254,18.454183828905254,,5,-0.2241838289052538,0.2241838289052538
Basel-Rheinhalle,2026-06-30 15:10:00+00:00,521.0,519.8900612485305,519.8900612485305,,5,1.1099387514694854,1.1099387514694854
DUISBURG-MEIDERICH SCHLEUSE OW,2026-06-30 15:10:00+00:00,25.0,25.16727194979225,25.16727194979225,,5,-0.16727194979225146,0.16727194979225146
DUISBURG-MEIDERICH SCHLEUSE UW,2026-06-30 15:10:00+00:00,18.23,18.454183828905254,18.454183828905254,,5,-0.2241838289052538,0.2241838289052538
LOBITH,2026-06-30 15:10:00+00:00,704.0,704.123945306039,704.123945306039,,5,-0.12394530603899057,0.12394530603899057
DUISBURG-MEIDERICH SCHLEUSE OW,2026-06-30 15:11:00+00:00,25.0,25.16727194979225,25.16727194979225,,5,-0.16727194979225146,0.16727194979225146
DUISBURG-MEIDERICH SCHLEUSE UW,2026-06-30 15:11:00+00:00,18.23,18.454183828905254,18.454183828905254,,5,-0.2241838289052538,0.2241838289052538
DUISBURG-MEIDERICH SCHLEUSE OW,2026-06-30 15:12:00+00:00,25.0,25.172661924134523,25.172661924134523,,5,-0.1726619241345233,0.1726619241345233
DUISBURG-MEIDERICH SCHLEUSE UW,2026-06-30 15:12:00+00:00,18.23,18.454183828905254,18.454183828905254,,5,-0.2241838289052538,0.2241838289052538
DUISBURG-MEIDERICH SCHLEUSE OW,2026-06-30 15:13:00+00:00,25.0,25.172661924134523,25.172661924134523,,5,-0.1726619241345233,0.1726619241345233
DUISBURG-MEIDERICH SCHLEUSE UW,2026-06-30 15:13:00+00:00,18.23,18.454183828905254,18.454183828905254,,5,-0.2241838289052538,0.2241838289052538
DUISBURG-MEIDERICH SCHLEUSE OW,2026-06-30 15:14:00+00:00,25.0,25.172661924134523,25.172661924134523,,5,-0.1726619241345233,0.1726619241345233
DUISBURG-MEIDERICH SCHLEUSE UW,2026-06-30 15:14:00+00:00,18.23,18.454183828905254,18.454183828905254,,5,-0.2241838289052538,0.2241838289052538
BINGEN,2026-06-30 15:15:00+00:00,52.0,103.11518667019583,103.11518667019583,,5,-51.115186670195826,51.115186670195826
BONN,2026-06-30 15:15:00+00:00,81.0,138.12507192410436,138.12507192410436,,5,-57.12507192410436,57.12507192410436
BREISACH,2026-06-30 15:15:00+00:00,185.0,193.8695357738439,193.8695357738439,,5,-8.869535773843893,8.869535773843893
Basel-Rheinhalle,2026-06-30 15:15:00+00:00,521.0,516.7535238177054,516.7535238177054,,5,4.2464761822946,4.2464761822946
DUISBURG-MEIDERICH SCHLEUSE OW,2026-06-30 15:15:00+00:00,25.0,25.172661924134523,25.172661924134523,,5,-0.1726619241345233,0.1726619241345233
DUISBURG-MEIDERICH SCHLEUSE UW,2026-06-30 15:15:00+00:00,18.23,18.454183828905254,18.454183828905254,,5,-0.2241838289052538,0.2241838289052538
DUISBURG-RUHRORT,2026-06-30 15:15:00+00:00,155.0,219.42274834820452,219.00402937301868,0.0,5,-64.00402937301868,64.00402937301868
DÜSSELDORF,2026-06-30 15:15:00+00:00,27.0,89.66621380166684,89.66621380166684,,5,-62.66621380166684,62.66621380166684
EMMERICH,2026-06-30 15:15:00+00:00,5.0,54.17644680655633,54.17644680655633,,5,-49.17644680655633,49.17644680655633
IFFEZHEIM,2026-06-30 15:15:00+00:00,74.0,132.19376034980658,134.14185467335543,1.0,5,-60.141854673355425,60.141854673355425
KAUB,2026-06-30 15:15:00+00:00,29.0,86.67920461816568,86.67920461816568,,5,-57.679204618165684,57.679204618165684
KOBLENZ,2026-06-30 15:15:00+00:00,18.0,86.6553128569205,88.22586771763417,0.0,5,-70.22586771763417,70.22586771763417
KONSTANZ-RHEIN,2026-06-30 15:15:00+00:00,273.0,313.69914431747753,313.69914431747753,,5,-40.69914431747753,40.69914431747753
Koblenz OP,2026-06-30 15:15:00+00:00,202.0,203.06671125140187,203.06671125140187,,5,-1.0667112514018697,1.0667112514018697
KÖLN,2026-06-30 15:15:00+00:00,69.0,131.8357636793989,130.71669085414828,0.0,5,-61.71669085414828,61.71669085414828
MAINZ,2026-06-30 15:15:00+00:00,128.0,180.04131829535905,180.04131829535905,,5,-52.04131829535905,52.04131829535905
MANNHEIM,2026-06-30 15:15:00+00:00,97.0,170.05847824429384,168.96731235993525,0.0,5,-71.96731235993525,71.96731235993525
MAXAU,2026-06-30 15:15:00+00:00,318.0,397.9253801270813,396.94206956432146,1.0,5,-78.94206956432146,78.94206956432146
REES,2026-06-30 15:15:00+00:00,38.0,96.5179541884756,96.5179541884756,,5,-58.5179541884756,58.5179541884756
RHEINE UNTERSCHLEUSE,2026-06-30 15:15:00+00:00,186.0,203.25550307817718,203.25550307817718,2.0,5,-17.255503078177185,17.255503078177185
RHEINWEILER,2026-06-30 15:15:00+00:00,221.0,224.13981482964692,224.13981482964692,,5,-3.139814829646923,3.139814829646923
SANKT GOAR,2026-06-30 15:15:00+00:00,112.0,180.03638845770948,178.54356771275098,0.0,5,-66.54356771275098,66.54356771275098
SPEYER,2026-06-30 15:15:00+00:00,181.0,262.1559017971811,262.56031127973165,1.0,5,-81.56031127973165,81.56031127973165
WESEL,2026-06-30 15:15:00+00:00,91.0,154.66003441940705,155.48609590386553,0.0,5,-64.48609590386553,64.48609590386553
WORMS,2026-06-30 15:15:00+00:00,12.0,77.08094598646383,76.8598471282851,0.0,5,-64.8598471282851,64.8598471282851
DUISBURG-MEIDERICH SCHLEUSE OW,2026-06-30 15:16:00+00:00,25.0,25.172661924134523,25.172661924134523,,5,-0.1726619241345233,0.1726619241345233
DUISBURG-MEIDERICH SCHLEUSE UW,2026-06-30 15:16:00+00:00,18.23,18.454183828905254,18.454183828905254,,5,-0.2241838289052538,0.2241838289052538
DUISBURG-MEIDERICH SCHLEUSE OW,2026-06-30 15:17:00+00:00,25.0,25.172661924134523,25.172661924134523,,5,-0.1726619241345233,0.1726619241345233
DUISBURG-MEIDERICH SCHLEUSE UW,2026-06-30 15:17:00+00:00,18.23,18.454183828905254,18.454183828905254,,5,-0.2241838289052538,0.2241838289052538
DUISBURG-MEIDERICH SCHLEUSE OW,2026-06-30 15:18:00+00:00,25.0,25.172661924134523,25.172661924134523,,5,-0.1726619241345233,0.1726619241345233
DUISBURG-MEIDERICH SCHLEUSE UW,2026-06-30 15:18:00+00:00,18.23,18.454183828905254,18.454183828905254,,5,-0.2241838289052538,0.2241838289052538
DUISBURG-MEIDERICH SCHLEUSE OW,2026-06-30 15:19:00+00:00,25.0,25.172661924134523,25.172661924134523,,5,-0.1726619241345233,0.1726619241345233
DUISBURG-MEIDERICH SCHLEUSE UW,2026-06-30 15:19:00+00:00,18.23,18.454183828905254,18.454183828905254,,5,-0.2241838289052538,0.2241838289052538
Basel-Rheinhalle,2026-06-30 15:20:00+00:00,521.0,515.8468199295332,515.8468199295332,,5,5.15318007046676,5.15318007046676
DUISBURG-MEIDERICH SCHLEUSE OW,2026-06-30 15:20:00+00:00,25.01,25.172661924134523,25.172661924134523,,5,-0.16266192413452174,0.16266192413452174
DUISBURG-MEIDERICH SCHLEUSE UW,2026-06-30 15:20:00+00:00,18.23,18.454183828905254,18.454183828905254,,5,-0.2241838289052538,0.2241838289052538
LOBITH,2026-06-30 15:20:00+00:00,703.0,704.123945306039,704.123945306039,,5,-1.1239453060389906,1.1239453060389906
DUISBURG-MEIDERICH SCHLEUSE OW,2026-06-30 15:21:00+00:00,25.01,25.172661924134523,25.172661924134523,,5,-0.16266192413452174,0.16266192413452174
DUISBURG-MEIDERICH SCHLEUSE UW,2026-06-30 15:21:00+00:00,18.23,18.454183828905254,18.454183828905254,,5,-0.2241838289052538,0.2241838289052538
DUISBURG-MEIDERICH SCHLEUSE OW,2026-06-30 15:22:00+00:00,25.01,25.182592321107887,25.182592321107887,,5,-0.17259232110788503,0.17259232110788503
DUISBURG-MEIDERICH SCHLEUSE UW,2026-06-30 15:22:00+00:00,18.23,18.454183828905254,18.454183828905254,,5,-0.2241838289052538,0.2241838289052538
DUISBURG-MEIDERICH SCHLEUSE OW,2026-06-30 15:23:00+00:00,25.01,25.182592321107887,25.182592321107887,,5,-0.17259232110788503,0.17259232110788503
DUISBURG-MEIDERICH SCHLEUSE UW,2026-06-30 15:23:00+00:00,18.23,18.454183828905254,18.454183828905254,,5,-0.2241838289052538,0.2241838289052538
DUISBURG-MEIDERICH SCHLEUSE OW,2026-06-30 15:24:00+00:00,25.01,25.182592321107887,25.182592321107887,,5,-0.17259232110788503,0.17259232110788503
DUISBURG-MEIDERICH SCHLEUSE UW,2026-06-30 15:24:00+00:00,18.23,18.454183828905254,18.454183828905254,,5,-0.2241838289052538,0.2241838289052538
Basel-Rheinhalle,2026-06-30 15:25:00+00:00,520.0,516.3169184899622,516.3169184899622,,5,3.683081510037823,3.683081510037823
DUISBURG-MEIDERICH SCHLEUSE OW,2026-06-30 15:25:00+00:00,25.01,25.182592321107887,25.182592321107887,,5,-0.17259232110788503,0.17259232110788503
DUISBURG-MEIDERICH SCHLEUSE UW,2026-06-30 15:25:00+00:00,18.24,18.454183828905254,18.454183828905254,,5,-0.21418382890525578,0.21418382890525578
DUISBURG-MEIDERICH SCHLEUSE OW,2026-06-30 15:26:00+00:00,25.01,25.182592321107887,25.182592321107887,,5,-0.17259232110788503,0.17259232110788503
DUISBURG-MEIDERICH SCHLEUSE UW,2026-06-30 15:26:00+00:00,18.24,18.454183828905254,18.454183828905254,,5,-0.21418382890525578,0.21418382890525578
DUISBURG-MEIDERICH SCHLEUSE OW,2026-06-30 15:27:00+00:00,25.01,25.182592321107887,25.182592321107887,,5,-0.17259232110788503,0.17259232110788503
DUISBURG-MEIDERICH SCHLEUSE UW,2026-06-30 15:27:00+00:00,18.24,18.454183828905254,18.454183828905254,,5,-0.21418382890525578,0.21418382890525578
DUISBURG-MEIDERICH SCHLEUSE OW,2026-06-30 15:28:00+00:00,25.0,25.182592321107887,25.182592321107887,,5,-0.1825923211078866,0.1825923211078866
DUISBURG-MEIDERICH SCHLEUSE UW,2026-06-30 15:28:00+00:00,18.24,18.454183828905254,18.454183828905254,,5,-0.21418382890525578,0.21418382890525578
DUISBURG-MEIDERICH SCHLEUSE OW,2026-06-30 15:29:00+00:00,25.0,25.182592321107887,25.182592321107887,,5,-0.1825923211078866,0.1825923211078866
DUISBURG-MEIDERICH SCHLEUSE UW,2026-06-30 15:29:00+00:00,18.24,18.454183828905254,18.454183828905254,,5,-0.21418382890525578,0.21418382890525578
Basel-Rheinhalle,2026-06-30 15:30:00+00:00,518.0,516.2995649765444,516.2995649765444,,5,1.7004350234556114,1.7004350234556114
DUISBURG-MEIDERICH SCHLEUSE OW,2026-06-30 15:30:00+00:00,25.0,25.182592321107887,25.182592321107887,,5,-0.1825923211078866,0.1825923211078866
DUISBURG-MEIDERICH SCHLEUSE UW,2026-06-30 15:30:00+00:00,18.24,18.454183828905254,18.454183828905254,,5,-0.21418382890525578,0.21418382890525578
LOBITH,2026-06-30 15:30:00+00:00,703.0,704.3717238923268,704.3717238923268,,5,-1.371723892326827,1.371723892326827
DUISBURG-MEIDERICH SCHLEUSE OW,2026-06-30 15:31:00+00:00,25.01,25.182592321107887,25.182592321107887,,5,-0.17259232110788503,0.17259232110788503
DUISBURG-MEIDERICH SCHLEUSE UW,2026-06-30 15:31:00+00:00,18.24,18.454183828905254,18.454183828905254,,5,-0.21418382890525578,0.21418382890525578
DUISBURG-MEIDERICH SCHLEUSE OW,2026-06-30 15:32:00+00:00,25.01,25.182592321107887,25.182592321107887,,5,-0.17259232110788503,0.17259232110788503
DUISBURG-MEIDERICH SCHLEUSE UW,2026-06-30 15:32:00+00:00,18.24,18.454183828905254,18.454183828905254,,5,-0.21418382890525578,0.21418382890525578
DUISBURG-MEIDERICH SCHLEUSE OW,2026-06-30 15:33:00+00:00,25.01,25.182592321107887,25.182592321107887,,5,-0.17259232110788503,0.17259232110788503
DUISBURG-MEIDERICH SCHLEUSE UW,2026-06-30 15:33:00+00:00,18.24,18.454183828905254,18.454183828905254,,5,-0.21418382890525578,0.21418382890525578
DUISBURG-MEIDERICH SCHLEUSE OW,2026-06-30 15:34:00+00:00,25.01,25.182592321107887,25.182592321107887,,5,-0.17259232110788503,0.17259232110788503
DUISBURG-MEIDERICH SCHLEUSE UW,2026-06-30 15:34:00+00:00,18.24,18.454183828905254,18.454183828905254,,5,-0.21418382890525578,0.21418382890525578
Basel-Rheinhalle,2026-06-30 15:35:00+00:00,518.0,516.2995649765444,516.2995649765444,,5,1.7004350234556114,1.7004350234556114
DUISBURG-MEIDERICH SCHLEUSE OW,2026-06-30 15:35:00+00:00,25.01,25.182592321107887,25.182592321107887,,5,-0.17259232110788503,0.17259232110788503
DUISBURG-MEIDERICH SCHLEUSE UW,2026-06-30 15:35:00+00:00,18.24,18.454183828905254,18.454183828905254,,5,-0.21418382890525578,0.21418382890525578
DUISBURG-MEIDERICH SCHLEUSE OW,2026-06-30 15:36:00+00:00,25.01,25.182592321107887,25.182592321107887,,5,-0.17259232110788503,0.17259232110788503
DUISBURG-MEIDERICH SCHLEUSE UW,2026-06-30 15:36:00+00:00,18.24,18.454183828905254,18.454183828905254,,5,-0.21418382890525578,0.21418382890525578
DUISBURG-MEIDERICH SCHLEUSE OW,2026-06-30 15:37:00+00:00,25.01,25.182592321107887,25.182592321107887,,5,-0.17259232110788503,0.17259232110788503
DUISBURG-MEIDERICH SCHLEUSE UW,2026-06-30 15:37:00+00:00,18.24,18.454183828905254,18.454183828905254,,5,-0.21418382890525578,0.21418382890525578
DUISBURG-MEIDERICH SCHLEUSE OW,2026-06-30 15:38:00+00:00,25.01,25.182592321107887,25.182592321107887,,5,-0.17259232110788503,0.17259232110788503
DUISBURG-MEIDERICH SCHLEUSE UW,2026-06-30 15:38:00+00:00,18.24,18.454183828905254,18.454183828905254,,5,-0.21418382890525578,0.21418382890525578
DUISBURG-MEIDERICH SCHLEUSE OW,2026-06-30 15:39:00+00:00,25.01,25.182592321107887,25.182592321107887,,5,-0.17259232110788503,0.17259232110788503
DUISBURG-MEIDERICH SCHLEUSE UW,2026-06-30 15:39:00+00:00,18.24,18.454183828905254,18.454183828905254,,5,-0.21418382890525578,0.21418382890525578
Basel-Rheinhalle,2026-06-30 15:40:00+00:00,518.0,516.1915711282586,516.1915711282586,,5,1.8084288717413983,1.8084288717413983
DUISBURG-MEIDERICH SCHLEUSE OW,2026-06-30 15:40:00+00:00,25.01,25.182592321107887,25.182592321107887,,5,-0.17259232110788503,0.17259232110788503
DUISBURG-MEIDERICH SCHLEUSE UW,2026-06-30 15:40:00+00:00,18.24,18.454183828905254,18.454183828905254,,5,-0.21418382890525578,0.21418382890525578
LOBITH,2026-06-30 15:40:00+00:00,703.0,704.3483561962727,704.3483561962727,,5,-1.3483561962726753,1.3483561962726753
DUISBURG-MEIDERICH SCHLEUSE OW,2026-06-30 15:41:00+00:00,25.01,25.182592321107887,25.182592321107887,,5,-0.17259232110788503,0.17259232110788503
DUISBURG-MEIDERICH SCHLEUSE UW,2026-06-30 15:41:00+00:00,18.24,18.454183828905254,18.454183828905254,,5,-0.21418382890525578,0.21418382890525578
DUISBURG-MEIDERICH SCHLEUSE OW,2026-06-30 15:42:00+00:00,25.01,25.182592321107887,25.182592321107887,,5,-0.17259232110788503,0.17259232110788503
DUISBURG-MEIDERICH SCHLEUSE UW,2026-06-30 15:42:00+00:00,18.24,18.454183828905254,18.454183828905254,,5,-0.21418382890525578,0.21418382890525578
DUISBURG-MEIDERICH SCHLEUSE OW,2026-06-30 15:43:00+00:00,25.01,25.182592321107887,25.182592321107887,,5,-0.17259232110788503,0.17259232110788503
DUISBURG-MEIDERICH SCHLEUSE UW,2026-06-30 15:43:00+00:00,18.24,18.454183828905254,18.454183828905254,,5,-0.21418382890525578,0.21418382890525578
DUISBURG-MEIDERICH SCHLEUSE OW,2026-06-30 15:44:00+00:00,25.01,25.182592321107887,25.182592321107887,,5,-0.17259232110788503,0.17259232110788503
DUISBURG-MEIDERICH SCHLEUSE UW,2026-06-30 15:44:00+00:00,18.24,18.454183828905254,18.454183828905254,,5,-0.21418382890525578,0.21418382890525578
Basel-Rheinhalle,2026-06-30 15:45:00+00:00,519.0,515.8410451284449,515.8410451284449,,5,3.1589548715551246,3.1589548715551246
DUISBURG-MEIDERICH SCHLEUSE OW,2026-06-30 15:45:00+00:00,25.01,25.182592321107887,25.182592321107887,,5,-0.17259232110788503,0.17259232110788503
DUISBURG-MEIDERICH SCHLEUSE UW,2026-06-30 15:45:00+00:00,18.24,18.454183828905254,18.454183828905254,,5,-0.21418382890525578,0.21418382890525578
DUISBURG-MEIDERICH SCHLEUSE OW,2026-06-30 15:46:00+00:00,25.01,25.182592321107887,25.182592321107887,,5,-0.17259232110788503,0.17259232110788503
DUISBURG-MEIDERICH SCHLEUSE UW,2026-06-30 15:46:00+00:00,18.24,18.454183828905254,18.454183828905254,,5,-0.21418382890525578,0.21418382890525578
DUISBURG-MEIDERICH SCHLEUSE OW,2026-06-30 15:47:00+00:00,25.01,25.182592321107887,25.182592321107887,,5,-0.17259232110788503,0.17259232110788503
DUISBURG-MEIDERICH SCHLEUSE UW,2026-06-30 15:47:00+00:00,18.24,18.454183828905254,18.454183828905254,,5,-0.21418382890525578,0.21418382890525578
DUISBURG-MEIDERICH SCHLEUSE OW,2026-06-30 15:48:00+00:00,25.01,25.182592321107887,25.182592321107887,,5,-0.17259232110788503,0.17259232110788503
DUISBURG-MEIDERICH SCHLEUSE UW,2026-06-30 15:48:00+00:00,18.24,18.454183828905254,18.454183828905254,,5,-0.21418382890525578,0.21418382890525578
DUISBURG-MEIDERICH SCHLEUSE OW,2026-06-30 15:49:00+00:00,25.01,25.182592321107887,25.182592321107887,,5,-0.17259232110788503,0.17259232110788503
DUISBURG-MEIDERICH SCHLEUSE UW,2026-06-30 15:49:00+00:00,18.24,18.454183828905254,18.454183828905254,,5,-0.21418382890525578,0.21418382890525578
Basel-Rheinhalle,2026-06-30 15:50:00+00:00,520.0,515.4759406979848,515.4759406979848,,5,4.524059302015189,4.524059302015189
DUISBURG-MEIDERICH SCHLEUSE OW,2026-06-30 15:50:00+00:00,25.01,25.182592321107887,25.182592321107887,,5,-0.17259232110788503,0.17259232110788503
DUISBURG-MEIDERICH SCHLEUSE UW,2026-06-30 15:50:00+00:00,18.24,18.454183828905254,18.454183828905254,,5,-0.21418382890525578,0.21418382890525578
LOBITH,2026-06-30 15:50:00+00:00,703.0,704.3375382646884,704.3375382646884,,5,-1.337538264688419,1.337538264688419
DUISBURG-MEIDERICH SCHLEUSE OW,2026-06-30 15:51:00+00:00,25.01,25.182592321107887,25.182592321107887,,5,-0.17259232110788503,0.17259232110788503
DUISBURG-MEIDERICH SCHLEUSE UW,2026-06-30 15:51:00+00:00,18.24,18.454183828905254,18.454183828905254,,5,-0.21418382890525578,0.21418382890525578
DUISBURG-MEIDERICH SCHLEUSE OW,2026-06-30 15:52:00+00:00,25.01,25.182592321107887,25.182592321107887,,5,-0.17259232110788503,0.17259232110788503
DUISBURG-MEIDERICH SCHLEUSE UW,2026-06-30 15:52:00+00:00,18.24,18.454183828905254,18.454183828905254,,5,-0.21418382890525578,0.21418382890525578
DUISBURG-MEIDERICH SCHLEUSE OW,2026-06-30 15:53:00+00:00,25.01,25.182592321107887,25.182592321107887,,5,-0.17259232110788503,0.17259232110788503
DUISBURG-MEIDERICH SCHLEUSE UW,2026-06-30 15:53:00+00:00,18.24,18.454183828905254,18.454183828905254,,5,-0.21418382890525578,0.21418382890525578
DUISBURG-MEIDERICH SCHLEUSE OW,2026-06-30 15:54:00+00:00,25.01,25.182592321107887,25.182592321107887,,5,-0.17259232110788503,0.17259232110788503
DUISBURG-MEIDERICH SCHLEUSE UW,2026-06-30 15:54:00+00:00,18.24,18.454183828905254,18.454183828905254,,5,-0.21418382890525578,0.21418382890525578
Basel-Rheinhalle,2026-06-30 15:55:00+00:00,521.0,515.4759406979848,515.4759406979848,,5,5.524059302015189,5.524059302015189
DUISBURG-MEIDERICH SCHLEUSE OW,2026-06-30 15:55:00+00:00,25.01,25.182592321107887,25.182592321107887,,5,-0.17259232110788503,0.17259232110788503
DUISBURG-MEIDERICH SCHLEUSE UW,2026-06-30 15:55:00+00:00,18.24,18.454183828905254,18.454183828905254,,5,-0.21418382890525578,0.21418382890525578
DUISBURG-MEIDERICH SCHLEUSE OW,2026-06-30 15:56:00+00:00,25.01,25.182592321107887,25.182592321107887,,5,-0.17259232110788503,0.17259232110788503
DUISBURG-MEIDERICH SCHLEUSE UW,2026-06-30 15:56:00+00:00,18.23,18.454183828905254,18.454183828905254,,5,-0.2241838289052538,0.2241838289052538
DUISBURG-MEIDERICH SCHLEUSE OW,2026-06-30 15:57:00+00:00,25.01,25.182592321107887,25.182592321107887,,5,-0.17259232110788503,0.17259232110788503
DUISBURG-MEIDERICH SCHLEUSE UW,2026-06-30 15:57:00+00:00,18.23,18.454183828905254,18.454183828905254,,5,-0.2241838289052538,0.2241838289052538
DUISBURG-MEIDERICH SCHLEUSE OW,2026-06-30 15:58:00+00:00,25.01,25.182592321107887,25.182592321107887,,5,-0.17259232110788503,0.17259232110788503
DUISBURG-MEIDERICH SCHLEUSE UW,2026-06-30 15:58:00+00:00,18.23,18.454183828905254,18.454183828905254,,5,-0.2241838289052538,0.2241838289052538
DUISBURG-MEIDERICH SCHLEUSE OW,2026-06-30 15:59:00+00:00,25.01,25.182592321107887,25.182592321107887,,5,-0.17259232110788503,0.17259232110788503
DUISBURG-MEIDERICH SCHLEUSE UW,2026-06-30 15:59:00+00:00,18.23,18.454183828905254,18.454183828905254,,5,-0.2241838289052538,0.2241838289052538
Basel-Rheinhalle,2026-06-30 16:00:00+00:00,521.0,515.4357705184525,515.4357705184525,,5,5.5642294815475,5.5642294815475
DUISBURG-MEIDERICH SCHLEUSE OW,2026-06-30 16:00:00+00:00,25.01,25.186138422691993,25.186138422691993,,5,-0.17613842269199154,0.17613842269199154
DUISBURG-MEIDERICH SCHLEUSE UW,2026-06-30 16:00:00+00:00,18.23,18.456034038115895,18.456034038115895,,5,-0.22603403811589473,0.22603403811589473
LOBITH,2026-06-30 16:00:00+00:00,703.0,704.307408462439,704.307408462439,,5,-1.307408462438957,1.307408462438957
DUISBURG-MEIDERICH SCHLEUSE OW,2026-06-30 16:01:00+00:00,25.01,25.248298691284973,25.248298691284973,,5,-0.23829869128497094,0.23829869128497094
DUISBURG-MEIDERICH SCHLEUSE UW,2026-06-30 16:01:00+00:00,18.23,18.518194306708875,18.518194306708875,,5,-0.28819430670887414,0.28819430670887414
DUISBURG-MEIDERICH SCHLEUSE OW,2026-06-30 16:02:00+00:00,25.01,25.248298691284973,25.248298691284973,,5,-0.23829869128497094,0.23829869128497094
DUISBURG-MEIDERICH SCHLEUSE UW,2026-06-30 16:02:00+00:00,18.23,18.518194306708875,18.518194306708875,,5,-0.28819430670887414,0.28819430670887414
DUISBURG-MEIDERICH SCHLEUSE OW,2026-06-30 16:03:00+00:00,25.01,25.095411103190166,25.095411103190166,,5,-0.08541110319016454,0.08541110319016454
DUISBURG-MEIDERICH SCHLEUSE UW,2026-06-30 16:03:00+00:00,18.23,18.367002610987534,18.367002610987534,,5,-0.1370026109875333,0.1370026109875333
DUISBURG-MEIDERICH SCHLEUSE OW,2026-06-30 16:04:00+00:00,25.01,25.095411103190166,25.095411103190166,,5,-0.08541110319016454,0.08541110319016454
DUISBURG-MEIDERICH SCHLEUSE UW,2026-06-30 16:04:00+00:00,18.23,18.367002610987534,18.367002610987534,,5,-0.1370026109875333,0.1370026109875333
Basel-Rheinhalle,2026-06-30 16:05:00+00:00,522.0,515.8900361059493,515.8900361059493,,5,6.109963894050679,6.109963894050679
DUISBURG-MEIDERICH SCHLEUSE OW,2026-06-30 16:05:00+00:00,25.01,25.095411103190166,25.095411103190166,,5,-0.08541110319016454,0.08541110319016454
DUISBURG-MEIDERICH SCHLEUSE UW,2026-06-30 16:05:00+00:00,18.23,18.367002610987534,18.367002610987534,,5,-0.1370026109875333,0.1370026109875333
DUISBURG-MEIDERICH SCHLEUSE OW,2026-06-30 16:06:00+00:00,25.01,25.095411103190166,25.095411103190166,,5,-0.08541110319016454,0.08541110319016454
DUISBURG-MEIDERICH SCHLEUSE UW,2026-06-30 16:06:00+00:00,18.23,18.367002610987534,18.367002610987534,,5,-0.1370026109875333,0.1370026109875333
DUISBURG-MEIDERICH SCHLEUSE OW,2026-06-30 16:07:00+00:00,25.01,25.095411103190166,25.095411103190166,,5,-0.08541110319016454,0.08541110319016454
DUISBURG-MEIDERICH SCHLEUSE UW,2026-06-30 16:07:00+00:00,18.23,18.367002610987534,18.367002610987534,,5,-0.1370026109875333,0.1370026109875333
DUISBURG-MEIDERICH SCHLEUSE OW,2026-06-30 16:08:00+00:00,25.01,25.095411103190166,25.095411103190166,,5,-0.08541110319016454,0.08541110319016454
DUISBURG-MEIDERICH SCHLEUSE UW,2026-06-30 16:08:00+00:00,18.23,18.367002610987534,18.367002610987534,,5,-0.1370026109875333,0.1370026109875333
DUISBURG-MEIDERICH SCHLEUSE OW,2026-06-30 16:09:00+00:00,25.01,25.095411103190166,25.095411103190166,,5,-0.08541110319016454,0.08541110319016454
DUISBURG-MEIDERICH SCHLEUSE UW,2026-06-30 16:09:00+00:00,18.23,18.367002610987534,18.367002610987534,,5,-0.1370026109875333,0.1370026109875333
Basel-Rheinhalle,2026-06-30 16:10:00+00:00,522.0,515.778810656573,515.778810656573,,5,6.221189343427,6.221189343427
DUISBURG-MEIDERICH SCHLEUSE OW,2026-06-30 16:10:00+00:00,25.01,25.095411103190166,25.095411103190166,,5,-0.08541110319016454,0.08541110319016454
DUISBURG-MEIDERICH SCHLEUSE UW,2026-06-30 16:10:00+00:00,18.23,18.367002610987534,18.367002610987534,,5,-0.1370026109875333,0.1370026109875333
LOBITH,2026-06-30 16:10:00+00:00,703.0,704.0958067901505,704.0958067901505,,5,-1.0958067901505046,1.0958067901505046
DUISBURG-MEIDERICH SCHLEUSE OW,2026-06-30 16:11:00+00:00,25.01,25.095411103190166,25.095411103190166,,5,-0.08541110319016454,0.08541110319016454
DUISBURG-MEIDERICH SCHLEUSE UW,2026-06-30 16:11:00+00:00,18.23,18.367002610987534,18.367002610987534,,5,-0.1370026109875333,0.1370026109875333
DUISBURG-MEIDERICH SCHLEUSE OW,2026-06-30 16:12:00+00:00,25.01,25.095411103190166,25.095411103190166,,5,-0.08541110319016454,0.08541110319016454
DUISBURG-MEIDERICH SCHLEUSE UW,2026-06-30 16:12:00+00:00,18.23,18.367002610987534,18.367002610987534,,5,-0.1370026109875333,0.1370026109875333
DUISBURG-MEIDERICH SCHLEUSE OW,2026-06-30 16:13:00+00:00,25.01,25.095411103190166,25.095411103190166,,5,-0.08541110319016454,0.08541110319016454
DUISBURG-MEIDERICH SCHLEUSE UW,2026-06-30 16:13:00+00:00,18.23,18.367002610987534,18.367002610987534,,5,-0.1370026109875333,0.1370026109875333
DUISBURG-MEIDERICH SCHLEUSE OW,2026-06-30 16:14:00+00:00,25.01,25.095411103190166,25.095411103190166,,5,-0.08541110319016454,0.08541110319016454
DUISBURG-MEIDERICH SCHLEUSE UW,2026-06-30 16:14:00+00:00,18.23,18.367002610987534,18.367002610987534,,5,-0.1370026109875333,0.1370026109875333
Basel-Rheinhalle,2026-06-30 16:15:00+00:00,522.0,515.2488757773199,515.2488757773199,,5,6.751124222680119,6.751124222680119
DUISBURG-MEIDERICH SCHLEUSE OW,2026-06-30 16:15:00+00:00,25.01,25.095411103190166,25.095411103190166,,5,-0.08541110319016454,0.08541110319016454
DUISBURG-MEIDERICH SCHLEUSE UW,2026-06-30 16:15:00+00:00,18.23,18.367002610987534,18.367002610987534,,5,-0.1370026109875333,0.1370026109875333
DUISBURG-MEIDERICH SCHLEUSE OW,2026-06-30 16:16:00+00:00,25.01,25.095411103190166,25.095411103190166,,5,-0.08541110319016454,0.08541110319016454
DUISBURG-MEIDERICH SCHLEUSE UW,2026-06-30 16:16:00+00:00,18.23,18.367002610987534,18.367002610987534,,5,-0.1370026109875333,0.1370026109875333
DUISBURG-MEIDERICH SCHLEUSE OW,2026-06-30 16:17:00+00:00,25.01,25.095411103190166,25.095411103190166,,5,-0.08541110319016454,0.08541110319016454
DUISBURG-MEIDERICH SCHLEUSE UW,2026-06-30 16:17:00+00:00,18.23,18.367002610987534,18.367002610987534,,5,-0.1370026109875333,0.1370026109875333
DUISBURG-MEIDERICH SCHLEUSE OW,2026-06-30 16:18:00+00:00,25.01,25.095411103190166,25.095411103190166,,5,-0.08541110319016454,0.08541110319016454
DUISBURG-MEIDERICH SCHLEUSE UW,2026-06-30 16:18:00+00:00,18.23,18.367002610987534,18.367002610987534,,5,-0.1370026109875333,0.1370026109875333
DUISBURG-MEIDERICH SCHLEUSE OW,2026-06-30 16:19:00+00:00,25.01,25.095411103190166,25.095411103190166,,5,-0.08541110319016454,0.08541110319016454
DUISBURG-MEIDERICH SCHLEUSE UW,2026-06-30 16:19:00+00:00,18.23,18.367002610987534,18.367002610987534,,5,-0.1370026109875333,0.1370026109875333
Basel-Rheinhalle,2026-06-30 16:20:00+00:00,521.0,515.1098009339904,515.1098009339904,,5,5.890199066009586,5.890199066009586
DUISBURG-MEIDERICH SCHLEUSE OW,2026-06-30 16:20:00+00:00,25.01,25.095411103190166,25.095411103190166,,5,-0.08541110319016454,0.08541110319016454
DUISBURG-MEIDERICH SCHLEUSE UW,2026-06-30 16:20:00+00:00,18.23,18.367002610987534,18.367002610987534,,5,-0.1370026109875333,0.1370026109875333
LOBITH,2026-06-30 16:20:00+00:00,703.0,704.191713113971,704.191713113971,,5,-1.191713113970991,1.191713113970991
DUISBURG-MEIDERICH SCHLEUSE OW,2026-06-30 16:21:00+00:00,25.01,25.095411103190166,25.095411103190166,,5,-0.08541110319016454,0.08541110319016454
DUISBURG-MEIDERICH SCHLEUSE UW,2026-06-30 16:21:00+00:00,18.23,18.367002610987534,18.367002610987534,,5,-0.1370026109875333,0.1370026109875333
DUISBURG-MEIDERICH SCHLEUSE OW,2026-06-30 16:22:00+00:00,25.01,25.095411103190166,25.095411103190166,,5,-0.08541110319016454,0.08541110319016454
DUISBURG-MEIDERICH SCHLEUSE UW,2026-06-30 16:22:00+00:00,18.23,18.367002610987534,18.367002610987534,,5,-0.1370026109875333,0.1370026109875333
DUISBURG-MEIDERICH SCHLEUSE OW,2026-06-30 16:23:00+00:00,25.01,25.095411103190166,25.095411103190166,,5,-0.08541110319016454,0.08541110319016454
DUISBURG-MEIDERICH SCHLEUSE UW,2026-06-30 16:23:00+00:00,18.23,18.367002610987534,18.367002610987534,,5,-0.1370026109875333,0.1370026109875333
DUISBURG-MEIDERICH SCHLEUSE OW,2026-06-30 16:24:00+00:00,25.01,25.095411103190166,25.095411103190166,,5,-0.08541110319016454,0.08541110319016454
DUISBURG-MEIDERICH SCHLEUSE UW,2026-06-30 16:24:00+00:00,18.23,18.367002610987534,18.367002610987534,,5,-0.1370026109875333,0.1370026109875333
Basel-Rheinhalle,2026-06-30 16:25:00+00:00,520.0,513.5532494721249,513.5532494721249,,5,6.4467505278751105,6.4467505278751105
DUISBURG-MEIDERICH SCHLEUSE OW,2026-06-30 16:25:00+00:00,25.01,25.095411103190166,25.095411103190166,,5,-0.08541110319016454,0.08541110319016454
DUISBURG-MEIDERICH SCHLEUSE UW,2026-06-30 16:25:00+00:00,18.23,18.367002610987534,18.367002610987534,,5,-0.1370026109875333,0.1370026109875333
DUISBURG-MEIDERICH SCHLEUSE OW,2026-06-30 16:26:00+00:00,25.01,25.095411103190166,25.095411103190166,,5,-0.08541110319016454,0.08541110319016454
DUISBURG-MEIDERICH SCHLEUSE UW,2026-06-30 16:26:00+00:00,18.23,18.367002610987534,18.367002610987534,,5,-0.1370026109875333,0.1370026109875333
DUISBURG-MEIDERICH SCHLEUSE OW,2026-06-30 16:27:00+00:00,25.01,25.095411103190166,25.095411103190166,,5,-0.08541110319016454,0.08541110319016454
DUISBURG-MEIDERICH SCHLEUSE UW,2026-06-30 16:27:00+00:00,18.23,18.367002610987534,18.367002610987534,,5,-0.1370026109875333,0.1370026109875333
DUISBURG-MEIDERICH SCHLEUSE OW,2026-06-30 16:28:00+00:00,25.01,25.095411103190166,25.095411103190166,,5,-0.08541110319016454,0.08541110319016454
DUISBURG-MEIDERICH SCHLEUSE UW,2026-06-30 16:28:00+00:00,18.23,18.367002610987534,18.367002610987534,,5,-0.1370026109875333,0.1370026109875333
DUISBURG-MEIDERICH SCHLEUSE OW,2026-06-30 16:29:00+00:00,25.01,25.095411103190166,25.095411103190166,,5,-0.08541110319016454,0.08541110319016454
DUISBURG-MEIDERICH SCHLEUSE UW,2026-06-30 16:29:00+00:00,18.23,18.367002610987534,18.367002610987534,,5,-0.1370026109875333,0.1370026109875333
Basel-Rheinhalle,2026-06-30 16:30:00+00:00,520.0,513.3285680106121,513.3285680106121,,5,6.671431989387884,6.671431989387884
DUISBURG-MEIDERICH SCHLEUSE OW,2026-06-30 16:30:00+00:00,25.01,25.095411103190166,25.095411103190166,,5,-0.08541110319016454,0.08541110319016454
DUISBURG-MEIDERICH SCHLEUSE UW,2026-06-30 16:30:00+00:00,18.23,18.367002610987534,18.367002610987534,,5,-0.1370026109875333,0.1370026109875333
LOBITH,2026-06-30 16:30:00+00:00,703.0,704.2875130616161,704.2875130616161,,5,-1.287513061616096,1.287513061616096
DUISBURG-MEIDERICH SCHLEUSE OW,2026-06-30 16:31:00+00:00,25.01,25.095411103190166,25.095411103190166,,5,-0.08541110319016454,0.08541110319016454
DUISBURG-MEIDERICH SCHLEUSE UW,2026-06-30 16:31:00+00:00,18.23,18.367002610987534,18.367002610987534,,5,-0.1370026109875333,0.1370026109875333
DUISBURG-MEIDERICH SCHLEUSE OW,2026-06-30 16:32:00+00:00,25.01,25.095411103190166,25.095411103190166,,5,-0.08541110319016454,0.08541110319016454
DUISBURG-MEIDERICH SCHLEUSE UW,2026-06-30 16:32:00+00:00,18.23,18.367002610987534,18.367002610987534,,5,-0.1370026109875333,0.1370026109875333
DUISBURG-MEIDERICH SCHLEUSE OW,2026-06-30 16:33:00+00:00,25.0,25.095411103190166,25.095411103190166,,5,-0.0954111031901661,0.0954111031901661
DUISBURG-MEIDERICH SCHLEUSE UW,2026-06-30 16:33:00+00:00,18.23,18.367002610987534,18.367002610987534,,5,-0.1370026109875333,0.1370026109875333
DUISBURG-MEIDERICH SCHLEUSE OW,2026-06-30 16:34:00+00:00,25.0,25.095411103190166,25.095411103190166,,5,-0.0954111031901661,0.0954111031901661
DUISBURG-MEIDERICH SCHLEUSE UW,2026-06-30 16:34:00+00:00,18.23,18.367002610987534,18.367002610987534,,5,-0.1370026109875333,0.1370026109875333
Basel-Rheinhalle,2026-06-30 16:35:00+00:00,522.0,513.6517337501781,513.6517337501781,,5,8.348266249821904,8.348266249821904
DUISBURG-MEIDERICH SCHLEUSE OW,2026-06-30 16:35:00+00:00,25.0,25.095411103190166,25.095411103190166,,5,-0.0954111031901661,0.0954111031901661
DUISBURG-MEIDERICH SCHLEUSE UW,2026-06-30 16:35:00+00:00,18.23,18.367002610987534,18.367002610987534,,5,-0.1370026109875333,0.1370026109875333
DUISBURG-MEIDERICH SCHLEUSE OW,2026-06-30 16:36:00+00:00,25.0,25.095411103190166,25.095411103190166,,5,-0.0954111031901661,0.0954111031901661
DUISBURG-MEIDERICH SCHLEUSE UW,2026-06-30 16:36:00+00:00,18.23,18.367002610987534,18.367002610987534,,5,-0.1370026109875333,0.1370026109875333
DUISBURG-MEIDERICH SCHLEUSE OW,2026-06-30 16:37:00+00:00,25.0,25.095411103190166,25.095411103190166,,5,-0.0954111031901661,0.0954111031901661
DUISBURG-MEIDERICH SCHLEUSE UW,2026-06-30 16:37:00+00:00,18.23,18.367002610987534,18.367002610987534,,5,-0.1370026109875333,0.1370026109875333
DUISBURG-MEIDERICH SCHLEUSE OW,2026-06-30 16:38:00+00:00,25.0,25.095411103190166,25.095411103190166,,5,-0.0954111031901661,0.0954111031901661
DUISBURG-MEIDERICH SCHLEUSE UW,2026-06-30 16:38:00+00:00,18.23,18.367002610987534,18.367002610987534,,5,-0.1370026109875333,0.1370026109875333
DUISBURG-MEIDERICH SCHLEUSE OW,2026-06-30 16:39:00+00:00,25.0,25.095411103190166,25.095411103190166,,5,-0.0954111031901661,0.0954111031901661
DUISBURG-MEIDERICH SCHLEUSE UW,2026-06-30 16:39:00+00:00,18.23,18.367002610987534,18.367002610987534,,5,-0.1370026109875333,0.1370026109875333
Basel-Rheinhalle,2026-06-30 16:40:00+00:00,524.0,514.1061850866566,514.1061850866566,,5,9.893814913343363,9.893814913343363
DUISBURG-MEIDERICH SCHLEUSE OW,2026-06-30 16:40:00+00:00,25.0,25.095411103190166,25.095411103190166,,5,-0.0954111031901661,0.0954111031901661
DUISBURG-MEIDERICH SCHLEUSE UW,2026-06-30 16:40:00+00:00,18.24,18.367002610987534,18.367002610987534,,5,-0.1270026109875353,0.1270026109875353
LOBITH,2026-06-30 16:40:00+00:00,704.0,704.375831843704,704.375831843704,,5,-0.3758318437039634,0.3758318437039634
DUISBURG-MEIDERICH SCHLEUSE OW,2026-06-30 16:41:00+00:00,25.0,25.095411103190166,25.095411103190166,,5,-0.0954111031901661,0.0954111031901661
DUISBURG-MEIDERICH SCHLEUSE UW,2026-06-30 16:41:00+00:00,18.24,18.367002610987534,18.367002610987534,,5,-0.1270026109875353,0.1270026109875353
DUISBURG-MEIDERICH SCHLEUSE OW,2026-06-30 16:42:00+00:00,25.01,25.095411103190166,25.095411103190166,,5,-0.08541110319016454,0.08541110319016454
DUISBURG-MEIDERICH SCHLEUSE UW,2026-06-30 16:42:00+00:00,18.24,18.367002610987534,18.367002610987534,,5,-0.1270026109875353,0.1270026109875353
DUISBURG-MEIDERICH SCHLEUSE OW,2026-06-30 16:43:00+00:00,25.01,25.095411103190166,25.095411103190166,,5,-0.08541110319016454,0.08541110319016454
DUISBURG-MEIDERICH SCHLEUSE UW,2026-06-30 16:43:00+00:00,18.24,18.367002610987534,18.367002610987534,,5,-0.1270026109875353,0.1270026109875353
DUISBURG-MEIDERICH SCHLEUSE OW,2026-06-30 16:44:00+00:00,25.01,25.095411103190166,25.095411103190166,,5,-0.08541110319016454,0.08541110319016454
DUISBURG-MEIDERICH SCHLEUSE UW,2026-06-30 16:44:00+00:00,18.24,18.367002610987534,18.367002610987534,,5,-0.1270026109875353,0.1270026109875353
Basel-Rheinhalle,2026-06-30 16:45:00+00:00,525.0,513.9417874044273,513.9417874044273,,5,11.05821259557274,11.05821259557274
DUISBURG-MEIDERICH SCHLEUSE OW,2026-06-30 16:45:00+00:00,25.01,25.095411103190166,25.095411103190166,,5,-0.08541110319016454,0.08541110319016454
DUISBURG-MEIDERICH SCHLEUSE UW,2026-06-30 16:45:00+00:00,18.24,18.367002610987534,18.367002610987534,,5,-0.1270026109875353,0.1270026109875353
DUISBURG-MEIDERICH SCHLEUSE OW,2026-06-30 16:46:00+00:00,25.01,25.095411103190166,25.095411103190166,,5,-0.08541110319016454,0.08541110319016454
DUISBURG-MEIDERICH SCHLEUSE UW,2026-06-30 16:46:00+00:00,18.24,18.367002610987534,18.367002610987534,,5,-0.1270026109875353,0.1270026109875353
DUISBURG-MEIDERICH SCHLEUSE OW,2026-06-30 16:47:00+00:00,25.01,25.095411103190166,25.095411103190166,,5,-0.08541110319016454,0.08541110319016454
DUISBURG-MEIDERICH SCHLEUSE UW,2026-06-30 16:47:00+00:00,18.24,18.367002610987534,18.367002610987534,,5,-0.1270026109875353,0.1270026109875353
DUISBURG-MEIDERICH SCHLEUSE OW,2026-06-30 16:48:00+00:00,25.01,25.095411103190166,25.095411103190166,,5,-0.08541110319016454,0.08541110319016454
DUISBURG-MEIDERICH SCHLEUSE UW,2026-06-30 16:48:00+00:00,18.24,18.367002610987534,18.367002610987534,,5,-0.1270026109875353,0.1270026109875353
DUISBURG-MEIDERICH SCHLEUSE OW,2026-06-30 16:49:00+00:00,25.01,25.095411103190166,25.095411103190166,,5,-0.08541110319016454,0.08541110319016454
DUISBURG-MEIDERICH SCHLEUSE UW,2026-06-30 16:49:00+00:00,18.24,18.367002610987534,18.367002610987534,,5,-0.1270026109875353,0.1270026109875353
Basel-Rheinhalle,2026-06-30 16:50:00+00:00,525.0,513.8240787356086,513.8240787356086,,5,11.175921264391377,11.175921264391377
DUISBURG-MEIDERICH SCHLEUSE OW,2026-06-30 16:50:00+00:00,25.01,25.095411103190166,25.095411103190166,,5,-0.08541110319016454,0.08541110319016454
DUISBURG-MEIDERICH SCHLEUSE UW,2026-06-30 16:50:00+00:00,18.24,18.367002610987534,18.367002610987534,,5,-0.1270026109875353,0.1270026109875353
LOBITH,2026-06-30 16:50:00+00:00,704.0,704.384187802258,704.384187802258,,5,-0.38418780225799765,0.38418780225799765
DUISBURG-MEIDERICH SCHLEUSE OW,2026-06-30 16:51:00+00:00,25.0,25.095411103190166,25.095411103190166,,5,-0.0954111031901661,0.0954111031901661
DUISBURG-MEIDERICH SCHLEUSE UW,2026-06-30 16:51:00+00:00,18.24,18.367002610987534,18.367002610987534,,5,-0.1270026109875353,0.1270026109875353
DUISBURG-MEIDERICH SCHLEUSE OW,2026-06-30 16:52:00+00:00,25.0,25.095411103190166,25.095411103190166,,5,-0.0954111031901661,0.0954111031901661
DUISBURG-MEIDERICH SCHLEUSE UW,2026-06-30 16:52:00+00:00,18.24,18.367002610987534,18.367002610987534,,5,-0.1270026109875353,0.1270026109875353
DUISBURG-MEIDERICH SCHLEUSE OW,2026-06-30 16:53:00+00:00,25.0,25.095411103190166,25.095411103190166,,5,-0.0954111031901661,0.0954111031901661
DUISBURG-MEIDERICH SCHLEUSE UW,2026-06-30 16:53:00+00:00,18.24,18.367002610987534,18.367002610987534,,5,-0.1270026109875353,0.1270026109875353
DUISBURG-MEIDERICH SCHLEUSE OW,2026-06-30 16:54:00+00:00,25.0,25.095411103190166,25.095411103190166,,5,-0.0954111031901661,0.0954111031901661
DUISBURG-MEIDERICH SCHLEUSE UW,2026-06-30 16:54:00+00:00,18.24,18.367002610987534,18.367002610987534,,5,-0.1270026109875353,0.1270026109875353
Basel-Rheinhalle,2026-06-30 16:55:00+00:00,526.0,513.9083977719349,513.9083977719349,,5,12.091602228065085,12.091602228065085
DUISBURG-MEIDERICH SCHLEUSE OW,2026-06-30 16:55:00+00:00,25.0,25.095411103190166,25.095411103190166,,5,-0.0954111031901661,0.0954111031901661
DUISBURG-MEIDERICH SCHLEUSE UW,2026-06-30 16:55:00+00:00,18.24,18.367002610987534,18.367002610987534,,5,-0.1270026109875353,0.1270026109875353
DUISBURG-MEIDERICH SCHLEUSE OW,2026-06-30 16:56:00+00:00,25.0,25.095411103190166,25.095411103190166,,5,-0.0954111031901661,0.0954111031901661
DUISBURG-MEIDERICH SCHLEUSE UW,2026-06-30 16:56:00+00:00,18.24,18.367002610987534,18.367002610987534,,5,-0.1270026109875353,0.1270026109875353
DUISBURG-MEIDERICH SCHLEUSE OW,2026-06-30 16:57:00+00:00,25.0,25.095411103190166,25.095411103190166,,5,-0.0954111031901661,0.0954111031901661
DUISBURG-MEIDERICH SCHLEUSE UW,2026-06-30 16:57:00+00:00,18.24,18.367002610987534,18.367002610987534,,5,-0.1270026109875353,0.1270026109875353
DUISBURG-MEIDERICH SCHLEUSE OW,2026-06-30 16:58:00+00:00,25.0,25.095411103190166,25.095411103190166,,5,-0.0954111031901661,0.0954111031901661
DUISBURG-MEIDERICH SCHLEUSE UW,2026-06-30 16:58:00+00:00,18.24,18.367002610987534,18.367002610987534,,5,-0.1270026109875353,0.1270026109875353
DUISBURG-MEIDERICH SCHLEUSE OW,2026-06-30 16:59:00+00:00,25.0,25.095411103190166,25.095411103190166,,5,-0.0954111031901661,0.0954111031901661
DUISBURG-MEIDERICH SCHLEUSE UW,2026-06-30 16:59:00+00:00,18.24,18.367002610987534,18.367002610987534,,5,-0.1270026109875353,0.1270026109875353
Basel-Rheinhalle,2026-06-30 17:00:00+00:00,526.0,513.9124162360273,513.9124162360273,,5,12.087583763972702,12.087583763972702
DUISBURG-MEIDERICH SCHLEUSE OW,2026-06-30 17:00:00+00:00,25.0,25.07052160943141,25.07052160943141,,5,-0.07052160943140962,0.07052160943140962
DUISBURG-MEIDERICH SCHLEUSE UW,2026-06-30 17:00:00+00:00,18.24,18.342113117228777,18.342113117228777,,5,-0.1021131172287788,0.1021131172287788
LOBITH,2026-06-30 17:00:00+00:00,644.0,704.7690036392756,704.7690036392756,,5,-60.76900363927564,60.76900363927564
DUISBURG-MEIDERICH SCHLEUSE OW,2026-06-30 17:01:00+00:00,25.0,25.105543614732255,25.105543614732255,,5,-0.10554361473225526,0.10554361473225526
DUISBURG-MEIDERICH SCHLEUSE UW,2026-06-30 17:01:00+00:00,18.24,18.377135122529623,18.377135122529623,,5,-0.13713512252962445,0.13713512252962445
DUISBURG-MEIDERICH SCHLEUSE OW,2026-06-30 17:02:00+00:00,25.0,25.105543614732255,25.105543614732255,,5,-0.10554361473225526,0.10554361473225526
DUISBURG-MEIDERICH SCHLEUSE UW,2026-06-30 17:02:00+00:00,18.24,18.377135122529623,18.377135122529623,,5,-0.13713512252962445,0.13713512252962445
DUISBURG-MEIDERICH SCHLEUSE OW,2026-06-30 17:03:00+00:00,25.0,25.053197608167974,25.053197608167974,,5,-0.0531976081679737,0.0531976081679737
DUISBURG-MEIDERICH SCHLEUSE UW,2026-06-30 17:03:00+00:00,18.24,18.32478911596534,18.32478911596534,,5,-0.08478911596534289,0.08478911596534289
DUISBURG-MEIDERICH SCHLEUSE OW,2026-06-30 17:04:00+00:00,25.0,25.053197608167974,25.053197608167974,,5,-0.0531976081679737,0.0531976081679737
DUISBURG-MEIDERICH SCHLEUSE UW,2026-06-30 17:04:00+00:00,18.24,18.32478911596534,18.32478911596534,,5,-0.08478911596534289,0.08478911596534289
Basel-Rheinhalle,2026-06-30 17:05:00+00:00,527.0,513.7071237294022,513.7071237294022,,5,13.292876270597844,13.292876270597844
DUISBURG-MEIDERICH SCHLEUSE OW,2026-06-30 17:05:00+00:00,25.0,25.053197608167974,25.053197608167974,,5,-0.0531976081679737,0.0531976081679737
DUISBURG-MEIDERICH SCHLEUSE UW,2026-06-30 17:05:00+00:00,18.24,18.32478911596534,18.32478911596534,,5,-0.08478911596534289,0.08478911596534289
DUISBURG-MEIDERICH SCHLEUSE OW,2026-06-30 17:06:00+00:00,25.01,25.053197608167974,25.053197608167974,,5,-0.043197608167972135,0.043197608167972135
DUISBURG-MEIDERICH SCHLEUSE UW,2026-06-30 17:06:00+00:00,18.24,18.32478911596534,18.32478911596534,,5,-0.08478911596534289,0.08478911596534289
DUISBURG-MEIDERICH SCHLEUSE OW,2026-06-30 17:07:00+00:00,25.01,25.053197608167974,25.053197608167974,,5,-0.043197608167972135,0.043197608167972135
DUISBURG-MEIDERICH SCHLEUSE UW,2026-06-30 17:07:00+00:00,18.24,18.32478911596534,18.32478911596534,,5,-0.08478911596534289,0.08478911596534289
DUISBURG-MEIDERICH SCHLEUSE OW,2026-06-30 17:08:00+00:00,25.01,25.053197608167974,25.053197608167974,,5,-0.043197608167972135,0.043197608167972135
DUISBURG-MEIDERICH SCHLEUSE UW,2026-06-30 17:08:00+00:00,18.24,18.32478911596534,18.32478911596534,,5,-0.08478911596534289,0.08478911596534289
DUISBURG-MEIDERICH SCHLEUSE OW,2026-06-30 17:09:00+00:00,25.0,25.053197608167974,25.053197608167974,,5,-0.0531976081679737,0.0531976081679737
DUISBURG-MEIDERICH SCHLEUSE UW,2026-06-30 17:09:00+00:00,18.24,18.32478911596534,18.32478911596534,,5,-0.08478911596534289,0.08478911596534289
Basel-Rheinhalle,2026-06-30 17:10:00+00:00,527.0,513.6383010457643,513.6383010457643,,5,13.361698954235749,13.361698954235749
DUISBURG-MEIDERICH SCHLEUSE OW,2026-06-30 17:10:00+00:00,25.0,25.053197608167974,25.053197608167974,,5,-0.0531976081679737,0.0531976081679737
DUISBURG-MEIDERICH SCHLEUSE UW,2026-06-30 17:10:00+00:00,18.24,18.32478911596534,18.32478911596534,,5,-0.08478911596534289,0.08478911596534289
LOBITH,2026-06-30 17:10:00+00:00,642.0,704.6272024849663,704.6272024849663,,5,-62.62720248496635,62.62720248496635
DUISBURG-MEIDERICH SCHLEUSE OW,2026-06-30 17:11:00+00:00,25.0,25.053197608167974,25.053197608167974,,5,-0.0531976081679737,0.0531976081679737
DUISBURG-MEIDERICH SCHLEUSE UW,2026-06-30 17:11:00+00:00,18.24,18.32478911596534,18.32478911596534,,5,-0.08478911596534289,0.08478911596534289
DUISBURG-MEIDERICH SCHLEUSE OW,2026-06-30 17:12:00+00:00,25.0,25.053197608167974,25.053197608167974,,5,-0.0531976081679737,0.0531976081679737
DUISBURG-MEIDERICH SCHLEUSE UW,2026-06-30 17:12:00+00:00,18.24,18.32478911596534,18.32478911596534,,5,-0.08478911596534289,0.08478911596534289
DUISBURG-MEIDERICH SCHLEUSE OW,2026-06-30 17:13:00+00:00,25.0,25.053197608167974,25.053197608167974,,5,-0.0531976081679737,0.0531976081679737
DUISBURG-MEIDERICH SCHLEUSE UW,2026-06-30 17:13:00+00:00,18.24,18.32478911596534,18.32478911596534,,5,-0.08478911596534289,0.08478911596534289
DUISBURG-MEIDERICH SCHLEUSE OW,2026-06-30 17:14:00+00:00,25.0,25.053197608167974,25.053197608167974,,5,-0.0531976081679737,0.0531976081679737
DUISBURG-MEIDERICH SCHLEUSE UW,2026-06-30 17:14:00+00:00,18.24,18.32478911596534,18.32478911596534,,5,-0.08478911596534289,0.08478911596534289
Basel-Rheinhalle,2026-06-30 17:15:00+00:00,527.0,513.9389577092486,513.9389577092486,,5,13.061042290751402,13.061042290751402
DUISBURG-MEIDERICH SCHLEUSE OW,2026-06-30 17:15:00+00:00,25.0,25.053197608167974,25.053197608167974,,5,-0.0531976081679737,0.0531976081679737
DUISBURG-MEIDERICH SCHLEUSE UW,2026-06-30 17:15:00+00:00,18.24,18.32478911596534,18.32478911596534,,5,-0.08478911596534289,0.08478911596534289
DUISBURG-MEIDERICH SCHLEUSE OW,2026-06-30 17:16:00+00:00,25.0,25.053197608167974,25.053197608167974,,5,-0.0531976081679737,0.0531976081679737
DUISBURG-MEIDERICH SCHLEUSE UW,2026-06-30 17:16:00+00:00,18.24,18.32478911596534,18.32478911596534,,5,-0.08478911596534289,0.08478911596534289
DUISBURG-MEIDERICH SCHLEUSE OW,2026-06-30 17:17:00+00:00,25.0,25.053197608167974,25.053197608167974,,5,-0.0531976081679737,0.0531976081679737
DUISBURG-MEIDERICH SCHLEUSE UW,2026-06-30 17:17:00+00:00,18.24,18.32478911596534,18.32478911596534,,5,-0.08478911596534289,0.08478911596534289
DUISBURG-MEIDERICH SCHLEUSE OW,2026-06-30 17:18:00+00:00,25.0,25.053197608167974,25.053197608167974,,5,-0.0531976081679737,0.0531976081679737
DUISBURG-MEIDERICH SCHLEUSE UW,2026-06-30 17:18:00+00:00,18.24,18.32478911596534,18.32478911596534,,5,-0.08478911596534289,0.08478911596534289
DUISBURG-MEIDERICH SCHLEUSE OW,2026-06-30 17:19:00+00:00,25.0,25.053197608167974,25.053197608167974,,5,-0.0531976081679737,0.0531976081679737
DUISBURG-MEIDERICH SCHLEUSE UW,2026-06-30 17:19:00+00:00,18.24,18.32478911596534,18.32478911596534,,5,-0.08478911596534289,0.08478911596534289
Basel-Rheinhalle,2026-06-30 17:20:00+00:00,528.0,513.9389577092486,513.9389577092486,,5,14.061042290751402,14.061042290751402
DUISBURG-MEIDERICH SCHLEUSE OW,2026-06-30 17:20:00+00:00,25.0,25.053197608167974,25.053197608167974,,5,-0.0531976081679737,0.0531976081679737
DUISBURG-MEIDERICH SCHLEUSE UW,2026-06-30 17:20:00+00:00,18.24,18.32478911596534,18.32478911596534,,5,-0.08478911596534289,0.08478911596534289
DUISBURG-MEIDERICH SCHLEUSE OW,2026-06-30 17:21:00+00:00,25.0,25.053197608167974,25.053197608167974,,5,-0.0531976081679737,0.0531976081679737
DUISBURG-MEIDERICH SCHLEUSE UW,2026-06-30 17:21:00+00:00,18.24,18.32478911596534,18.32478911596534,,5,-0.08478911596534289,0.08478911596534289
DUISBURG-MEIDERICH SCHLEUSE OW,2026-06-30 17:22:00+00:00,25.0,25.053197608167974,25.053197608167974,,5,-0.0531976081679737,0.0531976081679737
DUISBURG-MEIDERICH SCHLEUSE UW,2026-06-30 17:22:00+00:00,18.24,18.32478911596534,18.32478911596534,,5,-0.08478911596534289,0.08478911596534289
DUISBURG-MEIDERICH SCHLEUSE OW,2026-06-30 17:23:00+00:00,25.0,25.053197608167974,25.053197608167974,,5,-0.0531976081679737,0.0531976081679737
DUISBURG-MEIDERICH SCHLEUSE UW,2026-06-30 17:23:00+00:00,18.24,18.32478911596534,18.32478911596534,,5,-0.08478911596534289,0.08478911596534289
DUISBURG-MEIDERICH SCHLEUSE OW,2026-06-30 17:24:00+00:00,25.01,25.053197608167974,25.053197608167974,,5,-0.043197608167972135,0.043197608167972135
DUISBURG-MEIDERICH SCHLEUSE UW,2026-06-30 17:24:00+00:00,18.24,18.32478911596534,18.32478911596534,,5,-0.08478911596534289,0.08478911596534289
Basel-Rheinhalle,2026-06-30 17:25:00+00:00,527.0,514.3747170399233,514.3747170399233,,5,12.625282960076674,12.625282960076674
DUISBURG-MEIDERICH SCHLEUSE OW,2026-06-30 17:25:00+00:00,25.01,25.053197608167974,25.053197608167974,,5,-0.043197608167972135,0.043197608167972135
DUISBURG-MEIDERICH SCHLEUSE UW,2026-06-30 17:25:00+00:00,18.24,18.32478911596534,18.32478911596534,,5,-0.08478911596534289,0.08478911596534289
DUISBURG-MEIDERICH SCHLEUSE OW,2026-06-30 17:26:00+00:00,25.01,25.053197608167974,25.053197608167974,,5,-0.043197608167972135,0.043197608167972135
DUISBURG-MEIDERICH SCHLEUSE UW,2026-06-30 17:26:00+00:00,18.24,18.32478911596534,18.32478911596534,,5,-0.08478911596534289,0.08478911596534289
DUISBURG-MEIDERICH SCHLEUSE OW,2026-06-30 17:27:00+00:00,25.01,25.053197608167974,25.053197608167974,,5,-0.043197608167972135,0.043197608167972135
DUISBURG-MEIDERICH SCHLEUSE UW,2026-06-30 17:27:00+00:00,18.24,18.32478911596534,18.32478911596534,,5,-0.08478911596534289,0.08478911596534289
DUISBURG-MEIDERICH SCHLEUSE OW,2026-06-30 17:28:00+00:00,25.01,25.053197608167974,25.053197608167974,,5,-0.043197608167972135,0.043197608167972135
DUISBURG-MEIDERICH SCHLEUSE UW,2026-06-30 17:28:00+00:00,18.24,18.32478911596534,18.32478911596534,,5,-0.08478911596534289,0.08478911596534289
DUISBURG-MEIDERICH SCHLEUSE OW,2026-06-30 17:29:00+00:00,25.01,25.053197608167974,25.053197608167974,,5,-0.043197608167972135,0.043197608167972135
DUISBURG-MEIDERICH SCHLEUSE UW,2026-06-30 17:29:00+00:00,18.24,18.32478911596534,18.32478911596534,,5,-0.08478911596534289,0.08478911596534289
Basel-Rheinhalle,2026-06-30 17:30:00+00:00,526.0,514.3801752908513,514.3801752908513,,5,11.619824709148702,11.619824709148702
DUISBURG-MEIDERICH SCHLEUSE OW,2026-06-30 17:30:00+00:00,25.01,25.053197608167974,25.053197608167974,,5,-0.043197608167972135,0.043197608167972135
DUISBURG-MEIDERICH SCHLEUSE UW,2026-06-30 17:30:00+00:00,18.24,18.32478911596534,18.32478911596534,,5,-0.08478911596534289,0.08478911596534289
DUISBURG-MEIDERICH SCHLEUSE OW,2026-06-30 17:31:00+00:00,25.01,25.053197608167974,25.053197608167974,,5,-0.043197608167972135,0.043197608167972135
DUISBURG-MEIDERICH SCHLEUSE UW,2026-06-30 17:31:00+00:00,18.24,18.32478911596534,18.32478911596534,,5,-0.08478911596534289,0.08478911596534289
DUISBURG-MEIDERICH SCHLEUSE OW,2026-06-30 17:32:00+00:00,25.01,25.053197608167974,25.053197608167974,,5,-0.043197608167972135,0.043197608167972135
DUISBURG-MEIDERICH SCHLEUSE UW,2026-06-30 17:32:00+00:00,18.24,18.32478911596534,18.32478911596534,,5,-0.08478911596534289,0.08478911596534289
DUISBURG-MEIDERICH SCHLEUSE OW,2026-06-30 17:33:00+00:00,25.01,25.053197608167974,25.053197608167974,,5,-0.043197608167972135,0.043197608167972135
DUISBURG-MEIDERICH SCHLEUSE UW,2026-06-30 17:33:00+00:00,18.24,18.32478911596534,18.32478911596534,,5,-0.08478911596534289,0.08478911596534289
DUISBURG-MEIDERICH SCHLEUSE OW,2026-06-30 17:34:00+00:00,25.01,25.053197608167974,25.053197608167974,,5,-0.043197608167972135,0.043197608167972135
DUISBURG-MEIDERICH SCHLEUSE UW,2026-06-30 17:34:00+00:00,18.24,18.32478911596534,18.32478911596534,,5,-0.08478911596534289,0.08478911596534289
Basel-Rheinhalle,2026-06-30 17:35:00+00:00,525.0,514.6677619934073,514.6677619934073,,5,10.332238006592661,10.332238006592661
DUISBURG-MEIDERICH SCHLEUSE OW,2026-06-30 17:35:00+00:00,25.0,25.053197608167974,25.053197608167974,,5,-0.0531976081679737,0.0531976081679737
DUISBURG-MEIDERICH SCHLEUSE UW,2026-06-30 17:35:00+00:00,18.24,18.32478911596534,18.32478911596534,,5,-0.08478911596534289,0.08478911596534289
DUISBURG-MEIDERICH SCHLEUSE OW,2026-06-30 17:36:00+00:00,25.0,25.053197608167974,25.053197608167974,,5,-0.0531976081679737,0.0531976081679737
DUISBURG-MEIDERICH SCHLEUSE UW,2026-06-30 17:36:00+00:00,18.24,18.32478911596534,18.32478911596534,,5,-0.08478911596534289,0.08478911596534289
DUISBURG-MEIDERICH SCHLEUSE OW,2026-06-30 17:37:00+00:00,25.0,25.053197608167974,25.053197608167974,,5,-0.0531976081679737,0.0531976081679737
DUISBURG-MEIDERICH SCHLEUSE UW,2026-06-30 17:37:00+00:00,18.24,18.32478911596534,18.32478911596534,,5,-0.08478911596534289,0.08478911596534289
DUISBURG-MEIDERICH SCHLEUSE OW,2026-06-30 17:38:00+00:00,25.0,25.053197608167974,25.053197608167974,,5,-0.0531976081679737,0.0531976081679737
DUISBURG-MEIDERICH SCHLEUSE UW,2026-06-30 17:38:00+00:00,18.24,18.32478911596534,18.32478911596534,,5,-0.08478911596534289,0.08478911596534289
DUISBURG-MEIDERICH SCHLEUSE OW,2026-06-30 17:39:00+00:00,25.01,25.053197608167974,25.053197608167974,,5,-0.043197608167972135,0.043197608167972135
DUISBURG-MEIDERICH SCHLEUSE UW,2026-06-30 17:39:00+00:00,18.24,18.32478911596534,18.32478911596534,,5,-0.08478911596534289,0.08478911596534289
Basel-Rheinhalle,2026-06-30 17:40:00+00:00,525.0,514.4275745194324,514.4275745194324,,5,10.572425480567631,10.572425480567631
DUISBURG-MEIDERICH SCHLEUSE OW,2026-06-30 17:40:00+00:00,25.01,25.053197608167974,25.053197608167974,,5,-0.043197608167972135,0.043197608167972135
DUISBURG-MEIDERICH SCHLEUSE UW,2026-06-30 17:40:00+00:00,18.24,18.32478911596534,18.32478911596534,,5,-0.08478911596534289,0.08478911596534289
DUISBURG-MEIDERICH SCHLEUSE OW,2026-06-30 17:41:00+00:00,25.01,25.053197608167974,25.053197608167974,,5,-0.043197608167972135,0.043197608167972135
DUISBURG-MEIDERICH SCHLEUSE UW,2026-06-30 17:41:00+00:00,18.24,18.32478911596534,18.32478911596534,,5,-0.08478911596534289,0.08478911596534289
DUISBURG-MEIDERICH SCHLEUSE OW,2026-06-30 17:42:00+00:00,25.01,25.053197608167974,25.053197608167974,,5,-0.043197608167972135,0.043197608167972135
DUISBURG-MEIDERICH SCHLEUSE UW,2026-06-30 17:42:00+00:00,18.25,18.32478911596534,18.32478911596534,,5,-0.07478911596534132,0.07478911596534132
DUISBURG-MEIDERICH SCHLEUSE OW,2026-06-30 17:43:00+00:00,25.01,25.053197608167974,25.053197608167974,,5,-0.043197608167972135,0.043197608167972135
DUISBURG-MEIDERICH SCHLEUSE UW,2026-06-30 17:43:00+00:00,18.25,18.32478911596534,18.32478911596534,,5,-0.07478911596534132,0.07478911596534132
DUISBURG-MEIDERICH SCHLEUSE OW,2026-06-30 17:44:00+00:00,25.01,25.053197608167974,25.053197608167974,,5,-0.043197608167972135,0.043197608167972135
DUISBURG-MEIDERICH SCHLEUSE UW,2026-06-30 17:44:00+00:00,18.25,18.32478911596534,18.32478911596534,,5,-0.07478911596534132,0.07478911596534132
Basel-Rheinhalle,2026-06-30 17:45:00+00:00,526.0,514.3974118536746,514.3974118536746,,5,11.602588146325388,11.602588146325388
DUISBURG-MEIDERICH SCHLEUSE OW,2026-06-30 17:45:00+00:00,25.01,25.053197608167974,25.053197608167974,,5,-0.043197608167972135,0.043197608167972135
DUISBURG-MEIDERICH SCHLEUSE UW,2026-06-30 17:45:00+00:00,18.25,18.32478911596534,18.32478911596534,,5,-0.07478911596534132,0.07478911596534132
DUISBURG-MEIDERICH SCHLEUSE OW,2026-06-30 17:46:00+00:00,25.01,25.053197608167974,25.053197608167974,,5,-0.043197608167972135,0.043197608167972135
DUISBURG-MEIDERICH SCHLEUSE UW,2026-06-30 17:46:00+00:00,18.25,18.32478911596534,18.32478911596534,,5,-0.07478911596534132,0.07478911596534132
DUISBURG-MEIDERICH SCHLEUSE OW,2026-06-30 17:47:00+00:00,25.01,25.053197608167974,25.053197608167974,,5,-0.043197608167972135,0.043197608167972135
DUISBURG-MEIDERICH SCHLEUSE UW,2026-06-30 17:47:00+00:00,18.25,18.32478911596534,18.32478911596534,,5,-0.07478911596534132,0.07478911596534132
DUISBURG-MEIDERICH SCHLEUSE OW,2026-06-30 17:48:00+00:00,25.01,25.053197608167974,25.053197608167974,,5,-0.043197608167972135,0.043197608167972135
DUISBURG-MEIDERICH SCHLEUSE UW,2026-06-30 17:48:00+00:00,18.25,18.32478911596534,18.32478911596534,,5,-0.07478911596534132,0.07478911596534132
DUISBURG-MEIDERICH SCHLEUSE OW,2026-06-30 17:49:00+00:00,25.01,25.053197608167974,25.053197608167974,,5,-0.043197608167972135,0.043197608167972135
DUISBURG-MEIDERICH SCHLEUSE UW,2026-06-30 17:49:00+00:00,18.25,18.32478911596534,18.32478911596534,,5,-0.07478911596534132,0.07478911596534132
Basel-Rheinhalle,2026-06-30 17:50:00+00:00,527.0,514.4028701046026,514.4028701046026,,5,12.597129895397416,12.597129895397416
DUISBURG-MEIDERICH SCHLEUSE OW,2026-06-30 17:50:00+00:00,25.01,25.053197608167974,25.053197608167974,,5,-0.043197608167972135,0.043197608167972135
DUISBURG-MEIDERICH SCHLEUSE UW,2026-06-30 17:50:00+00:00,18.25,18.32478911596534,18.32478911596534,,5,-0.07478911596534132,0.07478911596534132
DUISBURG-MEIDERICH SCHLEUSE OW,2026-06-30 17:51:00+00:00,25.01,25.053197608167974,25.053197608167974,,5,-0.043197608167972135,0.043197608167972135
DUISBURG-MEIDERICH SCHLEUSE UW,2026-06-30 17:51:00+00:00,18.25,18.32478911596534,18.32478911596534,,5,-0.07478911596534132,0.07478911596534132
DUISBURG-MEIDERICH SCHLEUSE OW,2026-06-30 17:52:00+00:00,25.01,25.053197608167974,25.053197608167974,,5,-0.043197608167972135,0.043197608167972135
DUISBURG-MEIDERICH SCHLEUSE UW,2026-06-30 17:52:00+00:00,18.25,18.32478911596534,18.32478911596534,,5,-0.07478911596534132,0.07478911596534132
DUISBURG-MEIDERICH SCHLEUSE OW,2026-06-30 17:53:00+00:00,25.01,25.053197608167974,25.053197608167974,,5,-0.043197608167972135,0.043197608167972135
DUISBURG-MEIDERICH SCHLEUSE UW,2026-06-30 17:53:00+00:00,18.25,18.32478911596534,18.32478911596534,,5,-0.07478911596534132,0.07478911596534132
DUISBURG-MEIDERICH SCHLEUSE OW,2026-06-30 17:54:00+00:00,25.01,25.053197608167974,25.053197608167974,,5,-0.043197608167972135,0.043197608167972135
DUISBURG-MEIDERICH SCHLEUSE UW,2026-06-30 17:54:00+00:00,18.25,18.32478911596534,18.32478911596534,,5,-0.07478911596534132,0.07478911596534132
Basel-Rheinhalle,2026-06-30 17:55:00+00:00,528.0,513.9059658422702,513.9059658422702,,5,14.094034157729766,14.094034157729766
DUISBURG-MEIDERICH SCHLEUSE OW,2026-06-30 17:55:00+00:00,25.01,25.053197608167974,25.053197608167974,,5,-0.043197608167972135,0.043197608167972135
DUISBURG-MEIDERICH SCHLEUSE UW,2026-06-30 17:55:00+00:00,18.25,18.32478911596534,18.32478911596534,,5,-0.07478911596534132,0.07478911596534132
DUISBURG-MEIDERICH SCHLEUSE OW,2026-06-30 17:56:00+00:00,25.01,25.053197608167974,25.053197608167974,,5,-0.043197608167972135,0.043197608167972135
DUISBURG-MEIDERICH SCHLEUSE UW,2026-06-30 17:56:00+00:00,18.25,18.32478911596534,18.32478911596534,,5,-0.07478911596534132,0.07478911596534132
DUISBURG-MEIDERICH SCHLEUSE OW,2026-06-30 17:57:00+00:00,25.01,25.053197608167974,25.053197608167974,,5,-0.043197608167972135,0.043197608167972135
DUISBURG-MEIDERICH SCHLEUSE UW,2026-06-30 17:57:00+00:00,18.25,18.32478911596534,18.32478911596534,,5,-0.07478911596534132,0.07478911596534132
DUISBURG-MEIDERICH SCHLEUSE OW,2026-06-30 17:58:00+00:00,25.01,25.053197608167974,25.053197608167974,,5,-0.043197608167972135,0.043197608167972135
DUISBURG-MEIDERICH SCHLEUSE UW,2026-06-30 17:58:00+00:00,18.25,18.32478911596534,18.32478911596534,,5,-0.07478911596534132,0.07478911596534132
DUISBURG-MEIDERICH SCHLEUSE OW,2026-06-30 17:59:00+00:00,25.01,25.053197608167974,25.053197608167974,,5,-0.043197608167972135,0.043197608167972135
DUISBURG-MEIDERICH SCHLEUSE UW,2026-06-30 17:59:00+00:00,18.25,18.32478911596534,18.32478911596534,,5,-0.07478911596534132,0.07478911596534132
Basel-Rheinhalle,2026-06-30 18:00:00+00:00,528.0,514.4061048357526,514.4061048357526,,5,13.593895164247442,13.593895164247442
DUISBURG-MEIDERICH SCHLEUSE OW,2026-06-30 18:00:00+00:00,25.01,24.415566019584986,24.415566019584986,,5,0.5944339804150154,0.5944339804150154
DUISBURG-MEIDERICH SCHLEUSE UW,2026-06-30 18:00:00+00:00,18.25,17.687157527382354,17.687157527382354,,5,0.5628424726176462,0.5628424726176462
DUISBURG-MEIDERICH SCHLEUSE OW,2026-06-30 18:01:00+00:00,25.01,24.482801629890666,24.482801629890666,,5,0.5271983701093355,0.5271983701093355
DUISBURG-MEIDERICH SCHLEUSE UW,2026-06-30 18:01:00+00:00,18.25,17.754393137688034,17.754393137688034,,5,0.49560686231196627,0.49560686231196627
DUISBURG-MEIDERICH SCHLEUSE OW,2026-06-30 18:02:00+00:00,25.01,24.482801629890666,24.482801629890666,,5,0.5271983701093355,0.5271983701093355
DUISBURG-MEIDERICH SCHLEUSE UW,2026-06-30 18:02:00+00:00,18.25,17.754393137688034,17.754393137688034,,5,0.49560686231196627,0.49560686231196627
DUISBURG-MEIDERICH SCHLEUSE OW,2026-06-30 18:03:00+00:00,25.01,24.408899428762126,24.408899428762126,,5,0.6011005712378754,0.6011005712378754
DUISBURG-MEIDERICH SCHLEUSE UW,2026-06-30 18:03:00+00:00,18.25,17.680490936559494,17.680490936559494,,5,0.5695090634405062,0.5695090634405062
DUISBURG-MEIDERICH SCHLEUSE OW,2026-06-30 18:04:00+00:00,25.01,24.408899428762126,24.408899428762126,,5,0.6011005712378754,0.6011005712378754
DUISBURG-MEIDERICH SCHLEUSE UW,2026-06-30 18:04:00+00:00,18.25,17.680490936559494,17.680490936559494,,5,0.5695090634405062,0.5695090634405062
Basel-Rheinhalle,2026-06-30 18:05:00+00:00,528.0,514.1614134142773,514.1614134142773,,5,13.838586585722737,13.838586585722737
DUISBURG-MEIDERICH SCHLEUSE OW,2026-06-30 18:05:00+00:00,25.01,24.408899428762126,24.408899428762126,,5,0.6011005712378754,0.6011005712378754
DUISBURG-MEIDERICH SCHLEUSE UW,2026-06-30 18:05:00+00:00,18.25,17.680490936559494,17.680490936559494,,5,0.5695090634405062,0.5695090634405062
DUISBURG-MEIDERICH SCHLEUSE OW,2026-06-30 18:06:00+00:00,25.01,24.408899428762126,24.408899428762126,,5,0.6011005712378754,0.6011005712378754
DUISBURG-MEIDERICH SCHLEUSE UW,2026-06-30 18:06:00+00:00,18.25,17.680490936559494,17.680490936559494,,5,0.5695090634405062,0.5695090634405062
DUISBURG-MEIDERICH SCHLEUSE OW,2026-06-30 18:07:00+00:00,25.01,24.408899428762126,24.408899428762126,,5,0.6011005712378754,0.6011005712378754
DUISBURG-MEIDERICH SCHLEUSE UW,2026-06-30 18:07:00+00:00,18.25,17.680490936559494,17.680490936559494,,5,0.5695090634405062,0.5695090634405062
DUISBURG-MEIDERICH SCHLEUSE OW,2026-06-30 18:08:00+00:00,25.01,24.408899428762126,24.408899428762126,,5,0.6011005712378754,0.6011005712378754
DUISBURG-MEIDERICH SCHLEUSE UW,2026-06-30 18:08:00+00:00,18.25,17.680490936559494,17.680490936559494,,5,0.5695090634405062,0.5695090634405062
DUISBURG-MEIDERICH SCHLEUSE OW,2026-06-30 18:09:00+00:00,25.01,24.408899428762126,24.408899428762126,,5,0.6011005712378754,0.6011005712378754
DUISBURG-MEIDERICH SCHLEUSE UW,2026-06-30 18:09:00+00:00,18.25,17.680490936559494,17.680490936559494,,5,0.5695090634405062,0.5695090634405062
Basel-Rheinhalle,2026-06-30 18:10:00+00:00,528.0,514.2631059733421,514.2631059733421,,5,13.736894026657865,13.736894026657865
DUISBURG-MEIDERICH SCHLEUSE OW,2026-06-30 18:10:00+00:00,25.01,24.408899428762126,24.408899428762126,,5,0.6011005712378754,0.6011005712378754
DUISBURG-MEIDERICH SCHLEUSE UW,2026-06-30 18:10:00+00:00,18.24,17.680490936559494,17.680490936559494,,5,0.5595090634405047,0.5595090634405047
DUISBURG-MEIDERICH SCHLEUSE OW,2026-06-30 18:11:00+00:00,25.01,24.408899428762126,24.408899428762126,,5,0.6011005712378754,0.6011005712378754
DUISBURG-MEIDERICH SCHLEUSE UW,2026-06-30 18:11:00+00:00,18.24,17.680490936559494,17.680490936559494,,5,0.5595090634405047,0.5595090634405047
DUISBURG-MEIDERICH SCHLEUSE OW,2026-06-30 18:12:00+00:00,25.01,24.408899428762126,24.408899428762126,,5,0.6011005712378754,0.6011005712378754
DUISBURG-MEIDERICH SCHLEUSE UW,2026-06-30 18:12:00+00:00,18.24,17.680490936559494,17.680490936559494,,5,0.5595090634405047,0.5595090634405047
DUISBURG-MEIDERICH SCHLEUSE OW,2026-06-30 18:13:00+00:00,25.01,24.408899428762126,24.408899428762126,,5,0.6011005712378754,0.6011005712378754
DUISBURG-MEIDERICH SCHLEUSE UW,2026-06-30 18:13:00+00:00,18.24,17.680490936559494,17.680490936559494,,5,0.5595090634405047,0.5595090634405047
DUISBURG-MEIDERICH SCHLEUSE OW,2026-06-30 18:14:00+00:00,25.01,24.408899428762126,24.408899428762126,,5,0.6011005712378754,0.6011005712378754
DUISBURG-MEIDERICH SCHLEUSE UW,2026-06-30 18:14:00+00:00,18.24,17.680490936559494,17.680490936559494,,5,0.5595090634405047,0.5595090634405047
Basel-Rheinhalle,2026-06-30 18:15:00+00:00,528.0,514.2135001745037,514.2135001745037,,5,13.786499825496321,13.786499825496321
DUISBURG-MEIDERICH SCHLEUSE OW,2026-06-30 18:15:00+00:00,25.01,24.408899428762126,24.408899428762126,,5,0.6011005712378754,0.6011005712378754
DUISBURG-MEIDERICH SCHLEUSE UW,2026-06-30 18:15:00+00:00,18.24,17.680490936559494,17.680490936559494,,5,0.5595090634405047,0.5595090634405047
DUISBURG-MEIDERICH SCHLEUSE OW,2026-06-30 18:16:00+00:00,25.01,24.408899428762126,24.408899428762126,,5,0.6011005712378754,0.6011005712378754
DUISBURG-MEIDERICH SCHLEUSE UW,2026-06-30 18:16:00+00:00,18.24,17.680490936559494,17.680490936559494,,5,0.5595090634405047,0.5595090634405047
DUISBURG-MEIDERICH SCHLEUSE OW,2026-06-30 18:17:00+00:00,25.01,24.408899428762126,24.408899428762126,,5,0.6011005712378754,0.6011005712378754
DUISBURG-MEIDERICH SCHLEUSE UW,2026-06-30 18:17:00+00:00,18.24,17.680490936559494,17.680490936559494,,5,0.5595090634405047,0.5595090634405047
DUISBURG-MEIDERICH SCHLEUSE OW,2026-06-30 18:18:00+00:00,25.01,24.408899428762126,24.408899428762126,,5,0.6011005712378754,0.6011005712378754
DUISBURG-MEIDERICH SCHLEUSE UW,2026-06-30 18:18:00+00:00,18.24,17.680490936559494,17.680490936559494,,5,0.5595090634405047,0.5595090634405047
DUISBURG-MEIDERICH SCHLEUSE OW,2026-06-30 18:19:00+00:00,25.01,24.408899428762126,24.408899428762126,,5,0.6011005712378754,0.6011005712378754
DUISBURG-MEIDERICH SCHLEUSE UW,2026-06-30 18:19:00+00:00,18.25,17.680490936559494,17.680490936559494,,5,0.5695090634405062,0.5695090634405062
Basel-Rheinhalle,2026-06-30 18:20:00+00:00,529.0,513.9999176898891,513.9999176898891,,5,15.000082310110884,15.000082310110884
DUISBURG-MEIDERICH SCHLEUSE OW,2026-06-30 18:20:00+00:00,25.01,24.408899428762126,24.408899428762126,,5,0.6011005712378754,0.6011005712378754
DUISBURG-MEIDERICH SCHLEUSE UW,2026-06-30 18:20:00+00:00,18.25,17.680490936559494,17.680490936559494,,5,0.5695090634405062,0.5695090634405062
DUISBURG-MEIDERICH SCHLEUSE OW,2026-06-30 18:21:00+00:00,25.01,24.408899428762126,24.408899428762126,,5,0.6011005712378754,0.6011005712378754
DUISBURG-MEIDERICH SCHLEUSE UW,2026-06-30 18:21:00+00:00,18.25,17.680490936559494,17.680490936559494,,5,0.5695090634405062,0.5695090634405062
DUISBURG-MEIDERICH SCHLEUSE OW,2026-06-30 18:22:00+00:00,25.01,24.408899428762126,24.408899428762126,,5,0.6011005712378754,0.6011005712378754
DUISBURG-MEIDERICH SCHLEUSE UW,2026-06-30 18:22:00+00:00,18.25,17.680490936559494,17.680490936559494,,5,0.5695090634405062,0.5695090634405062
DUISBURG-MEIDERICH SCHLEUSE OW,2026-06-30 18:23:00+00:00,25.01,24.408899428762126,24.408899428762126,,5,0.6011005712378754,0.6011005712378754
DUISBURG-MEIDERICH SCHLEUSE UW,2026-06-30 18:23:00+00:00,18.25,17.680490936559494,17.680490936559494,,5,0.5695090634405062,0.5695090634405062
DUISBURG-MEIDERICH SCHLEUSE OW,2026-06-30 18:24:00+00:00,25.01,24.408899428762126,24.408899428762126,,5,0.6011005712378754,0.6011005712378754
DUISBURG-MEIDERICH SCHLEUSE UW,2026-06-30 18:24:00+00:00,18.25,17.680490936559494,17.680490936559494,,5,0.5695090634405062,0.5695090634405062
Basel-Rheinhalle,2026-06-30 18:25:00+00:00,529.0,514.677432077063,514.677432077063,,5,14.322567922936969,14.322567922936969
DUISBURG-MEIDERICH SCHLEUSE OW,2026-06-30 18:25:00+00:00,25.01,24.408899428762126,24.408899428762126,,5,0.6011005712378754,0.6011005712378754
DUISBURG-MEIDERICH SCHLEUSE UW,2026-06-30 18:25:00+00:00,18.25,17.680490936559494,17.680490936559494,,5,0.5695090634405062,0.5695090634405062
DUISBURG-MEIDERICH SCHLEUSE OW,2026-06-30 18:26:00+00:00,25.01,24.408899428762126,24.408899428762126,,5,0.6011005712378754,0.6011005712378754
DUISBURG-MEIDERICH SCHLEUSE UW,2026-06-30 18:26:00+00:00,18.25,17.680490936559494,17.680490936559494,,5,0.5695090634405062,0.5695090634405062
DUISBURG-MEIDERICH SCHLEUSE OW,2026-06-30 18:27:00+00:00,25.01,24.408899428762126,24.408899428762126,,5,0.6011005712378754,0.6011005712378754
DUISBURG-MEIDERICH SCHLEUSE UW,2026-06-30 18:27:00+00:00,18.25,17.680490936559494,17.680490936559494,,5,0.5695090634405062,0.5695090634405062
DUISBURG-MEIDERICH SCHLEUSE OW,2026-06-30 18:28:00+00:00,25.01,24.408899428762126,24.408899428762126,,5,0.6011005712378754,0.6011005712378754
DUISBURG-MEIDERICH SCHLEUSE UW,2026-06-30 18:28:00+00:00,18.25,17.680490936559494,17.680490936559494,,5,0.5695090634405062,0.5695090634405062
DUISBURG-MEIDERICH SCHLEUSE OW,2026-06-30 18:29:00+00:00,25.01,24.408899428762126,24.408899428762126,,5,0.6011005712378754,0.6011005712378754
DUISBURG-MEIDERICH SCHLEUSE UW,2026-06-30 18:29:00+00:00,18.25,17.680490936559494,17.680490936559494,,5,0.5695090634405062,0.5695090634405062
Basel-Rheinhalle,2026-06-30 18:30:00+00:00,530.0,514.7966682387934,514.7966682387934,,5,15.203331761206641,15.203331761206641
DUISBURG-MEIDERICH SCHLEUSE OW,2026-06-30 18:30:00+00:00,25.01,24.408899428762126,24.408899428762126,,5,0.6011005712378754,0.6011005712378754
DUISBURG-MEIDERICH SCHLEUSE UW,2026-06-30 18:30:00+00:00,18.25,17.680490936559494,17.680490936559494,,5,0.5695090634405062,0.5695090634405062
DUISBURG-MEIDERICH SCHLEUSE OW,2026-06-30 18:31:00+00:00,25.01,24.408899428762126,24.408899428762126,,5,0.6011005712378754,0.6011005712378754
DUISBURG-MEIDERICH SCHLEUSE UW,2026-06-30 18:31:00+00:00,18.25,17.680490936559494,17.680490936559494,,5,0.5695090634405062,0.5695090634405062
DUISBURG-MEIDERICH SCHLEUSE OW,2026-06-30 18:32:00+00:00,25.01,24.408899428762126,24.408899428762126,,5,0.6011005712378754,0.6011005712378754
DUISBURG-MEIDERICH SCHLEUSE UW,2026-06-30 18:32:00+00:00,18.25,17.680490936559494,17.680490936559494,,5,0.5695090634405062,0.5695090634405062
DUISBURG-MEIDERICH SCHLEUSE OW,2026-06-30 18:33:00+00:00,25.02,24.408899428762126,24.408899428762126,,5,0.6111005712378734,0.6111005712378734
DUISBURG-MEIDERICH SCHLEUSE UW,2026-06-30 18:33:00+00:00,18.25,17.680490936559494,17.680490936559494,,5,0.5695090634405062,0.5695090634405062
DUISBURG-MEIDERICH SCHLEUSE OW,2026-06-30 18:34:00+00:00,25.02,24.408899428762126,24.408899428762126,,5,0.6111005712378734,0.6111005712378734
DUISBURG-MEIDERICH SCHLEUSE UW,2026-06-30 18:34:00+00:00,18.25,17.680490936559494,17.680490936559494,,5,0.5695090634405062,0.5695090634405062
Basel-Rheinhalle,2026-06-30 18:35:00+00:00,531.0,514.3108001840155,514.3108001840155,,5,16.689199815984466,16.689199815984466
DUISBURG-MEIDERICH SCHLEUSE OW,2026-06-30 18:35:00+00:00,25.01,24.408899428762126,24.408899428762126,,5,0.6011005712378754,0.6011005712378754
DUISBURG-MEIDERICH SCHLEUSE UW,2026-06-30 18:35:00+00:00,18.25,17.680490936559494,17.680490936559494,,5,0.5695090634405062,0.5695090634405062
DUISBURG-MEIDERICH SCHLEUSE OW,2026-06-30 18:36:00+00:00,25.01,24.408899428762126,24.408899428762126,,5,0.6011005712378754,0.6011005712378754
DUISBURG-MEIDERICH SCHLEUSE UW,2026-06-30 18:36:00+00:00,18.25,17.680490936559494,17.680490936559494,,5,0.5695090634405062,0.5695090634405062
DUISBURG-MEIDERICH SCHLEUSE OW,2026-06-30 18:37:00+00:00,25.01,24.408899428762126,24.408899428762126,,5,0.6011005712378754,0.6011005712378754
DUISBURG-MEIDERICH SCHLEUSE UW,2026-06-30 18:37:00+00:00,18.26,17.680490936559494,17.680490936559494,,5,0.5795090634405078,0.5795090634405078
DUISBURG-MEIDERICH SCHLEUSE OW,2026-06-30 18:38:00+00:00,25.01,24.408899428762126,24.408899428762126,,5,0.6011005712378754,0.6011005712378754
DUISBURG-MEIDERICH SCHLEUSE UW,2026-06-30 18:38:00+00:00,18.26,17.680490936559494,17.680490936559494,,5,0.5795090634405078,0.5795090634405078
DUISBURG-MEIDERICH SCHLEUSE OW,2026-06-30 18:39:00+00:00,25.02,24.408899428762126,24.408899428762126,,5,0.6111005712378734,0.6111005712378734
DUISBURG-MEIDERICH SCHLEUSE UW,2026-06-30 18:39:00+00:00,18.26,17.680490936559494,17.680490936559494,,5,0.5795090634405078,0.5795090634405078
Basel-Rheinhalle,2026-06-30 18:40:00+00:00,531.0,513.8229524926343,513.8229524926343,,5,17.177047507365728,17.177047507365728
DUISBURG-MEIDERICH SCHLEUSE OW,2026-06-30 18:40:00+00:00,25.02,24.408899428762126,24.408899428762126,,5,0.6111005712378734,0.6111005712378734
DUISBURG-MEIDERICH SCHLEUSE UW,2026-06-30 18:40:00+00:00,18.26,17.680490936559494,17.680490936559494,,5,0.5795090634405078,0.5795090634405078
DUISBURG-MEIDERICH SCHLEUSE OW,2026-06-30 18:41:00+00:00,25.02,24.408899428762126,24.408899428762126,,5,0.6111005712378734,0.6111005712378734
DUISBURG-MEIDERICH SCHLEUSE UW,2026-06-30 18:41:00+00:00,18.26,17.680490936559494,17.680490936559494,,5,0.5795090634405078,0.5795090634405078
DUISBURG-MEIDERICH SCHLEUSE OW,2026-06-30 18:42:00+00:00,25.02,24.408899428762126,24.408899428762126,,5,0.6111005712378734,0.6111005712378734
DUISBURG-MEIDERICH SCHLEUSE UW,2026-06-30 18:42:00+00:00,18.26,17.680490936559494,17.680490936559494,,5,0.5795090634405078,0.5795090634405078
DUISBURG-MEIDERICH SCHLEUSE OW,2026-06-30 18:43:00+00:00,25.02,24.408899428762126,24.408899428762126,,5,0.6111005712378734,0.6111005712378734
DUISBURG-MEIDERICH SCHLEUSE UW,2026-06-30 18:43:00+00:00,18.26,17.680490936559494,17.680490936559494,,5,0.5795090634405078,0.5795090634405078
DUISBURG-MEIDERICH SCHLEUSE OW,2026-06-30 18:44:00+00:00,25.02,24.408899428762126,24.408899428762126,,5,0.6111005712378734,0.6111005712378734
DUISBURG-MEIDERICH SCHLEUSE UW,2026-06-30 18:44:00+00:00,18.26,17.680490936559494,17.680490936559494,,5,0.5795090634405078,0.5795090634405078
Basel-Rheinhalle,2026-06-30 18:45:00+00:00,532.0,513.3176380414927,513.3176380414927,,5,18.682361958507272,18.682361958507272
DUISBURG-MEIDERICH SCHLEUSE OW,2026-06-30 18:45:00+00:00,25.02,24.408899428762126,24.408899428762126,,5,0.6111005712378734,0.6111005712378734
DUISBURG-MEIDERICH SCHLEUSE UW,2026-06-30 18:45:00+00:00,18.26,17.680490936559494,17.680490936559494,,5,0.5795090634405078,0.5795090634405078
DUISBURG-MEIDERICH SCHLEUSE OW,2026-06-30 18:46:00+00:00,25.02,24.408899428762126,24.408899428762126,,5,0.6111005712378734,0.6111005712378734
DUISBURG-MEIDERICH SCHLEUSE UW,2026-06-30 18:46:00+00:00,18.26,17.680490936559494,17.680490936559494,,5,0.5795090634405078,0.5795090634405078
DUISBURG-MEIDERICH SCHLEUSE OW,2026-06-30 18:47:00+00:00,25.02,24.408899428762126,24.408899428762126,,5,0.6111005712378734,0.6111005712378734
DUISBURG-MEIDERICH SCHLEUSE UW,2026-06-30 18:47:00+00:00,18.27,17.680490936559494,17.680490936559494,,5,0.5895090634405058,0.5895090634405058
DUISBURG-MEIDERICH SCHLEUSE OW,2026-06-30 18:48:00+00:00,25.02,24.408899428762126,24.408899428762126,,5,0.6111005712378734,0.6111005712378734
DUISBURG-MEIDERICH SCHLEUSE UW,2026-06-30 18:48:00+00:00,18.27,17.680490936559494,17.680490936559494,,5,0.5895090634405058,0.5895090634405058
DUISBURG-MEIDERICH SCHLEUSE OW,2026-06-30 18:49:00+00:00,25.02,24.408899428762126,24.408899428762126,,5,0.6111005712378734,0.6111005712378734
DUISBURG-MEIDERICH SCHLEUSE UW,2026-06-30 18:49:00+00:00,18.27,17.680490936559494,17.680490936559494,,5,0.5895090634405058,0.5895090634405058
Basel-Rheinhalle,2026-06-30 18:50:00+00:00,532.0,512.9410808203957,512.9410808203957,,5,19.058919179604345,19.058919179604345
DUISBURG-MEIDERICH SCHLEUSE OW,2026-06-30 18:50:00+00:00,25.02,24.408899428762126,24.408899428762126,,5,0.6111005712378734,0.6111005712378734
DUISBURG-MEIDERICH SCHLEUSE UW,2026-06-30 18:50:00+00:00,18.26,17.680490936559494,17.680490936559494,,5,0.5795090634405078,0.5795090634405078
DUISBURG-MEIDERICH SCHLEUSE OW,2026-06-30 18:51:00+00:00,25.02,24.408899428762126,24.408899428762126,,5,0.6111005712378734,0.6111005712378734
DUISBURG-MEIDERICH SCHLEUSE UW,2026-06-30 18:51:00+00:00,18.26,17.680490936559494,17.680490936559494,,5,0.5795090634405078,0.5795090634405078
DUISBURG-MEIDERICH SCHLEUSE OW,2026-06-30 18:52:00+00:00,25.02,24.408899428762126,24.408899428762126,,5,0.6111005712378734,0.6111005712378734
DUISBURG-MEIDERICH SCHLEUSE UW,2026-06-30 18:52:00+00:00,18.26,17.680490936559494,17.680490936559494,,5,0.5795090634405078,0.5795090634405078
DUISBURG-MEIDERICH SCHLEUSE OW,2026-06-30 18:53:00+00:00,25.02,24.408899428762126,24.408899428762126,,5,0.6111005712378734,0.6111005712378734
DUISBURG-MEIDERICH SCHLEUSE UW,2026-06-30 18:53:00+00:00,18.26,17.680490936559494,17.680490936559494,,5,0.5795090634405078,0.5795090634405078
DUISBURG-MEIDERICH SCHLEUSE OW,2026-06-30 18:54:00+00:00,25.02,24.408899428762126,24.408899428762126,,5,0.6111005712378734,0.6111005712378734
DUISBURG-MEIDERICH SCHLEUSE UW,2026-06-30 18:54:00+00:00,18.26,17.680490936559494,17.680490936559494,,5,0.5795090634405078,0.5795090634405078
Basel-Rheinhalle,2026-06-30 18:55:00+00:00,532.0,512.8567617840694,512.8567617840694,,5,19.143238215930637,19.143238215930637
DUISBURG-MEIDERICH SCHLEUSE OW,2026-06-30 18:55:00+00:00,25.02,24.408899428762126,24.408899428762126,,5,0.6111005712378734,0.6111005712378734
DUISBURG-MEIDERICH SCHLEUSE UW,2026-06-30 18:55:00+00:00,18.26,17.680490936559494,17.680490936559494,,5,0.5795090634405078,0.5795090634405078
DUISBURG-MEIDERICH SCHLEUSE OW,2026-06-30 18:56:00+00:00,25.02,24.408899428762126,24.408899428762126,,5,0.6111005712378734,0.6111005712378734
DUISBURG-MEIDERICH SCHLEUSE UW,2026-06-30 18:56:00+00:00,18.27,17.680490936559494,17.680490936559494,,5,0.5895090634405058,0.5895090634405058
DUISBURG-MEIDERICH SCHLEUSE OW,2026-06-30 18:57:00+00:00,25.02,24.408899428762126,24.408899428762126,,5,0.6111005712378734,0.6111005712378734
DUISBURG-MEIDERICH SCHLEUSE UW,2026-06-30 18:57:00+00:00,18.27,17.680490936559494,17.680490936559494,,5,0.5895090634405058,0.5895090634405058
DUISBURG-MEIDERICH SCHLEUSE OW,2026-06-30 18:58:00+00:00,25.02,24.546694586051572,24.546694586051572,,5,0.4733054139484274,0.4733054139484274
DUISBURG-MEIDERICH SCHLEUSE UW,2026-06-30 18:58:00+00:00,18.27,17.680490936559494,17.680490936559494,,5,0.5895090634405058,0.5895090634405058
DUISBURG-MEIDERICH SCHLEUSE OW,2026-06-30 18:59:00+00:00,25.02,24.546694586051572,24.546694586051572,,5,0.4733054139484274,0.4733054139484274
DUISBURG-MEIDERICH SCHLEUSE UW,2026-06-30 18:59:00+00:00,18.27,17.680490936559494,17.680490936559494,,5,0.5895090634405058,0.5895090634405058
Basel-Rheinhalle,2026-06-30 19:00:00+00:00,485.0,513.3857665883834,513.3857665883834,,5,-28.385766588383376,28.385766588383376
DUISBURG-MEIDERICH SCHLEUSE OW,2026-06-30 19:00:00+00:00,25.02,24.948230127021112,24.948230127021112,,5,0.07176987297888715,0.07176987297888715
DUISBURG-MEIDERICH SCHLEUSE UW,2026-06-30 19:00:00+00:00,18.27,18.082026477529034,18.082026477529034,,5,0.18797352247096555,0.18797352247096555
DUISBURG-MEIDERICH SCHLEUSE OW,2026-06-30 19:01:00+00:00,25.02,25.015465737326792,25.015465737326792,,5,0.004534262673207223,0.004534262673207223
DUISBURG-MEIDERICH SCHLEUSE UW,2026-06-30 19:01:00+00:00,18.27,18.149262087834714,18.149262087834714,,5,0.12073791216528562,0.12073791216528562
DUISBURG-MEIDERICH SCHLEUSE OW,2026-06-30 19:02:00+00:00,25.02,24.877670580037346,24.877670580037346,,5,0.14232941996265325,0.14232941996265325
DUISBURG-MEIDERICH SCHLEUSE UW,2026-06-30 19:02:00+00:00,18.27,18.149262087834714,18.149262087834714,,5,0.12073791216528562,0.12073791216528562
DUISBURG-MEIDERICH SCHLEUSE OW,2026-06-30 19:03:00+00:00,25.02,24.810434969731666,24.810434969731666,,5,0.20956503026833317,0.20956503026833317
DUISBURG-MEIDERICH SCHLEUSE UW,2026-06-30 19:03:00+00:00,18.27,18.082026477529034,18.082026477529034,,5,0.18797352247096555,0.18797352247096555
DUISBURG-MEIDERICH SCHLEUSE OW,2026-06-30 19:04:00+00:00,25.02,24.948230127021112,24.948230127021112,,5,0.07176987297888715,0.07176987297888715
DUISBURG-MEIDERICH SCHLEUSE UW,2026-06-30 19:04:00+00:00,18.27,18.082026477529034,18.082026477529034,,5,0.18797352247096555,0.18797352247096555
Basel-Rheinhalle,2026-06-30 19:05:00+00:00,483.0,513.369823300238,513.369823300238,,5,-30.369823300237954,30.369823300237954
DUISBURG-MEIDERICH SCHLEUSE OW,2026-06-30 19:05:00+00:00,25.02,24.948230127021112,24.948230127021112,,5,0.07176987297888715,0.07176987297888715
DUISBURG-MEIDERICH SCHLEUSE UW,2026-06-30 19:05:00+00:00,18.27,18.082026477529034,18.082026477529034,,5,0.18797352247096555,0.18797352247096555
DUISBURG-MEIDERICH SCHLEUSE OW,2026-06-30 19:06:00+00:00,25.02,24.948230127021112,24.948230127021112,,5,0.07176987297888715,0.07176987297888715
DUISBURG-MEIDERICH SCHLEUSE UW,2026-06-30 19:06:00+00:00,18.27,18.082026477529034,18.082026477529034,,5,0.18797352247096555,0.18797352247096555
DUISBURG-MEIDERICH SCHLEUSE OW,2026-06-30 19:07:00+00:00,25.02,24.948230127021112,24.948230127021112,,5,0.07176987297888715,0.07176987297888715
DUISBURG-MEIDERICH SCHLEUSE UW,2026-06-30 19:07:00+00:00,18.26,18.082026477529034,18.082026477529034,,5,0.17797352247096754,0.17797352247096754
DUISBURG-MEIDERICH SCHLEUSE OW,2026-06-30 19:08:00+00:00,25.02,24.948230127021112,24.948230127021112,,5,0.07176987297888715,0.07176987297888715
DUISBURG-MEIDERICH SCHLEUSE UW,2026-06-30 19:08:00+00:00,18.26,18.082026477529034,18.082026477529034,,5,0.17797352247096754,0.17797352247096754
DUISBURG-MEIDERICH SCHLEUSE OW,2026-06-30 19:09:00+00:00,25.02,24.948230127021112,24.948230127021112,,5,0.07176987297888715,0.07176987297888715
DUISBURG-MEIDERICH SCHLEUSE UW,2026-06-30 19:09:00+00:00,18.26,18.082026477529034,18.082026477529034,,5,0.17797352247096754,0.17797352247096754
DUISBURG-MEIDERICH SCHLEUSE OW,2026-06-30 19:10:00+00:00,25.02,24.948230127021112,24.948230127021112,,5,0.07176987297888715,0.07176987297888715
DUISBURG-MEIDERICH SCHLEUSE UW,2026-06-30 19:10:00+00:00,18.26,18.082026477529034,18.082026477529034,,5,0.17797352247096754,0.17797352247096754
DUISBURG-MEIDERICH SCHLEUSE OW,2026-06-30 19:11:00+00:00,25.02,24.948230127021112,24.948230127021112,,5,0.07176987297888715,0.07176987297888715
DUISBURG-MEIDERICH SCHLEUSE UW,2026-06-30 19:11:00+00:00,18.26,18.082026477529034,18.082026477529034,,5,0.17797352247096754,0.17797352247096754
DUISBURG-MEIDERICH SCHLEUSE OW,2026-06-30 19:12:00+00:00,25.01,24.948230127021112,24.948230127021112,,5,0.06176987297888914,0.06176987297888914
DUISBURG-MEIDERICH SCHLEUSE UW,2026-06-30 19:12:00+00:00,18.26,18.082026477529034,18.082026477529034,,5,0.17797352247096754,0.17797352247096754
DUISBURG-MEIDERICH SCHLEUSE OW,2026-06-30 19:13:00+00:00,25.01,24.948230127021112,24.948230127021112,,5,0.06176987297888914,0.06176987297888914
DUISBURG-MEIDERICH SCHLEUSE UW,2026-06-30 19:13:00+00:00,18.26,18.082026477529034,18.082026477529034,,5,0.17797352247096754,0.17797352247096754
DUISBURG-MEIDERICH SCHLEUSE OW,2026-06-30 19:14:00+00:00,25.01,24.948230127021112,24.948230127021112,,5,0.06176987297888914,0.06176987297888914
DUISBURG-MEIDERICH SCHLEUSE UW,2026-06-30 19:14:00+00:00,18.26,18.082026477529034,18.082026477529034,,5,0.17797352247096754,0.17797352247096754
DUISBURG-MEIDERICH SCHLEUSE OW,2026-06-30 19:15:00+00:00,25.01,24.948230127021112,24.948230127021112,,5,0.06176987297888914,0.06176987297888914
DUISBURG-MEIDERICH SCHLEUSE UW,2026-06-30 19:15:00+00:00,18.26,18.082026477529034,18.082026477529034,,5,0.17797352247096754,0.17797352247096754
DUISBURG-MEIDERICH SCHLEUSE OW,2026-06-30 19:16:00+00:00,25.01,24.948230127021112,24.948230127021112,,5,0.06176987297888914,0.06176987297888914
DUISBURG-MEIDERICH SCHLEUSE UW,2026-06-30 19:16:00+00:00,18.26,18.082026477529034,18.082026477529034,,5,0.17797352247096754,0.17797352247096754
DUISBURG-MEIDERICH SCHLEUSE OW,2026-06-30 19:17:00+00:00,25.01,24.948230127021112,24.948230127021112,,5,0.06176987297888914,0.06176987297888914
DUISBURG-MEIDERICH SCHLEUSE UW,2026-06-30 19:17:00+00:00,18.26,18.082026477529034,18.082026477529034,,5,0.17797352247096754,0.17797352247096754
DUISBURG-MEIDERICH SCHLEUSE OW,2026-06-30 19:18:00+00:00,25.01,24.948230127021112,24.948230127021112,,5,0.06176987297888914,0.06176987297888914
DUISBURG-MEIDERICH SCHLEUSE UW,2026-06-30 19:18:00+00:00,18.26,18.082026477529034,18.082026477529034,,5,0.17797352247096754,0.17797352247096754
DUISBURG-MEIDERICH SCHLEUSE OW,2026-06-30 19:19:00+00:00,25.01,24.948230127021112,24.948230127021112,,5,0.06176987297888914,0.06176987297888914
DUISBURG-MEIDERICH SCHLEUSE UW,2026-06-30 19:19:00+00:00,18.26,18.082026477529034,18.082026477529034,,5,0.17797352247096754,0.17797352247096754
DUISBURG-MEIDERICH SCHLEUSE OW,2026-06-30 19:20:00+00:00,25.01,24.948230127021112,24.948230127021112,,5,0.06176987297888914,0.06176987297888914
DUISBURG-MEIDERICH SCHLEUSE UW,2026-06-30 19:20:00+00:00,18.26,18.082026477529034,18.082026477529034,,5,0.17797352247096754,0.17797352247096754
DUISBURG-MEIDERICH SCHLEUSE OW,2026-06-30 19:21:00+00:00,25.01,24.948230127021112,24.948230127021112,,5,0.06176987297888914,0.06176987297888914
DUISBURG-MEIDERICH SCHLEUSE UW,2026-06-30 19:21:00+00:00,18.26,18.082026477529034,18.082026477529034,,5,0.17797352247096754,0.17797352247096754
DUISBURG-MEIDERICH SCHLEUSE OW,2026-06-30 19:22:00+00:00,25.01,24.948230127021112,24.948230127021112,,5,0.06176987297888914,0.06176987297888914
DUISBURG-MEIDERICH SCHLEUSE UW,2026-06-30 19:22:00+00:00,18.26,18.082026477529034,18.082026477529034,,5,0.17797352247096754,0.17797352247096754
DUISBURG-MEIDERICH SCHLEUSE OW,2026-06-30 19:23:00+00:00,25.01,24.948230127021112,24.948230127021112,,5,0.06176987297888914,0.06176987297888914
DUISBURG-MEIDERICH SCHLEUSE UW,2026-06-30 19:23:00+00:00,18.26,18.082026477529034,18.082026477529034,,5,0.17797352247096754,0.17797352247096754
DUISBURG-MEIDERICH SCHLEUSE OW,2026-06-30 19:24:00+00:00,25.01,24.948230127021112,24.948230127021112,,5,0.06176987297888914,0.06176987297888914
DUISBURG-MEIDERICH SCHLEUSE UW,2026-06-30 19:24:00+00:00,18.26,18.082026477529034,18.082026477529034,,5,0.17797352247096754,0.17797352247096754
DUISBURG-MEIDERICH SCHLEUSE OW,2026-06-30 19:25:00+00:00,25.01,24.948230127021112,24.948230127021112,,5,0.06176987297888914,0.06176987297888914
DUISBURG-MEIDERICH SCHLEUSE UW,2026-06-30 19:25:00+00:00,18.26,18.082026477529034,18.082026477529034,,5,0.17797352247096754,0.17797352247096754
DUISBURG-MEIDERICH SCHLEUSE OW,2026-06-30 19:26:00+00:00,25.01,24.948230127021112,24.948230127021112,,5,0.06176987297888914,0.06176987297888914
DUISBURG-MEIDERICH SCHLEUSE UW,2026-06-30 19:26:00+00:00,18.26,18.082026477529034,18.082026477529034,,5,0.17797352247096754,0.17797352247096754
DUISBURG-MEIDERICH SCHLEUSE OW,2026-06-30 19:27:00+00:00,25.01,24.948230127021112,24.948230127021112,,5,0.06176987297888914,0.06176987297888914
DUISBURG-MEIDERICH SCHLEUSE UW,2026-06-30 19:27:00+00:00,18.26,18.082026477529034,18.082026477529034,,5,0.17797352247096754,0.17797352247096754
DUISBURG-MEIDERICH SCHLEUSE OW,2026-06-30 19:28:00+00:00,25.01,24.948230127021112,24.948230127021112,,5,0.06176987297888914,0.06176987297888914
DUISBURG-MEIDERICH SCHLEUSE UW,2026-06-30 19:28:00+00:00,18.26,18.082026477529034,18.082026477529034,,5,0.17797352247096754,0.17797352247096754
DUISBURG-MEIDERICH SCHLEUSE OW,2026-06-30 19:29:00+00:00,25.01,24.948230127021112,24.948230127021112,,5,0.06176987297888914,0.06176987297888914
DUISBURG-MEIDERICH SCHLEUSE UW,2026-06-30 19:29:00+00:00,18.26,18.082026477529034,18.082026477529034,,5,0.17797352247096754,0.17797352247096754
DUISBURG-MEIDERICH SCHLEUSE OW,2026-06-30 19:30:00+00:00,25.01,24.948230127021112,24.948230127021112,,5,0.06176987297888914,0.06176987297888914
DUISBURG-MEIDERICH SCHLEUSE UW,2026-06-30 19:30:00+00:00,18.26,18.082026477529034,18.082026477529034,,5,0.17797352247096754,0.17797352247096754
DUISBURG-MEIDERICH SCHLEUSE OW,2026-06-30 19:31:00+00:00,25.01,24.948230127021112,24.948230127021112,,5,0.06176987297888914,0.06176987297888914
DUISBURG-MEIDERICH SCHLEUSE UW,2026-06-30 19:31:00+00:00,18.26,18.082026477529034,18.082026477529034,,5,0.17797352247096754,0.17797352247096754
DUISBURG-MEIDERICH SCHLEUSE OW,2026-06-30 19:32:00+00:00,25.01,24.948230127021112,24.948230127021112,,5,0.06176987297888914,0.06176987297888914
DUISBURG-MEIDERICH SCHLEUSE UW,2026-06-30 19:32:00+00:00,18.26,18.082026477529034,18.082026477529034,,5,0.17797352247096754,0.17797352247096754
DUISBURG-MEIDERICH SCHLEUSE OW,2026-06-30 19:33:00+00:00,25.0,24.948230127021112,24.948230127021112,,5,0.05176987297888758,0.05176987297888758
DUISBURG-MEIDERICH SCHLEUSE UW,2026-06-30 19:33:00+00:00,18.26,18.082026477529034,18.082026477529034,,5,0.17797352247096754,0.17797352247096754
DUISBURG-MEIDERICH SCHLEUSE OW,2026-06-30 19:34:00+00:00,25.0,24.948230127021112,24.948230127021112,,5,0.05176987297888758,0.05176987297888758
DUISBURG-MEIDERICH SCHLEUSE UW,2026-06-30 19:34:00+00:00,18.26,18.082026477529034,18.082026477529034,,5,0.17797352247096754,0.17797352247096754
DUISBURG-MEIDERICH SCHLEUSE OW,2026-06-30 19:35:00+00:00,25.0,24.948230127021112,24.948230127021112,,5,0.05176987297888758,0.05176987297888758
DUISBURG-MEIDERICH SCHLEUSE UW,2026-06-30 19:35:00+00:00,18.26,18.082026477529034,18.082026477529034,,5,0.17797352247096754,0.17797352247096754
DUISBURG-MEIDERICH SCHLEUSE OW,2026-06-30 19:36:00+00:00,25.0,24.948230127021112,24.948230127021112,,5,0.05176987297888758,0.05176987297888758
DUISBURG-MEIDERICH SCHLEUSE UW,2026-06-30 19:36:00+00:00,18.26,18.082026477529034,18.082026477529034,,5,0.17797352247096754,0.17797352247096754
DUISBURG-MEIDERICH SCHLEUSE OW,2026-06-30 19:37:00+00:00,25.0,24.948230127021112,24.948230127021112,,5,0.05176987297888758,0.05176987297888758
DUISBURG-MEIDERICH SCHLEUSE UW,2026-06-30 19:37:00+00:00,18.26,18.082026477529034,18.082026477529034,,5,0.17797352247096754,0.17797352247096754
DUISBURG-MEIDERICH SCHLEUSE OW,2026-06-30 19:38:00+00:00,25.0,24.948230127021112,24.948230127021112,,5,0.05176987297888758,0.05176987297888758
DUISBURG-MEIDERICH SCHLEUSE UW,2026-06-30 19:38:00+00:00,18.26,18.082026477529034,18.082026477529034,,5,0.17797352247096754,0.17797352247096754
DUISBURG-MEIDERICH SCHLEUSE OW,2026-06-30 19:39:00+00:00,25.0,24.810434969731666,24.810434969731666,,5,0.1895650302683336,0.1895650302683336
DUISBURG-MEIDERICH SCHLEUSE UW,2026-06-30 19:39:00+00:00,18.26,18.082026477529034,18.082026477529034,,5,0.17797352247096754,0.17797352247096754
DUISBURG-MEIDERICH SCHLEUSE OW,2026-06-30 19:40:00+00:00,25.0,24.810434969731666,24.810434969731666,,5,0.1895650302683336,0.1895650302683336
DUISBURG-MEIDERICH SCHLEUSE UW,2026-06-30 19:40:00+00:00,18.26,18.082026477529034,18.082026477529034,,5,0.17797352247096754,0.17797352247096754
DUISBURG-MEIDERICH SCHLEUSE OW,2026-06-30 19:41:00+00:00,25.0,24.810434969731666,24.810434969731666,,5,0.1895650302683336,0.1895650302683336
DUISBURG-MEIDERICH SCHLEUSE UW,2026-06-30 19:41:00+00:00,18.26,18.082026477529034,18.082026477529034,,5,0.17797352247096754,0.17797352247096754
DUISBURG-MEIDERICH SCHLEUSE OW,2026-06-30 19:42:00+00:00,25.0,24.810434969731666,24.810434969731666,,5,0.1895650302683336,0.1895650302683336
DUISBURG-MEIDERICH SCHLEUSE UW,2026-06-30 19:42:00+00:00,18.26,18.082026477529034,18.082026477529034,,5,0.17797352247096754,0.17797352247096754
DUISBURG-MEIDERICH SCHLEUSE OW,2026-06-30 19:43:00+00:00,25.0,24.810434969731666,24.810434969731666,,5,0.1895650302683336,0.1895650302683336
DUISBURG-MEIDERICH SCHLEUSE UW,2026-06-30 19:43:00+00:00,18.26,18.082026477529034,18.082026477529034,,5,0.17797352247096754,0.17797352247096754
DUISBURG-MEIDERICH SCHLEUSE OW,2026-06-30 19:44:00+00:00,25.0,24.810434969731666,24.810434969731666,,5,0.1895650302683336,0.1895650302683336
DUISBURG-MEIDERICH SCHLEUSE UW,2026-06-30 19:44:00+00:00,18.26,18.082026477529034,18.082026477529034,,5,0.17797352247096754,0.17797352247096754
DUISBURG-MEIDERICH SCHLEUSE OW,2026-06-30 19:45:00+00:00,25.0,24.810434969731666,24.810434969731666,,5,0.1895650302683336,0.1895650302683336
DUISBURG-MEIDERICH SCHLEUSE UW,2026-06-30 19:45:00+00:00,18.26,18.082026477529034,18.082026477529034,,5,0.17797352247096754,0.17797352247096754
DUISBURG-MEIDERICH SCHLEUSE OW,2026-06-30 19:46:00+00:00,24.99,24.810434969731666,24.810434969731666,,5,0.17956503026833204,0.17956503026833204
DUISBURG-MEIDERICH SCHLEUSE UW,2026-06-30 19:46:00+00:00,18.26,18.082026477529034,18.082026477529034,,5,0.17797352247096754,0.17797352247096754
DUISBURG-MEIDERICH SCHLEUSE OW,2026-06-30 19:47:00+00:00,24.99,24.810434969731666,24.810434969731666,,5,0.17956503026833204,0.17956503026833204
DUISBURG-MEIDERICH SCHLEUSE UW,2026-06-30 19:47:00+00:00,18.26,18.082026477529034,18.082026477529034,,5,0.17797352247096754,0.17797352247096754
DUISBURG-MEIDERICH SCHLEUSE OW,2026-06-30 19:48:00+00:00,24.99,24.810434969731666,24.810434969731666,,5,0.17956503026833204,0.17956503026833204
DUISBURG-MEIDERICH SCHLEUSE UW,2026-06-30 19:48:00+00:00,18.26,18.082026477529034,18.082026477529034,,5,0.17797352247096754,0.17797352247096754
DUISBURG-MEIDERICH SCHLEUSE OW,2026-06-30 19:49:00+00:00,24.99,24.810434969731666,24.810434969731666,,5,0.17956503026833204,0.17956503026833204
DUISBURG-MEIDERICH SCHLEUSE UW,2026-06-30 19:49:00+00:00,18.26,18.082026477529034,18.082026477529034,,5,0.17797352247096754,0.17797352247096754
DUISBURG-MEIDERICH SCHLEUSE OW,2026-06-30 19:50:00+00:00,24.99,24.810434969731666,24.810434969731666,,5,0.17956503026833204,0.17956503026833204
DUISBURG-MEIDERICH SCHLEUSE UW,2026-06-30 19:50:00+00:00,18.26,18.082026477529034,18.082026477529034,,5,0.17797352247096754,0.17797352247096754
DUISBURG-MEIDERICH SCHLEUSE OW,2026-06-30 19:51:00+00:00,24.99,24.810434969731666,24.810434969731666,,5,0.17956503026833204,0.17956503026833204
DUISBURG-MEIDERICH SCHLEUSE UW,2026-06-30 19:51:00+00:00,18.26,18.082026477529034,18.082026477529034,,5,0.17797352247096754,0.17797352247096754
DUISBURG-MEIDERICH SCHLEUSE OW,2026-06-30 19:52:00+00:00,24.99,24.810434969731666,24.810434969731666,,5,0.17956503026833204,0.17956503026833204
DUISBURG-MEIDERICH SCHLEUSE UW,2026-06-30 19:52:00+00:00,18.26,18.082026477529034,18.082026477529034,,5,0.17797352247096754,0.17797352247096754
DUISBURG-MEIDERICH SCHLEUSE OW,2026-06-30 19:53:00+00:00,24.99,24.810434969731666,24.810434969731666,,5,0.17956503026833204,0.17956503026833204
DUISBURG-MEIDERICH SCHLEUSE UW,2026-06-30 19:53:00+00:00,18.26,18.082026477529034,18.082026477529034,,5,0.17797352247096754,0.17797352247096754
DUISBURG-MEIDERICH SCHLEUSE OW,2026-06-30 19:54:00+00:00,24.99,24.810434969731666,24.810434969731666,,5,0.17956503026833204,0.17956503026833204
DUISBURG-MEIDERICH SCHLEUSE UW,2026-06-30 19:54:00+00:00,18.26,18.082026477529034,18.082026477529034,,5,0.17797352247096754,0.17797352247096754
DUISBURG-MEIDERICH SCHLEUSE OW,2026-06-30 19:55:00+00:00,24.99,24.810434969731666,24.810434969731666,,5,0.17956503026833204,0.17956503026833204
DUISBURG-MEIDERICH SCHLEUSE UW,2026-06-30 19:55:00+00:00,18.26,18.082026477529034,18.082026477529034,,5,0.17797352247096754,0.17797352247096754
DUISBURG-MEIDERICH SCHLEUSE OW,2026-06-30 19:56:00+00:00,24.99,24.810434969731666,24.810434969731666,,5,0.17956503026833204,0.17956503026833204
DUISBURG-MEIDERICH SCHLEUSE UW,2026-06-30 19:56:00+00:00,18.26,18.082026477529034,18.082026477529034,,5,0.17797352247096754,0.17797352247096754
DUISBURG-MEIDERICH SCHLEUSE OW,2026-06-30 19:57:00+00:00,24.99,24.810434969731666,24.810434969731666,,5,0.17956503026833204,0.17956503026833204
DUISBURG-MEIDERICH SCHLEUSE UW,2026-06-30 19:57:00+00:00,18.26,18.082026477529034,18.082026477529034,,5,0.17797352247096754,0.17797352247096754
DUISBURG-MEIDERICH SCHLEUSE OW,2026-06-30 19:58:00+00:00,24.98,24.810434969731666,24.810434969731666,,5,0.16956503026833403,0.16956503026833403
DUISBURG-MEIDERICH SCHLEUSE UW,2026-06-30 19:58:00+00:00,18.26,18.082026477529034,18.082026477529034,,5,0.17797352247096754,0.17797352247096754
DUISBURG-MEIDERICH SCHLEUSE OW,2026-06-30 19:59:00+00:00,24.98,24.810434969731666,24.810434969731666,,5,0.16956503026833403,0.16956503026833403
DUISBURG-MEIDERICH SCHLEUSE UW,2026-06-30 19:59:00+00:00,18.26,18.082026477529034,18.082026477529034,,5,0.17797352247096754,0.17797352247096754
DUISBURG-MEIDERICH SCHLEUSE OW,2026-06-30 20:00:00+00:00,24.98,24.806250573639247,24.806250573639247,,5,0.17374942636075374,0.17374942636075374
DUISBURG-MEIDERICH SCHLEUSE UW,2026-06-30 20:00:00+00:00,18.26,18.077842081436614,18.077842081436614,,5,0.18215791856338726,0.18215791856338726
DUISBURG-MEIDERICH SCHLEUSE OW,2026-06-30 20:01:00+00:00,24.98,25.121628751356038,25.121628751356038,,5,-0.1416287513560377,0.1416287513560377
DUISBURG-MEIDERICH SCHLEUSE UW,2026-06-30 20:01:00+00:00,18.26,18.393220259153406,18.393220259153406,,5,-0.13322025915340419,0.13322025915340419
DUISBURG-MEIDERICH SCHLEUSE OW,2026-06-30 20:02:00+00:00,24.98,25.18129653123842,25.18129653123842,,5,-0.20129653123841962,0.20129653123841962
DUISBURG-MEIDERICH SCHLEUSE UW,2026-06-30 20:02:00+00:00,18.26,18.452888039035788,18.452888039035788,,5,-0.1928880390357861,0.1928880390357861
DUISBURG-MEIDERICH SCHLEUSE OW,2026-06-30 20:03:00+00:00,24.98,24.794925634264345,24.794925634264345,,5,0.18507436573565528,0.18507436573565528
DUISBURG-MEIDERICH SCHLEUSE UW,2026-06-30 20:03:00+00:00,18.26,18.06546998397789,18.06546998397789,,5,0.19453001602211017,0.19453001602211017
DUISBURG-MEIDERICH SCHLEUSE OW,2026-06-30 20:04:00+00:00,24.98,24.794925634264345,24.794925634264345,,5,0.18507436573565528,0.18507436573565528
DUISBURG-MEIDERICH SCHLEUSE UW,2026-06-30 20:04:00+00:00,18.26,18.06546998397789,18.06546998397789,,5,0.19453001602211017,0.19453001602211017
DUISBURG-MEIDERICH SCHLEUSE OW,2026-06-30 20:05:00+00:00,24.98,24.644368443271137,24.644368443271137,,5,0.33563155672886325,0.33563155672886325
DUISBURG-MEIDERICH SCHLEUSE UW,2026-06-30 20:05:00+00:00,18.26,17.914912792984683,17.914912792984683,,5,0.34508720701531814,0.34508720701531814
DUISBURG-MEIDERICH SCHLEUSE OW,2026-06-30 20:06:00+00:00,24.98,24.638870136334855,24.638870136334855,,5,0.3411298636651452,0.3411298636651452
DUISBURG-MEIDERICH SCHLEUSE UW,2026-06-30 20:06:00+00:00,18.26,17.89295777730047,17.89295777730047,,5,0.36704222269953135,0.36704222269953135
DUISBURG-MEIDERICH SCHLEUSE OW,2026-06-30 20:07:00+00:00,24.98,24.638870136334855,24.638870136334855,,5,0.3411298636651452,0.3411298636651452
DUISBURG-MEIDERICH SCHLEUSE UW,2026-06-30 20:07:00+00:00,18.26,17.89295777730047,17.89295777730047,,5,0.36704222269953135,0.36704222269953135
DUISBURG-MEIDERICH SCHLEUSE OW,2026-06-30 20:08:00+00:00,24.98,24.638870136334855,24.638870136334855,,5,0.3411298636651452,0.3411298636651452
DUISBURG-MEIDERICH SCHLEUSE UW,2026-06-30 20:08:00+00:00,18.26,17.89295777730047,17.89295777730047,,5,0.36704222269953135,0.36704222269953135
DUISBURG-MEIDERICH SCHLEUSE OW,2026-06-30 20:09:00+00:00,24.98,25.393261667738898,25.393261667738898,,5,-0.4132616677388974,0.4132616677388974
DUISBURG-MEIDERICH SCHLEUSE UW,2026-06-30 20:09:00+00:00,18.26,18.647349308704513,18.647349308704513,,5,-0.38734930870451123,0.38734930870451123
DUISBURG-MEIDERICH SCHLEUSE OW,2026-06-30 20:10:00+00:00,24.98,25.393261667738898,25.393261667738898,,5,-0.4132616677388974,0.4132616677388974
DUISBURG-MEIDERICH SCHLEUSE UW,2026-06-30 20:10:00+00:00,18.26,18.647349308704513,18.647349308704513,,5,-0.38734930870451123,0.38734930870451123
DUISBURG-MEIDERICH SCHLEUSE OW,2026-06-30 20:11:00+00:00,24.98,25.393261667738898,25.393261667738898,,5,-0.4132616677388974,0.4132616677388974
DUISBURG-MEIDERICH SCHLEUSE UW,2026-06-30 20:11:00+00:00,18.26,18.647349308704513,18.647349308704513,,5,-0.38734930870451123,0.38734930870451123
DUISBURG-MEIDERICH SCHLEUSE OW,2026-06-30 20:12:00+00:00,24.98,25.393261667738898,25.393261667738898,,5,-0.4132616677388974,0.4132616677388974
DUISBURG-MEIDERICH SCHLEUSE UW,2026-06-30 20:12:00+00:00,18.26,18.647349308704513,18.647349308704513,,5,-0.38734930870451123,0.38734930870451123
DUISBURG-MEIDERICH SCHLEUSE OW,2026-06-30 20:13:00+00:00,24.97,25.383331270765535,25.383331270765535,,5,-0.41333127076553566,0.41333127076553566
DUISBURG-MEIDERICH SCHLEUSE UW,2026-06-30 20:13:00+00:00,18.26,18.647349308704513,18.647349308704513,,5,-0.38734930870451123,0.38734930870451123
DUISBURG-MEIDERICH SCHLEUSE OW,2026-06-30 20:14:00+00:00,24.97,25.383331270765535,25.383331270765535,,5,-0.41333127076553566,0.41333127076553566
DUISBURG-MEIDERICH SCHLEUSE UW,2026-06-30 20:14:00+00:00,18.26,18.647349308704513,18.647349308704513,,5,-0.38734930870451123,0.38734930870451123
DUISBURG-MEIDERICH SCHLEUSE OW,2026-06-30 20:15:00+00:00,24.97,25.383331270765535,25.383331270765535,,5,-0.41333127076553566,0.41333127076553566
DUISBURG-MEIDERICH SCHLEUSE UW,2026-06-30 20:15:00+00:00,18.26,18.647349308704513,18.647349308704513,,5,-0.38734930870451123,0.38734930870451123
DUISBURG-MEIDERICH SCHLEUSE OW,2026-06-30 20:16:00+00:00,24.97,25.383331270765535,25.383331270765535,,5,-0.41333127076553566,0.41333127076553566
DUISBURG-MEIDERICH SCHLEUSE UW,2026-06-30 20:16:00+00:00,18.26,18.647349308704513,18.647349308704513,,5,-0.38734930870451123,0.38734930870451123
DUISBURG-MEIDERICH SCHLEUSE OW,2026-06-30 20:17:00+00:00,24.97,25.383331270765535,25.383331270765535,,5,-0.41333127076553566,0.41333127076553566
DUISBURG-MEIDERICH SCHLEUSE UW,2026-06-30 20:17:00+00:00,18.26,18.647349308704513,18.647349308704513,,5,-0.38734930870451123,0.38734930870451123
DUISBURG-MEIDERICH SCHLEUSE OW,2026-06-30 20:18:00+00:00,24.97,25.383331270765535,25.383331270765535,,5,-0.41333127076553566,0.41333127076553566
DUISBURG-MEIDERICH SCHLEUSE UW,2026-06-30 20:18:00+00:00,18.26,18.647349308704513,18.647349308704513,,5,-0.38734930870451123,0.38734930870451123
DUISBURG-MEIDERICH SCHLEUSE OW,2026-06-30 20:19:00+00:00,24.97,25.383331270765535,25.383331270765535,,5,-0.41333127076553566,0.41333127076553566
DUISBURG-MEIDERICH SCHLEUSE UW,2026-06-30 20:19:00+00:00,18.26,18.647349308704513,18.647349308704513,,5,-0.38734930870451123,0.38734930870451123
DUISBURG-MEIDERICH SCHLEUSE OW,2026-06-30 20:20:00+00:00,24.97,25.383331270765535,25.383331270765535,,5,-0.41333127076553566,0.41333127076553566
DUISBURG-MEIDERICH SCHLEUSE UW,2026-06-30 20:20:00+00:00,18.26,18.647349308704513,18.647349308704513,,5,-0.38734930870451123,0.38734930870451123
DUISBURG-MEIDERICH SCHLEUSE OW,2026-06-30 20:21:00+00:00,24.97,25.383331270765535,25.383331270765535,,5,-0.41333127076553566,0.41333127076553566
DUISBURG-MEIDERICH SCHLEUSE UW,2026-06-30 20:21:00+00:00,18.26,18.647349308704513,18.647349308704513,,5,-0.38734930870451123,0.38734930870451123
DUISBURG-MEIDERICH SCHLEUSE OW,2026-06-30 20:22:00+00:00,24.97,25.383331270765535,25.383331270765535,,5,-0.41333127076553566,0.41333127076553566
DUISBURG-MEIDERICH SCHLEUSE UW,2026-06-30 20:22:00+00:00,18.26,18.647349308704513,18.647349308704513,,5,-0.38734930870451123,0.38734930870451123
DUISBURG-MEIDERICH SCHLEUSE OW,2026-06-30 20:23:00+00:00,24.97,25.377941296423263,25.377941296423263,,5,-0.4079412964232638,0.4079412964232638
DUISBURG-MEIDERICH SCHLEUSE UW,2026-06-30 20:23:00+00:00,18.26,18.647349308704513,18.647349308704513,,5,-0.38734930870451123,0.38734930870451123
DUISBURG-MEIDERICH SCHLEUSE OW,2026-06-30 20:24:00+00:00,24.97,25.377941296423263,25.377941296423263,,5,-0.4079412964232638,0.4079412964232638
DUISBURG-MEIDERICH SCHLEUSE UW,2026-06-30 20:24:00+00:00,18.25,18.647349308704513,18.647349308704513,,5,-0.3973493087045128,0.3973493087045128
DUISBURG-MEIDERICH SCHLEUSE OW,2026-06-30 20:25:00+00:00,24.97,25.37532974509484,25.37532974509484,,5,-0.40532974509484276,0.40532974509484276
DUISBURG-MEIDERICH SCHLEUSE UW,2026-06-30 20:25:00+00:00,18.25,18.647349308704513,18.647349308704513,,5,-0.3973493087045128,0.3973493087045128
DUISBURG-MEIDERICH SCHLEUSE OW,2026-06-30 20:26:00+00:00,24.97,25.37532974509484,25.37532974509484,,5,-0.40532974509484276,0.40532974509484276
DUISBURG-MEIDERICH SCHLEUSE UW,2026-06-30 20:26:00+00:00,18.26,18.647349308704513,18.647349308704513,,5,-0.38734930870451123,0.38734930870451123
DUISBURG-MEIDERICH SCHLEUSE OW,2026-06-30 20:27:00+00:00,24.97,25.37532974509484,25.37532974509484,,5,-0.40532974509484276,0.40532974509484276
DUISBURG-MEIDERICH SCHLEUSE UW,2026-06-30 20:27:00+00:00,18.26,18.647349308704513,18.647349308704513,,5,-0.38734930870451123,0.38734930870451123
DUISBURG-MEIDERICH SCHLEUSE OW,2026-06-30 20:28:00+00:00,24.96,25.37532974509484,25.37532974509484,,5,-0.4153297450948408,0.4153297450948408
DUISBURG-MEIDERICH SCHLEUSE UW,2026-06-30 20:28:00+00:00,18.25,18.647349308704513,18.647349308704513,,5,-0.3973493087045128,0.3973493087045128
DUISBURG-MEIDERICH SCHLEUSE OW,2026-06-30 20:29:00+00:00,24.96,25.37532974509484,25.37532974509484,,5,-0.4153297450948408,0.4153297450948408
DUISBURG-MEIDERICH SCHLEUSE UW,2026-06-30 20:29:00+00:00,18.25,18.647349308704513,18.647349308704513,,5,-0.3973493087045128,0.3973493087045128
DUISBURG-MEIDERICH SCHLEUSE OW,2026-06-30 20:30:00+00:00,24.96,25.37532974509484,25.37532974509484,,5,-0.4153297450948408,0.4153297450948408
DUISBURG-MEIDERICH SCHLEUSE UW,2026-06-30 20:30:00+00:00,18.25,18.647349308704513,18.647349308704513,,5,-0.3973493087045128,0.3973493087045128
DUISBURG-MEIDERICH SCHLEUSE OW,2026-06-30 20:31:00+00:00,24.96,25.37532974509484,25.37532974509484,,5,-0.4153297450948408,0.4153297450948408
DUISBURG-MEIDERICH SCHLEUSE UW,2026-06-30 20:31:00+00:00,18.25,18.647349308704513,18.647349308704513,,5,-0.3973493087045128,0.3973493087045128
DUISBURG-MEIDERICH SCHLEUSE OW,2026-06-30 20:32:00+00:00,24.96,25.37532974509484,25.37532974509484,,5,-0.4153297450948408,0.4153297450948408
DUISBURG-MEIDERICH SCHLEUSE UW,2026-06-30 20:32:00+00:00,18.25,18.647349308704513,18.647349308704513,,5,-0.3973493087045128,0.3973493087045128
DUISBURG-MEIDERICH SCHLEUSE OW,2026-06-30 20:33:00+00:00,24.96,25.37532974509484,25.37532974509484,,5,-0.4153297450948408,0.4153297450948408
DUISBURG-MEIDERICH SCHLEUSE UW,2026-06-30 20:33:00+00:00,18.25,18.647349308704513,18.647349308704513,,5,-0.3973493087045128,0.3973493087045128
DUISBURG-MEIDERICH SCHLEUSE OW,2026-06-30 20:34:00+00:00,24.96,25.37532974509484,25.37532974509484,,5,-0.4153297450948408,0.4153297450948408
DUISBURG-MEIDERICH SCHLEUSE UW,2026-06-30 20:34:00+00:00,18.25,18.647349308704513,18.647349308704513,,5,-0.3973493087045128,0.3973493087045128
DUISBURG-MEIDERICH SCHLEUSE OW,2026-06-30 20:35:00+00:00,24.96,25.37532974509484,25.37532974509484,,5,-0.4153297450948408,0.4153297450948408
DUISBURG-MEIDERICH SCHLEUSE UW,2026-06-30 20:35:00+00:00,18.26,18.647349308704513,18.647349308704513,,5,-0.38734930870451123,0.38734930870451123
DUISBURG-MEIDERICH SCHLEUSE OW,2026-06-30 20:36:00+00:00,25.02,25.37532974509484,25.37532974509484,,5,-0.35532974509484205,0.35532974509484205
DUISBURG-MEIDERICH SCHLEUSE UW,2026-06-30 20:36:00+00:00,17.59,18.647349308704513,18.647349308704513,,5,-1.057349308704513,1.057349308704513
DUISBURG-MEIDERICH SCHLEUSE OW,2026-06-30 20:37:00+00:00,24.94,25.37532974509484,25.37532974509484,,5,-0.43532974509484035,0.43532974509484035
DUISBURG-MEIDERICH SCHLEUSE UW,2026-06-30 20:37:00+00:00,17.59,18.647349308704513,18.647349308704513,,5,-1.057349308704513,1.057349308704513
