station_name,timestamp_utc,target_value_t_plus_24h,prediction,residual,abs_error,fold
DUISBURG-MEIDERICH SCHLEUSE OW,2026-06-30 00:37:00+00:00,24.99,24.896261163871003,0.09373883612899547,0.09373883612899547,1
DUISBURG-MEIDERICH SCHLEUSE UW,2026-06-30 00:37:00+00:00,18.17,18.20003844702216,-0.0300384470221573,0.0300384470221573,1
DUISBURG-MEIDERICH SCHLEUSE OW,2026-06-30 00:38:00+00:00,24.99,24.896261163871003,0.09373883612899547,0.09373883612899547,1
DUISBURG-MEIDERICH SCHLEUSE UW,2026-06-30 00:38:00+00:00,18.17,18.20003844702216,-0.0300384470221573,0.0300384470221573,1
DUISBURG-MEIDERICH SCHLEUSE OW,2026-06-30 00:39:00+00:00,24.99,24.896261163871003,0.09373883612899547,0.09373883612899547,1
DUISBURG-MEIDERICH SCHLEUSE UW,2026-06-30 00:39:00+00:00,18.17,18.20003844702216,-0.0300384470221573,0.0300384470221573,1
Basel-Rheinhalle,2026-06-30 00:40:00+00:00,517.0,516.8861128556302,0.11388714436975533,0.11388714436975533,1
DUISBURG-MEIDERICH SCHLEUSE OW,2026-06-30 00:40:00+00:00,24.99,24.896261163871003,0.09373883612899547,0.09373883612899547,1
DUISBURG-MEIDERICH SCHLEUSE UW,2026-06-30 00:40:00+00:00,18.17,18.20003844702216,-0.0300384470221573,0.0300384470221573,1
LOBITH,2026-06-30 00:40:00+00:00,704.0,704.7557997239508,-0.7557997239507586,0.7557997239507586,1
DUISBURG-MEIDERICH SCHLEUSE OW,2026-06-30 00:41:00+00:00,24.99,24.896261163871003,0.09373883612899547,0.09373883612899547,1
DUISBURG-MEIDERICH SCHLEUSE UW,2026-06-30 00:41:00+00:00,18.17,18.20003844702216,-0.0300384470221573,0.0300384470221573,1
DUISBURG-MEIDERICH SCHLEUSE OW,2026-06-30 00:42:00+00:00,24.99,24.896261163871003,0.09373883612899547,0.09373883612899547,1
DUISBURG-MEIDERICH SCHLEUSE UW,2026-06-30 00:42:00+00:00,18.17,18.20003844702216,-0.0300384470221573,0.0300384470221573,1
DUISBURG-MEIDERICH SCHLEUSE OW,2026-06-30 00:43:00+00:00,24.99,24.896261163871003,0.09373883612899547,0.09373883612899547,1
DUISBURG-MEIDERICH SCHLEUSE UW,2026-06-30 00:43:00+00:00,18.17,18.20003844702216,-0.0300384470221573,0.0300384470221573,1
DUISBURG-MEIDERICH SCHLEUSE OW,2026-06-30 00:44:00+00:00,24.99,24.896261163871003,0.09373883612899547,0.09373883612899547,1
DUISBURG-MEIDERICH SCHLEUSE UW,2026-06-30 00:44:00+00:00,18.17,18.20003844702216,-0.0300384470221573,0.0300384470221573,1
BINGEN,2026-06-30 00:45:00+00:00,106.0,104.98450525394725,1.0154947460527524,1.0154947460527524,1
BONN,2026-06-30 00:45:00+00:00,140.0,140.98432478651782,-0.9843247865178171,0.9843247865178171,1
BREISACH,2026-06-30 00:45:00+00:00,188.0,187.8898612247716,0.11013877522839266,0.11013877522839266,1
Basel-Rheinhalle,2026-06-30 00:45:00+00:00,519.0,515.2584864854889,3.741513514511098,3.741513514511098,1
DUISBURG-MEIDERICH SCHLEUSE OW,2026-06-30 00:45:00+00:00,24.99,24.896261163871003,0.09373883612899547,0.09373883612899547,1
DUISBURG-MEIDERICH SCHLEUSE UW,2026-06-30 00:45:00+00:00,18.17,18.20003844702216,-0.0300384470221573,0.0300384470221573,1
DUISBURG-RUHRORT,2026-06-30 00:45:00+00:00,215.0,213.77069410475605,1.2293058952439537,1.2293058952439537,1
DÜSSELDORF,2026-06-30 00:45:00+00:00,81.0,82.10492153742878,-1.1049215374287797,1.1049215374287797,1
EMMERICH,2026-06-30 00:45:00+00:00,53.0,54.26525817642746,-1.2652581764274586,1.2652581764274586,1
IFFEZHEIM,2026-06-30 00:45:00+00:00,151.0,154.58782535619707,-3.5878253561970723,3.5878253561970723,1
KAUB,2026-06-30 00:45:00+00:00,85.0,84.64001359118615,0.35998640881385313,0.35998640881385313,1
KOBLENZ,2026-06-30 00:45:00+00:00,82.0,79.68142960746002,2.318570392539982,2.318570392539982,1
KONSTANZ-RHEIN,2026-06-30 00:45:00+00:00,313.0,314.31233028606636,-1.3123302860663557,1.3123302860663557,1
Koblenz OP,2026-06-30 00:45:00+00:00,201.0,201.35064359100932,-0.35064359100931597,0.35064359100931597,1
Koblenz UP,2026-06-30 00:45:00+00:00,49.0,48.454391016747365,0.5456089832526345,0.5456089832526345,1
KÖLN,2026-06-30 00:45:00+00:00,133.0,132.2380647250691,0.7619352749308916,0.7619352749308916,1
MAINZ,2026-06-30 00:45:00+00:00,186.0,187.98956962125038,-1.9895696212503822,1.9895696212503822,1
MANNHEIM,2026-06-30 00:45:00+00:00,162.0,160.3879825344609,1.612017465539111,1.612017465539111,1
MAXAU,2026-06-30 00:45:00+00:00,411.0,409.3845455340635,1.6154544659365229,1.6154544659365229,1
REES,2026-06-30 00:45:00+00:00,96.0,97.80290116666428,-1.8029011666642845,1.8029011666642845,1
RHEINE UNTERSCHLEUSE,2026-06-30 00:45:00+00:00,204.0,211.57537606292522,-7.575376062925216,7.575376062925216,1
RHEINWEILER,2026-06-30 00:45:00+00:00,223.0,223.913537115392,-0.9135371153919891,0.9135371153919891,1
SANKT GOAR,2026-06-30 00:45:00+00:00,174.0,172.74309003979394,1.256909960206059,1.256909960206059,1
SPEYER,2026-06-30 00:45:00+00:00,253.0,253.11569221112612,-0.11569221112611672,0.11569221112611672,1
WESEL,2026-06-30 00:45:00+00:00,150.0,150.96315853109286,-0.9631585310928585,0.9631585310928585,1
WORMS,2026-06-30 00:45:00+00:00,73.0,72.90797050188618,0.092029498113817,0.092029498113817,1
DUISBURG-MEIDERICH SCHLEUSE OW,2026-06-30 00:46:00+00:00,24.99,24.896261163871003,0.09373883612899547,0.09373883612899547,1
DUISBURG-MEIDERICH SCHLEUSE UW,2026-06-30 00:46:00+00:00,18.17,18.20003844702216,-0.0300384470221573,0.0300384470221573,1
DUISBURG-MEIDERICH SCHLEUSE OW,2026-06-30 00:47:00+00:00,24.99,24.896261163871003,0.09373883612899547,0.09373883612899547,1
DUISBURG-MEIDERICH SCHLEUSE UW,2026-06-30 00:47:00+00:00,18.17,18.20003844702216,-0.0300384470221573,0.0300384470221573,1
DUISBURG-MEIDERICH SCHLEUSE OW,2026-06-30 00:48:00+00:00,24.99,24.896261163871003,0.09373883612899547,0.09373883612899547,1
DUISBURG-MEIDERICH SCHLEUSE UW,2026-06-30 00:48:00+00:00,18.17,18.20003844702216,-0.0300384470221573,0.0300384470221573,1
DUISBURG-MEIDERICH SCHLEUSE OW,2026-06-30 00:49:00+00:00,24.99,24.896261163871003,0.09373883612899547,0.09373883612899547,1
DUISBURG-MEIDERICH SCHLEUSE UW,2026-06-30 00:49:00+00:00,18.17,18.20003844702216,-0.0300384470221573,0.0300384470221573,1
Basel-Rheinhalle,2026-06-30 00:50:00+00:00,519.0,515.2584864854889,3.741513514511098,3.741513514511098,1
DUISBURG-MEIDERICH SCHLEUSE OW,2026-06-30 00:50:00+00:00,24.99,24.896261163871003,0.09373883612899547,0.09373883612899547,1
DUISBURG-MEIDERICH SCHLEUSE UW,2026-06-30 00:50:00+00:00,18.17,18.20003844702216,-0.0300384470221573,0.0300384470221573,1
LOBITH,2026-06-30 00:50:00+00:00,704.0,704.7557997239508,-0.7557997239507586,0.7557997239507586,1
DUISBURG-MEIDERICH SCHLEUSE OW,2026-06-30 00:51:00+00:00,24.99,24.896261163871003,0.09373883612899547,0.09373883612899547,1
DUISBURG-MEIDERICH SCHLEUSE UW,2026-06-30 00:51:00+00:00,18.17,18.20003844702216,-0.0300384470221573,0.0300384470221573,1
DUISBURG-MEIDERICH SCHLEUSE OW,2026-06-30 00:52:00+00:00,24.99,24.896261163871003,0.09373883612899547,0.09373883612899547,1
DUISBURG-MEIDERICH SCHLEUSE UW,2026-06-30 00:52:00+00:00,18.17,18.20003844702216,-0.0300384470221573,0.0300384470221573,1
DUISBURG-MEIDERICH SCHLEUSE OW,2026-06-30 00:53:00+00:00,24.99,24.896261163871003,0.09373883612899547,0.09373883612899547,1
DUISBURG-MEIDERICH SCHLEUSE UW,2026-06-30 00:53:00+00:00,18.17,18.20003844702216,-0.0300384470221573,0.0300384470221573,1
DUISBURG-MEIDERICH SCHLEUSE OW,2026-06-30 00:54:00+00:00,24.99,24.896261163871003,0.09373883612899547,0.09373883612899547,1
DUISBURG-MEIDERICH SCHLEUSE UW,2026-06-30 00:54:00+00:00,18.17,18.20003844702216,-0.0300384470221573,0.0300384470221573,1
Basel-Rheinhalle,2026-06-30 00:55:00+00:00,522.0,515.2584864854889,6.741513514511098,6.741513514511098,1
DUISBURG-MEIDERICH SCHLEUSE OW,2026-06-30 00:55:00+00:00,24.99,24.896261163871003,0.09373883612899547,0.09373883612899547,1
DUISBURG-MEIDERICH SCHLEUSE UW,2026-06-30 00:55:00+00:00,18.17,18.20003844702216,-0.0300384470221573,0.0300384470221573,1
DUISBURG-MEIDERICH SCHLEUSE OW,2026-06-30 00:56:00+00:00,24.99,24.896261163871003,0.09373883612899547,0.09373883612899547,1
DUISBURG-MEIDERICH SCHLEUSE UW,2026-06-30 00:56:00+00:00,18.17,18.20003844702216,-0.0300384470221573,0.0300384470221573,1
DUISBURG-MEIDERICH SCHLEUSE OW,2026-06-30 00:57:00+00:00,24.99,24.896261163871003,0.09373883612899547,0.09373883612899547,1
DUISBURG-MEIDERICH SCHLEUSE UW,2026-06-30 00:57:00+00:00,18.17,18.20003844702216,-0.0300384470221573,0.0300384470221573,1
DUISBURG-MEIDERICH SCHLEUSE OW,2026-06-30 00:58:00+00:00,24.99,24.896261163871003,0.09373883612899547,0.09373883612899547,1
DUISBURG-MEIDERICH SCHLEUSE UW,2026-06-30 00:58:00+00:00,18.17,18.20003844702216,-0.0300384470221573,0.0300384470221573,1
DUISBURG-MEIDERICH SCHLEUSE OW,2026-06-30 00:59:00+00:00,24.99,24.896261163871003,0.09373883612899547,0.09373883612899547,1
DUISBURG-MEIDERICH SCHLEUSE UW,2026-06-30 00:59:00+00:00,18.17,18.20003844702216,-0.0300384470221573,0.0300384470221573,1
BINGEN,2026-06-30 01:00:00+00:00,106.0,105.20249966823388,0.7975003317661162,0.7975003317661162,1
BONN,2026-06-30 01:00:00+00:00,140.0,141.35769564517884,-1.3576956451788362,1.3576956451788362,1
BREISACH,2026-06-30 01:00:00+00:00,185.0,194.04768636375988,-9.04768636375988,9.04768636375988,1
Basel-Rheinhalle,2026-06-30 01:00:00+00:00,522.0,515.1765353422772,6.823464657722752,6.823464657722752,1
DUISBURG-MEIDERICH SCHLEUSE OW,2026-06-30 01:00:00+00:00,24.99,24.896261163871003,0.09373883612899547,0.09373883612899547,1
DUISBURG-MEIDERICH SCHLEUSE UW,2026-06-30 01:00:00+00:00,18.17,18.20003844702216,-0.0300384470221573,0.0300384470221573,1
DUISBURG-RUHRORT,2026-06-30 01:00:00+00:00,214.0,212.2508513678745,1.7491486321254968,1.7491486321254968,1
DÜSSELDORF,2026-06-30 01:00:00+00:00,80.0,79.91176887908252,0.08823112091748442,0.08823112091748442,1
EMMERICH,2026-06-30 01:00:00+00:00,53.0,53.768074597099535,-0.7680745970995346,0.7680745970995346,1
IFFEZHEIM,2026-06-30 01:00:00+00:00,149.0,156.8896311334628,-7.889631133462814,7.889631133462814,1
KAUB,2026-06-30 01:00:00+00:00,87.0,84.07782725098485,2.9221727490151466,2.9221727490151466,1
KOBLENZ,2026-06-30 01:00:00+00:00,82.0,81.68607868116376,0.3139213188362362,0.3139213188362362,1
KONSTANZ-RHEIN,2026-06-30 01:00:00+00:00,313.0,314.78651880053746,-1.7865188005374648,1.7865188005374648,1
Koblenz OP,2026-06-30 01:00:00+00:00,201.0,202.88176529970875,-1.8817652997087464,1.8817652997087464,1
Koblenz UP,2026-06-30 01:00:00+00:00,49.0,48.22543093455633,0.7745690654436714,0.7745690654436714,1
KÖLN,2026-06-30 01:00:00+00:00,134.0,132.61143558373013,1.3885644162698725,1.3885644162698725,1
LOBITH,2026-06-30 01:00:00+00:00,704.0,704.7557997239508,-0.7557997239507586,0.7557997239507586,1
MAINZ,2026-06-30 01:00:00+00:00,185.0,188.32307441843489,-3.323074418434885,3.323074418434885,1
MANNHEIM,2026-06-30 01:00:00+00:00,163.0,160.13224367386803,2.8677563261319676,2.8677563261319676,1
MAXAU,2026-06-30 01:00:00+00:00,411.0,410.11719441026196,0.8828055897380409,0.8828055897380409,1
REES,2026-06-30 01:00:00+00:00,96.0,97.54834189827562,-1.5483418982756234,1.5483418982756234,1
RHEINE UNTERSCHLEUSE,2026-06-30 01:00:00+00:00,199.0,209.09821820953576,-10.098218209535759,10.098218209535759,1
RHEINWEILER,2026-06-30 01:00:00+00:00,223.0,224.00260233586258,-1.0026023358625764,1.0026023358625764,1
SANKT GOAR,2026-06-30 01:00:00+00:00,174.0,170.41712335922224,3.582876640777755,3.582876640777755,1
SPEYER,2026-06-30 01:00:00+00:00,253.0,251.80578190588665,1.194218094113353,1.194218094113353,1
WESEL,2026-06-30 01:00:00+00:00,151.0,151.12701352898796,-0.12701352898795903,0.12701352898795903,1
WORMS,2026-06-30 01:00:00+00:00,73.0,73.41317129947186,-0.4131712994718555,0.4131712994718555,1
DUISBURG-MEIDERICH SCHLEUSE OW,2026-06-30 01:01:00+00:00,24.99,24.94470182634511,0.04529817365488853,0.04529817365488853,1
DUISBURG-MEIDERICH SCHLEUSE UW,2026-06-30 01:01:00+00:00,18.17,18.20003844702216,-0.0300384470221573,0.0300384470221573,1
DUISBURG-MEIDERICH SCHLEUSE OW,2026-06-30 01:02:00+00:00,24.99,24.955027595894297,0.03497240410570157,0.03497240410570157,1
DUISBURG-MEIDERICH SCHLEUSE UW,2026-06-30 01:02:00+00:00,18.17,18.180517931907644,-0.010517931907642719,0.010517931907642719,1
DUISBURG-MEIDERICH SCHLEUSE OW,2026-06-30 01:03:00+00:00,24.99,24.90658693342019,0.08341306657980851,0.08341306657980851,1
DUISBURG-MEIDERICH SCHLEUSE UW,2026-06-30 01:03:00+00:00,18.17,18.180517931907644,-0.010517931907642719,0.010517931907642719,1
DUISBURG-MEIDERICH SCHLEUSE OW,2026-06-30 01:04:00+00:00,24.99,24.90658693342019,0.08341306657980851,0.08341306657980851,1
DUISBURG-MEIDERICH SCHLEUSE UW,2026-06-30 01:04:00+00:00,18.17,18.20003844702216,-0.0300384470221573,0.0300384470221573,1
Basel-Rheinhalle,2026-06-30 01:05:00+00:00,521.0,514.2847802962397,6.71521970376034,6.71521970376034,1
DUISBURG-MEIDERICH SCHLEUSE OW,2026-06-30 01:05:00+00:00,25.0,24.90658693342019,0.09341306657981008,0.09341306657981008,1
DUISBURG-MEIDERICH SCHLEUSE UW,2026-06-30 01:05:00+00:00,18.16,18.20003844702216,-0.04003844702215886,0.04003844702215886,1
DUISBURG-MEIDERICH SCHLEUSE OW,2026-06-30 01:06:00+00:00,25.0,24.90658693342019,0.09341306657981008,0.09341306657981008,1
DUISBURG-MEIDERICH SCHLEUSE UW,2026-06-30 01:06:00+00:00,18.16,18.20003844702216,-0.04003844702215886,0.04003844702215886,1
DUISBURG-MEIDERICH SCHLEUSE OW,2026-06-30 01:07:00+00:00,25.0,24.90658693342019,0.09341306657981008,0.09341306657981008,1
DUISBURG-MEIDERICH SCHLEUSE UW,2026-06-30 01:07:00+00:00,18.16,18.20003844702216,-0.04003844702215886,0.04003844702215886,1
DUISBURG-MEIDERICH SCHLEUSE OW,2026-06-30 01:08:00+00:00,25.0,24.90658693342019,0.09341306657981008,0.09341306657981008,1
DUISBURG-MEIDERICH SCHLEUSE UW,2026-06-30 01:08:00+00:00,18.16,18.19963987543156,-0.03963987543156122,0.03963987543156122,1
DUISBURG-MEIDERICH SCHLEUSE OW,2026-06-30 01:09:00+00:00,25.0,24.90658693342019,0.09341306657981008,0.09341306657981008,1
DUISBURG-MEIDERICH SCHLEUSE UW,2026-06-30 01:09:00+00:00,18.16,18.19963987543156,-0.03963987543156122,0.03963987543156122,1
Basel-Rheinhalle,2026-06-30 01:10:00+00:00,521.0,513.9612976595168,7.038702340483155,7.038702340483155,1
DUISBURG-MEIDERICH SCHLEUSE OW,2026-06-30 01:10:00+00:00,25.0,24.90658693342019,0.09341306657981008,0.09341306657981008,1
DUISBURG-MEIDERICH SCHLEUSE UW,2026-06-30 01:10:00+00:00,18.16,18.19963987543156,-0.03963987543156122,0.03963987543156122,1
LOBITH,2026-06-30 01:10:00+00:00,705.0,704.3913420267828,0.6086579732171913,0.6086579732171913,1
DUISBURG-MEIDERICH SCHLEUSE OW,2026-06-30 01:11:00+00:00,25.0,24.90658693342019,0.09341306657981008,0.09341306657981008,1
DUISBURG-MEIDERICH SCHLEUSE UW,2026-06-30 01:11:00+00:00,18.16,18.19963987543156,-0.03963987543156122,0.03963987543156122,1
DUISBURG-MEIDERICH SCHLEUSE OW,2026-06-30 01:12:00+00:00,25.0,24.90658693342019,0.09341306657981008,0.09341306657981008,1
DUISBURG-MEIDERICH SCHLEUSE UW,2026-06-30 01:12:00+00:00,18.16,18.19963987543156,-0.03963987543156122,0.03963987543156122,1
DUISBURG-MEIDERICH SCHLEUSE OW,2026-06-30 01:13:00+00:00,25.0,24.90658693342019,0.09341306657981008,0.09341306657981008,1
DUISBURG-MEIDERICH SCHLEUSE UW,2026-06-30 01:13:00+00:00,18.16,18.19963987543156,-0.03963987543156122,0.03963987543156122,1
DUISBURG-MEIDERICH SCHLEUSE OW,2026-06-30 01:14:00+00:00,25.0,24.90658693342019,0.09341306657981008,0.09341306657981008,1
DUISBURG-MEIDERICH SCHLEUSE UW,2026-06-30 01:14:00+00:00,18.16,18.19963987543156,-0.03963987543156122,0.03963987543156122,1
BINGEN,2026-06-30 01:15:00+00:00,106.0,105.20249966823388,0.7975003317661162,0.7975003317661162,1
BONN,2026-06-30 01:15:00+00:00,140.0,141.35769564517884,-1.3576956451788362,1.3576956451788362,1
BREISACH,2026-06-30 01:15:00+00:00,184.0,193.9564923565243,-9.956492356524308,9.956492356524308,1
Basel-Rheinhalle,2026-06-30 01:15:00+00:00,522.0,523.134048564543,-1.1340485645430363,1.1340485645430363,1
DUISBURG-MEIDERICH SCHLEUSE OW,2026-06-30 01:15:00+00:00,25.0,24.90658693342019,0.09341306657981008,0.09341306657981008,1
DUISBURG-MEIDERICH SCHLEUSE UW,2026-06-30 01:15:00+00:00,18.16,18.19963987543156,-0.03963987543156122,0.03963987543156122,1
DUISBURG-RUHRORT,2026-06-30 01:15:00+00:00,214.0,212.13381056197048,1.8661894380295223,1.8661894380295223,1
DÜSSELDORF,2026-06-30 01:15:00+00:00,81.0,79.94989097282259,1.0501090271774132,1.0501090271774132,1
EMMERICH,2026-06-30 01:15:00+00:00,54.0,54.25159178712786,-0.25159178712785746,0.25159178712785746,1
IFFEZHEIM,2026-06-30 01:15:00+00:00,153.0,156.8896311334628,-3.8896311334628138,3.8896311334628138,1
KAUB,2026-06-30 01:15:00+00:00,86.0,84.07782725098485,1.9221727490151466,1.9221727490151466,1
KOBLENZ,2026-06-30 01:15:00+00:00,83.0,79.50276658846109,3.4972334115389145,3.4972334115389145,1
KONSTANZ-RHEIN,2026-06-30 01:15:00+00:00,313.0,314.0076948073867,-1.007694807386713,1.007694807386713,1
Koblenz OP,2026-06-30 01:15:00+00:00,200.0,204.74473806275992,-4.744738062759922,4.744738062759922,1
Koblenz UP,2026-06-30 01:15:00+00:00,50.0,49.183570159820476,0.8164298401795236,0.8164298401795236,1
KÖLN,2026-06-30 01:15:00+00:00,134.0,132.61143558373013,1.3885644162698725,1.3885644162698725,1
MAINZ,2026-06-30 01:15:00+00:00,186.0,188.1730728400479,-2.173072840047894,2.173072840047894,1
MANNHEIM,2026-06-30 01:15:00+00:00,162.0,159.88951150032287,2.110488499677132,2.110488499677132,1
MAXAU,2026-06-30 01:15:00+00:00,411.0,409.72526180422415,1.2747381957758535,1.2747381957758535,1
REES,2026-06-30 01:15:00+00:00,96.0,97.54834189827562,-1.5483418982756234,1.5483418982756234,1
RHEINE UNTERSCHLEUSE,2026-06-30 01:15:00+00:00,197.0,209.09821820953576,-12.098218209535759,12.098218209535759,1
RHEINWEILER,2026-06-30 01:15:00+00:00,224.0,223.34316865456887,0.6568313454311294,0.6568313454311294,1
SANKT GOAR,2026-06-30 01:15:00+00:00,174.0,170.26712178083525,3.7328782191647463,3.7328782191647463,1
SPEYER,2026-06-30 01:15:00+00:00,254.0,253.01234623569252,0.9876537643074812,0.9876537643074812,1
WESEL,2026-06-30 01:15:00+00:00,151.0,151.12701352898796,-0.12701352898795903,0.12701352898795903,1
WORMS,2026-06-30 01:15:00+00:00,73.0,72.40802502935783,0.5919749706421698,0.5919749706421698,1
DUISBURG-MEIDERICH SCHLEUSE OW,2026-06-30 01:16:00+00:00,25.0,24.90658693342019,0.09341306657981008,0.09341306657981008,1
DUISBURG-MEIDERICH SCHLEUSE UW,2026-06-30 01:16:00+00:00,18.16,18.19963987543156,-0.03963987543156122,0.03963987543156122,1
DUISBURG-MEIDERICH SCHLEUSE OW,2026-06-30 01:17:00+00:00,25.0,24.90658693342019,0.09341306657981008,0.09341306657981008,1
DUISBURG-MEIDERICH SCHLEUSE UW,2026-06-30 01:17:00+00:00,18.16,18.19963987543156,-0.03963987543156122,0.03963987543156122,1
DUISBURG-MEIDERICH SCHLEUSE OW,2026-06-30 01:18:00+00:00,25.0,24.90658693342019,0.09341306657981008,0.09341306657981008,1
DUISBURG-MEIDERICH SCHLEUSE UW,2026-06-30 01:18:00+00:00,18.16,18.19963987543156,-0.03963987543156122,0.03963987543156122,1
DUISBURG-MEIDERICH SCHLEUSE OW,2026-06-30 01:19:00+00:00,25.0,24.90658693342019,0.09341306657981008,0.09341306657981008,1
DUISBURG-MEIDERICH SCHLEUSE UW,2026-06-30 01:19:00+00:00,18.16,18.19963987543156,-0.03963987543156122,0.03963987543156122,1
Basel-Rheinhalle,2026-06-30 01:20:00+00:00,521.0,520.9297043675977,0.07029563240234893,0.07029563240234893,1
DUISBURG-MEIDERICH SCHLEUSE OW,2026-06-30 01:20:00+00:00,25.0,24.90658693342019,0.09341306657981008,0.09341306657981008,1
DUISBURG-MEIDERICH SCHLEUSE UW,2026-06-30 01:20:00+00:00,18.16,18.19963987543156,-0.03963987543156122,0.03963987543156122,1
LOBITH,2026-06-30 01:20:00+00:00,704.0,704.3913420267828,-0.3913420267828087,0.3913420267828087,1
DUISBURG-MEIDERICH SCHLEUSE OW,2026-06-30 01:21:00+00:00,25.0,24.90658693342019,0.09341306657981008,0.09341306657981008,1
DUISBURG-MEIDERICH SCHLEUSE UW,2026-06-30 01:21:00+00:00,18.16,18.19963987543156,-0.03963987543156122,0.03963987543156122,1
DUISBURG-MEIDERICH SCHLEUSE OW,2026-06-30 01:22:00+00:00,25.0,24.90658693342019,0.09341306657981008,0.09341306657981008,1
DUISBURG-MEIDERICH SCHLEUSE UW,2026-06-30 01:22:00+00:00,18.16,18.19963987543156,-0.03963987543156122,0.03963987543156122,1
DUISBURG-MEIDERICH SCHLEUSE OW,2026-06-30 01:23:00+00:00,25.0,24.90658693342019,0.09341306657981008,0.09341306657981008,1
DUISBURG-MEIDERICH SCHLEUSE UW,2026-06-30 01:23:00+00:00,18.16,18.19963987543156,-0.03963987543156122,0.03963987543156122,1
DUISBURG-MEIDERICH SCHLEUSE OW,2026-06-30 01:24:00+00:00,25.0,24.90658693342019,0.09341306657981008,0.09341306657981008,1
DUISBURG-MEIDERICH SCHLEUSE UW,2026-06-30 01:24:00+00:00,18.16,18.19963987543156,-0.03963987543156122,0.03963987543156122,1
Basel-Rheinhalle,2026-06-30 01:25:00+00:00,519.0,523.134048564543,-4.134048564543036,4.134048564543036,1
DUISBURG-MEIDERICH SCHLEUSE OW,2026-06-30 01:25:00+00:00,25.0,24.90658693342019,0.09341306657981008,0.09341306657981008,1
DUISBURG-MEIDERICH SCHLEUSE UW,2026-06-30 01:25:00+00:00,18.16,18.19963987543156,-0.03963987543156122,0.03963987543156122,1
DUISBURG-MEIDERICH SCHLEUSE OW,2026-06-30 01:26:00+00:00,25.0,24.90658693342019,0.09341306657981008,0.09341306657981008,1
DUISBURG-MEIDERICH SCHLEUSE UW,2026-06-30 01:26:00+00:00,18.16,18.19963987543156,-0.03963987543156122,0.03963987543156122,1
DUISBURG-MEIDERICH SCHLEUSE OW,2026-06-30 01:27:00+00:00,25.0,24.90658693342019,0.09341306657981008,0.09341306657981008,1
DUISBURG-MEIDERICH SCHLEUSE UW,2026-06-30 01:27:00+00:00,18.16,18.19963987543156,-0.03963987543156122,0.03963987543156122,1
DUISBURG-MEIDERICH SCHLEUSE OW,2026-06-30 01:28:00+00:00,25.0,24.90658693342019,0.09341306657981008,0.09341306657981008,1
DUISBURG-MEIDERICH SCHLEUSE UW,2026-06-30 01:28:00+00:00,18.16,18.19963987543156,-0.03963987543156122,0.03963987543156122,1
DUISBURG-MEIDERICH SCHLEUSE OW,2026-06-30 01:29:00+00:00,25.0,24.47339144472123,0.52660855527877,0.52660855527877,1
DUISBURG-MEIDERICH SCHLEUSE UW,2026-06-30 01:29:00+00:00,18.16,18.19963987543156,-0.03963987543156122,0.03963987543156122,1
BINGEN,2026-06-30 01:30:00+00:00,106.0,105.20249966823388,0.7975003317661162,0.7975003317661162,1
BONN,2026-06-30 01:30:00+00:00,139.0,141.35769564517884,-2.3576956451788362,2.3576956451788362,1
BREISACH,2026-06-30 01:30:00+00:00,185.0,189.29855942100326,-4.298559421003262,4.298559421003262,1
Basel-Rheinhalle,2026-06-30 01:30:00+00:00,519.0,524.2992969456519,-5.299296945651918,5.299296945651918,1
DUISBURG-MEIDERICH SCHLEUSE OW,2026-06-30 01:30:00+00:00,25.0,24.741558592211046,0.2584414077889541,0.2584414077889541,1
DUISBURG-MEIDERICH SCHLEUSE UW,2026-06-30 01:30:00+00:00,18.16,18.180119360317047,-0.020119360317046642,0.020119360317046642,1
DUISBURG-RUHRORT,2026-06-30 01:30:00+00:00,213.0,212.0182908778044,0.9817091221956105,0.9817091221956105,1
DÜSSELDORF,2026-06-30 01:30:00+00:00,82.0,79.94989097282259,2.050109027177413,2.050109027177413,1
EMMERICH,2026-06-30 01:30:00+00:00,54.0,54.40250269979214,-0.40250269979213726,0.40250269979213726,1
IFFEZHEIM,2026-06-30 01:30:00+00:00,150.0,156.8896311334628,-6.889631133462814,6.889631133462814,1
KAUB,2026-06-30 01:30:00+00:00,87.0,84.07782725098485,2.9221727490151466,2.9221727490151466,1
KOBLENZ,2026-06-30 01:30:00+00:00,83.0,78.5758196659728,4.424180334027199,4.424180334027199,1
KONSTANZ-RHEIN,2026-06-30 01:30:00+00:00,313.0,313.925857833748,-0.9258578337480117,0.9258578337480117,1
Koblenz OP,2026-06-30 01:30:00+00:00,201.0,204.65016767866263,-3.6501676786626263,3.6501676786626263,1
Koblenz UP,2026-06-30 01:30:00+00:00,48.0,49.327212231512505,-1.3272122315125046,1.3272122315125046,1
KÖLN,2026-06-30 01:30:00+00:00,134.0,132.70733169288565,1.2926683071143543,1.2926683071143543,1
LOBITH,2026-06-30 01:30:00+00:00,704.0,704.7557997239508,-0.7557997239507586,0.7557997239507586,1
MAINZ,2026-06-30 01:30:00+00:00,186.0,187.68599116901567,-1.685991169015665,1.685991169015665,1
MANNHEIM,2026-06-30 01:30:00+00:00,162.0,160.13224367386803,1.8677563261319676,1.8677563261319676,1
MAXAU,2026-06-30 01:30:00+00:00,411.0,409.7706309714297,1.2293690285703178,1.2293690285703178,1
REES,2026-06-30 01:30:00+00:00,96.0,97.48491002809713,-1.4849100280971328,1.4849100280971328,1
RHEINE UNTERSCHLEUSE,2026-06-30 01:30:00+00:00,193.0,207.89187734714443,-14.89187734714443,14.89187734714443,1
RHEINWEILER,2026-06-30 01:30:00+00:00,225.0,223.01768715714644,1.9823128428535597,1.9823128428535597,1
SANKT GOAR,2026-06-30 01:30:00+00:00,175.0,170.26712178083525,4.732878219164746,4.732878219164746,1
SPEYER,2026-06-30 01:30:00+00:00,254.0,251.80578190588665,2.194218094113353,2.194218094113353,1
WESEL,2026-06-30 01:30:00+00:00,151.0,151.04359047415335,-0.043590474153347714,0.043590474153347714,1
WORMS,2026-06-30 01:30:00+00:00,73.0,72.52828057340493,0.4717194265950724,0.4717194265950724,1
DUISBURG-MEIDERICH SCHLEUSE OW,2026-06-30 01:31:00+00:00,25.01,24.741558592211046,0.26844140778895564,0.26844140778895564,1
DUISBURG-MEIDERICH SCHLEUSE UW,2026-06-30 01:31:00+00:00,18.16,18.180119360317047,-0.020119360317046642,0.020119360317046642,1
DUISBURG-MEIDERICH SCHLEUSE OW,2026-06-30 01:32:00+00:00,25.01,24.366798337069152,0.6432016629308492,0.6432016629308492,1
DUISBURG-MEIDERICH SCHLEUSE UW,2026-06-30 01:32:00+00:00,18.16,18.19963987543156,-0.03963987543156122,0.03963987543156122,1
DUISBURG-MEIDERICH SCHLEUSE OW,2026-06-30 01:33:00+00:00,25.01,24.366798337069152,0.6432016629308492,0.6432016629308492,1
DUISBURG-MEIDERICH SCHLEUSE UW,2026-06-30 01:33:00+00:00,18.16,18.19963987543156,-0.03963987543156122,0.03963987543156122,1
DUISBURG-MEIDERICH SCHLEUSE OW,2026-06-30 01:34:00+00:00,25.01,24.366798337069152,0.6432016629308492,0.6432016629308492,1
DUISBURG-MEIDERICH SCHLEUSE UW,2026-06-30 01:34:00+00:00,18.16,18.19963987543156,-0.03963987543156122,0.03963987543156122,1
Basel-Rheinhalle,2026-06-30 01:35:00+00:00,519.0,523.3149125184318,-4.314912518431811,4.314912518431811,1
DUISBURG-MEIDERICH SCHLEUSE OW,2026-06-30 01:35:00+00:00,25.01,24.366798337069152,0.6432016629308492,0.6432016629308492,1
DUISBURG-MEIDERICH SCHLEUSE UW,2026-06-30 01:35:00+00:00,18.16,18.19963987543156,-0.03963987543156122,0.03963987543156122,1
DUISBURG-MEIDERICH SCHLEUSE OW,2026-06-30 01:36:00+00:00,25.01,24.366798337069152,0.6432016629308492,0.6432016629308492,1
DUISBURG-MEIDERICH SCHLEUSE UW,2026-06-30 01:36:00+00:00,18.16,18.19963987543156,-0.03963987543156122,0.03963987543156122,1
DUISBURG-MEIDERICH SCHLEUSE OW,2026-06-30 01:37:00+00:00,25.01,24.366798337069152,0.6432016629308492,0.6432016629308492,1
DUISBURG-MEIDERICH SCHLEUSE UW,2026-06-30 01:37:00+00:00,18.16,18.19963987543156,-0.03963987543156122,0.03963987543156122,1
DUISBURG-MEIDERICH SCHLEUSE OW,2026-06-30 01:38:00+00:00,25.01,24.366798337069152,0.6432016629308492,0.6432016629308492,1
DUISBURG-MEIDERICH SCHLEUSE UW,2026-06-30 01:38:00+00:00,18.17,18.19963987543156,-0.02963987543155966,0.02963987543155966,1
DUISBURG-MEIDERICH SCHLEUSE OW,2026-06-30 01:39:00+00:00,25.01,24.366798337069152,0.6432016629308492,0.6432016629308492,1
DUISBURG-MEIDERICH SCHLEUSE UW,2026-06-30 01:39:00+00:00,18.17,18.19963987543156,-0.02963987543155966,0.02963987543155966,1
Basel-Rheinhalle,2026-06-30 01:40:00+00:00,519.0,526.4316470875756,-7.431647087575584,7.431647087575584,1
DUISBURG-MEIDERICH SCHLEUSE OW,2026-06-30 01:40:00+00:00,25.01,24.366798337069152,0.6432016629308492,0.6432016629308492,1
DUISBURG-MEIDERICH SCHLEUSE UW,2026-06-30 01:40:00+00:00,18.17,18.19963987543156,-0.02963987543155966,0.02963987543155966,1
LOBITH,2026-06-30 01:40:00+00:00,704.0,704.7557997239508,-0.7557997239507586,0.7557997239507586,1
DUISBURG-MEIDERICH SCHLEUSE OW,2026-06-30 01:41:00+00:00,25.01,24.366798337069152,0.6432016629308492,0.6432016629308492,1
DUISBURG-MEIDERICH SCHLEUSE UW,2026-06-30 01:41:00+00:00,18.17,18.19963987543156,-0.02963987543155966,0.02963987543155966,1
DUISBURG-MEIDERICH SCHLEUSE OW,2026-06-30 01:42:00+00:00,25.01,24.366798337069152,0.6432016629308492,0.6432016629308492,1
DUISBURG-MEIDERICH SCHLEUSE UW,2026-06-30 01:42:00+00:00,18.17,18.19963987543156,-0.02963987543155966,0.02963987543155966,1
DUISBURG-MEIDERICH SCHLEUSE OW,2026-06-30 01:43:00+00:00,25.01,24.366798337069152,0.6432016629308492,0.6432016629308492,1
DUISBURG-MEIDERICH SCHLEUSE UW,2026-06-30 01:43:00+00:00,18.17,18.19963987543156,-0.02963987543155966,0.02963987543155966,1
DUISBURG-MEIDERICH SCHLEUSE OW,2026-06-30 01:44:00+00:00,25.01,24.366798337069152,0.6432016629308492,0.6432016629308492,1
DUISBURG-MEIDERICH SCHLEUSE UW,2026-06-30 01:44:00+00:00,18.17,18.19963987543156,-0.02963987543155966,0.02963987543155966,1
BINGEN,2026-06-30 01:45:00+00:00,105.0,105.20249966823388,-0.20249966823388377,0.20249966823388377,1
BONN,2026-06-30 01:45:00+00:00,139.0,141.35769564517884,-2.3576956451788362,2.3576956451788362,1
BREISACH,2026-06-30 01:45:00+00:00,186.0,188.2680559702864,-2.2680559702864116,2.2680559702864116,1
Basel-Rheinhalle,2026-06-30 01:45:00+00:00,516.0,524.0711054790303,-8.07110547903028,8.07110547903028,1
DUISBURG-MEIDERICH SCHLEUSE OW,2026-06-30 01:45:00+00:00,25.01,24.366798337069152,0.6432016629308492,0.6432016629308492,1
DUISBURG-MEIDERICH SCHLEUSE UW,2026-06-30 01:45:00+00:00,18.17,18.19963987543156,-0.02963987543155966,0.02963987543155966,1
DUISBURG-RUHRORT,2026-06-30 01:45:00+00:00,214.0,212.45226942756628,1.5477305724337214,1.5477305724337214,1
DÜSSELDORF,2026-06-30 01:45:00+00:00,80.0,80.02767715300624,-0.02767715300623763,0.02767715300623763,1
EMMERICH,2026-06-30 01:45:00+00:00,53.0,53.77038508087932,-0.770385080879322,0.770385080879322,1
IFFEZHEIM,2026-06-30 01:45:00+00:00,149.0,156.8000534413784,-7.800053441378395,7.800053441378395,1
KAUB,2026-06-30 01:45:00+00:00,87.0,84.07782725098485,2.9221727490151466,2.9221727490151466,1
KOBLENZ,2026-06-30 01:45:00+00:00,83.0,78.5758196659728,4.424180334027199,4.424180334027199,1
KONSTANZ-RHEIN,2026-06-30 01:45:00+00:00,314.0,314.3036592228026,-0.30365922280259383,0.30365922280259383,1
Koblenz OP,2026-06-30 01:45:00+00:00,201.0,205.2040708969947,-4.204070896994693,4.204070896994693,1
Koblenz UP,2026-06-30 01:45:00+00:00,49.0,49.327212231512505,-0.32721223151250456,0.32721223151250456,1
KÖLN,2026-06-30 01:45:00+00:00,134.0,132.61143558373013,1.3885644162698725,1.3885644162698725,1
MAINZ,2026-06-30 01:45:00+00:00,185.0,187.68599116901567,-2.685991169015665,2.685991169015665,1
MANNHEIM,2026-06-30 01:45:00+00:00,163.0,159.34848794138648,3.6515120586135197,3.6515120586135197,1
MAXAU,2026-06-30 01:45:00+00:00,411.0,410.53186010966454,0.46813989033546477,0.46813989033546477,1
REES,2026-06-30 01:45:00+00:00,96.0,97.56875037051292,-1.568750370512916,1.568750370512916,1
RHEINE UNTERSCHLEUSE,2026-06-30 01:45:00+00:00,191.0,207.89187734714443,-16.89187734714443,16.89187734714443,1
RHEINWEILER,2026-06-30 01:45:00+00:00,224.0,223.2416216400249,0.7583783599750973,0.7583783599750973,1
SANKT GOAR,2026-06-30 01:45:00+00:00,175.0,170.440746212473,4.5592537875270125,4.5592537875270125,1
SPEYER,2026-06-30 01:45:00+00:00,254.0,252.8011777398262,1.198822260173813,1.198822260173813,1
WESEL,2026-06-30 01:45:00+00:00,151.0,151.04359047415335,-0.043590474153347714,0.043590474153347714,1
WORMS,2026-06-30 01:45:00+00:00,73.0,73.057369248839,-0.05736924883899519,0.05736924883899519,1
DUISBURG-MEIDERICH SCHLEUSE OW,2026-06-30 01:46:00+00:00,25.01,24.366798337069152,0.6432016629308492,0.6432016629308492,1
DUISBURG-MEIDERICH SCHLEUSE UW,2026-06-30 01:46:00+00:00,18.17,18.19963987543156,-0.02963987543155966,0.02963987543155966,1
DUISBURG-MEIDERICH SCHLEUSE OW,2026-06-30 01:47:00+00:00,25.01,24.366798337069152,0.6432016629308492,0.6432016629308492,1
DUISBURG-MEIDERICH SCHLEUSE UW,2026-06-30 01:47:00+00:00,18.17,18.19963987543156,-0.02963987543155966,0.02963987543155966,1
DUISBURG-MEIDERICH SCHLEUSE OW,2026-06-30 01:48:00+00:00,25.01,24.366798337069152,0.6432016629308492,0.6432016629308492,1
DUISBURG-MEIDERICH SCHLEUSE UW,2026-06-30 01:48:00+00:00,18.17,18.19963987543156,-0.02963987543155966,0.02963987543155966,1
DUISBURG-MEIDERICH SCHLEUSE OW,2026-06-30 01:49:00+00:00,25.01,24.366798337069152,0.6432016629308492,0.6432016629308492,1
DUISBURG-MEIDERICH SCHLEUSE UW,2026-06-30 01:49:00+00:00,18.17,18.19963987543156,-0.02963987543155966,0.02963987543155966,1
Basel-Rheinhalle,2026-06-30 01:50:00+00:00,516.0,527.9983436261066,-11.998343626106589,11.998343626106589,1
DUISBURG-MEIDERICH SCHLEUSE OW,2026-06-30 01:50:00+00:00,25.01,24.366798337069152,0.6432016629308492,0.6432016629308492,1
DUISBURG-MEIDERICH SCHLEUSE UW,2026-06-30 01:50:00+00:00,18.17,18.19963987543156,-0.02963987543155966,0.02963987543155966,1
LOBITH,2026-06-30 01:50:00+00:00,705.0,704.7557997239508,0.24420027604924144,0.24420027604924144,1
DUISBURG-MEIDERICH SCHLEUSE OW,2026-06-30 01:51:00+00:00,25.01,24.366798337069152,0.6432016629308492,0.6432016629308492,1
DUISBURG-MEIDERICH SCHLEUSE UW,2026-06-30 01:51:00+00:00,18.17,18.19963987543156,-0.02963987543155966,0.02963987543155966,1
DUISBURG-MEIDERICH SCHLEUSE OW,2026-06-30 01:52:00+00:00,25.01,24.366798337069152,0.6432016629308492,0.6432016629308492,1
DUISBURG-MEIDERICH SCHLEUSE UW,2026-06-30 01:52:00+00:00,18.17,18.19963987543156,-0.02963987543155966,0.02963987543155966,1
DUISBURG-MEIDERICH SCHLEUSE OW,2026-06-30 01:53:00+00:00,25.01,24.366798337069152,0.6432016629308492,0.6432016629308492,1
DUISBURG-MEIDERICH SCHLEUSE UW,2026-06-30 01:53:00+00:00,18.17,18.19963987543156,-0.02963987543155966,0.02963987543155966,1
DUISBURG-MEIDERICH SCHLEUSE OW,2026-06-30 01:54:00+00:00,25.01,24.366798337069152,0.6432016629308492,0.6432016629308492,1
DUISBURG-MEIDERICH SCHLEUSE UW,2026-06-30 01:54:00+00:00,18.17,18.19963987543156,-0.02963987543155966,0.02963987543155966,1
Basel-Rheinhalle,2026-06-30 01:55:00+00:00,516.0,531.8768442724339,-15.876844272433914,15.876844272433914,1
DUISBURG-MEIDERICH SCHLEUSE OW,2026-06-30 01:55:00+00:00,25.01,24.86772333246412,0.14227666753588153,0.14227666753588153,1
DUISBURG-MEIDERICH SCHLEUSE UW,2026-06-30 01:55:00+00:00,18.17,18.19963987543156,-0.02963987543155966,0.02963987543155966,1
DUISBURG-MEIDERICH SCHLEUSE OW,2026-06-30 01:56:00+00:00,25.01,25.897436014797258,-0.887436014797256,0.887436014797256,1
DUISBURG-MEIDERICH SCHLEUSE UW,2026-06-30 01:56:00+00:00,18.17,18.19963987543156,-0.02963987543155966,0.02963987543155966,1
DUISBURG-MEIDERICH SCHLEUSE OW,2026-06-30 01:57:00+00:00,25.01,25.897436014797258,-0.887436014797256,0.887436014797256,1
DUISBURG-MEIDERICH SCHLEUSE UW,2026-06-30 01:57:00+00:00,18.17,18.19963987543156,-0.02963987543155966,0.02963987543155966,1
DUISBURG-MEIDERICH SCHLEUSE OW,2026-06-30 01:58:00+00:00,25.01,25.52267575965536,-0.5126757596553588,0.5126757596553588,1
DUISBURG-MEIDERICH SCHLEUSE UW,2026-06-30 01:58:00+00:00,18.17,18.19963987543156,-0.02963987543155966,0.02963987543155966,1
DUISBURG-MEIDERICH SCHLEUSE OW,2026-06-30 01:59:00+00:00,25.01,25.52267575965536,-0.5126757596553588,0.5126757596553588,1
DUISBURG-MEIDERICH SCHLEUSE UW,2026-06-30 01:59:00+00:00,18.17,18.19963987543156,-0.02963987543155966,0.02963987543155966,1
BINGEN,2026-06-30 02:00:00+00:00,107.0,105.16594788865126,1.8340521113487398,1.8340521113487398,1
BONN,2026-06-30 02:00:00+00:00,139.0,140.76758303717546,-1.7675830371754557,1.7675830371754557,1
BREISACH,2026-06-30 02:00:00+00:00,185.0,189.1609650076455,-4.160965007645501,4.160965007645501,1
Basel-Rheinhalle,2026-06-30 02:00:00+00:00,517.0,533.2559481218956,-16.255948121895585,16.255948121895585,1
DUISBURG-MEIDERICH SCHLEUSE OW,2026-06-30 02:00:00+00:00,25.02,26.016741568900873,-0.9967415689008732,0.9967415689008732,1
DUISBURG-MEIDERICH SCHLEUSE UW,2026-06-30 02:00:00+00:00,18.17,17.477493842455548,0.6925061575444538,0.6925061575444538,1
DUISBURG-RUHRORT,2026-06-30 02:00:00+00:00,214.0,211.37682941909634,2.623170580903661,2.623170580903661,1
DÜSSELDORF,2026-06-30 02:00:00+00:00,81.0,78.38669803409029,2.613301965909713,2.613301965909713,1
EMMERICH,2026-06-30 02:00:00+00:00,53.0,53.58569763336375,-0.5856976333637505,0.5856976333637505,1
IFFEZHEIM,2026-06-30 02:00:00+00:00,148.0,156.94526369388868,-8.945263693888677,8.945263693888677,1
KAUB,2026-06-30 02:00:00+00:00,87.0,84.01580004892303,2.984199951076974,2.984199951076974,1
KOBLENZ,2026-06-30 02:00:00+00:00,84.0,78.53926788639018,5.460732113609822,5.460732113609822,1
KONSTANZ-RHEIN,2026-06-30 02:00:00+00:00,313.0,314.20838740645723,-1.2083874064572342,1.2083874064572342,1
Koblenz OP,2026-06-30 02:00:00+00:00,201.0,202.47905870022038,-1.4790587002203779,1.4790587002203779,1
Koblenz UP,2026-06-30 02:00:00+00:00,48.0,48.903615792708806,-0.9036157927088055,0.9036157927088055,1
KÖLN,2026-06-30 02:00:00+00:00,134.0,132.02132297572675,1.978677024273253,1.978677024273253,1
LOBITH,2026-06-30 02:00:00+00:00,704.0,708.6799322070862,-4.6799322070861535,4.6799322070861535,1
MAINZ,2026-06-30 02:00:00+00:00,185.0,188.07781984906217,-3.077819849062166,3.077819849062166,1
MANNHEIM,2026-06-30 02:00:00+00:00,162.0,157.82405635398862,4.175943646011376,4.175943646011376,1
MAXAU,2026-06-30 02:00:00+00:00,410.0,410.928558821672,-0.9285588216720271,0.9285588216720271,1
REES,2026-06-30 02:00:00+00:00,96.0,96.34112291488397,-0.34112291488396806,0.34112291488396806,1
RHEINE UNTERSCHLEUSE,2026-06-30 02:00:00+00:00,191.0,216.11599200905488,-25.115992009054878,25.115992009054878,1
RHEINWEILER,2026-06-30 02:00:00+00:00,222.0,223.3477678833713,-1.34776788337129,1.34776788337129,1
SANKT GOAR,2026-06-30 02:00:00+00:00,176.0,170.440746212473,5.5592537875270125,5.5592537875270125,1
SPEYER,2026-06-30 02:00:00+00:00,255.0,252.39066814588608,2.6093318541139183,2.6093318541139183,1
WESEL,2026-06-30 02:00:00+00:00,152.0,151.18120443025984,0.8187955697401605,0.8187955697401605,1
WORMS,2026-06-30 02:00:00+00:00,73.0,72.475723036106,0.5242769638939961,0.5242769638939961,1
DUISBURG-MEIDERICH SCHLEUSE OW,2026-06-30 02:01:00+00:00,25.02,26.016741568900873,-0.9967415689008732,0.9967415689008732,1
DUISBURG-MEIDERICH SCHLEUSE UW,2026-06-30 02:01:00+00:00,18.17,17.477493842455548,0.6925061575444538,0.6925061575444538,1
DUISBURG-MEIDERICH SCHLEUSE OW,2026-06-30 02:02:00+00:00,25.02,26.016741568900873,-0.9967415689008732,0.9967415689008732,1
DUISBURG-MEIDERICH SCHLEUSE UW,2026-06-30 02:02:00+00:00,18.17,17.477493842455548,0.6925061575444538,0.6925061575444538,1
DUISBURG-MEIDERICH SCHLEUSE OW,2026-06-30 02:03:00+00:00,25.02,25.52267575965536,-0.5026757596553608,0.5026757596553608,1
DUISBURG-MEIDERICH SCHLEUSE UW,2026-06-30 02:03:00+00:00,18.17,18.180119360317047,-0.010119360317045079,0.010119360317045079,1
DUISBURG-MEIDERICH SCHLEUSE OW,2026-06-30 02:04:00+00:00,25.02,25.52267575965536,-0.5026757596553608,0.5026757596553608,1
DUISBURG-MEIDERICH SCHLEUSE UW,2026-06-30 02:04:00+00:00,18.17,18.180119360317047,-0.010119360317045079,0.010119360317045079,1
Basel-Rheinhalle,2026-06-30 02:05:00+00:00,519.0,532.5062800210354,-13.506280021035423,13.506280021035423,1
DUISBURG-MEIDERICH SCHLEUSE OW,2026-06-30 02:05:00+00:00,25.02,25.52267575965536,-0.5026757596553608,0.5026757596553608,1
DUISBURG-MEIDERICH SCHLEUSE UW,2026-06-30 02:05:00+00:00,18.17,18.19963987543156,-0.02963987543155966,0.02963987543155966,1
DUISBURG-MEIDERICH SCHLEUSE OW,2026-06-30 02:06:00+00:00,25.02,25.52267575965536,-0.5026757596553608,0.5026757596553608,1
DUISBURG-MEIDERICH SCHLEUSE UW,2026-06-30 02:06:00+00:00,18.17,18.19963987543156,-0.02963987543155966,0.02963987543155966,1
DUISBURG-MEIDERICH SCHLEUSE OW,2026-06-30 02:07:00+00:00,25.02,25.52267575965536,-0.5026757596553608,0.5026757596553608,1
DUISBURG-MEIDERICH SCHLEUSE UW,2026-06-30 02:07:00+00:00,18.17,18.19963987543156,-0.02963987543155966,0.02963987543155966,1
DUISBURG-MEIDERICH SCHLEUSE OW,2026-06-30 02:08:00+00:00,25.02,25.52267575965536,-0.5026757596553608,0.5026757596553608,1
DUISBURG-MEIDERICH SCHLEUSE UW,2026-06-30 02:08:00+00:00,18.17,18.19963987543156,-0.02963987543155966,0.02963987543155966,1
DUISBURG-MEIDERICH SCHLEUSE OW,2026-06-30 02:09:00+00:00,25.02,25.52267575965536,-0.5026757596553608,0.5026757596553608,1
DUISBURG-MEIDERICH SCHLEUSE UW,2026-06-30 02:09:00+00:00,18.17,18.19963987543156,-0.02963987543155966,0.02963987543155966,1
Basel-Rheinhalle,2026-06-30 02:10:00+00:00,520.0,532.6239767484616,-12.623976748461587,12.623976748461587,1
DUISBURG-MEIDERICH SCHLEUSE OW,2026-06-30 02:10:00+00:00,25.02,25.52267575965536,-0.5026757596553608,0.5026757596553608,1
DUISBURG-MEIDERICH SCHLEUSE UW,2026-06-30 02:10:00+00:00,18.17,18.19963987543156,-0.02963987543155966,0.02963987543155966,1
LOBITH,2026-06-30 02:10:00+00:00,704.0,708.6799322070862,-4.6799322070861535,4.6799322070861535,1
DUISBURG-MEIDERICH SCHLEUSE OW,2026-06-30 02:11:00+00:00,25.02,25.52267575965536,-0.5026757596553608,0.5026757596553608,1
DUISBURG-MEIDERICH SCHLEUSE UW,2026-06-30 02:11:00+00:00,18.17,18.19963987543156,-0.02963987543155966,0.02963987543155966,1
DUISBURG-MEIDERICH SCHLEUSE OW,2026-06-30 02:12:00+00:00,25.02,25.52267575965536,-0.5026757596553608,0.5026757596553608,1
DUISBURG-MEIDERICH SCHLEUSE UW,2026-06-30 02:12:00+00:00,18.16,18.19963987543156,-0.03963987543156122,0.03963987543156122,1
DUISBURG-MEIDERICH SCHLEUSE OW,2026-06-30 02:13:00+00:00,25.02,25.52267575965536,-0.5026757596553608,0.5026757596553608,1
DUISBURG-MEIDERICH SCHLEUSE UW,2026-06-30 02:13:00+00:00,18.16,18.19963987543156,-0.03963987543156122,0.03963987543156122,1
DUISBURG-MEIDERICH SCHLEUSE OW,2026-06-30 02:14:00+00:00,25.02,25.52267575965536,-0.5026757596553608,0.5026757596553608,1
DUISBURG-MEIDERICH SCHLEUSE UW,2026-06-30 02:14:00+00:00,18.16,18.19963987543156,-0.03963987543156122,0.03963987543156122,1
BINGEN,2026-06-30 02:15:00+00:00,107.0,105.16594788865126,1.8340521113487398,1.8340521113487398,1
BONN,2026-06-30 02:15:00+00:00,139.0,140.62672088562346,-1.626720885623456,1.626720885623456,1
BREISACH,2026-06-30 02:15:00+00:00,186.0,193.9014978090563,-7.901497809056309,7.901497809056309,1
Basel-Rheinhalle,2026-06-30 02:15:00+00:00,522.0,534.8289955570636,-12.82899555706365,12.82899555706365,1
DUISBURG-MEIDERICH SCHLEUSE OW,2026-06-30 02:15:00+00:00,25.02,25.52267575965536,-0.5026757596553608,0.5026757596553608,1
DUISBURG-MEIDERICH SCHLEUSE UW,2026-06-30 02:15:00+00:00,18.16,18.19963987543156,-0.03963987543156122,0.03963987543156122,1
DUISBURG-RUHRORT,2026-06-30 02:15:00+00:00,212.0,211.37682941909634,0.6231705809036612,0.6231705809036612,1
DÜSSELDORF,2026-06-30 02:15:00+00:00,81.0,78.32616747816316,2.673832521836843,2.673832521836843,1
EMMERICH,2026-06-30 02:15:00+00:00,53.0,53.102180443335435,-0.10218044333543475,0.10218044333543475,1
IFFEZHEIM,2026-06-30 02:15:00+00:00,146.0,156.94526369388868,-10.945263693888677,10.945263693888677,1
KAUB,2026-06-30 02:15:00+00:00,87.0,83.80861443227175,3.191385567728247,3.191385567728247,1
KOBLENZ,2026-06-30 02:15:00+00:00,82.0,79.40698620938389,2.593013790616112,2.593013790616112,1
KONSTANZ-RHEIN,2026-06-30 02:15:00+00:00,313.0,313.79093019338615,-0.7909301933861457,0.7909301933861457,1
Koblenz OP,2026-06-30 02:15:00+00:00,200.0,202.47905870022038,-2.479058700220378,2.479058700220378,1
Koblenz UP,2026-06-30 02:15:00+00:00,48.0,49.38655656108542,-1.3865565610854205,1.3865565610854205,1
KÖLN,2026-06-30 02:15:00+00:00,134.0,131.80067727267476,2.1993227273252387,2.1993227273252387,1
MAINZ,2026-06-30 02:15:00+00:00,185.0,188.07781984906217,-3.077819849062166,3.077819849062166,1
MANNHEIM,2026-06-30 02:15:00+00:00,163.0,157.82405635398862,5.175943646011376,5.175943646011376,1
MAXAU,2026-06-30 02:15:00+00:00,410.0,409.8978879445247,0.10211205547528834,0.10211205547528834,1
REES,2026-06-30 02:15:00+00:00,96.0,96.37870348600508,-0.3787034860050795,0.3787034860050795,1
RHEINE UNTERSCHLEUSE,2026-06-30 02:15:00+00:00,206.0,216.11599200905488,-10.115992009054878,10.115992009054878,1
RHEINWEILER,2026-06-30 02:15:00+00:00,222.0,222.7197059675699,-0.7197059675698938,0.7197059675698938,1
SANKT GOAR,2026-06-30 02:15:00+00:00,177.0,170.440746212473,6.5592537875270125,6.5592537875270125,1
SPEYER,2026-06-30 02:15:00+00:00,254.0,252.39066814588608,1.6093318541139183,1.6093318541139183,1
WESEL,2026-06-30 02:15:00+00:00,151.0,150.19459072299688,0.8054092770031218,0.8054092770031218,1
WORMS,2026-06-30 02:15:00+00:00,73.0,72.475723036106,0.5242769638939961,0.5242769638939961,1
DUISBURG-MEIDERICH SCHLEUSE OW,2026-06-30 02:16:00+00:00,25.02,25.52267575965536,-0.5026757596553608,0.5026757596553608,1
DUISBURG-MEIDERICH SCHLEUSE UW,2026-06-30 02:16:00+00:00,18.16,18.19963987543156,-0.03963987543156122,0.03963987543156122,1
DUISBURG-MEIDERICH SCHLEUSE OW,2026-06-30 02:17:00+00:00,25.02,25.52267575965536,-0.5026757596553608,0.5026757596553608,1
DUISBURG-MEIDERICH SCHLEUSE UW,2026-06-30 02:17:00+00:00,18.16,18.19963987543156,-0.03963987543156122,0.03963987543156122,1
DUISBURG-MEIDERICH SCHLEUSE OW,2026-06-30 02:18:00+00:00,25.02,25.52267575965536,-0.5026757596553608,0.5026757596553608,1
DUISBURG-MEIDERICH SCHLEUSE UW,2026-06-30 02:18:00+00:00,18.16,18.19963987543156,-0.03963987543156122,0.03963987543156122,1
DUISBURG-MEIDERICH SCHLEUSE OW,2026-06-30 02:19:00+00:00,25.02,25.52267575965536,-0.5026757596553608,0.5026757596553608,1
DUISBURG-MEIDERICH SCHLEUSE UW,2026-06-30 02:19:00+00:00,18.16,18.19963987543156,-0.03963987543156122,0.03963987543156122,1
Basel-Rheinhalle,2026-06-30 02:20:00+00:00,524.0,535.1739030147559,-11.173903014755865,11.173903014755865,1
DUISBURG-MEIDERICH SCHLEUSE OW,2026-06-30 02:20:00+00:00,25.02,25.52267575965536,-0.5026757596553608,0.5026757596553608,1
DUISBURG-MEIDERICH SCHLEUSE UW,2026-06-30 02:20:00+00:00,18.16,18.19963987543156,-0.03963987543156122,0.03963987543156122,1
LOBITH,2026-06-30 02:20:00+00:00,704.0,708.6799322070862,-4.6799322070861535,4.6799322070861535,1
DUISBURG-MEIDERICH SCHLEUSE OW,2026-06-30 02:21:00+00:00,25.02,25.52267575965536,-0.5026757596553608,0.5026757596553608,1
DUISBURG-MEIDERICH SCHLEUSE UW,2026-06-30 02:21:00+00:00,18.16,18.19963987543156,-0.03963987543156122,0.03963987543156122,1
DUISBURG-MEIDERICH SCHLEUSE OW,2026-06-30 02:22:00+00:00,25.02,25.52267575965536,-0.5026757596553608,0.5026757596553608,1
DUISBURG-MEIDERICH SCHLEUSE UW,2026-06-30 02:22:00+00:00,18.16,18.19963987543156,-0.03963987543156122,0.03963987543156122,1
DUISBURG-MEIDERICH SCHLEUSE OW,2026-06-30 02:23:00+00:00,25.02,25.52267575965536,-0.5026757596553608,0.5026757596553608,1
DUISBURG-MEIDERICH SCHLEUSE UW,2026-06-30 02:23:00+00:00,18.16,18.19963987543156,-0.03963987543156122,0.03963987543156122,1
DUISBURG-MEIDERICH SCHLEUSE OW,2026-06-30 02:24:00+00:00,25.02,25.52267575965536,-0.5026757596553608,0.5026757596553608,1
DUISBURG-MEIDERICH SCHLEUSE UW,2026-06-30 02:24:00+00:00,18.16,18.19963987543156,-0.03963987543156122,0.03963987543156122,1
Basel-Rheinhalle,2026-06-30 02:25:00+00:00,523.0,534.1201058168306,-11.120105816830574,11.120105816830574,1
DUISBURG-MEIDERICH SCHLEUSE OW,2026-06-30 02:25:00+00:00,25.02,25.57111642212946,-0.5511164221294607,0.5511164221294607,1
DUISBURG-MEIDERICH SCHLEUSE UW,2026-06-30 02:25:00+00:00,18.16,18.19963987543156,-0.03963987543156122,0.03963987543156122,1
DUISBURG-MEIDERICH SCHLEUSE OW,2026-06-30 02:26:00+00:00,25.03,25.57111642212946,-0.5411164221294591,0.5411164221294591,1
DUISBURG-MEIDERICH SCHLEUSE UW,2026-06-30 02:26:00+00:00,18.16,18.19963987543156,-0.03963987543156122,0.03963987543156122,1
DUISBURG-MEIDERICH SCHLEUSE OW,2026-06-30 02:27:00+00:00,25.03,25.52267575965536,-0.49267575965535926,0.49267575965535926,1
DUISBURG-MEIDERICH SCHLEUSE UW,2026-06-30 02:27:00+00:00,18.16,18.19963987543156,-0.03963987543156122,0.03963987543156122,1
DUISBURG-MEIDERICH SCHLEUSE OW,2026-06-30 02:28:00+00:00,25.03,25.52267575965536,-0.49267575965535926,0.49267575965535926,1
DUISBURG-MEIDERICH SCHLEUSE UW,2026-06-30 02:28:00+00:00,18.16,18.19963987543156,-0.03963987543156122,0.03963987543156122,1
DUISBURG-MEIDERICH SCHLEUSE OW,2026-06-30 02:29:00+00:00,25.03,25.52267575965536,-0.49267575965535926,0.49267575965535926,1
DUISBURG-MEIDERICH SCHLEUSE UW,2026-06-30 02:29:00+00:00,18.16,18.19963987543156,-0.03963987543156122,0.03963987543156122,1
BINGEN,2026-06-30 02:30:00+00:00,107.0,105.1411638975033,1.8588361024966957,1.8588361024966957,1
BONN,2026-06-30 02:30:00+00:00,139.0,142.9590321481687,-3.9590321481686885,3.9590321481686885,1
BREISACH,2026-06-30 02:30:00+00:00,185.0,193.53806602771522,-8.538066027715217,8.538066027715217,1
Basel-Rheinhalle,2026-06-30 02:30:00+00:00,524.0,534.1810820792199,-10.181082079219891,10.181082079219891,1
DUISBURG-MEIDERICH SCHLEUSE OW,2026-06-30 02:30:00+00:00,25.03,25.52267575965536,-0.49267575965535926,0.49267575965535926,1
DUISBURG-MEIDERICH SCHLEUSE UW,2026-06-30 02:30:00+00:00,18.16,18.19963987543156,-0.03963987543156122,0.03963987543156122,1
DUISBURG-RUHRORT,2026-06-30 02:30:00+00:00,212.0,211.82234997680723,0.17765002319276846,0.17765002319276846,1
DÜSSELDORF,2026-06-30 02:30:00+00:00,82.0,78.32616747816316,3.673832521836843,3.673832521836843,1
EMMERICH,2026-06-30 02:30:00+00:00,53.0,55.554399645378645,-2.554399645378645,2.554399645378645,1
IFFEZHEIM,2026-06-30 02:30:00+00:00,149.0,156.94526369388868,-7.945263693888677,7.945263693888677,1
KAUB,2026-06-30 02:30:00+00:00,88.0,83.7838304411238,4.216169558876203,4.216169558876203,1
KOBLENZ,2026-06-30 02:30:00+00:00,82.0,79.47295722661949,2.527042773380515,2.527042773380515,1
KONSTANZ-RHEIN,2026-06-30 02:30:00+00:00,314.0,313.4784972906567,0.5215027093432809,0.5215027093432809,1
Koblenz OP,2026-06-30 02:30:00+00:00,200.0,202.80905957376518,-2.8090595737651824,2.8090595737651824,1
Koblenz UP,2026-06-30 02:30:00+00:00,47.0,49.38655656108542,-2.3865565610854205,2.3865565610854205,1
KÖLN,2026-06-30 02:30:00+00:00,134.0,133.1726459837749,0.8273540162250868,0.8273540162250868,1
LOBITH,2026-06-30 02:30:00+00:00,704.0,704.7557997239508,-0.7557997239507586,0.7557997239507586,1
MAINZ,2026-06-30 02:30:00+00:00,185.0,188.07781984906217,-3.077819849062166,3.077819849062166,1
MANNHEIM,2026-06-30 02:30:00+00:00,163.0,157.82405635398862,5.175943646011376,5.175943646011376,1
MAXAU,2026-06-30 02:30:00+00:00,411.0,409.8978879445247,1.1021120554752883,1.1021120554752883,1
REES,2026-06-30 02:30:00+00:00,96.0,96.37870348600508,-0.3787034860050795,0.3787034860050795,1
RHEINE UNTERSCHLEUSE,2026-06-30 02:30:00+00:00,232.0,216.11599200905488,15.884007990945122,15.884007990945122,1
RHEINWEILER,2026-06-30 02:30:00+00:00,222.0,223.24853638127746,-1.2485363812774608,1.2485363812774608,1
SANKT GOAR,2026-06-30 02:30:00+00:00,178.0,170.440746212473,7.5592537875270125,7.5592537875270125,1
SPEYER,2026-06-30 02:30:00+00:00,255.0,251.1841038160802,3.81589618391979,3.81589618391979,1
WESEL,2026-06-30 02:30:00+00:00,152.0,151.52175571542801,0.47824428457198565,0.47824428457198565,1
WORMS,2026-06-30 02:30:00+00:00,73.0,73.48086930622003,-0.4808693062200291,0.4808693062200291,1
DUISBURG-MEIDERICH SCHLEUSE OW,2026-06-30 02:31:00+00:00,25.03,25.52267575965536,-0.49267575965535926,0.49267575965535926,1
DUISBURG-MEIDERICH SCHLEUSE UW,2026-06-30 02:31:00+00:00,18.16,18.19963987543156,-0.03963987543156122,0.03963987543156122,1
DUISBURG-MEIDERICH SCHLEUSE OW,2026-06-30 02:32:00+00:00,25.03,25.52267575965536,-0.49267575965535926,0.49267575965535926,1
DUISBURG-MEIDERICH SCHLEUSE UW,2026-06-30 02:32:00+00:00,18.16,18.19963987543156,-0.03963987543156122,0.03963987543156122,1
DUISBURG-MEIDERICH SCHLEUSE OW,2026-06-30 02:33:00+00:00,25.03,25.52267575965536,-0.49267575965535926,0.49267575965535926,1
DUISBURG-MEIDERICH SCHLEUSE UW,2026-06-30 02:33:00+00:00,18.16,18.19963987543156,-0.03963987543156122,0.03963987543156122,1
DUISBURG-MEIDERICH SCHLEUSE OW,2026-06-30 02:34:00+00:00,25.03,25.52267575965536,-0.49267575965535926,0.49267575965535926,1
DUISBURG-MEIDERICH SCHLEUSE UW,2026-06-30 02:34:00+00:00,18.16,18.19963987543156,-0.03963987543156122,0.03963987543156122,1
Basel-Rheinhalle,2026-06-30 02:35:00+00:00,524.0,527.8434733034778,-3.843473303477822,3.843473303477822,1
DUISBURG-MEIDERICH SCHLEUSE OW,2026-06-30 02:35:00+00:00,25.03,25.52267575965536,-0.49267575965535926,0.49267575965535926,1
DUISBURG-MEIDERICH SCHLEUSE UW,2026-06-30 02:35:00+00:00,18.16,18.19963987543156,-0.03963987543156122,0.03963987543156122,1
DUISBURG-MEIDERICH SCHLEUSE OW,2026-06-30 02:36:00+00:00,25.03,25.52267575965536,-0.49267575965535926,0.49267575965535926,1
DUISBURG-MEIDERICH SCHLEUSE UW,2026-06-30 02:36:00+00:00,18.16,18.19963987543156,-0.03963987543156122,0.03963987543156122,1
DUISBURG-MEIDERICH SCHLEUSE OW,2026-06-30 02:37:00+00:00,25.03,25.52267575965536,-0.49267575965535926,0.49267575965535926,1
DUISBURG-MEIDERICH SCHLEUSE UW,2026-06-30 02:37:00+00:00,18.16,18.180119360317047,-0.020119360317046642,0.020119360317046642,1
DUISBURG-MEIDERICH SCHLEUSE OW,2026-06-30 02:38:00+00:00,25.03,25.52267575965536,-0.49267575965535926,0.49267575965535926,1
DUISBURG-MEIDERICH SCHLEUSE UW,2026-06-30 02:38:00+00:00,18.16,18.180119360317047,-0.020119360317046642,0.020119360317046642,1
DUISBURG-MEIDERICH SCHLEUSE OW,2026-06-30 02:39:00+00:00,25.03,25.52267575965536,-0.49267575965535926,0.49267575965535926,1
DUISBURG-MEIDERICH SCHLEUSE UW,2026-06-30 02:39:00+00:00,18.16,18.19963987543156,-0.03963987543156122,0.03963987543156122,1
Basel-Rheinhalle,2026-06-30 02:40:00+00:00,524.0,527.262175956727,-3.262175956726992,3.262175956726992,1
DUISBURG-MEIDERICH SCHLEUSE OW,2026-06-30 02:40:00+00:00,25.03,25.52267575965536,-0.49267575965535926,0.49267575965535926,1
DUISBURG-MEIDERICH SCHLEUSE UW,2026-06-30 02:40:00+00:00,18.17,18.19963987543156,-0.02963987543155966,0.02963987543155966,1
LOBITH,2026-06-30 02:40:00+00:00,705.0,704.7557997239508,0.24420027604924144,0.24420027604924144,1
DUISBURG-MEIDERICH SCHLEUSE OW,2026-06-30 02:41:00+00:00,25.03,25.52267575965536,-0.49267575965535926,0.49267575965535926,1
DUISBURG-MEIDERICH SCHLEUSE UW,2026-06-30 02:41:00+00:00,18.17,18.19963987543156,-0.02963987543155966,0.02963987543155966,1
DUISBURG-MEIDERICH SCHLEUSE OW,2026-06-30 02:42:00+00:00,25.03,25.52267575965536,-0.49267575965535926,0.49267575965535926,1
DUISBURG-MEIDERICH SCHLEUSE UW,2026-06-30 02:42:00+00:00,18.17,18.19963987543156,-0.02963987543155966,0.02963987543155966,1
DUISBURG-MEIDERICH SCHLEUSE OW,2026-06-30 02:43:00+00:00,25.03,25.52267575965536,-0.49267575965535926,0.49267575965535926,1
DUISBURG-MEIDERICH SCHLEUSE UW,2026-06-30 02:43:00+00:00,18.17,18.19963987543156,-0.02963987543155966,0.02963987543155966,1
DUISBURG-MEIDERICH SCHLEUSE OW,2026-06-30 02:44:00+00:00,25.03,25.52267575965536,-0.49267575965535926,0.49267575965535926,1
DUISBURG-MEIDERICH SCHLEUSE UW,2026-06-30 02:44:00+00:00,18.17,18.19963987543156,-0.02963987543155966,0.02963987543155966,1
BINGEN,2026-06-30 02:45:00+00:00,107.0,105.13380643391594,1.866193566084064,1.866193566084064,1
BONN,2026-06-30 02:45:00+00:00,138.0,142.82807166651492,-4.828071666514916,4.828071666514916,1
BREISACH,2026-06-30 02:45:00+00:00,185.0,192.11351058686185,-7.11351058686185,7.11351058686185,1
Basel-Rheinhalle,2026-06-30 02:45:00+00:00,524.0,525.892387437077,-1.8923874370769909,1.8923874370769909,1
DUISBURG-MEIDERICH SCHLEUSE OW,2026-06-30 02:45:00+00:00,25.03,25.52267575965536,-0.49267575965535926,0.49267575965535926,1
DUISBURG-MEIDERICH SCHLEUSE UW,2026-06-30 02:45:00+00:00,18.17,18.19963987543156,-0.02963987543155966,0.02963987543155966,1
DUISBURG-RUHRORT,2026-06-30 02:45:00+00:00,213.0,212.78227030111108,0.2177296988889168,0.2177296988889168,1
DÜSSELDORF,2026-06-30 02:45:00+00:00,82.0,80.02767715300624,1.9723228469937624,1.9723228469937624,1
EMMERICH,2026-06-30 02:45:00+00:00,53.0,53.918985509763814,-0.9189855097638144,0.9189855097638144,1
IFFEZHEIM,2026-06-30 02:45:00+00:00,146.0,155.5967737523217,-9.596773752321695,9.596773752321695,1
KAUB,2026-06-30 02:45:00+00:00,88.0,83.89672852158353,4.103271478416474,4.103271478416474,1
KOBLENZ,2026-06-30 02:45:00+00:00,84.0,79.58585530707921,4.414144692920786,4.414144692920786,1
KONSTANZ-RHEIN,2026-06-30 02:45:00+00:00,313.0,313.8047604964922,-0.8047604964921788,0.8047604964921788,1
Koblenz OP,2026-06-30 02:45:00+00:00,202.0,205.19177974220875,-3.1917797422087517,3.1917797422087517,1
Koblenz UP,2026-06-30 02:45:00+00:00,48.0,49.28330298834252,-1.2833029883425198,1.2833029883425198,1
KÖLN,2026-06-30 02:45:00+00:00,134.0,133.04168550212114,0.9583144978788596,0.9583144978788596,1
MAINZ,2026-06-30 02:45:00+00:00,185.0,188.0704623854748,-3.070462385474798,3.070462385474798,1
MANNHEIM,2026-06-30 02:45:00+00:00,164.0,157.93720513544022,6.062794864559777,6.062794864559777,1
MAXAU,2026-06-30 02:45:00+00:00,410.0,410.2416598696885,-0.2416598696884762,0.2416598696884762,1
REES,2026-06-30 02:45:00+00:00,96.0,97.6321822406914,-1.6321822406914066,1.6321822406914066,1
RHEINE UNTERSCHLEUSE,2026-06-30 02:45:00+00:00,196.0,207.89187734714443,-11.89187734714443,11.89187734714443,1
RHEINWEILER,2026-06-30 02:45:00+00:00,223.0,223.3655771871815,-0.36557718718148635,0.36557718718148635,1
SANKT GOAR,2026-06-30 02:45:00+00:00,176.0,170.43338874888562,5.566611251114381,5.566611251114381,1
SPEYER,2026-06-30 02:45:00+00:00,254.0,252.00534229132356,1.994657708676442,1.994657708676442,1
WESEL,2026-06-30 02:45:00+00:00,151.0,152.43418294398944,-1.4341829439894411,1.4341829439894411,1
WORMS,2026-06-30 02:45:00+00:00,74.0,72.89656995535917,1.103430044640831,1.103430044640831,1
DUISBURG-MEIDERICH SCHLEUSE OW,2026-06-30 02:46:00+00:00,25.03,25.52267575965536,-0.49267575965535926,0.49267575965535926,1
DUISBURG-MEIDERICH SCHLEUSE UW,2026-06-30 02:46:00+00:00,18.17,18.19963987543156,-0.02963987543155966,0.02963987543155966,1
DUISBURG-MEIDERICH SCHLEUSE OW,2026-06-30 02:47:00+00:00,25.03,25.52267575965536,-0.49267575965535926,0.49267575965535926,1
DUISBURG-MEIDERICH SCHLEUSE UW,2026-06-30 02:47:00+00:00,18.17,18.19963987543156,-0.02963987543155966,0.02963987543155966,1
DUISBURG-MEIDERICH SCHLEUSE OW,2026-06-30 02:48:00+00:00,25.04,25.52267575965536,-0.48267575965536125,0.48267575965536125,1
DUISBURG-MEIDERICH SCHLEUSE UW,2026-06-30 02:48:00+00:00,18.17,18.19963987543156,-0.02963987543155966,0.02963987543155966,1
DUISBURG-MEIDERICH SCHLEUSE OW,2026-06-30 02:49:00+00:00,25.04,25.52267575965536,-0.48267575965536125,0.48267575965536125,1
DUISBURG-MEIDERICH SCHLEUSE UW,2026-06-30 02:49:00+00:00,18.17,18.19963987543156,-0.02963987543155966,0.02963987543155966,1
Basel-Rheinhalle,2026-06-30 02:50:00+00:00,526.0,524.6753560764142,1.3246439235857679,1.3246439235857679,1
DUISBURG-MEIDERICH SCHLEUSE OW,2026-06-30 02:50:00+00:00,25.04,25.52267575965536,-0.48267575965536125,0.48267575965536125,1
DUISBURG-MEIDERICH SCHLEUSE UW,2026-06-30 02:50:00+00:00,18.17,18.19963987543156,-0.02963987543155966,0.02963987543155966,1
LOBITH,2026-06-30 02:50:00+00:00,704.0,704.7557997239508,-0.7557997239507586,0.7557997239507586,1
DUISBURG-MEIDERICH SCHLEUSE OW,2026-06-30 02:51:00+00:00,25.04,25.897436014797258,-0.8574360147972584,0.8574360147972584,1
DUISBURG-MEIDERICH SCHLEUSE UW,2026-06-30 02:51:00+00:00,18.17,18.19963987543156,-0.02963987543155966,0.02963987543155966,1
DUISBURG-MEIDERICH SCHLEUSE OW,2026-06-30 02:52:00+00:00,25.04,25.897436014797258,-0.8574360147972584,0.8574360147972584,1
DUISBURG-MEIDERICH SCHLEUSE UW,2026-06-30 02:52:00+00:00,18.17,18.19963987543156,-0.02963987543155966,0.02963987543155966,1
DUISBURG-MEIDERICH SCHLEUSE OW,2026-06-30 02:53:00+00:00,25.04,25.52267575965536,-0.48267575965536125,0.48267575965536125,1
DUISBURG-MEIDERICH SCHLEUSE UW,2026-06-30 02:53:00+00:00,18.17,18.19963987543156,-0.02963987543155966,0.02963987543155966,1
DUISBURG-MEIDERICH SCHLEUSE OW,2026-06-30 02:54:00+00:00,25.04,25.52267575965536,-0.48267575965536125,0.48267575965536125,1
DUISBURG-MEIDERICH SCHLEUSE UW,2026-06-30 02:54:00+00:00,18.17,18.19963987543156,-0.02963987543155966,0.02963987543155966,1
Basel-Rheinhalle,2026-06-30 02:55:00+00:00,526.0,524.0657768341493,1.9342231658506535,1.9342231658506535,1
DUISBURG-MEIDERICH SCHLEUSE OW,2026-06-30 02:55:00+00:00,25.04,25.52267575965536,-0.48267575965536125,0.48267575965536125,1
DUISBURG-MEIDERICH SCHLEUSE UW,2026-06-30 02:55:00+00:00,18.17,18.19963987543156,-0.02963987543155966,0.02963987543155966,1
DUISBURG-MEIDERICH SCHLEUSE OW,2026-06-30 02:56:00+00:00,25.04,25.52267575965536,-0.48267575965536125,0.48267575965536125,1
DUISBURG-MEIDERICH SCHLEUSE UW,2026-06-30 02:56:00+00:00,18.17,18.19963987543156,-0.02963987543155966,0.02963987543155966,1
DUISBURG-MEIDERICH SCHLEUSE OW,2026-06-30 02:57:00+00:00,25.04,25.52267575965536,-0.48267575965536125,0.48267575965536125,1
DUISBURG-MEIDERICH SCHLEUSE UW,2026-06-30 02:57:00+00:00,18.17,18.19963987543156,-0.02963987543155966,0.02963987543155966,1
DUISBURG-MEIDERICH SCHLEUSE OW,2026-06-30 02:58:00+00:00,25.04,25.52267575965536,-0.48267575965536125,0.48267575965536125,1
DUISBURG-MEIDERICH SCHLEUSE UW,2026-06-30 02:58:00+00:00,18.17,18.19963987543156,-0.02963987543155966,0.02963987543155966,1
DUISBURG-MEIDERICH SCHLEUSE OW,2026-06-30 02:59:00+00:00,25.04,25.52267575965536,-0.48267575965536125,0.48267575965536125,1
DUISBURG-MEIDERICH SCHLEUSE UW,2026-06-30 02:59:00+00:00,18.17,18.19963987543156,-0.02963987543155966,0.02963987543155966,1
BINGEN,2026-06-30 03:00:00+00:00,108.0,105.00974808757181,2.9902519124281923,2.9902519124281923,1
BONN,2026-06-30 03:00:00+00:00,137.0,142.82807166651492,-5.828071666514916,5.828071666514916,1
BREISACH,2026-06-30 03:00:00+00:00,186.0,192.51133987293463,-6.511339872934627,6.511339872934627,1
Basel-Rheinhalle,2026-06-30 03:00:00+00:00,527.0,531.0126865774989,-4.0126865774989255,4.0126865774989255,1
DUISBURG-MEIDERICH SCHLEUSE OW,2026-06-30 03:00:00+00:00,25.04,25.52267575965536,-0.48267575965536125,0.48267575965536125,1
DUISBURG-MEIDERICH SCHLEUSE UW,2026-06-30 03:00:00+00:00,18.18,18.19963987543156,-0.01963987543156165,0.01963987543156165,1
DUISBURG-RUHRORT,2026-06-30 03:00:00+00:00,212.0,212.78227030111108,-0.7822703011110832,0.7822703011110832,1
DÜSSELDORF,2026-06-30 03:00:00+00:00,81.0,79.98141738171157,1.018582618288434,1.018582618288434,1
EMMERICH,2026-06-30 03:00:00+00:00,54.0,53.13595697818673,0.8640430218132735,0.8640430218132735,1
IFFEZHEIM,2026-06-30 03:00:00+00:00,146.0,155.43153136277692,-9.431531362776923,9.431531362776923,1
KAUB,2026-06-30 03:00:00+00:00,89.0,83.92059050432766,5.079409495672337,5.079409495672337,1
KOBLENZ,2026-06-30 03:00:00+00:00,84.0,78.67940619563461,5.320593804365387,5.320593804365387,1
KONSTANZ-RHEIN,2026-06-30 03:00:00+00:00,313.0,313.73720026496915,-0.7372002649691467,0.7372002649691467,1
Koblenz OP,2026-06-30 03:00:00+00:00,201.0,205.19177974220875,-4.191779742208752,4.191779742208752,1
Koblenz UP,2026-06-30 03:00:00+00:00,47.0,49.28330298834252,-2.2833029883425198,2.2833029883425198,1
KÖLN,2026-06-30 03:00:00+00:00,134.0,133.04168550212114,0.9583144978788596,0.9583144978788596,1
LOBITH,2026-06-30 03:00:00+00:00,704.0,704.7557997239508,-0.7557997239507586,0.7557997239507586,1
MAINZ,2026-06-30 03:00:00+00:00,185.0,188.73631625111216,-3.7363162511121573,3.7363162511121573,1
MANNHEIM,2026-06-30 03:00:00+00:00,165.0,158.42356186410254,6.576438135897462,6.576438135897462,1
MAXAU,2026-06-30 03:00:00+00:00,410.0,410.50633550263126,-0.5063355026312593,0.5063355026312593,1
REES,2026-06-30 03:00:00+00:00,97.0,97.52249059921824,-0.5224905992182443,0.5224905992182443,1
RHEINE UNTERSCHLEUSE,2026-06-30 03:00:00+00:00,187.0,207.89187734714443,-20.89187734714443,20.89187734714443,1
RHEINWEILER,2026-06-30 03:00:00+00:00,223.0,223.32596135499546,-0.32596135499545653,0.32596135499545653,1
SANKT GOAR,2026-06-30 03:00:00+00:00,176.0,169.5641563097221,6.435843690277892,6.435843690277892,1
SPEYER,2026-06-30 03:00:00+00:00,255.0,252.1585475782579,2.8414524217421047,2.8414524217421047,1
WESEL,2026-06-30 03:00:00+00:00,152.0,152.43418294398944,-0.43418294398944113,0.43418294398944113,1
WORMS,2026-06-30 03:00:00+00:00,74.0,72.70611756808785,1.2938824319121522,1.2938824319121522,1
DUISBURG-MEIDERICH SCHLEUSE OW,2026-06-30 03:01:00+00:00,25.04,25.52267575965536,-0.48267575965536125,0.48267575965536125,1
DUISBURG-MEIDERICH SCHLEUSE UW,2026-06-30 03:01:00+00:00,18.18,18.19963987543156,-0.01963987543156165,0.01963987543156165,1
DUISBURG-MEIDERICH SCHLEUSE OW,2026-06-30 03:02:00+00:00,25.04,25.52267575965536,-0.48267575965536125,0.48267575965536125,1
DUISBURG-MEIDERICH SCHLEUSE UW,2026-06-30 03:02:00+00:00,18.18,18.19963987543156,-0.01963987543156165,0.01963987543156165,1
DUISBURG-MEIDERICH SCHLEUSE OW,2026-06-30 03:03:00+00:00,25.04,25.52267575965536,-0.48267575965536125,0.48267575965536125,1
DUISBURG-MEIDERICH SCHLEUSE UW,2026-06-30 03:03:00+00:00,18.18,18.19963987543156,-0.01963987543156165,0.01963987543156165,1
DUISBURG-MEIDERICH SCHLEUSE OW,2026-06-30 03:04:00+00:00,25.04,25.52267575965536,-0.48267575965536125,0.48267575965536125,1
DUISBURG-MEIDERICH SCHLEUSE UW,2026-06-30 03:04:00+00:00,18.18,18.19963987543156,-0.01963987543156165,0.01963987543156165,1
Basel-Rheinhalle,2026-06-30 03:05:00+00:00,527.0,530.0093004815488,-3.0093004815488484,3.0093004815488484,1
DUISBURG-MEIDERICH SCHLEUSE OW,2026-06-30 03:05:00+00:00,25.04,25.52267575965536,-0.48267575965536125,0.48267575965536125,1
DUISBURG-MEIDERICH SCHLEUSE UW,2026-06-30 03:05:00+00:00,18.18,18.180119360317047,-0.00011936031704706807,0.00011936031704706807,1
DUISBURG-MEIDERICH SCHLEUSE OW,2026-06-30 03:06:00+00:00,25.04,25.52267575965536,-0.48267575965536125,0.48267575965536125,1
DUISBURG-MEIDERICH SCHLEUSE UW,2026-06-30 03:06:00+00:00,18.18,18.180119360317047,-0.00011936031704706807,0.00011936031704706807,1
DUISBURG-MEIDERICH SCHLEUSE OW,2026-06-30 03:07:00+00:00,25.04,25.52267575965536,-0.48267575965536125,0.48267575965536125,1
DUISBURG-MEIDERICH SCHLEUSE UW,2026-06-30 03:07:00+00:00,18.18,18.19963987543156,-0.01963987543156165,0.01963987543156165,1
DUISBURG-MEIDERICH SCHLEUSE OW,2026-06-30 03:08:00+00:00,25.04,25.52267575965536,-0.48267575965536125,0.48267575965536125,1
DUISBURG-MEIDERICH SCHLEUSE UW,2026-06-30 03:08:00+00:00,18.18,18.19963987543156,-0.01963987543156165,0.01963987543156165,1
DUISBURG-MEIDERICH SCHLEUSE OW,2026-06-30 03:09:00+00:00,25.04,25.52267575965536,-0.48267575965536125,0.48267575965536125,1
DUISBURG-MEIDERICH SCHLEUSE UW,2026-06-30 03:09:00+00:00,18.18,18.19963987543156,-0.01963987543156165,0.01963987543156165,1
Basel-Rheinhalle,2026-06-30 03:10:00+00:00,526.0,532.3702587533717,-6.370258753371672,6.370258753371672,1
DUISBURG-MEIDERICH SCHLEUSE OW,2026-06-30 03:10:00+00:00,25.04,25.52267575965536,-0.48267575965536125,0.48267575965536125,1
DUISBURG-MEIDERICH SCHLEUSE UW,2026-06-30 03:10:00+00:00,18.18,18.19963987543156,-0.01963987543156165,0.01963987543156165,1
LOBITH,2026-06-30 03:10:00+00:00,704.0,704.3913420267828,-0.3913420267828087,0.3913420267828087,1
DUISBURG-MEIDERICH SCHLEUSE OW,2026-06-30 03:11:00+00:00,25.04,25.52267575965536,-0.48267575965536125,0.48267575965536125,1
DUISBURG-MEIDERICH SCHLEUSE UW,2026-06-30 03:11:00+00:00,18.18,18.19963987543156,-0.01963987543156165,0.01963987543156165,1
DUISBURG-MEIDERICH SCHLEUSE OW,2026-06-30 03:12:00+00:00,25.04,25.52267575965536,-0.48267575965536125,0.48267575965536125,1
DUISBURG-MEIDERICH SCHLEUSE UW,2026-06-30 03:12:00+00:00,18.17,18.19963987543156,-0.02963987543155966,0.02963987543155966,1
DUISBURG-MEIDERICH SCHLEUSE OW,2026-06-30 03:13:00+00:00,25.04,25.57111642212946,-0.5311164221294611,0.5311164221294611,1
DUISBURG-MEIDERICH SCHLEUSE UW,2026-06-30 03:13:00+00:00,18.17,18.19963987543156,-0.02963987543155966,0.02963987543155966,1
DUISBURG-MEIDERICH SCHLEUSE OW,2026-06-30 03:14:00+00:00,25.04,25.57111642212946,-0.5311164221294611,0.5311164221294611,1
DUISBURG-MEIDERICH SCHLEUSE UW,2026-06-30 03:14:00+00:00,18.17,18.19963987543156,-0.02963987543155966,0.02963987543155966,1
BINGEN,2026-06-30 03:15:00+00:00,106.0,105.00974808757181,0.9902519124281923,0.9902519124281923,1
BONN,2026-06-30 03:15:00+00:00,138.0,142.82807166651492,-4.828071666514916,4.828071666514916,1
BREISACH,2026-06-30 03:15:00+00:00,188.0,192.42014586569906,-4.420145865699055,4.420145865699055,1
Basel-Rheinhalle,2026-06-30 03:15:00+00:00,526.0,533.3736448493217,-7.3736448493217495,7.3736448493217495,1
DUISBURG-MEIDERICH SCHLEUSE OW,2026-06-30 03:15:00+00:00,25.04,25.52267575965536,-0.48267575965536125,0.48267575965536125,1
DUISBURG-MEIDERICH SCHLEUSE UW,2026-06-30 03:15:00+00:00,18.17,18.19963987543156,-0.02963987543155966,0.02963987543155966,1
DUISBURG-RUHRORT,2026-06-30 03:15:00+00:00,212.0,212.78227030111108,-0.7822703011110832,0.7822703011110832,1
DÜSSELDORF,2026-06-30 03:15:00+00:00,82.0,80.07731349086717,1.9226865091328307,1.9226865091328307,1
EMMERICH,2026-06-30 03:15:00+00:00,53.0,49.91148988393252,3.088510116067482,3.088510116067482,1
IFFEZHEIM,2026-06-30 03:15:00+00:00,144.0,156.00641576682872,-12.006415766828724,12.006415766828724,1
KAUB,2026-06-30 03:15:00+00:00,89.0,83.3856266482486,5.6143733517513965,5.6143733517513965,1
KOBLENZ,2026-06-30 03:15:00+00:00,81.0,78.37814134680293,2.621858653197066,2.621858653197066,1
KONSTANZ-RHEIN,2026-06-30 03:15:00+00:00,313.0,313.35384980262006,-0.3538498026200614,0.3538498026200614,1
Koblenz OP,2026-06-30 03:15:00+00:00,200.0,209.40114414177955,-9.401144141779554,9.401144141779554,1
Koblenz UP,2026-06-30 03:15:00+00:00,46.0,49.410977594597945,-3.410977594597945,3.410977594597945,1
KÖLN,2026-06-30 03:15:00+00:00,134.0,133.04168550212114,0.9583144978788596,0.9583144978788596,1
MAINZ,2026-06-30 03:15:00+00:00,184.0,189.30033130876856,-5.300331308768563,5.300331308768563,1
MANNHEIM,2026-06-30 03:15:00+00:00,164.0,158.42356186410254,5.576438135897462,5.576438135897462,1
MAXAU,2026-06-30 03:15:00+00:00,409.0,410.0368484681402,-1.0368484681401924,1.0368484681401924,1
REES,2026-06-30 03:15:00+00:00,96.0,97.48491002809713,-1.4849100280971328,1.4849100280971328,1
RHEINE UNTERSCHLEUSE,2026-06-30 03:15:00+00:00,186.0,207.89187734714443,-21.89187734714443,21.89187734714443,1
RHEINWEILER,2026-06-30 03:15:00+00:00,223.0,222.97342499144145,0.026575008558552327,0.026575008558552327,1
SANKT GOAR,2026-06-30 03:15:00+00:00,176.0,169.54079708455586,6.459202915444138,6.459202915444138,1
SPEYER,2026-06-30 03:15:00+00:00,255.0,252.1585475782579,2.8414524217421047,2.8414524217421047,1
WESEL,2026-06-30 03:15:00+00:00,152.0,152.51760599882405,-0.5176059988240524,0.5176059988240524,1
WORMS,2026-06-30 03:15:00+00:00,74.0,72.70611756808785,1.2938824319121522,1.2938824319121522,1
DUISBURG-MEIDERICH SCHLEUSE OW,2026-06-30 03:16:00+00:00,25.04,25.52267575965536,-0.48267575965536125,0.48267575965536125,1
DUISBURG-MEIDERICH SCHLEUSE UW,2026-06-30 03:16:00+00:00,18.18,18.19963987543156,-0.01963987543156165,0.01963987543156165,1
DUISBURG-MEIDERICH SCHLEUSE OW,2026-06-30 03:17:00+00:00,25.04,25.52267575965536,-0.48267575965536125,0.48267575965536125,1
DUISBURG-MEIDERICH SCHLEUSE UW,2026-06-30 03:17:00+00:00,18.18,18.19963987543156,-0.01963987543156165,0.01963987543156165,1
DUISBURG-MEIDERICH SCHLEUSE OW,2026-06-30 03:18:00+00:00,25.04,25.52267575965536,-0.48267575965536125,0.48267575965536125,1
DUISBURG-MEIDERICH SCHLEUSE UW,2026-06-30 03:18:00+00:00,18.18,18.19963987543156,-0.01963987543156165,0.01963987543156165,1
DUISBURG-MEIDERICH SCHLEUSE OW,2026-06-30 03:19:00+00:00,25.04,25.52267575965536,-0.48267575965536125,0.48267575965536125,1
DUISBURG-MEIDERICH SCHLEUSE UW,2026-06-30 03:19:00+00:00,18.18,18.19963987543156,-0.01963987543156165,0.01963987543156165,1
Basel-Rheinhalle,2026-06-30 03:20:00+00:00,526.0,533.3736448493217,-7.3736448493217495,7.3736448493217495,1
DUISBURG-MEIDERICH SCHLEUSE OW,2026-06-30 03:20:00+00:00,25.04,25.52267575965536,-0.48267575965536125,0.48267575965536125,1
DUISBURG-MEIDERICH SCHLEUSE UW,2026-06-30 03:20:00+00:00,18.18,18.19963987543156,-0.01963987543156165,0.01963987543156165,1
LOBITH,2026-06-30 03:20:00+00:00,704.0,704.3913420267828,-0.3913420267828087,0.3913420267828087,1
DUISBURG-MEIDERICH SCHLEUSE OW,2026-06-30 03:21:00+00:00,25.04,25.52267575965536,-0.48267575965536125,0.48267575965536125,1
DUISBURG-MEIDERICH SCHLEUSE UW,2026-06-30 03:21:00+00:00,18.18,18.19963987543156,-0.01963987543156165,0.01963987543156165,1
DUISBURG-MEIDERICH SCHLEUSE OW,2026-06-30 03:22:00+00:00,25.04,25.52267575965536,-0.48267575965536125,0.48267575965536125,1
DUISBURG-MEIDERICH SCHLEUSE UW,2026-06-30 03:22:00+00:00,18.18,18.19963987543156,-0.01963987543156165,0.01963987543156165,1
DUISBURG-MEIDERICH SCHLEUSE OW,2026-06-30 03:23:00+00:00,25.04,25.52267575965536,-0.48267575965536125,0.48267575965536125,1
DUISBURG-MEIDERICH SCHLEUSE UW,2026-06-30 03:23:00+00:00,18.18,18.19963987543156,-0.01963987543156165,0.01963987543156165,1
DUISBURG-MEIDERICH SCHLEUSE OW,2026-06-30 03:24:00+00:00,25.04,25.52267575965536,-0.48267575965536125,0.48267575965536125,1
DUISBURG-MEIDERICH SCHLEUSE UW,2026-06-30 03:24:00+00:00,18.18,18.19963987543156,-0.01963987543156165,0.01963987543156165,1
Basel-Rheinhalle,2026-06-30 03:25:00+00:00,526.0,534.8756107050665,-8.875610705066492,8.875610705066492,1
DUISBURG-MEIDERICH SCHLEUSE OW,2026-06-30 03:25:00+00:00,25.04,25.52267575965536,-0.48267575965536125,0.48267575965536125,1
DUISBURG-MEIDERICH SCHLEUSE UW,2026-06-30 03:25:00+00:00,18.17,18.180119360317047,-0.010119360317045079,0.010119360317045079,1
DUISBURG-MEIDERICH SCHLEUSE OW,2026-06-30 03:26:00+00:00,25.04,25.52267575965536,-0.48267575965536125,0.48267575965536125,1
DUISBURG-MEIDERICH SCHLEUSE UW,2026-06-30 03:26:00+00:00,18.17,18.180119360317047,-0.010119360317045079,0.010119360317045079,1
DUISBURG-MEIDERICH SCHLEUSE OW,2026-06-30 03:27:00+00:00,25.04,25.52267575965536,-0.48267575965536125,0.48267575965536125,1
DUISBURG-MEIDERICH SCHLEUSE UW,2026-06-30 03:27:00+00:00,18.17,18.19963987543156,-0.02963987543155966,0.02963987543155966,1
DUISBURG-MEIDERICH SCHLEUSE OW,2026-06-30 03:28:00+00:00,25.04,25.52267575965536,-0.48267575965536125,0.48267575965536125,1
DUISBURG-MEIDERICH SCHLEUSE UW,2026-06-30 03:28:00+00:00,18.17,18.19963987543156,-0.02963987543155966,0.02963987543155966,1
DUISBURG-MEIDERICH SCHLEUSE OW,2026-06-30 03:29:00+00:00,25.04,25.52267575965536,-0.48267575965536125,0.48267575965536125,1
DUISBURG-MEIDERICH SCHLEUSE UW,2026-06-30 03:29:00+00:00,18.17,18.19963987543156,-0.02963987543155966,0.02963987543155966,1
BINGEN,2026-06-30 03:30:00+00:00,107.0,105.00974808757181,1.9902519124281923,1.9902519124281923,1
BONN,2026-06-30 03:30:00+00:00,137.0,142.82807166651492,-5.828071666514916,5.828071666514916,1
BREISACH,2026-06-30 03:30:00+00:00,187.0,192.30839236416074,-5.3083923641607385,5.3083923641607385,1
Basel-Rheinhalle,2026-06-30 03:30:00+00:00,526.0,536.0728110312765,-10.072811031276501,10.072811031276501,1
DUISBURG-MEIDERICH SCHLEUSE OW,2026-06-30 03:30:00+00:00,25.04,25.52267575965536,-0.48267575965536125,0.48267575965536125,1
DUISBURG-MEIDERICH SCHLEUSE UW,2026-06-30 03:30:00+00:00,18.17,18.19963987543156,-0.02963987543155966,0.02963987543155966,1
DUISBURG-RUHRORT,2026-06-30 03:30:00+00:00,214.0,212.5808522414193,1.4191477585806922,1.4191477585806922,1
DÜSSELDORF,2026-06-30 03:30:00+00:00,83.0,79.0229440503343,3.977055949665697,3.977055949665697,1
EMMERICH,2026-06-30 03:30:00+00:00,53.0,49.95623123073638,3.0437687692636217,3.0437687692636217,1
IFFEZHEIM,2026-06-30 03:30:00+00:00,144.0,154.2820938766183,-10.28209387661829,10.28209387661829,1
KAUB,2026-06-30 03:30:00+00:00,88.0,83.3856266482486,4.6143733517513965,4.6143733517513965,1
KOBLENZ,2026-06-30 03:30:00+00:00,84.0,79.4325107873358,4.567489212664199,4.567489212664199,1
KONSTANZ-RHEIN,2026-06-30 03:30:00+00:00,313.0,313.35384980262006,-0.3538498026200614,0.3538498026200614,1
Koblenz OP,2026-06-30 03:30:00+00:00,201.0,205.40644809548235,-4.406448095482347,4.406448095482347,1
Koblenz UP,2026-06-30 03:30:00+00:00,45.0,49.410977594597945,-4.410977594597945,4.410977594597945,1
KÖLN,2026-06-30 03:30:00+00:00,134.0,133.04168550212114,0.9583144978788596,0.9583144978788596,1
LOBITH,2026-06-30 03:30:00+00:00,704.0,704.7557997239508,-0.7557997239507586,0.7557997239507586,1
MAINZ,2026-06-30 03:30:00+00:00,184.0,189.50259663054075,-5.502596630540751,5.502596630540751,1
MANNHEIM,2026-06-30 03:30:00+00:00,163.0,158.81539054414904,4.184609455850961,4.184609455850961,1
MAXAU,2026-06-30 03:30:00+00:00,409.0,410.0368484681402,-1.0368484681401924,1.0368484681401924,1
REES,2026-06-30 03:30:00+00:00,96.0,97.54834189827562,-1.5483418982756234,1.5483418982756234,1
RHEINE UNTERSCHLEUSE,2026-06-30 03:30:00+00:00,186.0,207.89187734714443,-21.89187734714443,21.89187734714443,1
RHEINWEILER,2026-06-30 03:30:00+00:00,223.0,222.97342499144145,0.026575008558552327,0.026575008558552327,1
SANKT GOAR,2026-06-30 03:30:00+00:00,177.0,169.54079708455586,7.459202915444138,7.459202915444138,1
SPEYER,2026-06-30 03:30:00+00:00,255.0,252.1585475782579,2.8414524217421047,2.8414524217421047,1
WESEL,2026-06-30 03:30:00+00:00,152.0,152.51760599882405,-0.5176059988240524,0.5176059988240524,1
WORMS,2026-06-30 03:30:00+00:00,74.0,72.80201367724345,1.1979863227565488,1.1979863227565488,1
DUISBURG-MEIDERICH SCHLEUSE OW,2026-06-30 03:31:00+00:00,25.04,25.52267575965536,-0.48267575965536125,0.48267575965536125,1
DUISBURG-MEIDERICH SCHLEUSE UW,2026-06-30 03:31:00+00:00,18.17,18.19963987543156,-0.02963987543155966,0.02963987543155966,1
DUISBURG-MEIDERICH SCHLEUSE OW,2026-06-30 03:32:00+00:00,25.04,25.52267575965536,-0.48267575965536125,0.48267575965536125,1
DUISBURG-MEIDERICH SCHLEUSE UW,2026-06-30 03:32:00+00:00,18.17,18.19963987543156,-0.02963987543155966,0.02963987543155966,1
DUISBURG-MEIDERICH SCHLEUSE OW,2026-06-30 03:33:00+00:00,25.04,25.52267575965536,-0.48267575965536125,0.48267575965536125,1
DUISBURG-MEIDERICH SCHLEUSE UW,2026-06-30 03:33:00+00:00,18.17,18.19963987543156,-0.02963987543155966,0.02963987543155966,1
DUISBURG-MEIDERICH SCHLEUSE OW,2026-06-30 03:34:00+00:00,25.04,25.52267575965536,-0.48267575965536125,0.48267575965536125,1
DUISBURG-MEIDERICH SCHLEUSE UW,2026-06-30 03:34:00+00:00,18.17,18.19963987543156,-0.02963987543155966,0.02963987543155966,1
Basel-Rheinhalle,2026-06-30 03:35:00+00:00,526.0,536.0728110312765,-10.072811031276501,10.072811031276501,1
DUISBURG-MEIDERICH SCHLEUSE OW,2026-06-30 03:35:00+00:00,25.04,25.52267575965536,-0.48267575965536125,0.48267575965536125,1
DUISBURG-MEIDERICH SCHLEUSE UW,2026-06-30 03:35:00+00:00,18.17,18.19963987543156,-0.02963987543155966,0.02963987543155966,1
DUISBURG-MEIDERICH SCHLEUSE OW,2026-06-30 03:36:00+00:00,25.04,25.52267575965536,-0.48267575965536125,0.48267575965536125,1
DUISBURG-MEIDERICH SCHLEUSE UW,2026-06-30 03:36:00+00:00,18.18,18.19963987543156,-0.01963987543156165,0.01963987543156165,1
DUISBURG-MEIDERICH SCHLEUSE OW,2026-06-30 03:37:00+00:00,25.04,25.52267575965536,-0.48267575965536125,0.48267575965536125,1
DUISBURG-MEIDERICH SCHLEUSE UW,2026-06-30 03:37:00+00:00,18.18,18.180119360317047,-0.00011936031704706807,0.00011936031704706807,1
DUISBURG-MEIDERICH SCHLEUSE OW,2026-06-30 03:38:00+00:00,25.04,25.52267575965536,-0.48267575965536125,0.48267575965536125,1
DUISBURG-MEIDERICH SCHLEUSE UW,2026-06-30 03:38:00+00:00,18.18,18.180119360317047,-0.00011936031704706807,0.00011936031704706807,1
DUISBURG-MEIDERICH SCHLEUSE OW,2026-06-30 03:39:00+00:00,25.04,25.52267575965536,-0.48267575965536125,0.48267575965536125,1
DUISBURG-MEIDERICH SCHLEUSE UW,2026-06-30 03:39:00+00:00,18.18,18.19963987543156,-0.01963987543156165,0.01963987543156165,1
Basel-Rheinhalle,2026-06-30 03:40:00+00:00,526.0,533.957141880362,-7.957141880361974,7.957141880361974,1
DUISBURG-MEIDERICH SCHLEUSE OW,2026-06-30 03:40:00+00:00,25.04,25.52267575965536,-0.48267575965536125,0.48267575965536125,1
DUISBURG-MEIDERICH SCHLEUSE UW,2026-06-30 03:40:00+00:00,18.18,18.19963987543156,-0.01963987543156165,0.01963987543156165,1
LOBITH,2026-06-30 03:40:00+00:00,704.0,704.7557997239508,-0.7557997239507586,0.7557997239507586,1
DUISBURG-MEIDERICH SCHLEUSE OW,2026-06-30 03:41:00+00:00,25.04,25.52267575965536,-0.48267575965536125,0.48267575965536125,1
DUISBURG-MEIDERICH SCHLEUSE UW,2026-06-30 03:41:00+00:00,18.18,18.180119360317047,-0.00011936031704706807,0.00011936031704706807,1
DUISBURG-MEIDERICH SCHLEUSE OW,2026-06-30 03:42:00+00:00,25.04,25.52267575965536,-0.48267575965536125,0.48267575965536125,1
DUISBURG-MEIDERICH SCHLEUSE UW,2026-06-30 03:42:00+00:00,18.18,18.180119360317047,-0.00011936031704706807,0.00011936031704706807,1
DUISBURG-MEIDERICH SCHLEUSE OW,2026-06-30 03:43:00+00:00,25.04,25.52267575965536,-0.48267575965536125,0.48267575965536125,1
DUISBURG-MEIDERICH SCHLEUSE UW,2026-06-30 03:43:00+00:00,18.18,18.19963987543156,-0.01963987543156165,0.01963987543156165,1
DUISBURG-MEIDERICH SCHLEUSE OW,2026-06-30 03:44:00+00:00,25.04,25.52267575965536,-0.48267575965536125,0.48267575965536125,1
DUISBURG-MEIDERICH SCHLEUSE UW,2026-06-30 03:44:00+00:00,18.18,18.19963987543156,-0.01963987543156165,0.01963987543156165,1
BINGEN,2026-06-30 03:45:00+00:00,107.0,105.00974808757181,1.9902519124281923,1.9902519124281923,1
BONN,2026-06-30 03:45:00+00:00,137.0,142.82807166651492,-5.828071666514916,5.828071666514916,1
BREISACH,2026-06-30 03:45:00+00:00,187.0,193.50391153934592,-6.503911539345921,6.503911539345921,1
Basel-Rheinhalle,2026-06-30 03:45:00+00:00,528.0,525.7134430381767,2.286556961823294,2.286556961823294,1
DUISBURG-MEIDERICH SCHLEUSE OW,2026-06-30 03:45:00+00:00,25.04,25.52267575965536,-0.48267575965536125,0.48267575965536125,1
DUISBURG-MEIDERICH SCHLEUSE UW,2026-06-30 03:45:00+00:00,18.18,18.19963987543156,-0.01963987543156165,0.01963987543156165,1
DUISBURG-RUHRORT,2026-06-30 03:45:00+00:00,214.0,212.5808522414193,1.4191477585806922,1.4191477585806922,1
DÜSSELDORF,2026-06-30 03:45:00+00:00,83.0,78.97330771247337,4.026692287526629,4.026692287526629,1
EMMERICH,2026-06-30 03:45:00+00:00,53.0,53.768074597099535,-0.7680745970995346,0.7680745970995346,1
IFFEZHEIM,2026-06-30 03:45:00+00:00,148.0,154.37351625405637,-6.373516254056369,6.373516254056369,1
KAUB,2026-06-30 03:45:00+00:00,89.0,83.3856266482486,5.6143733517513965,5.6143733517513965,1
KOBLENZ,2026-06-30 03:45:00+00:00,82.0,81.51992677088288,0.48007322911712436,0.48007322911712436,1
KONSTANZ-RHEIN,2026-06-30 03:45:00+00:00,313.0,313.73720026496915,-0.7372002649691467,0.7372002649691467,1
Koblenz OP,2026-06-30 03:45:00+00:00,201.0,205.19177974220875,-4.191779742208752,4.191779742208752,1
Koblenz UP,2026-06-30 03:45:00+00:00,44.0,49.315081485442406,-5.3150814854424056,5.3150814854424056,1
KÖLN,2026-06-30 03:45:00+00:00,134.0,133.04168550212114,0.9583144978788596,0.9583144978788596,1
MAINZ,2026-06-30 03:45:00+00:00,184.0,189.50259663054075,-5.502596630540751,5.502596630540751,1
MANNHEIM,2026-06-30 03:45:00+00:00,164.0,158.81539054414904,5.184609455850961,5.184609455850961,1
MAXAU,2026-06-30 03:45:00+00:00,409.0,410.20126887420656,-1.201268874206562,1.201268874206562,1
REES,2026-06-30 03:45:00+00:00,95.0,97.6321822406914,-2.6321822406914066,2.6321822406914066,1
RHEINE UNTERSCHLEUSE,2026-06-30 03:45:00+00:00,185.0,207.89187734714443,-22.89187734714443,22.89187734714443,1
RHEINWEILER,2026-06-30 03:45:00+00:00,223.0,223.32596135499546,-0.32596135499545653,0.32596135499545653,1
SANKT GOAR,2026-06-30 03:45:00+00:00,178.0,169.54079708455586,8.459202915444138,8.459202915444138,1
SPEYER,2026-06-30 03:45:00+00:00,256.0,252.22446318077314,3.7755368192268577,3.7755368192268577,1
WESEL,2026-06-30 03:45:00+00:00,152.0,152.51760599882405,-0.5176059988240524,0.5176059988240524,1
WORMS,2026-06-30 03:45:00+00:00,74.0,72.70611756808785,1.2938824319121522,1.2938824319121522,1
DUISBURG-MEIDERICH SCHLEUSE OW,2026-06-30 03:46:00+00:00,25.04,25.52267575965536,-0.48267575965536125,0.48267575965536125,1
DUISBURG-MEIDERICH SCHLEUSE UW,2026-06-30 03:46:00+00:00,18.18,18.19963987543156,-0.01963987543156165,0.01963987543156165,1
DUISBURG-MEIDERICH SCHLEUSE OW,2026-06-30 03:47:00+00:00,25.04,25.52267575965536,-0.48267575965536125,0.48267575965536125,1
DUISBURG-MEIDERICH SCHLEUSE UW,2026-06-30 03:47:00+00:00,18.18,18.19963987543156,-0.01963987543156165,0.01963987543156165,1
DUISBURG-MEIDERICH SCHLEUSE OW,2026-06-30 03:48:00+00:00,25.04,25.52267575965536,-0.48267575965536125,0.48267575965536125,1
DUISBURG-MEIDERICH SCHLEUSE UW,2026-06-30 03:48:00+00:00,18.18,18.19963987543156,-0.01963987543156165,0.01963987543156165,1
DUISBURG-MEIDERICH SCHLEUSE OW,2026-06-30 03:49:00+00:00,25.04,25.52267575965536,-0.48267575965536125,0.48267575965536125,1
DUISBURG-MEIDERICH SCHLEUSE UW,2026-06-30 03:49:00+00:00,18.18,18.19963987543156,-0.01963987543156165,0.01963987543156165,1
Basel-Rheinhalle,2026-06-30 03:50:00+00:00,529.0,517.4180923081868,11.581907691813171,11.581907691813171,1
DUISBURG-MEIDERICH SCHLEUSE OW,2026-06-30 03:50:00+00:00,25.04,25.52267575965536,-0.48267575965536125,0.48267575965536125,1
DUISBURG-MEIDERICH SCHLEUSE UW,2026-06-30 03:50:00+00:00,18.18,18.180119360317047,-0.00011936031704706807,0.00011936031704706807,1
LOBITH,2026-06-30 03:50:00+00:00,704.0,704.9391245278779,-0.9391245278778797,0.9391245278778797,1
DUISBURG-MEIDERICH SCHLEUSE OW,2026-06-30 03:51:00+00:00,25.04,25.52267575965536,-0.48267575965536125,0.48267575965536125,1
DUISBURG-MEIDERICH SCHLEUSE UW,2026-06-30 03:51:00+00:00,18.19,18.180119360317047,0.009880639682954495,0.009880639682954495,1
DUISBURG-MEIDERICH SCHLEUSE OW,2026-06-30 03:52:00+00:00,25.04,25.52267575965536,-0.48267575965536125,0.48267575965536125,1
DUISBURG-MEIDERICH SCHLEUSE UW,2026-06-30 03:52:00+00:00,18.19,18.19963987543156,-0.009639875431560085,0.009639875431560085,1
DUISBURG-MEIDERICH SCHLEUSE OW,2026-06-30 03:53:00+00:00,25.04,25.52267575965536,-0.48267575965536125,0.48267575965536125,1
DUISBURG-MEIDERICH SCHLEUSE UW,2026-06-30 03:53:00+00:00,18.19,18.19963987543156,-0.009639875431560085,0.009639875431560085,1
DUISBURG-MEIDERICH SCHLEUSE OW,2026-06-30 03:54:00+00:00,25.04,25.52267575965536,-0.48267575965536125,0.48267575965536125,1
DUISBURG-MEIDERICH SCHLEUSE UW,2026-06-30 03:54:00+00:00,18.19,18.19963987543156,-0.009639875431560085,0.009639875431560085,1
Basel-Rheinhalle,2026-06-30 03:55:00+00:00,527.0,515.9021546428104,11.097845357189613,11.097845357189613,1
DUISBURG-MEIDERICH SCHLEUSE OW,2026-06-30 03:55:00+00:00,25.04,25.52267575965536,-0.48267575965536125,0.48267575965536125,1
DUISBURG-MEIDERICH SCHLEUSE UW,2026-06-30 03:55:00+00:00,18.19,18.19963987543156,-0.009639875431560085,0.009639875431560085,1
DUISBURG-MEIDERICH SCHLEUSE OW,2026-06-30 03:56:00+00:00,25.04,25.52267575965536,-0.48267575965536125,0.48267575965536125,1
DUISBURG-MEIDERICH SCHLEUSE UW,2026-06-30 03:56:00+00:00,18.19,18.19963987543156,-0.009639875431560085,0.009639875431560085,1
DUISBURG-MEIDERICH SCHLEUSE OW,2026-06-30 03:57:00+00:00,25.03,25.52267575965536,-0.49267575965535926,0.49267575965535926,1
DUISBURG-MEIDERICH SCHLEUSE UW,2026-06-30 03:57:00+00:00,18.19,18.19963987543156,-0.009639875431560085,0.009639875431560085,1
DUISBURG-MEIDERICH SCHLEUSE OW,2026-06-30 03:58:00+00:00,25.03,25.52267575965536,-0.49267575965535926,0.49267575965535926,1
DUISBURG-MEIDERICH SCHLEUSE UW,2026-06-30 03:58:00+00:00,18.19,18.19963987543156,-0.009639875431560085,0.009639875431560085,1
DUISBURG-MEIDERICH SCHLEUSE OW,2026-06-30 03:59:00+00:00,25.03,25.52267575965536,-0.49267575965535926,0.49267575965535926,1
DUISBURG-MEIDERICH SCHLEUSE UW,2026-06-30 03:59:00+00:00,18.2,18.19963987543156,0.00036012456843792506,0.00036012456843792506,1
BINGEN,2026-06-30 04:00:00+00:00,106.0,104.96721602938875,1.0327839706112485,1.0327839706112485,1
BONN,2026-06-30 04:00:00+00:00,137.0,142.6373745716012,-5.637374571601214,5.637374571601214,1
BREISACH,2026-06-30 04:00:00+00:00,187.0,194.31016171395603,-7.310161713956035,7.310161713956035,1
Basel-Rheinhalle,2026-06-30 04:00:00+00:00,527.0,514.3905001333094,12.609499866690612,12.609499866690612,1
DUISBURG-MEIDERICH SCHLEUSE OW,2026-06-30 04:00:00+00:00,25.03,25.52267575965536,-0.49267575965535926,0.49267575965535926,1
DUISBURG-MEIDERICH SCHLEUSE UW,2026-06-30 04:00:00+00:00,18.2,18.19963987543156,0.00036012456843792506,0.00036012456843792506,1
DUISBURG-RUHRORT,2026-06-30 04:00:00+00:00,213.0,214.30211303799263,-1.3021130379926262,1.3021130379926262,1
DÜSSELDORF,2026-06-30 04:00:00+00:00,83.0,80.02767715300624,2.9723228469937624,2.9723228469937624,1
EMMERICH,2026-06-30 04:00:00+00:00,54.0,53.52697099165423,0.4730290083457689,0.4730290083457689,1
IFFEZHEIM,2026-06-30 04:00:00+00:00,146.0,154.76045046454948,-8.760450464549479,8.760450464549479,1
KAUB,2026-06-30 04:00:00+00:00,90.0,83.34309459006555,6.656905409934453,6.656905409934453,1
KOBLENZ,2026-06-30 04:00:00+00:00,85.0,79.35845232026377,5.6415476797362345,5.6415476797362345,1
KONSTANZ-RHEIN,2026-06-30 04:00:00+00:00,313.0,313.73720026496915,-0.7372002649691467,0.7372002649691467,1
Koblenz OP,2026-06-30 04:00:00+00:00,203.0,206.7116224790903,-3.7116224790902947,3.7116224790902947,1
Koblenz UP,2026-06-30 04:00:00+00:00,45.0,49.36844553641488,-4.368445536414882,4.368445536414882,1
KÖLN,2026-06-30 04:00:00+00:00,134.0,132.85098840720744,1.1490115927925615,1.1490115927925615,1
LOBITH,2026-06-30 04:00:00+00:00,704.0,704.7557997239508,-0.7557997239507586,0.7557997239507586,1
MAINZ,2026-06-30 04:00:00+00:00,184.0,189.4600645723577,-5.460064572357709,5.460064572357709,1
MANNHEIM,2026-06-30 04:00:00+00:00,163.0,157.5079083953024,5.492091604697606,5.492091604697606,1
MAXAU,2026-06-30 04:00:00+00:00,409.0,410.20126887420656,-1.201268874206562,1.201268874206562,1
REES,2026-06-30 04:00:00+00:00,95.0,97.94087433623393,-2.9408743362339322,2.9408743362339322,1
RHEINE UNTERSCHLEUSE,2026-06-30 04:00:00+00:00,186.0,210.3690352005339,-24.369035200533887,24.369035200533887,1
RHEINWEILER,2026-06-30 04:00:00+00:00,223.0,223.32596135499546,-0.32596135499545653,0.32596135499545653,1
SANKT GOAR,2026-06-30 04:00:00+00:00,178.0,169.49826502637282,8.50173497362718,8.50173497362718,1
SPEYER,2026-06-30 04:00:00+00:00,256.0,252.0766315597581,3.9233684402418874,3.9233684402418874,1
WESEL,2026-06-30 04:00:00+00:00,152.0,152.37846041045051,-0.37846041045051493,0.37846041045051493,1
WORMS,2026-06-30 04:00:00+00:00,74.0,72.70611756808785,1.2938824319121522,1.2938824319121522,1
DUISBURG-MEIDERICH SCHLEUSE OW,2026-06-30 04:01:00+00:00,25.03,25.52267575965536,-0.49267575965535926,0.49267575965535926,1
DUISBURG-MEIDERICH SCHLEUSE UW,2026-06-30 04:01:00+00:00,18.2,18.180119360317047,0.019880639682952506,0.019880639682952506,1
DUISBURG-MEIDERICH SCHLEUSE OW,2026-06-30 04:02:00+00:00,25.03,25.52267575965536,-0.49267575965535926,0.49267575965535926,1
DUISBURG-MEIDERICH SCHLEUSE UW,2026-06-30 04:02:00+00:00,18.2,18.180119360317047,0.019880639682952506,0.019880639682952506,1
DUISBURG-MEIDERICH SCHLEUSE OW,2026-06-30 04:03:00+00:00,25.03,25.52267575965536,-0.49267575965535926,0.49267575965535926,1
DUISBURG-MEIDERICH SCHLEUSE UW,2026-06-30 04:03:00+00:00,18.2,18.19963987543156,0.00036012456843792506,0.00036012456843792506,1
DUISBURG-MEIDERICH SCHLEUSE OW,2026-06-30 04:04:00+00:00,25.03,25.52267575965536,-0.49267575965535926,0.49267575965535926,1
DUISBURG-MEIDERICH SCHLEUSE UW,2026-06-30 04:04:00+00:00,18.2,18.19963987543156,0.00036012456843792506,0.00036012456843792506,1
Basel-Rheinhalle,2026-06-30 04:05:00+00:00,527.0,522.6341989754945,4.365801024505458,4.365801024505458,1
DUISBURG-MEIDERICH SCHLEUSE OW,2026-06-30 04:05:00+00:00,25.03,25.52267575965536,-0.49267575965535926,0.49267575965535926,1
DUISBURG-MEIDERICH SCHLEUSE UW,2026-06-30 04:05:00+00:00,18.2,18.19963987543156,0.00036012456843792506,0.00036012456843792506,1
DUISBURG-MEIDERICH SCHLEUSE OW,2026-06-30 04:06:00+00:00,25.03,25.52267575965536,-0.49267575965535926,0.49267575965535926,1
DUISBURG-MEIDERICH SCHLEUSE UW,2026-06-30 04:06:00+00:00,18.2,18.20003844702216,-3.8447022159715516e-05,3.8447022159715516e-05,1
DUISBURG-MEIDERICH SCHLEUSE OW,2026-06-30 04:07:00+00:00,25.03,25.52267575965536,-0.49267575965535926,0.49267575965535926,1
DUISBURG-MEIDERICH SCHLEUSE UW,2026-06-30 04:07:00+00:00,18.2,18.20003844702216,-3.8447022159715516e-05,3.8447022159715516e-05,1
DUISBURG-MEIDERICH SCHLEUSE OW,2026-06-30 04:08:00+00:00,25.03,25.52267575965536,-0.49267575965535926,0.49267575965535926,1
DUISBURG-MEIDERICH SCHLEUSE UW,2026-06-30 04:08:00+00:00,18.2,18.20003844702216,-3.8447022159715516e-05,3.8447022159715516e-05,1
DUISBURG-MEIDERICH SCHLEUSE OW,2026-06-30 04:09:00+00:00,25.02,25.52267575965536,-0.5026757596553608,0.5026757596553608,1
DUISBURG-MEIDERICH SCHLEUSE UW,2026-06-30 04:09:00+00:00,18.2,18.20003844702216,-3.8447022159715516e-05,3.8447022159715516e-05,1
Basel-Rheinhalle,2026-06-30 04:10:00+00:00,527.0,522.5216682249762,4.478331775023776,4.478331775023776,1
DUISBURG-MEIDERICH SCHLEUSE OW,2026-06-30 04:10:00+00:00,25.02,25.52267575965536,-0.5026757596553608,0.5026757596553608,1
DUISBURG-MEIDERICH SCHLEUSE UW,2026-06-30 04:10:00+00:00,18.2,18.20003844702216,-3.8447022159715516e-05,3.8447022159715516e-05,1
LOBITH,2026-06-30 04:10:00+00:00,705.0,704.7557997239508,0.24420027604924144,0.24420027604924144,1
DUISBURG-MEIDERICH SCHLEUSE OW,2026-06-30 04:11:00+00:00,25.02,25.52267575965536,-0.5026757596553608,0.5026757596553608,1
DUISBURG-MEIDERICH SCHLEUSE UW,2026-06-30 04:11:00+00:00,18.2,18.192746108782554,0.00725389121744513,0.00725389121744513,2
DUISBURG-MEIDERICH SCHLEUSE OW,2026-06-30 04:12:00+00:00,25.02,25.017915873129123,0.002084126870876446,0.002084126870876446,2
DUISBURG-MEIDERICH SCHLEUSE UW,2026-06-30 04:12:00+00:00,18.2,18.192746108782554,0.00725389121744513,0.00725389121744513,2
DUISBURG-MEIDERICH SCHLEUSE OW,2026-06-30 04:13:00+00:00,25.02,25.017915873129123,0.002084126870876446,0.002084126870876446,2
DUISBURG-MEIDERICH SCHLEUSE UW,2026-06-30 04:13:00+00:00,18.2,18.192746108782554,0.00725389121744513,0.00725389121744513,2
DUISBURG-MEIDERICH SCHLEUSE OW,2026-06-30 04:14:00+00:00,25.02,25.017915873129123,0.002084126870876446,0.002084126870876446,2
DUISBURG-MEIDERICH SCHLEUSE UW,2026-06-30 04:14:00+00:00,18.2,18.192746108782554,0.00725389121744513,0.00725389121744513,2
BINGEN,2026-06-30 04:15:00+00:00,107.0,107.38668347887051,-0.38668347887050913,0.38668347887050913,2
BONN,2026-06-30 04:15:00+00:00,138.0,138.63272311664383,-0.632723116643831,0.632723116643831,2
BREISACH,2026-06-30 04:15:00+00:00,187.0,186.91642000249084,0.08357999750916179,0.08357999750916179,2
Basel-Rheinhalle,2026-06-30 04:15:00+00:00,526.0,527.1302186156086,-1.1302186156085554,1.1302186156085554,2
DUISBURG-MEIDERICH SCHLEUSE OW,2026-06-30 04:15:00+00:00,25.02,25.017915873129123,0.002084126870876446,0.002084126870876446,2
DUISBURG-MEIDERICH SCHLEUSE UW,2026-06-30 04:15:00+00:00,18.2,18.192746108782554,0.00725389121744513,0.00725389121744513,2
DUISBURG-RUHRORT,2026-06-30 04:15:00+00:00,214.0,212.895476813705,1.1045231862950118,1.1045231862950118,2
DÜSSELDORF,2026-06-30 04:15:00+00:00,83.0,81.79019843041078,1.2098015695892173,1.2098015695892173,2
EMMERICH,2026-06-30 04:15:00+00:00,54.0,53.51014917058999,0.4898508294100097,0.4898508294100097,2
IFFEZHEIM,2026-06-30 04:15:00+00:00,144.0,147.39789382230714,-3.3978938223071395,3.3978938223071395,2
KAUB,2026-06-30 04:15:00+00:00,90.0,87.48941214897027,2.510587851029726,2.510587851029726,2
KOBLENZ,2026-06-30 04:15:00+00:00,84.0,82.75408873765,1.2459112623500062,1.2459112623500062,2
KONSTANZ-RHEIN,2026-06-30 04:15:00+00:00,313.0,313.0169613628989,-0.016961362898882726,0.016961362898882726,2
Koblenz OP,2026-06-30 04:15:00+00:00,201.0,202.57064171092247,-1.570641710922473,1.570641710922473,2
Koblenz UP,2026-06-30 04:15:00+00:00,45.0,45.28634702736941,-0.2863470273694091,0.2863470273694091,2
KÖLN,2026-06-30 04:15:00+00:00,134.0,133.67626731422857,0.3237326857714322,0.3237326857714322,2
MAINZ,2026-06-30 04:15:00+00:00,184.0,186.31311292567872,-2.3131129256787233,2.3131129256787233,2
MANNHEIM,2026-06-30 04:15:00+00:00,163.0,162.88746695205094,0.11253304794905716,0.11253304794905716,2
MAXAU,2026-06-30 04:15:00+00:00,408.0,409.4052216881856,-1.405221688185577,1.405221688185577,2
REES,2026-06-30 04:15:00+00:00,96.0,96.03343081678149,-0.033430816781489625,0.033430816781489625,2
RHEINE UNTERSCHLEUSE,2026-06-30 04:15:00+00:00,187.0,190.80611003371976,-3.8061100337197615,3.8061100337197615,2
RHEINWEILER,2026-06-30 04:15:00+00:00,223.0,223.19346346756205,-0.19346346756205435,0.19346346756205435,2
SANKT GOAR,2026-06-30 04:15:00+00:00,178.0,177.81392648581755,0.18607351418245344,0.18607351418245344,2
SPEYER,2026-06-30 04:15:00+00:00,257.0,255.83035497324212,1.1696450267578768,1.1696450267578768,2
WESEL,2026-06-30 04:15:00+00:00,152.0,151.25049005873075,0.7495099412692525,0.7495099412692525,2
WORMS,2026-06-30 04:15:00+00:00,74.0,74.25466627956683,-0.25466627956683396,0.25466627956683396,2
DUISBURG-MEIDERICH SCHLEUSE OW,2026-06-30 04:16:00+00:00,25.02,25.017915873129123,0.002084126870876446,0.002084126870876446,2
DUISBURG-MEIDERICH SCHLEUSE UW,2026-06-30 04:16:00+00:00,18.2,18.192746108782554,0.00725389121744513,0.00725389121744513,2
DUISBURG-MEIDERICH SCHLEUSE OW,2026-06-30 04:17:00+00:00,25.02,25.017915873129123,0.002084126870876446,0.002084126870876446,2
DUISBURG-MEIDERICH SCHLEUSE UW,2026-06-30 04:17:00+00:00,18.21,18.192746108782554,0.017253891217446693,0.017253891217446693,2
DUISBURG-MEIDERICH SCHLEUSE OW,2026-06-30 04:18:00+00:00,25.02,25.017915873129123,0.002084126870876446,0.002084126870876446,2
DUISBURG-MEIDERICH SCHLEUSE UW,2026-06-30 04:18:00+00:00,18.2,18.192746108782554,0.00725389121744513,0.00725389121744513,2
DUISBURG-MEIDERICH SCHLEUSE OW,2026-06-30 04:19:00+00:00,25.02,25.017915873129123,0.002084126870876446,0.002084126870876446,2
DUISBURG-MEIDERICH SCHLEUSE UW,2026-06-30 04:19:00+00:00,18.2,18.192746108782554,0.00725389121744513,0.00725389121744513,2
Basel-Rheinhalle,2026-06-30 04:20:00+00:00,526.0,526.7831755058523,-0.7831755058523413,0.7831755058523413,2
DUISBURG-MEIDERICH SCHLEUSE OW,2026-06-30 04:20:00+00:00,25.02,25.017915873129123,0.002084126870876446,0.002084126870876446,2
DUISBURG-MEIDERICH SCHLEUSE UW,2026-06-30 04:20:00+00:00,18.2,18.192746108782554,0.00725389121744513,0.00725389121744513,2
LOBITH,2026-06-30 04:20:00+00:00,704.0,703.6235209632584,0.37647903674155714,0.37647903674155714,2
DUISBURG-MEIDERICH SCHLEUSE OW,2026-06-30 04:21:00+00:00,25.02,25.017915873129123,0.002084126870876446,0.002084126870876446,2
DUISBURG-MEIDERICH SCHLEUSE UW,2026-06-30 04:21:00+00:00,18.2,18.192746108782554,0.00725389121744513,0.00725389121744513,2
DUISBURG-MEIDERICH SCHLEUSE OW,2026-06-30 04:22:00+00:00,25.02,25.017915873129123,0.002084126870876446,0.002084126870876446,2
DUISBURG-MEIDERICH SCHLEUSE UW,2026-06-30 04:22:00+00:00,18.2,18.192746108782554,0.00725389121744513,0.00725389121744513,2
DUISBURG-MEIDERICH SCHLEUSE OW,2026-06-30 04:23:00+00:00,25.02,25.017915873129123,0.002084126870876446,0.002084126870876446,2
DUISBURG-MEIDERICH SCHLEUSE UW,2026-06-30 04:23:00+00:00,18.2,18.192746108782554,0.00725389121744513,0.00725389121744513,2
DUISBURG-MEIDERICH SCHLEUSE OW,2026-06-30 04:24:00+00:00,25.02,25.014317518824107,0.005682481175892207,0.005682481175892207,2
DUISBURG-MEIDERICH SCHLEUSE UW,2026-06-30 04:24:00+00:00,18.2,18.192746108782554,0.00725389121744513,0.00725389121744513,2
Basel-Rheinhalle,2026-06-30 04:25:00+00:00,525.0,526.8346130168409,-1.8346130168408763,1.8346130168408763,2
DUISBURG-MEIDERICH SCHLEUSE OW,2026-06-30 04:25:00+00:00,25.02,25.014317518824107,0.005682481175892207,0.005682481175892207,2
DUISBURG-MEIDERICH SCHLEUSE UW,2026-06-30 04:25:00+00:00,18.2,18.192746108782554,0.00725389121744513,0.00725389121744513,2
DUISBURG-MEIDERICH SCHLEUSE OW,2026-06-30 04:26:00+00:00,25.02,25.014317518824107,0.005682481175892207,0.005682481175892207,2
DUISBURG-MEIDERICH SCHLEUSE UW,2026-06-30 04:26:00+00:00,18.2,18.192746108782554,0.00725389121744513,0.00725389121744513,2
DUISBURG-MEIDERICH SCHLEUSE OW,2026-06-30 04:27:00+00:00,25.01,25.014317518824107,-0.004317518824105804,0.004317518824105804,2
DUISBURG-MEIDERICH SCHLEUSE UW,2026-06-30 04:27:00+00:00,18.2,18.192746108782554,0.00725389121744513,0.00725389121744513,2
DUISBURG-MEIDERICH SCHLEUSE OW,2026-06-30 04:28:00+00:00,25.01,25.014317518824107,-0.004317518824105804,0.004317518824105804,2
DUISBURG-MEIDERICH SCHLEUSE UW,2026-06-30 04:28:00+00:00,18.2,18.192746108782554,0.00725389121744513,0.00725389121744513,2
DUISBURG-MEIDERICH SCHLEUSE OW,2026-06-30 04:29:00+00:00,25.01,25.014317518824107,-0.004317518824105804,0.004317518824105804,2
DUISBURG-MEIDERICH SCHLEUSE UW,2026-06-30 04:29:00+00:00,18.2,18.192746108782554,0.00725389121744513,0.00725389121744513,2
BINGEN,2026-06-30 04:30:00+00:00,107.0,107.38668347887051,-0.38668347887050913,0.38668347887050913,2
BONN,2026-06-30 04:30:00+00:00,138.0,138.63272311664383,-0.632723116643831,0.632723116643831,2
BREISACH,2026-06-30 04:30:00+00:00,187.0,187.44557074201933,-0.4455707420193278,0.4455707420193278,2
Basel-Rheinhalle,2026-06-30 04:30:00+00:00,524.0,526.1459521782276,-2.145952178227617,2.145952178227617,2
DUISBURG-MEIDERICH SCHLEUSE OW,2026-06-30 04:30:00+00:00,25.01,25.014317518824107,-0.004317518824105804,0.004317518824105804,2
DUISBURG-MEIDERICH SCHLEUSE UW,2026-06-30 04:30:00+00:00,18.2,18.192746108782554,0.00725389121744513,0.00725389121744513,2
DUISBURG-RUHRORT,2026-06-30 04:30:00+00:00,215.0,212.895476813705,2.104523186295012,2.104523186295012,2
DÜSSELDORF,2026-06-30 04:30:00+00:00,83.0,81.5744940175358,1.4255059824642018,1.4255059824642018,2
EMMERICH,2026-06-30 04:30:00+00:00,54.0,53.51818358662007,0.4818164133799314,0.4818164133799314,2
IFFEZHEIM,2026-06-30 04:30:00+00:00,147.0,147.76267944825955,-0.7626794482595471,0.7626794482595471,2
KAUB,2026-06-30 04:30:00+00:00,90.0,87.48941214897027,2.510587851029726,2.510587851029726,2
KOBLENZ,2026-06-30 04:30:00+00:00,84.0,83.37354932647682,0.6264506735231805,0.6264506735231805,2
KONSTANZ-RHEIN,2026-06-30 04:30:00+00:00,314.0,313.12870732817464,0.8712926718253584,0.8712926718253584,2
Koblenz OP,2026-06-30 04:30:00+00:00,201.0,202.57064171092247,-1.570641710922473,1.570641710922473,2
Koblenz UP,2026-06-30 04:30:00+00:00,44.0,45.32107791098053,-1.3210779109805273,1.3210779109805273,2
KÖLN,2026-06-30 04:30:00+00:00,134.0,133.52703185605895,0.4729681439410456,0.4729681439410456,2
LOBITH,2026-06-30 04:30:00+00:00,704.0,703.7840265341783,0.2159734658216621,0.2159734658216621,2
MAINZ,2026-06-30 04:30:00+00:00,184.0,186.87113594629847,-2.871135946298466,2.871135946298466,2
MANNHEIM,2026-06-30 04:30:00+00:00,164.0,162.76178038821214,1.238219611787855,1.238219611787855,2
MAXAU,2026-06-30 04:30:00+00:00,409.0,409.4179192481831,-0.4179192481831251,0.4179192481831251,2
REES,2026-06-30 04:30:00+00:00,96.0,96.03343081678149,-0.033430816781489625,0.033430816781489625,2
RHEINE UNTERSCHLEUSE,2026-06-30 04:30:00+00:00,188.0,190.80611003371976,-2.8061100337197615,2.8061100337197615,2
RHEINWEILER,2026-06-30 04:30:00+00:00,223.0,223.42206925602676,-0.4220692560267594,0.4220692560267594,2
SANKT GOAR,2026-06-30 04:30:00+00:00,178.0,178.95267608838452,-0.9526760883845213,0.9526760883845213,2
SPEYER,2026-06-30 04:30:00+00:00,257.0,255.73751519777008,1.2624848022299204,1.2624848022299204,2
WESEL,2026-06-30 04:30:00+00:00,152.0,150.97130342329726,1.0286965767027425,1.0286965767027425,2
WORMS,2026-06-30 04:30:00+00:00,74.0,74.58807268361478,-0.5880726836147829,0.5880726836147829,2
DUISBURG-MEIDERICH SCHLEUSE OW,2026-06-30 04:31:00+00:00,25.01,25.014317518824107,-0.004317518824105804,0.004317518824105804,2
DUISBURG-MEIDERICH SCHLEUSE UW,2026-06-30 04:31:00+00:00,18.21,18.192746108782554,0.017253891217446693,0.017253891217446693,2
DUISBURG-MEIDERICH SCHLEUSE OW,2026-06-30 04:32:00+00:00,25.01,25.014317518824107,-0.004317518824105804,0.004317518824105804,2
DUISBURG-MEIDERICH SCHLEUSE UW,2026-06-30 04:32:00+00:00,18.21,18.192746108782554,0.017253891217446693,0.017253891217446693,2
DUISBURG-MEIDERICH SCHLEUSE OW,2026-06-30 04:33:00+00:00,25.01,25.014317518824107,-0.004317518824105804,0.004317518824105804,2
DUISBURG-MEIDERICH SCHLEUSE UW,2026-06-30 04:33:00+00:00,18.21,18.192746108782554,0.017253891217446693,0.017253891217446693,2
DUISBURG-MEIDERICH SCHLEUSE OW,2026-06-30 04:34:00+00:00,25.01,25.014317518824107,-0.004317518824105804,0.004317518824105804,2
DUISBURG-MEIDERICH SCHLEUSE UW,2026-06-30 04:34:00+00:00,18.21,18.192746108782554,0.017253891217446693,0.017253891217446693,2
Basel-Rheinhalle,2026-06-30 04:35:00+00:00,524.0,526.0555148488168,-2.055514848816756,2.055514848816756,2
DUISBURG-MEIDERICH SCHLEUSE OW,2026-06-30 04:35:00+00:00,25.01,25.014317518824107,-0.004317518824105804,0.004317518824105804,2
DUISBURG-MEIDERICH SCHLEUSE UW,2026-06-30 04:35:00+00:00,18.2,18.192746108782554,0.00725389121744513,0.00725389121744513,2
DUISBURG-MEIDERICH SCHLEUSE OW,2026-06-30 04:36:00+00:00,25.01,25.014317518824107,-0.004317518824105804,0.004317518824105804,2
DUISBURG-MEIDERICH SCHLEUSE UW,2026-06-30 04:36:00+00:00,18.2,18.192746108782554,0.00725389121744513,0.00725389121744513,2
DUISBURG-MEIDERICH SCHLEUSE OW,2026-06-30 04:37:00+00:00,25.01,25.014317518824107,-0.004317518824105804,0.004317518824105804,2
DUISBURG-MEIDERICH SCHLEUSE UW,2026-06-30 04:37:00+00:00,18.2,18.192746108782554,0.00725389121744513,0.00725389121744513,2
DUISBURG-MEIDERICH SCHLEUSE OW,2026-06-30 04:38:00+00:00,25.01,25.014317518824107,-0.004317518824105804,0.004317518824105804,2
DUISBURG-MEIDERICH SCHLEUSE UW,2026-06-30 04:38:00+00:00,18.2,18.192746108782554,0.00725389121744513,0.00725389121744513,2
DUISBURG-MEIDERICH SCHLEUSE OW,2026-06-30 04:39:00+00:00,25.0,25.014317518824107,-0.014317518824107367,0.014317518824107367,2
DUISBURG-MEIDERICH SCHLEUSE UW,2026-06-30 04:39:00+00:00,18.2,18.192746108782554,0.00725389121744513,0.00725389121744513,2
Basel-Rheinhalle,2026-06-30 04:40:00+00:00,524.0,525.7750040971703,-1.7750040971702674,1.7750040971702674,2
DUISBURG-MEIDERICH SCHLEUSE OW,2026-06-30 04:40:00+00:00,25.0,25.014317518824107,-0.014317518824107367,0.014317518824107367,2
DUISBURG-MEIDERICH SCHLEUSE UW,2026-06-30 04:40:00+00:00,18.2,18.192746108782554,0.00725389121744513,0.00725389121744513,2
LOBITH,2026-06-30 04:40:00+00:00,705.0,703.5384915859665,1.4615084140334602,1.4615084140334602,2
DUISBURG-MEIDERICH SCHLEUSE OW,2026-06-30 04:41:00+00:00,25.0,25.014317518824107,-0.014317518824107367,0.014317518824107367,2
DUISBURG-MEIDERICH SCHLEUSE UW,2026-06-30 04:41:00+00:00,18.2,18.192746108782554,0.00725389121744513,0.00725389121744513,2
DUISBURG-MEIDERICH SCHLEUSE OW,2026-06-30 04:42:00+00:00,25.0,25.014317518824107,-0.014317518824107367,0.014317518824107367,2
DUISBURG-MEIDERICH SCHLEUSE UW,2026-06-30 04:42:00+00:00,18.2,18.192746108782554,0.00725389121744513,0.00725389121744513,2
DUISBURG-MEIDERICH SCHLEUSE OW,2026-06-30 04:43:00+00:00,25.0,25.014317518824107,-0.014317518824107367,0.014317518824107367,2
DUISBURG-MEIDERICH SCHLEUSE UW,2026-06-30 04:43:00+00:00,18.2,18.192746108782554,0.00725389121744513,0.00725389121744513,2
DUISBURG-MEIDERICH SCHLEUSE OW,2026-06-30 04:44:00+00:00,25.0,25.014317518824107,-0.014317518824107367,0.014317518824107367,2
DUISBURG-MEIDERICH SCHLEUSE UW,2026-06-30 04:44:00+00:00,18.2,18.192746108782554,0.00725389121744513,0.00725389121744513,2
BINGEN,2026-06-30 04:45:00+00:00,107.0,107.38668347887051,-0.38668347887050913,0.38668347887050913,2
BONN,2026-06-30 04:45:00+00:00,138.0,138.5706109352249,-0.5706109352248916,0.5706109352248916,2
BREISACH,2026-06-30 04:45:00+00:00,187.0,187.2118369526393,-0.21183695263928826,0.21183695263928826,2
Basel-Rheinhalle,2026-06-30 04:45:00+00:00,525.0,525.9408141834901,-0.9408141834901471,0.9408141834901471,2
DUISBURG-MEIDERICH SCHLEUSE OW,2026-06-30 04:45:00+00:00,25.0,25.014317518824107,-0.014317518824107367,0.014317518824107367,2
DUISBURG-MEIDERICH SCHLEUSE UW,2026-06-30 04:45:00+00:00,18.2,18.192746108782554,0.00725389121744513,0.00725389121744513,2
DUISBURG-RUHRORT,2026-06-30 04:45:00+00:00,215.0,212.01900216428484,2.980997835715158,2.980997835715158,2
DÜSSELDORF,2026-06-30 04:45:00+00:00,84.0,81.39011725080127,2.609882749198732,2.609882749198732,2
EMMERICH,2026-06-30 04:45:00+00:00,52.0,52.4535932349704,-0.4535932349703984,0.4535932349703984,2
IFFEZHEIM,2026-06-30 04:45:00+00:00,145.0,147.9738145411351,-2.9738145411351127,2.9738145411351127,2
KAUB,2026-06-30 04:45:00+00:00,90.0,87.4479252210831,2.5520747789169036,2.5520747789169036,2
KOBLENZ,2026-06-30 04:45:00+00:00,85.0,82.66035029319036,2.339649706809638,2.339649706809638,2
KONSTANZ-RHEIN,2026-06-30 04:45:00+00:00,313.0,313.12870732817464,-0.1287073281746416,0.1287073281746416,2
Koblenz OP,2026-06-30 04:45:00+00:00,203.0,202.2414533817344,0.7585466182655978,0.7585466182655978,2
Koblenz UP,2026-06-30 04:45:00+00:00,35.0,45.19647949840899,-10.19647949840899,10.19647949840899,2
KÖLN,2026-06-30 04:45:00+00:00,134.0,133.46491967464002,0.535080325359985,0.535080325359985,2
MAINZ,2026-06-30 04:45:00+00:00,183.0,187.95228621444116,-4.952286214441159,4.952286214441159,2
MANNHEIM,2026-06-30 04:45:00+00:00,164.0,162.76178038821214,1.238219611787855,1.238219611787855,2
MAXAU,2026-06-30 04:45:00+00:00,409.0,409.4282047590737,-0.4282047590737079,0.4282047590737079,2
REES,2026-06-30 04:45:00+00:00,96.0,95.8819908430307,0.11800915696929337,0.11800915696929337,2
RHEINE UNTERSCHLEUSE,2026-06-30 04:45:00+00:00,188.0,190.80611003371976,-2.8061100337197615,2.8061100337197615,2
RHEINWEILER,2026-06-30 04:45:00+00:00,223.0,223.42206925602676,-0.4220692560267594,0.4220692560267594,2
SANKT GOAR,2026-06-30 04:45:00+00:00,179.0,178.95267608838452,0.047323911615478664,0.047323911615478664,2
SPEYER,2026-06-30 04:45:00+00:00,256.0,255.73751519777008,0.26248480222992043,0.26248480222992043,2
WESEL,2026-06-30 04:45:00+00:00,152.0,151.18380816717544,0.8161918328245577,0.8161918328245577,2
WORMS,2026-06-30 04:45:00+00:00,74.0,74.29019379443626,-0.2901937944362629,0.2901937944362629,2
DUISBURG-MEIDERICH SCHLEUSE OW,2026-06-30 04:46:00+00:00,25.0,25.014317518824107,-0.014317518824107367,0.014317518824107367,2
DUISBURG-MEIDERICH SCHLEUSE UW,2026-06-30 04:46:00+00:00,18.2,18.192746108782554,0.00725389121744513,0.00725389121744513,2
DUISBURG-MEIDERICH SCHLEUSE OW,2026-06-30 04:47:00+00:00,25.0,25.014317518824107,-0.014317518824107367,0.014317518824107367,2
DUISBURG-MEIDERICH SCHLEUSE UW,2026-06-30 04:47:00+00:00,18.2,18.192746108782554,0.00725389121744513,0.00725389121744513,2
DUISBURG-MEIDERICH SCHLEUSE OW,2026-06-30 04:48:00+00:00,25.0,25.014317518824107,-0.014317518824107367,0.014317518824107367,2
DUISBURG-MEIDERICH SCHLEUSE UW,2026-06-30 04:48:00+00:00,18.2,18.192746108782554,0.00725389121744513,0.00725389121744513,2
DUISBURG-MEIDERICH SCHLEUSE OW,2026-06-30 04:49:00+00:00,25.0,25.014317518824107,-0.014317518824107367,0.014317518824107367,2
DUISBURG-MEIDERICH SCHLEUSE UW,2026-06-30 04:49:00+00:00,18.2,18.192746108782554,0.00725389121744513,0.00725389121744513,2
Basel-Rheinhalle,2026-06-30 04:50:00+00:00,526.0,526.9084894759441,-0.9084894759440658,0.9084894759440658,2
DUISBURG-MEIDERICH SCHLEUSE OW,2026-06-30 04:50:00+00:00,25.0,25.014317518824107,-0.014317518824107367,0.014317518824107367,2
DUISBURG-MEIDERICH SCHLEUSE UW,2026-06-30 04:50:00+00:00,18.2,18.192746108782554,0.00725389121744513,0.00725389121744513,2
LOBITH,2026-06-30 04:50:00+00:00,706.0,703.3310650569689,2.668934943031104,2.668934943031104,2
DUISBURG-MEIDERICH SCHLEUSE OW,2026-06-30 04:51:00+00:00,25.0,25.01223165534896,-0.01223165534895898,0.01223165534895898,2
DUISBURG-MEIDERICH SCHLEUSE UW,2026-06-30 04:51:00+00:00,18.2,18.192746108782554,0.00725389121744513,0.00725389121744513,2
DUISBURG-MEIDERICH SCHLEUSE OW,2026-06-30 04:52:00+00:00,25.0,25.01223165534896,-0.01223165534895898,0.01223165534895898,2
DUISBURG-MEIDERICH SCHLEUSE UW,2026-06-30 04:52:00+00:00,18.2,18.192746108782554,0.00725389121744513,0.00725389121744513,2
DUISBURG-MEIDERICH SCHLEUSE OW,2026-06-30 04:53:00+00:00,25.0,25.01223165534896,-0.01223165534895898,0.01223165534895898,2
DUISBURG-MEIDERICH SCHLEUSE UW,2026-06-30 04:53:00+00:00,18.2,18.192746108782554,0.00725389121744513,0.00725389121744513,2
DUISBURG-MEIDERICH SCHLEUSE OW,2026-06-30 04:54:00+00:00,25.0,25.01223165534896,-0.01223165534895898,0.01223165534895898,2
DUISBURG-MEIDERICH SCHLEUSE UW,2026-06-30 04:54:00+00:00,18.2,18.192746108782554,0.00725389121744513,0.00725389121744513,2
Basel-Rheinhalle,2026-06-30 04:55:00+00:00,526.0,526.8944744109604,-0.8944744109603562,0.8944744109603562,2
DUISBURG-MEIDERICH SCHLEUSE OW,2026-06-30 04:55:00+00:00,25.0,25.01223165534896,-0.01223165534895898,0.01223165534895898,2
DUISBURG-MEIDERICH SCHLEUSE UW,2026-06-30 04:55:00+00:00,18.21,18.192746108782554,0.017253891217446693,0.017253891217446693,2
DUISBURG-MEIDERICH SCHLEUSE OW,2026-06-30 04:56:00+00:00,24.99,25.01223165534896,-0.022231655348960544,0.022231655348960544,2
DUISBURG-MEIDERICH SCHLEUSE UW,2026-06-30 04:56:00+00:00,18.21,18.192746108782554,0.017253891217446693,0.017253891217446693,2
DUISBURG-MEIDERICH SCHLEUSE OW,2026-06-30 04:57:00+00:00,24.99,25.001012291299897,-0.011012291299898891,0.011012291299898891,2
DUISBURG-MEIDERICH SCHLEUSE UW,2026-06-30 04:57:00+00:00,18.21,18.192746108782554,0.017253891217446693,0.017253891217446693,2
DUISBURG-MEIDERICH SCHLEUSE OW,2026-06-30 04:58:00+00:00,24.99,25.001012291299897,-0.011012291299898891,0.011012291299898891,2
DUISBURG-MEIDERICH SCHLEUSE UW,2026-06-30 04:58:00+00:00,18.21,18.192746108782554,0.017253891217446693,0.017253891217446693,2
DUISBURG-MEIDERICH SCHLEUSE OW,2026-06-30 04:59:00+00:00,24.99,25.001012291299897,-0.011012291299898891,0.011012291299898891,2
DUISBURG-MEIDERICH SCHLEUSE UW,2026-06-30 04:59:00+00:00,18.21,18.192746108782554,0.017253891217446693,0.017253891217446693,2
BINGEN,2026-06-30 05:00:00+00:00,107.0,107.32779448309351,-0.32779448309351267,0.32779448309351267,2
BONN,2026-06-30 05:00:00+00:00,137.0,139.07859558242606,-2.078595582426061,2.078595582426061,2
BREISACH,2026-06-30 05:00:00+00:00,187.0,187.66838645516648,-0.668386455166484,0.668386455166484,2
Basel-Rheinhalle,2026-06-30 05:00:00+00:00,526.0,527.1486106288486,-1.1486106288485871,1.1486106288485871,2
DUISBURG-MEIDERICH SCHLEUSE OW,2026-06-30 05:00:00+00:00,24.99,24.99856350653626,-0.008563506536262366,0.008563506536262366,2
DUISBURG-MEIDERICH SCHLEUSE UW,2026-06-30 05:00:00+00:00,18.21,18.18813328783462,0.021866712165380164,0.021866712165380164,2
DUISBURG-RUHRORT,2026-06-30 05:00:00+00:00,215.0,212.53626849666597,2.4637315033340315,2.4637315033340315,2
DÜSSELDORF,2026-06-30 05:00:00+00:00,84.0,81.39011725080127,2.609882749198732,2.609882749198732,2
EMMERICH,2026-06-30 05:00:00+00:00,54.0,52.46960395440963,1.530396045590372,1.530396045590372,2
IFFEZHEIM,2026-06-30 05:00:00+00:00,147.0,147.95033629239484,-0.9503362923948373,0.9503362923948373,2
KAUB,2026-06-30 05:00:00+00:00,92.0,87.28954218051426,4.71045781948574,4.71045781948574,2
KOBLENZ,2026-06-30 05:00:00+00:00,83.0,82.47344111176562,0.5265588882343764,0.5265588882343764,2
KONSTANZ-RHEIN,2026-06-30 05:00:00+00:00,314.0,313.25508327394937,0.7449167260506329,0.7449167260506329,2
Koblenz OP,2026-06-30 05:00:00+00:00,205.0,202.30724879753345,2.692751202466553,2.692751202466553,2
Koblenz UP,2026-06-30 05:00:00+00:00,21.0,46.05567289344891,-25.055672893448907,25.055672893448907,2
KÖLN,2026-06-30 05:00:00+00:00,133.0,133.97290432184118,-0.9729043218411846,0.9729043218411846,2
LOBITH,2026-06-30 05:00:00+00:00,705.0,703.3151323543801,1.6848676456198746,1.6848676456198746,2
MAINZ,2026-06-30 05:00:00+00:00,183.0,188.35723958705404,-5.357239587054039,5.357239587054039,2
MANNHEIM,2026-06-30 05:00:00+00:00,164.0,162.7178227483579,1.2821772516421106,1.2821772516421106,2
MAXAU,2026-06-30 05:00:00+00:00,408.0,409.8638086539709,-1.8638086539709207,1.8638086539709207,2
REES,2026-06-30 05:00:00+00:00,96.0,95.8819908430307,0.11800915696929337,0.11800915696929337,2
RHEINE UNTERSCHLEUSE,2026-06-30 05:00:00+00:00,189.0,228.35498395700665,-39.35498395700665,39.35498395700665,2
RHEINWEILER,2026-06-30 05:00:00+00:00,223.0,223.53730055330902,-0.5373005533090236,0.5373005533090236,2
SANKT GOAR,2026-06-30 05:00:00+00:00,179.0,178.95267608838452,0.047323911615478664,0.047323911615478664,2
SPEYER,2026-06-30 05:00:00+00:00,257.0,256.26262840616533,0.7373715938346663,0.7373715938346663,2
WESEL,2026-06-30 05:00:00+00:00,153.0,151.6917928143766,1.3082071856233881,1.3082071856233881,2
WORMS,2026-06-30 05:00:00+00:00,74.0,74.50749478651024,-0.5074947865102359,0.5074947865102359,2
DUISBURG-MEIDERICH SCHLEUSE OW,2026-06-30 05:01:00+00:00,24.99,24.99856350653626,-0.008563506536262366,0.008563506536262366,2
DUISBURG-MEIDERICH SCHLEUSE UW,2026-06-30 05:01:00+00:00,18.21,18.18813328783462,0.021866712165380164,0.021866712165380164,2
DUISBURG-MEIDERICH SCHLEUSE OW,2026-06-30 05:02:00+00:00,24.99,24.99856350653626,-0.008563506536262366,0.008563506536262366,2
DUISBURG-MEIDERICH SCHLEUSE UW,2026-06-30 05:02:00+00:00,18.21,18.18813328783462,0.021866712165380164,0.021866712165380164,2
DUISBURG-MEIDERICH SCHLEUSE OW,2026-06-30 05:03:00+00:00,24.99,24.989972475095904,2.7524904094633484e-05,2.7524904094633484e-05,2
DUISBURG-MEIDERICH SCHLEUSE UW,2026-06-30 05:03:00+00:00,18.22,18.18813328783462,0.031866712165378175,0.031866712165378175,2
DUISBURG-MEIDERICH SCHLEUSE OW,2026-06-30 05:04:00+00:00,24.99,24.989972475095904,2.7524904094633484e-05,2.7524904094633484e-05,2
DUISBURG-MEIDERICH SCHLEUSE UW,2026-06-30 05:04:00+00:00,18.22,18.18813328783462,0.031866712165378175,0.031866712165378175,2
Basel-Rheinhalle,2026-06-30 05:05:00+00:00,528.0,527.9174012808691,0.0825987191309423,0.0825987191309423,2
DUISBURG-MEIDERICH SCHLEUSE OW,2026-06-30 05:05:00+00:00,24.99,24.989972475095904,2.7524904094633484e-05,2.7524904094633484e-05,2
DUISBURG-MEIDERICH SCHLEUSE UW,2026-06-30 05:05:00+00:00,18.22,18.18813328783462,0.031866712165378175,0.031866712165378175,2
DUISBURG-MEIDERICH SCHLEUSE OW,2026-06-30 05:06:00+00:00,24.99,24.989972475095904,2.7524904094633484e-05,2.7524904094633484e-05,2
DUISBURG-MEIDERICH SCHLEUSE UW,2026-06-30 05:06:00+00:00,18.22,18.18813328783462,0.031866712165378175,0.031866712165378175,2
DUISBURG-MEIDERICH SCHLEUSE OW,2026-06-30 05:07:00+00:00,24.99,24.989972475095904,2.7524904094633484e-05,2.7524904094633484e-05,2
DUISBURG-MEIDERICH SCHLEUSE UW,2026-06-30 05:07:00+00:00,18.22,18.18813328783462,0.031866712165378175,0.031866712165378175,2
DUISBURG-MEIDERICH SCHLEUSE OW,2026-06-30 05:08:00+00:00,24.99,24.989972475095904,2.7524904094633484e-05,2.7524904094633484e-05,2
DUISBURG-MEIDERICH SCHLEUSE UW,2026-06-30 05:08:00+00:00,18.22,18.18813328783462,0.031866712165378175,0.031866712165378175,2
DUISBURG-MEIDERICH SCHLEUSE OW,2026-06-30 05:09:00+00:00,24.99,24.989972475095904,2.7524904094633484e-05,2.7524904094633484e-05,2
DUISBURG-MEIDERICH SCHLEUSE UW,2026-06-30 05:09:00+00:00,18.22,18.18813328783462,0.031866712165378175,0.031866712165378175,2
Basel-Rheinhalle,2026-06-30 05:10:00+00:00,530.0,527.9174012808691,2.0825987191309423,2.0825987191309423,2
DUISBURG-MEIDERICH SCHLEUSE OW,2026-06-30 05:10:00+00:00,24.99,24.989972475095904,2.7524904094633484e-05,2.7524904094633484e-05,2
DUISBURG-MEIDERICH SCHLEUSE UW,2026-06-30 05:10:00+00:00,18.22,18.18813328783462,0.031866712165378175,0.031866712165378175,2
LOBITH,2026-06-30 05:10:00+00:00,703.0,703.3717326219833,-0.37173262198325574,0.37173262198325574,2
DUISBURG-MEIDERICH SCHLEUSE OW,2026-06-30 05:11:00+00:00,24.99,24.989972475095904,2.7524904094633484e-05,2.7524904094633484e-05,2
DUISBURG-MEIDERICH SCHLEUSE UW,2026-06-30 05:11:00+00:00,18.22,18.18813328783462,0.031866712165378175,0.031866712165378175,2
DUISBURG-MEIDERICH SCHLEUSE OW,2026-06-30 05:12:00+00:00,24.99,24.98770982302123,0.002290176978767988,0.002290176978767988,2
DUISBURG-MEIDERICH SCHLEUSE UW,2026-06-30 05:12:00+00:00,18.22,18.18813328783462,0.031866712165378175,0.031866712165378175,2
DUISBURG-MEIDERICH SCHLEUSE OW,2026-06-30 05:13:00+00:00,24.99,24.98770982302123,0.002290176978767988,0.002290176978767988,2
DUISBURG-MEIDERICH SCHLEUSE UW,2026-06-30 05:13:00+00:00,18.22,18.18813328783462,0.031866712165378175,0.031866712165378175,2
DUISBURG-MEIDERICH SCHLEUSE OW,2026-06-30 05:14:00+00:00,24.99,24.98770982302123,0.002290176978767988,0.002290176978767988,2
DUISBURG-MEIDERICH SCHLEUSE UW,2026-06-30 05:14:00+00:00,18.22,18.18813328783462,0.031866712165378175,0.031866712165378175,2
BINGEN,2026-06-30 05:15:00+00:00,106.0,107.32779448309351,-1.3277944830935127,1.3277944830935127,2
BONN,2026-06-30 05:15:00+00:00,137.0,139.10742565430564,-2.1074256543056435,2.1074256543056435,2
BREISACH,2026-06-30 05:15:00+00:00,188.0,187.15790144340934,0.8420985565906562,0.8420985565906562,2
Basel-Rheinhalle,2026-06-30 05:15:00+00:00,528.0,527.9174012808691,0.0825987191309423,0.0825987191309423,2
DUISBURG-MEIDERICH SCHLEUSE OW,2026-06-30 05:15:00+00:00,24.98,24.98770982302123,-0.007709823021230022,0.007709823021230022,2
DUISBURG-MEIDERICH SCHLEUSE UW,2026-06-30 05:15:00+00:00,18.22,18.18813328783462,0.031866712165378175,0.031866712165378175,2
DUISBURG-RUHRORT,2026-06-30 05:15:00+00:00,215.0,213.13016064066198,1.869839359338016,1.869839359338016,2
DÜSSELDORF,2026-06-30 05:15:00+00:00,82.0,81.41864339165717,0.5813566083428299,0.5813566083428299,2
EMMERICH,2026-06-30 05:15:00+00:00,53.0,53.13681241532413,-0.1368124153241297,0.1368124153241297,2
IFFEZHEIM,2026-06-30 05:15:00+00:00,147.0,147.85824586790739,-0.8582458679073852,0.8582458679073852,2
KAUB,2026-06-30 05:15:00+00:00,90.0,87.28954218051426,2.7104578194857396,2.7104578194857396,2
KOBLENZ,2026-06-30 05:15:00+00:00,81.0,82.50196725262153,-1.501967252621526,1.501967252621526,2
KONSTANZ-RHEIN,2026-06-30 05:15:00+00:00,313.0,313.25508327394937,-0.25508327394936714,0.25508327394936714,2
Koblenz OP,2026-06-30 05:15:00+00:00,205.0,202.98501186703024,2.014988132969762,2.014988132969762,2
Koblenz UP,2026-06-30 05:15:00+00:00,30.0,46.05567289344891,-16.055672893448907,16.055672893448907,2
KÖLN,2026-06-30 05:15:00+00:00,133.0,133.97290432184118,-0.9729043218411846,0.9729043218411846,2
MAINZ,2026-06-30 05:15:00+00:00,182.0,188.03681837655142,-6.036818376551423,6.036818376551423,2
MANNHEIM,2026-06-30 05:15:00+00:00,165.0,162.7178227483579,2.2821772516421106,2.2821772516421106,2
MAXAU,2026-06-30 05:15:00+00:00,408.0,409.8589908021257,-1.8589908021256747,1.8589908021256747,2
REES,2026-06-30 05:15:00+00:00,96.0,95.8700314940281,0.12996850597190246,0.12996850597190246,2
RHEINE UNTERSCHLEUSE,2026-06-30 05:15:00+00:00,190.0,234.3116313214345,-44.311631321434504,44.311631321434504,2
RHEINWEILER,2026-06-30 05:15:00+00:00,223.0,223.65164803498965,-0.6516480349896483,0.6516480349896483,2
SANKT GOAR,2026-06-30 05:15:00+00:00,179.0,178.95267608838452,0.047323911615478664,0.047323911615478664,2
SPEYER,2026-06-30 05:15:00+00:00,258.0,256.26262840616533,1.7373715938346663,1.7373715938346663,2
WESEL,2026-06-30 05:15:00+00:00,151.0,151.5052904467301,-0.5052904467301005,0.5052904467301005,2
WORMS,2026-06-30 05:15:00+00:00,74.0,74.4821792651251,-0.48217926512509734,0.48217926512509734,2
DUISBURG-MEIDERICH SCHLEUSE OW,2026-06-30 05:16:00+00:00,24.98,24.98770982302123,-0.007709823021230022,0.007709823021230022,2
DUISBURG-MEIDERICH SCHLEUSE UW,2026-06-30 05:16:00+00:00,18.22,18.18813328783462,0.031866712165378175,0.031866712165378175,2
DUISBURG-MEIDERICH SCHLEUSE OW,2026-06-30 05:17:00+00:00,24.98,24.98770982302123,-0.007709823021230022,0.007709823021230022,2
DUISBURG-MEIDERICH SCHLEUSE UW,2026-06-30 05:17:00+00:00,18.22,18.18813328783462,0.031866712165378175,0.031866712165378175,2
DUISBURG-MEIDERICH SCHLEUSE OW,2026-06-30 05:18:00+00:00,24.98,24.98770982302123,-0.007709823021230022,0.007709823021230022,2
DUISBURG-MEIDERICH SCHLEUSE UW,2026-06-30 05:18:00+00:00,18.22,18.18813328783462,0.031866712165378175,0.031866712165378175,2
DUISBURG-MEIDERICH SCHLEUSE OW,2026-06-30 05:19:00+00:00,24.98,24.98770982302123,-0.007709823021230022,0.007709823021230022,2
DUISBURG-MEIDERICH SCHLEUSE UW,2026-06-30 05:19:00+00:00,18.22,18.18813328783462,0.031866712165378175,0.031866712165378175,2
Basel-Rheinhalle,2026-06-30 05:20:00+00:00,527.0,527.9174012808691,-0.9174012808690577,0.9174012808690577,2
DUISBURG-MEIDERICH SCHLEUSE OW,2026-06-30 05:20:00+00:00,24.98,24.98404562836573,-0.004045628365730636,0.004045628365730636,2
DUISBURG-MEIDERICH SCHLEUSE UW,2026-06-30 05:20:00+00:00,18.22,18.18813328783462,0.031866712165378175,0.031866712165378175,2
LOBITH,2026-06-30 05:20:00+00:00,705.0,704.5300527486243,0.4699472513757428,0.4699472513757428,2
DUISBURG-MEIDERICH SCHLEUSE OW,2026-06-30 05:21:00+00:00,24.98,24.98404562836573,-0.004045628365730636,0.004045628365730636,2
DUISBURG-MEIDERICH SCHLEUSE UW,2026-06-30 05:21:00+00:00,18.23,18.18813328783462,0.04186671216537974,0.04186671216537974,2
DUISBURG-MEIDERICH SCHLEUSE OW,2026-06-30 05:22:00+00:00,24.98,24.98404562836573,-0.004045628365730636,0.004045628365730636,2
DUISBURG-MEIDERICH SCHLEUSE UW,2026-06-30 05:22:00+00:00,18.23,18.18813328783462,0.04186671216537974,0.04186671216537974,2
DUISBURG-MEIDERICH SCHLEUSE OW,2026-06-30 05:23:00+00:00,24.98,24.98404562836573,-0.004045628365730636,0.004045628365730636,2
DUISBURG-MEIDERICH SCHLEUSE UW,2026-06-30 05:23:00+00:00,18.22,18.18813328783462,0.031866712165378175,0.031866712165378175,2
DUISBURG-MEIDERICH SCHLEUSE OW,2026-06-30 05:24:00+00:00,24.98,24.98404562836573,-0.004045628365730636,0.004045628365730636,2
DUISBURG-MEIDERICH SCHLEUSE UW,2026-06-30 05:24:00+00:00,18.22,18.18813328783462,0.031866712165378175,0.031866712165378175,2
Basel-Rheinhalle,2026-06-30 05:25:00+00:00,526.0,527.9174012808691,-1.9174012808690577,1.9174012808690577,2
DUISBURG-MEIDERICH SCHLEUSE OW,2026-06-30 05:25:00+00:00,24.98,24.98404562836573,-0.004045628365730636,0.004045628365730636,2
DUISBURG-MEIDERICH SCHLEUSE UW,2026-06-30 05:25:00+00:00,18.22,18.18813328783462,0.031866712165378175,0.031866712165378175,2
DUISBURG-MEIDERICH SCHLEUSE OW,2026-06-30 05:26:00+00:00,24.98,24.98404562836573,-0.004045628365730636,0.004045628365730636,2
DUISBURG-MEIDERICH SCHLEUSE UW,2026-06-30 05:26:00+00:00,18.22,18.18813328783462,0.031866712165378175,0.031866712165378175,2
DUISBURG-MEIDERICH SCHLEUSE OW,2026-06-30 05:27:00+00:00,24.98,24.98404562836573,-0.004045628365730636,0.004045628365730636,2
DUISBURG-MEIDERICH SCHLEUSE UW,2026-06-30 05:27:00+00:00,18.22,18.18813328783462,0.031866712165378175,0.031866712165378175,2
DUISBURG-MEIDERICH SCHLEUSE OW,2026-06-30 05:28:00+00:00,24.98,24.98404562836573,-0.004045628365730636,0.004045628365730636,2
DUISBURG-MEIDERICH SCHLEUSE UW,2026-06-30 05:28:00+00:00,18.22,18.18813328783462,0.031866712165378175,0.031866712165378175,2
DUISBURG-MEIDERICH SCHLEUSE OW,2026-06-30 05:29:00+00:00,24.97,24.98404562836573,-0.014045628365732199,0.014045628365732199,2
DUISBURG-MEIDERICH SCHLEUSE UW,2026-06-30 05:29:00+00:00,18.22,18.18813328783462,0.031866712165378175,0.031866712165378175,2
BINGEN,2026-06-30 05:30:00+00:00,107.0,107.32779448309351,-0.32779448309351267,0.32779448309351267,2
BONN,2026-06-30 05:30:00+00:00,137.0,139.0897710895399,-2.0897710895399086,2.0897710895399086,2
BREISACH,2026-06-30 05:30:00+00:00,187.0,188.56657956845328,-1.5665795684532782,1.5665795684532782,2
Basel-Rheinhalle,2026-06-30 05:30:00+00:00,526.0,527.8180482556934,-1.818048255693384,1.818048255693384,2
DUISBURG-MEIDERICH SCHLEUSE OW,2026-06-30 05:30:00+00:00,24.97,24.98404562836573,-0.014045628365732199,0.014045628365732199,2
DUISBURG-MEIDERICH SCHLEUSE UW,2026-06-30 05:30:00+00:00,18.22,18.18813328783462,0.031866712165378175,0.031866712165378175,2
DUISBURG-RUHRORT,2026-06-30 05:30:00+00:00,215.0,213.6393087821399,1.3606912178601078,1.3606912178601078,2
DÜSSELDORF,2026-06-30 05:30:00+00:00,84.0,81.308504837313,2.691495162687005,2.691495162687005,2
EMMERICH,2026-06-30 05:30:00+00:00,53.0,53.09765982450732,-0.0976598245073177,0.0976598245073177,2
IFFEZHEIM,2026-06-30 05:30:00+00:00,146.0,145.87946589677983,0.12053410322016589,0.12053410322016589,2
KAUB,2026-06-30 05:30:00+00:00,91.0,87.28339971896077,3.7166002810392342,3.7166002810392342,2
KOBLENZ,2026-06-30 05:30:00+00:00,83.0,82.25342697181716,0.7465730281828371,0.7465730281828371,2
KONSTANZ-RHEIN,2026-06-30 05:30:00+00:00,313.0,313.25508327394937,-0.25508327394936714,0.25508327394936714,2
Koblenz OP,2026-06-30 05:30:00+00:00,203.0,203.07064546956406,-0.07064546956405593,0.07064546956405593,2
Koblenz UP,2026-06-30 05:30:00+00:00,40.0,46.090403777060025,-6.0904037770600254,6.0904037770600254,2
KÖLN,2026-06-30 05:30:00+00:00,133.0,133.95524975707545,-0.9552497570754497,0.9552497570754497,2
LOBITH,2026-06-30 05:30:00+00:00,706.0,704.2024456202968,1.7975543797032287,1.7975543797032287,2
MAINZ,2026-06-30 05:30:00+00:00,182.0,188.55250351088327,-6.55250351088327,6.55250351088327,2
MANNHEIM,2026-06-30 05:30:00+00:00,163.0,162.66753940802374,0.33246059197625755,0.33246059197625755,2
MAXAU,2026-06-30 05:30:00+00:00,408.0,409.5347595573523,-1.534759557352288,1.534759557352288,2
REES,2026-06-30 05:30:00+00:00,96.0,95.86433627826497,0.13566372173502828,0.13566372173502828,2
RHEINE UNTERSCHLEUSE,2026-06-30 05:30:00+00:00,190.0,233.4499932154672,-43.4499932154672,43.4499932154672,2
RHEINWEILER,2026-06-30 05:30:00+00:00,223.0,223.65164803498965,-0.6516480349896483,0.6516480349896483,2
SANKT GOAR,2026-06-30 05:30:00+00:00,181.0,178.95267608838452,2.0473239116154787,2.0473239116154787,2
SPEYER,2026-06-30 05:30:00+00:00,258.0,256.36365724342886,1.636342756571139,1.636342756571139,2
WESEL,2026-06-30 05:30:00+00:00,153.0,151.25539805168125,1.7446019483187456,1.7446019483187456,2
WORMS,2026-06-30 05:30:00+00:00,75.0,74.4964001055919,0.5035998944080973,0.5035998944080973,2
DUISBURG-MEIDERICH SCHLEUSE OW,2026-06-30 05:31:00+00:00,24.97,24.98404562836573,-0.014045628365732199,0.014045628365732199,2
DUISBURG-MEIDERICH SCHLEUSE UW,2026-06-30 05:31:00+00:00,18.22,18.18813328783462,0.031866712165378175,0.031866712165378175,2
DUISBURG-MEIDERICH SCHLEUSE OW,2026-06-30 05:32:00+00:00,24.97,24.98404562836573,-0.014045628365732199,0.014045628365732199,2
DUISBURG-MEIDERICH SCHLEUSE UW,2026-06-30 05:32:00+00:00,18.22,18.18813328783462,0.031866712165378175,0.031866712165378175,2
DUISBURG-MEIDERICH SCHLEUSE OW,2026-06-30 05:33:00+00:00,24.97,24.98404562836573,-0.014045628365732199,0.014045628365732199,2
DUISBURG-MEIDERICH SCHLEUSE UW,2026-06-30 05:33:00+00:00,18.22,18.18813328783462,0.031866712165378175,0.031866712165378175,2
DUISBURG-MEIDERICH SCHLEUSE OW,2026-06-30 05:34:00+00:00,24.97,24.98404562836573,-0.014045628365732199,0.014045628365732199,2
DUISBURG-MEIDERICH SCHLEUSE UW,2026-06-30 05:34:00+00:00,18.22,18.18813328783462,0.031866712165378175,0.031866712165378175,2
Basel-Rheinhalle,2026-06-30 05:35:00+00:00,525.0,527.8180482556934,-2.818048255693384,2.818048255693384,2
DUISBURG-MEIDERICH SCHLEUSE OW,2026-06-30 05:35:00+00:00,24.97,24.98404562836573,-0.014045628365732199,0.014045628365732199,2
DUISBURG-MEIDERICH SCHLEUSE UW,2026-06-30 05:35:00+00:00,18.22,18.18813328783462,0.031866712165378175,0.031866712165378175,2
DUISBURG-MEIDERICH SCHLEUSE OW,2026-06-30 05:36:00+00:00,24.97,24.98404562836573,-0.014045628365732199,0.014045628365732199,2
DUISBURG-MEIDERICH SCHLEUSE UW,2026-06-30 05:36:00+00:00,18.23,18.18813328783462,0.04186671216537974,0.04186671216537974,2
DUISBURG-MEIDERICH SCHLEUSE OW,2026-06-30 05:37:00+00:00,24.97,24.98404562836573,-0.014045628365732199,0.014045628365732199,2
DUISBURG-MEIDERICH SCHLEUSE UW,2026-06-30 05:37:00+00:00,18.23,18.18813328783462,0.04186671216537974,0.04186671216537974,2
DUISBURG-MEIDERICH SCHLEUSE OW,2026-06-30 05:38:00+00:00,24.97,24.98404562836573,-0.014045628365732199,0.014045628365732199,2
DUISBURG-MEIDERICH SCHLEUSE UW,2026-06-30 05:38:00+00:00,18.23,18.18813328783462,0.04186671216537974,0.04186671216537974,2
DUISBURG-MEIDERICH SCHLEUSE OW,2026-06-30 05:39:00+00:00,24.97,24.98404562836573,-0.014045628365732199,0.014045628365732199,2
DUISBURG-MEIDERICH SCHLEUSE UW,2026-06-30 05:39:00+00:00,18.23,18.18813328783462,0.04186671216537974,0.04186671216537974,2
Basel-Rheinhalle,2026-06-30 05:40:00+00:00,525.0,527.7078214179334,-2.70782141793336,2.70782141793336,2
DUISBURG-MEIDERICH SCHLEUSE OW,2026-06-30 05:40:00+00:00,24.97,24.98404562836573,-0.014045628365732199,0.014045628365732199,2
DUISBURG-MEIDERICH SCHLEUSE UW,2026-06-30 05:40:00+00:00,18.23,18.18813328783462,0.04186671216537974,0.04186671216537974,2
LOBITH,2026-06-30 05:40:00+00:00,703.0,704.1414042953506,-1.1414042953506396,1.1414042953506396,2
DUISBURG-MEIDERICH SCHLEUSE OW,2026-06-30 05:41:00+00:00,24.97,24.98404562836573,-0.014045628365732199,0.014045628365732199,2
DUISBURG-MEIDERICH SCHLEUSE UW,2026-06-30 05:41:00+00:00,18.23,18.18813328783462,0.04186671216537974,0.04186671216537974,2
DUISBURG-MEIDERICH SCHLEUSE OW,2026-06-30 05:42:00+00:00,24.97,24.98404562836573,-0.014045628365732199,0.014045628365732199,2
DUISBURG-MEIDERICH SCHLEUSE UW,2026-06-30 05:42:00+00:00,18.23,18.18813328783462,0.04186671216537974,0.04186671216537974,2
DUISBURG-MEIDERICH SCHLEUSE OW,2026-06-30 05:43:00+00:00,24.96,24.98404562836573,-0.02404562836573021,0.02404562836573021,2
DUISBURG-MEIDERICH SCHLEUSE UW,2026-06-30 05:43:00+00:00,18.23,18.18813328783462,0.04186671216537974,0.04186671216537974,2
DUISBURG-MEIDERICH SCHLEUSE OW,2026-06-30 05:44:00+00:00,24.96,24.98404562836573,-0.02404562836573021,0.02404562836573021,2
DUISBURG-MEIDERICH SCHLEUSE UW,2026-06-30 05:44:00+00:00,18.23,18.18813328783462,0.04186671216537974,0.04186671216537974,2
BINGEN,2026-06-30 05:45:00+00:00,106.0,107.32779448309351,-1.3277944830935127,1.3277944830935127,2
BONN,2026-06-30 05:45:00+00:00,138.0,139.16092897682972,-1.160928976829723,1.160928976829723,2
BREISACH,2026-06-30 05:45:00+00:00,186.0,187.48248021925488,-1.4824802192548816,1.4824802192548816,2
Basel-Rheinhalle,2026-06-30 05:45:00+00:00,525.0,527.644674524161,-2.644674524161019,2.644674524161019,2
DUISBURG-MEIDERICH SCHLEUSE OW,2026-06-30 05:45:00+00:00,24.96,24.98404562836573,-0.02404562836573021,0.02404562836573021,2
DUISBURG-MEIDERICH SCHLEUSE UW,2026-06-30 05:45:00+00:00,18.23,18.18813328783462,0.04186671216537974,0.04186671216537974,2
DUISBURG-RUHRORT,2026-06-30 05:45:00+00:00,216.0,213.6393087821399,2.360691217860108,2.360691217860108,2
DÜSSELDORF,2026-06-30 05:45:00+00:00,84.0,81.35578104895757,2.6442189510424328,2.6442189510424328,2
EMMERICH,2026-06-30 05:45:00+00:00,53.0,52.45488092336995,0.5451190766300513,0.5451190766300513,2
IFFEZHEIM,2026-06-30 05:45:00+00:00,148.0,145.71934204942653,2.2806579505734703,2.2806579505734703,2
KAUB,2026-06-30 05:45:00+00:00,90.0,87.32488664684794,2.6751133531520566,2.6751133531520566,2
KOBLENZ,2026-06-30 05:45:00+00:00,81.0,82.21548415796765,-1.2154841579676514,1.2154841579676514,2
KONSTANZ-RHEIN,2026-06-30 05:45:00+00:00,314.0,313.25508327394937,0.7449167260506329,0.7449167260506329,2
Koblenz OP,2026-06-30 05:45:00+00:00,207.0,202.944204937095,4.055795062904991,4.055795062904991,2
Koblenz UP,2026-06-30 05:45:00+00:00,40.0,46.05567289344891,-6.055672893448907,6.055672893448907,2
KÖLN,2026-06-30 05:45:00+00:00,133.0,134.02640764436526,-1.026407644365264,1.026407644365264,2
MAINZ,2026-06-30 05:45:00+00:00,183.0,188.88020318594852,-5.880203185948517,5.880203185948517,2
MANNHEIM,2026-06-30 05:45:00+00:00,165.0,162.64912262826817,2.3508773717318263,2.3508773717318263,2
MAXAU,2026-06-30 05:45:00+00:00,408.0,409.02335033330183,-1.0233503333018348,1.0233503333018348,2
REES,2026-06-30 05:45:00+00:00,99.0,96.42455255192755,2.5754474480724525,2.5754474480724525,2
RHEINE UNTERSCHLEUSE,2026-06-30 05:45:00+00:00,191.0,232.6154796256126,-41.61547962561261,41.61547962561261,2
RHEINWEILER,2026-06-30 05:45:00+00:00,223.0,223.65164803498965,-0.6516480349896483,0.6516480349896483,2
SANKT GOAR,2026-06-30 05:45:00+00:00,180.0,178.95267608838452,1.0473239116154787,1.0473239116154787,2
SPEYER,2026-06-30 05:45:00+00:00,259.0,256.41648040946876,2.583519590531239,2.583519590531239,2
WESEL,2026-06-30 05:45:00+00:00,153.0,151.25539805168125,1.7446019483187456,1.7446019483187456,2
WORMS,2026-06-30 05:45:00+00:00,74.0,74.4779833258363,-0.47798332583630554,0.47798332583630554,2
DUISBURG-MEIDERICH SCHLEUSE OW,2026-06-30 05:46:00+00:00,24.96,24.98404562836573,-0.02404562836573021,0.02404562836573021,2
DUISBURG-MEIDERICH SCHLEUSE UW,2026-06-30 05:46:00+00:00,18.23,18.18813328783462,0.04186671216537974,0.04186671216537974,2
DUISBURG-MEIDERICH SCHLEUSE OW,2026-06-30 05:47:00+00:00,24.96,24.98404562836573,-0.02404562836573021,0.02404562836573021,2
DUISBURG-MEIDERICH SCHLEUSE UW,2026-06-30 05:47:00+00:00,18.22,18.18813328783462,0.031866712165378175,0.031866712165378175,2
DUISBURG-MEIDERICH SCHLEUSE OW,2026-06-30 05:48:00+00:00,24.96,24.98404562836573,-0.02404562836573021,0.02404562836573021,2
DUISBURG-MEIDERICH SCHLEUSE UW,2026-06-30 05:48:00+00:00,18.22,18.18813328783462,0.031866712165378175,0.031866712165378175,2
DUISBURG-MEIDERICH SCHLEUSE OW,2026-06-30 05:49:00+00:00,24.96,24.98404562836573,-0.02404562836573021,0.02404562836573021,2
DUISBURG-MEIDERICH SCHLEUSE UW,2026-06-30 05:49:00+00:00,18.22,18.18813328783462,0.031866712165378175,0.031866712165378175,2
Basel-Rheinhalle,2026-06-30 05:50:00+00:00,524.0,527.4411704199136,-3.4411704199136466,3.4411704199136466,2
DUISBURG-MEIDERICH SCHLEUSE OW,2026-06-30 05:50:00+00:00,24.96,24.98404562836573,-0.02404562836573021,0.02404562836573021,2
DUISBURG-MEIDERICH SCHLEUSE UW,2026-06-30 05:50:00+00:00,18.23,18.18813328783462,0.04186671216537974,0.04186671216537974,2
LOBITH,2026-06-30 05:50:00+00:00,704.0,704.2024456202968,-0.20244562029677127,0.20244562029677127,2
DUISBURG-MEIDERICH SCHLEUSE OW,2026-06-30 05:51:00+00:00,24.96,24.98404562836573,-0.02404562836573021,0.02404562836573021,2
DUISBURG-MEIDERICH SCHLEUSE UW,2026-06-30 05:51:00+00:00,18.23,18.18813328783462,0.04186671216537974,0.04186671216537974,2
DUISBURG-MEIDERICH SCHLEUSE OW,2026-06-30 05:52:00+00:00,24.96,24.98404562836573,-0.02404562836573021,0.02404562836573021,2
DUISBURG-MEIDERICH SCHLEUSE UW,2026-06-30 05:52:00+00:00,18.23,18.18813328783462,0.04186671216537974,0.04186671216537974,2
DUISBURG-MEIDERICH SCHLEUSE OW,2026-06-30 05:53:00+00:00,24.96,24.982683511325114,-0.022683511325112704,0.022683511325112704,2
DUISBURG-MEIDERICH SCHLEUSE UW,2026-06-30 05:53:00+00:00,18.23,18.18813328783462,0.04186671216537974,0.04186671216537974,2
DUISBURG-MEIDERICH SCHLEUSE OW,2026-06-30 05:54:00+00:00,24.96,24.982683511325114,-0.022683511325112704,0.022683511325112704,2
DUISBURG-MEIDERICH SCHLEUSE UW,2026-06-30 05:54:00+00:00,18.23,18.18813328783462,0.04186671216537974,0.04186671216537974,2
Basel-Rheinhalle,2026-06-30 05:55:00+00:00,524.0,527.4885854425781,-3.4885854425781417,3.4885854425781417,2
DUISBURG-MEIDERICH SCHLEUSE OW,2026-06-30 05:55:00+00:00,24.96,24.982683511325114,-0.022683511325112704,0.022683511325112704,2
DUISBURG-MEIDERICH SCHLEUSE UW,2026-06-30 05:55:00+00:00,18.23,18.18813328783462,0.04186671216537974,0.04186671216537974,2
DUISBURG-MEIDERICH SCHLEUSE OW,2026-06-30 05:56:00+00:00,24.95,24.982683511325114,-0.03268351132511427,0.03268351132511427,2
DUISBURG-MEIDERICH SCHLEUSE UW,2026-06-30 05:56:00+00:00,18.23,18.18813328783462,0.04186671216537974,0.04186671216537974,2
DUISBURG-MEIDERICH SCHLEUSE OW,2026-06-30 05:57:00+00:00,24.95,24.982683511325114,-0.03268351132511427,0.03268351132511427,2
DUISBURG-MEIDERICH SCHLEUSE UW,2026-06-30 05:57:00+00:00,18.23,18.18813328783462,0.04186671216537974,0.04186671216537974,2
DUISBURG-MEIDERICH SCHLEUSE OW,2026-06-30 05:58:00+00:00,24.95,24.982683511325114,-0.03268351132511427,0.03268351132511427,2
DUISBURG-MEIDERICH SCHLEUSE UW,2026-06-30 05:58:00+00:00,18.23,18.18813328783462,0.04186671216537974,0.04186671216537974,2
DUISBURG-MEIDERICH SCHLEUSE OW,2026-06-30 05:59:00+00:00,24.95,24.982683511325114,-0.03268351132511427,0.03268351132511427,2
DUISBURG-MEIDERICH SCHLEUSE UW,2026-06-30 05:59:00+00:00,18.23,18.18813328783462,0.04186671216537974,0.04186671216537974,2
BINGEN,2026-06-30 06:00:00+00:00,106.0,106.97419215662255,-0.97419215662255,0.97419215662255,2
BONN,2026-06-30 06:00:00+00:00,137.0,139.50309742747712,-2.5030974274771154,2.5030974274771154,2
BREISACH,2026-06-30 06:00:00+00:00,187.0,187.24970584126402,-0.24970584126401718,0.24970584126401718,2
Basel-Rheinhalle,2026-06-30 06:00:00+00:00,525.0,527.6484200744178,-2.6484200744177997,2.6484200744177997,2
DUISBURG-MEIDERICH SCHLEUSE OW,2026-06-30 06:00:00+00:00,24.95,24.493066227260083,0.45693377273991587,0.45693377273991587,2
DUISBURG-MEIDERICH SCHLEUSE UW,2026-06-30 06:00:00+00:00,18.23,17.755522281706927,0.4744777182930733,0.4744777182930733,2
DUISBURG-RUHRORT,2026-06-30 06:00:00+00:00,215.0,213.42273817440648,1.5772618255935242,1.5772618255935242,2
DÜSSELDORF,2026-06-30 06:00:00+00:00,85.0,80.88684568501822,4.113154314981784,4.113154314981784,2
EMMERICH,2026-06-30 06:00:00+00:00,54.0,53.405497170413504,0.5945028295864958,0.5945028295864958,2
IFFEZHEIM,2026-06-30 06:00:00+00:00,146.0,146.17245445422708,-0.17245445422707917,0.17245445422707917,2
KAUB,2026-06-30 06:00:00+00:00,91.0,86.41967426273982,4.580325737260182,4.580325737260182,2
KOBLENZ,2026-06-30 06:00:00+00:00,82.0,82.35559986658826,-0.35559986658826404,0.35559986658826404,2
KONSTANZ-RHEIN,2026-06-30 06:00:00+00:00,313.0,313.3756621177616,-0.37566211776157843,0.37566211776157843,2
Koblenz OP,2026-06-30 06:00:00+00:00,206.0,201.02516238432767,4.974837615672328,4.974837615672328,2
Koblenz UP,2026-06-30 06:00:00+00:00,41.0,46.35473681118731,-5.354736811187308,5.354736811187308,2
KÖLN,2026-06-30 06:00:00+00:00,133.0,134.04544451343241,-1.0454445134324146,1.0454445134324146,2
LOBITH,2026-06-30 06:00:00+00:00,704.0,703.2739109749849,0.7260890250150851,0.7260890250150851,2
MAINZ,2026-06-30 06:00:00+00:00,182.0,188.7259961185504,-6.725996118550398,6.725996118550398,2
MANNHEIM,2026-06-30 06:00:00+00:00,166.0,162.1520727690017,3.8479272309982946,3.8479272309982946,2
MAXAU,2026-06-30 06:00:00+00:00,407.0,408.97240660995607,-1.9724066099560673,1.9724066099560673,2
REES,2026-06-30 06:00:00+00:00,96.0,96.78406962756195,-0.7840696275619479,0.7840696275619479,2
RHEINE UNTERSCHLEUSE,2026-06-30 06:00:00+00:00,191.0,222.754269600159,-31.754269600159006,31.754269600159006,2
RHEINWEILER,2026-06-30 06:00:00+00:00,223.0,223.87109681693977,-0.8710968169397688,0.8710968169397688,2
SANKT GOAR,2026-06-30 06:00:00+00:00,180.0,178.90223900167604,1.0977609983239631,1.0977609983239631,2
SPEYER,2026-06-30 06:00:00+00:00,258.0,255.66144014484138,2.3385598551586213,2.3385598551586213,2
WESEL,2026-06-30 06:00:00+00:00,152.0,150.99022012152295,1.0097798784770475,1.0097798784770475,2
WORMS,2026-06-30 06:00:00+00:00,74.0,74.44954621591698,-0.44954621591698185,0.44954621591698185,2
DUISBURG-MEIDERICH SCHLEUSE OW,2026-06-30 06:01:00+00:00,24.95,24.411267015443997,0.5387329845560025,0.5387329845560025,2
DUISBURG-MEIDERICH SCHLEUSE UW,2026-06-30 06:01:00+00:00,18.23,17.40649453697031,0.8235054630296901,0.8235054630296901,2
DUISBURG-MEIDERICH SCHLEUSE OW,2026-06-30 06:02:00+00:00,24.95,24.408684805611394,0.5413151943886056,0.5413151943886056,2
DUISBURG-MEIDERICH SCHLEUSE UW,2026-06-30 06:02:00+00:00,18.23,17.40649453697031,0.8235054630296901,0.8235054630296901,2
DUISBURG-MEIDERICH SCHLEUSE OW,2026-06-30 06:03:00+00:00,24.95,24.98010130149251,-0.030101301492511112,0.030101301492511112,2
DUISBURG-MEIDERICH SCHLEUSE UW,2026-06-30 06:03:00+00:00,18.23,18.18813328783462,0.04186671216537974,0.04186671216537974,2
DUISBURG-MEIDERICH SCHLEUSE OW,2026-06-30 06:04:00+00:00,24.94,24.98010130149251,-0.04010130149250912,0.04010130149250912,2
DUISBURG-MEIDERICH SCHLEUSE UW,2026-06-30 06:04:00+00:00,18.23,18.18813328783462,0.04186671216537974,0.04186671216537974,2
Basel-Rheinhalle,2026-06-30 06:05:00+00:00,527.0,527.4176143387906,-0.4176143387905995,0.4176143387905995,2
DUISBURG-MEIDERICH SCHLEUSE OW,2026-06-30 06:05:00+00:00,24.94,24.98010130149251,-0.04010130149250912,0.04010130149250912,2
DUISBURG-MEIDERICH SCHLEUSE UW,2026-06-30 06:05:00+00:00,18.23,18.18813328783462,0.04186671216537974,0.04186671216537974,2
DUISBURG-MEIDERICH SCHLEUSE OW,2026-06-30 06:06:00+00:00,24.94,24.98010130149251,-0.04010130149250912,0.04010130149250912,2
DUISBURG-MEIDERICH SCHLEUSE UW,2026-06-30 06:06:00+00:00,18.23,18.18813328783462,0.04186671216537974,0.04186671216537974,2
DUISBURG-MEIDERICH SCHLEUSE OW,2026-06-30 06:07:00+00:00,24.94,24.97355381215202,-0.033553812152018025,0.033553812152018025,2
DUISBURG-MEIDERICH SCHLEUSE UW,2026-06-30 06:07:00+00:00,18.23,18.18813328783462,0.04186671216537974,0.04186671216537974,2
DUISBURG-MEIDERICH SCHLEUSE OW,2026-06-30 06:08:00+00:00,24.94,24.97355381215202,-0.033553812152018025,0.033553812152018025,2
DUISBURG-MEIDERICH SCHLEUSE UW,2026-06-30 06:08:00+00:00,18.23,18.18813328783462,0.04186671216537974,0.04186671216537974,2
DUISBURG-MEIDERICH SCHLEUSE OW,2026-06-30 06:09:00+00:00,24.94,24.97355381215202,-0.033553812152018025,0.033553812152018025,2
DUISBURG-MEIDERICH SCHLEUSE UW,2026-06-30 06:09:00+00:00,18.23,18.18813328783462,0.04186671216537974,0.04186671216537974,2
Basel-Rheinhalle,2026-06-30 06:10:00+00:00,525.0,525.5974995383463,-0.5974995383462556,0.5974995383462556,2
DUISBURG-MEIDERICH SCHLEUSE OW,2026-06-30 06:10:00+00:00,24.94,24.97355381215202,-0.033553812152018025,0.033553812152018025,2
DUISBURG-MEIDERICH SCHLEUSE UW,2026-06-30 06:10:00+00:00,18.23,18.18813328783462,0.04186671216537974,0.04186671216537974,2
LOBITH,2026-06-30 06:10:00+00:00,705.0,703.6358274247094,1.3641725752905813,1.3641725752905813,2
DUISBURG-MEIDERICH SCHLEUSE OW,2026-06-30 06:11:00+00:00,24.94,24.97355381215202,-0.033553812152018025,0.033553812152018025,2
DUISBURG-MEIDERICH SCHLEUSE UW,2026-06-30 06:11:00+00:00,18.23,18.18813328783462,0.04186671216537974,0.04186671216537974,2
DUISBURG-MEIDERICH SCHLEUSE OW,2026-06-30 06:12:00+00:00,24.94,24.97355381215202,-0.033553812152018025,0.033553812152018025,2
DUISBURG-MEIDERICH SCHLEUSE UW,2026-06-30 06:12:00+00:00,18.23,18.18813328783462,0.04186671216537974,0.04186671216537974,2
DUISBURG-MEIDERICH SCHLEUSE OW,2026-06-30 06:13:00+00:00,24.94,24.97355381215202,-0.033553812152018025,0.033553812152018025,2
DUISBURG-MEIDERICH SCHLEUSE UW,2026-06-30 06:13:00+00:00,18.23,18.18813328783462,0.04186671216537974,0.04186671216537974,2
DUISBURG-MEIDERICH SCHLEUSE OW,2026-06-30 06:14:00+00:00,24.94,24.97355381215202,-0.033553812152018025,0.033553812152018025,2
DUISBURG-MEIDERICH SCHLEUSE UW,2026-06-30 06:14:00+00:00,18.24,18.18813328783462,0.05186671216537775,0.05186671216537775,2
BINGEN,2026-06-30 06:15:00+00:00,106.0,106.97419215662255,-0.97419215662255,0.97419215662255,2
BONN,2026-06-30 06:15:00+00:00,137.0,139.3190948899835,-2.3190948899834893,2.3190948899834893,2
BREISACH,2026-06-30 06:15:00+00:00,190.0,187.2699536734074,2.7300463265926,2.7300463265926,2
Basel-Rheinhalle,2026-06-30 06:15:00+00:00,523.0,525.5615995342936,-2.5615995342935776,2.5615995342935776,2
DUISBURG-MEIDERICH SCHLEUSE OW,2026-06-30 06:15:00+00:00,24.94,24.97355381215202,-0.033553812152018025,0.033553812152018025,2
DUISBURG-MEIDERICH SCHLEUSE UW,2026-06-30 06:15:00+00:00,18.24,18.18813328783462,0.05186671216537775,0.05186671216537775,2
DUISBURG-RUHRORT,2026-06-30 06:15:00+00:00,215.0,213.41823431938553,1.5817656806144669,1.5817656806144669,2
DÜSSELDORF,2026-06-30 06:15:00+00:00,84.0,81.80486433913677,2.1951356608632295,2.1951356608632295,2
EMMERICH,2026-06-30 06:15:00+00:00,52.0,54.030260406956465,-2.030260406956465,2.030260406956465,2
IFFEZHEIM,2026-06-30 06:15:00+00:00,144.0,146.40113771255736,-2.4011377125573574,2.4011377125573574,2
KAUB,2026-06-30 06:15:00+00:00,90.0,86.35255671622237,3.6474432837776334,3.6474432837776334,2
KOBLENZ,2026-06-30 06:15:00+00:00,82.0,81.52224848676825,0.4777515132317518,0.4777515132317518,2
KONSTANZ-RHEIN,2026-06-30 06:15:00+00:00,314.0,313.27237629234463,0.7276237076553684,0.7276237076553684,2
Koblenz OP,2026-06-30 06:15:00+00:00,207.0,200.7754641079468,6.224535892053211,6.224535892053211,2
Koblenz UP,2026-06-30 06:15:00+00:00,41.0,48.16875903911338,-7.168759039113382,7.168759039113382,2
KÖLN,2026-06-30 06:15:00+00:00,134.0,133.92048693840763,0.07951306159236537,0.07951306159236537,2
MAINZ,2026-06-30 06:15:00+00:00,181.0,188.15996639621926,-7.159966396219261,7.159966396219261,2
MANNHEIM,2026-06-30 06:15:00+00:00,165.0,162.1520727690017,2.8479272309982946,2.8479272309982946,2
MAXAU,2026-06-30 06:15:00+00:00,406.0,409.22710139172057,-3.2271013917205664,3.2271013917205664,2
REES,2026-06-30 06:15:00+00:00,97.0,96.11288169477088,0.8871183052291229,0.8871183052291229,2
RHEINE UNTERSCHLEUSE,2026-06-30 06:15:00+00:00,192.0,222.58828000930555,-30.58828000930555,30.58828000930555,2
RHEINWEILER,2026-06-30 06:15:00+00:00,223.0,223.76781099152288,-0.7678109915228788,0.7678109915228788,2
SANKT GOAR,2026-06-30 06:15:00+00:00,181.0,178.90223900167604,2.097760998323963,2.097760998323963,2
SPEYER,2026-06-30 06:15:00+00:00,258.0,255.66144014484138,2.3385598551586213,2.3385598551586213,2
WESEL,2026-06-30 06:15:00+00:00,152.0,150.97220445692855,1.0277955430714485,1.0277955430714485,2
WORMS,2026-06-30 06:15:00+00:00,74.0,74.44954621591698,-0.44954621591698185,0.44954621591698185,2
DUISBURG-MEIDERICH SCHLEUSE OW,2026-06-30 06:16:00+00:00,24.94,24.97355381215202,-0.033553812152018025,0.033553812152018025,2
DUISBURG-MEIDERICH SCHLEUSE UW,2026-06-30 06:16:00+00:00,18.24,18.18813328783462,0.05186671216537775,0.05186671216537775,2
DUISBURG-MEIDERICH SCHLEUSE OW,2026-06-30 06:17:00+00:00,24.94,24.97355381215202,-0.033553812152018025,0.033553812152018025,2
DUISBURG-MEIDERICH SCHLEUSE UW,2026-06-30 06:17:00+00:00,18.24,18.18813328783462,0.05186671216537775,0.05186671216537775,2
DUISBURG-MEIDERICH SCHLEUSE OW,2026-06-30 06:18:00+00:00,24.94,24.97355381215202,-0.033553812152018025,0.033553812152018025,2
DUISBURG-MEIDERICH SCHLEUSE UW,2026-06-30 06:18:00+00:00,18.24,18.18813328783462,0.05186671216537775,0.05186671216537775,2
DUISBURG-MEIDERICH SCHLEUSE OW,2026-06-30 06:19:00+00:00,24.94,24.97355381215202,-0.033553812152018025,0.033553812152018025,2
DUISBURG-MEIDERICH SCHLEUSE UW,2026-06-30 06:19:00+00:00,18.24,18.18813328783462,0.05186671216537775,0.05186671216537775,2
Basel-Rheinhalle,2026-06-30 06:20:00+00:00,520.0,525.9024040540289,-5.902404054028921,5.902404054028921,2
DUISBURG-MEIDERICH SCHLEUSE OW,2026-06-30 06:20:00+00:00,24.93,24.967364036439907,-0.03736403643990727,0.03736403643990727,2
DUISBURG-MEIDERICH SCHLEUSE UW,2026-06-30 06:20:00+00:00,18.23,18.18813328783462,0.04186671216537974,0.04186671216537974,2
LOBITH,2026-06-30 06:20:00+00:00,704.0,703.6358274247094,0.36417257529058134,0.36417257529058134,2
DUISBURG-MEIDERICH SCHLEUSE OW,2026-06-30 06:21:00+00:00,24.93,24.967364036439907,-0.03736403643990727,0.03736403643990727,2
DUISBURG-MEIDERICH SCHLEUSE UW,2026-06-30 06:21:00+00:00,18.23,18.18813328783462,0.04186671216537974,0.04186671216537974,2
DUISBURG-MEIDERICH SCHLEUSE OW,2026-06-30 06:22:00+00:00,24.93,24.967364036439907,-0.03736403643990727,0.03736403643990727,2
DUISBURG-MEIDERICH SCHLEUSE UW,2026-06-30 06:22:00+00:00,18.23,18.18813328783462,0.04186671216537974,0.04186671216537974,2
DUISBURG-MEIDERICH SCHLEUSE OW,2026-06-30 06:23:00+00:00,24.93,24.967364036439907,-0.03736403643990727,0.03736403643990727,2
DUISBURG-MEIDERICH SCHLEUSE UW,2026-06-30 06:23:00+00:00,18.23,18.18813328783462,0.04186671216537974,0.04186671216537974,2
DUISBURG-MEIDERICH SCHLEUSE OW,2026-06-30 06:24:00+00:00,24.93,24.967364036439907,-0.03736403643990727,0.03736403643990727,2
DUISBURG-MEIDERICH SCHLEUSE UW,2026-06-30 06:24:00+00:00,18.23,18.18813328783462,0.04186671216537974,0.04186671216537974,2
Basel-Rheinhalle,2026-06-30 06:25:00+00:00,519.0,525.8120152449222,-6.812015244922236,6.812015244922236,2
DUISBURG-MEIDERICH SCHLEUSE OW,2026-06-30 06:25:00+00:00,24.93,24.967364036439907,-0.03736403643990727,0.03736403643990727,2
DUISBURG-MEIDERICH SCHLEUSE UW,2026-06-30 06:25:00+00:00,18.23,18.18813328783462,0.04186671216537974,0.04186671216537974,2
DUISBURG-MEIDERICH SCHLEUSE OW,2026-06-30 06:26:00+00:00,24.93,24.967364036439907,-0.03736403643990727,0.03736403643990727,2
DUISBURG-MEIDERICH SCHLEUSE UW,2026-06-30 06:26:00+00:00,18.23,18.18813328783462,0.04186671216537974,0.04186671216537974,2
DUISBURG-MEIDERICH SCHLEUSE OW,2026-06-30 06:27:00+00:00,24.92,24.967364036439907,-0.04736403643990528,0.04736403643990528,2
DUISBURG-MEIDERICH SCHLEUSE UW,2026-06-30 06:27:00+00:00,18.23,18.18813328783462,0.04186671216537974,0.04186671216537974,2
DUISBURG-MEIDERICH SCHLEUSE OW,2026-06-30 06:28:00+00:00,24.92,24.965592163009752,-0.045592163009750664,0.045592163009750664,2
DUISBURG-MEIDERICH SCHLEUSE UW,2026-06-30 06:28:00+00:00,18.23,18.18813328783462,0.04186671216537974,0.04186671216537974,2
DUISBURG-MEIDERICH SCHLEUSE OW,2026-06-30 06:29:00+00:00,24.92,24.965592163009752,-0.045592163009750664,0.045592163009750664,2
DUISBURG-MEIDERICH SCHLEUSE UW,2026-06-30 06:29:00+00:00,18.23,18.18813328783462,0.04186671216537974,0.04186671216537974,2
BINGEN,2026-06-30 06:30:00+00:00,106.0,106.99598121344799,-0.9959812134479904,0.9959812134479904,2
BONN,2026-06-30 06:30:00+00:00,137.0,139.86032606566852,-2.8603260656685165,2.8603260656685165,2
BREISACH,2026-06-30 06:30:00+00:00,194.0,186.11333516596213,7.886664834037873,7.886664834037873,2
Basel-Rheinhalle,2026-06-30 06:30:00+00:00,519.0,524.1927154029804,-5.1927154029804115,5.1927154029804115,2
DUISBURG-MEIDERICH SCHLEUSE OW,2026-06-30 06:30:00+00:00,24.92,24.965592163009752,-0.045592163009750664,0.045592163009750664,2
DUISBURG-MEIDERICH SCHLEUSE UW,2026-06-30 06:30:00+00:00,18.23,18.18813328783462,0.04186671216537974,0.04186671216537974,2
DUISBURG-RUHRORT,2026-06-30 06:30:00+00:00,215.0,213.83493998042056,1.1650600195794425,1.1650600195794425,2
DÜSSELDORF,2026-06-30 06:30:00+00:00,84.0,80.90992439773804,3.0900756022619618,3.0900756022619618,2
EMMERICH,2026-06-30 06:30:00+00:00,54.0,53.387481505819096,0.6125184941809039,0.6125184941809039,2
IFFEZHEIM,2026-06-30 06:30:00+00:00,147.0,146.2006343528712,0.7993656471288091,0.7993656471288091,2
KAUB,2026-06-30 06:30:00+00:00,91.0,86.20652323859967,4.793476761400328,4.793476761400328,2
KOBLENZ,2026-06-30 06:30:00+00:00,83.0,82.41533173726322,0.5846682627367841,0.5846682627367841,2
KONSTANZ-RHEIN,2026-06-30 06:30:00+00:00,314.0,313.1606303270689,0.8393696729311273,0.8393696729311273,2
Koblenz OP,2026-06-30 06:30:00+00:00,207.0,200.79596587828522,6.204034121714784,6.204034121714784,2
Koblenz UP,2026-06-30 06:30:00+00:00,44.0,48.36735083106346,-4.367350831063462,4.367350831063462,2
KÖLN,2026-06-30 06:30:00+00:00,133.0,134.22886204291623,-1.2288620429162336,1.2288620429162336,2
LOBITH,2026-06-30 06:30:00+00:00,705.0,704.1763525466635,0.8236474533365481,0.8236474533365481,2
MAINZ,2026-06-30 06:30:00+00:00,181.0,185.54712642519607,-4.547126425196069,4.547126425196069,2
MANNHEIM,2026-06-30 06:30:00+00:00,165.0,162.12369092478866,2.8763090752113385,2.8763090752113385,2
MAXAU,2026-06-30 06:30:00+00:00,406.0,409.19009528091283,-3.1900952809128285,3.1900952809128285,2
REES,2026-06-30 06:30:00+00:00,97.0,96.11288169477088,0.8871183052291229,0.8871183052291229,2
RHEINE UNTERSCHLEUSE,2026-06-30 06:30:00+00:00,192.0,213.05200765878794,-21.052007658787943,21.052007658787943,2
RHEINWEILER,2026-06-30 06:30:00+00:00,223.0,223.53920520305817,-0.5392052030581738,0.5392052030581738,2
SANKT GOAR,2026-06-30 06:30:00+00:00,180.0,177.76348939910906,2.236510600890938,2.236510600890938,2
SPEYER,2026-06-30 06:30:00+00:00,260.0,255.62584300563063,4.374156994369372,4.374156994369372,2
WESEL,2026-06-30 06:30:00+00:00,151.0,150.52935312675066,0.4706468732493363,0.4706468732493363,2
WORMS,2026-06-30 06:30:00+00:00,74.0,74.3846727794152,-0.3846727794151974,0.3846727794151974,2
DUISBURG-MEIDERICH SCHLEUSE OW,2026-06-30 06:31:00+00:00,24.92,24.965592163009752,-0.045592163009750664,0.045592163009750664,2
DUISBURG-MEIDERICH SCHLEUSE UW,2026-06-30 06:31:00+00:00,18.23,18.18813328783462,0.04186671216537974,0.04186671216537974,2
DUISBURG-MEIDERICH SCHLEUSE OW,2026-06-30 06:32:00+00:00,24.92,24.965592163009752,-0.045592163009750664,0.045592163009750664,2
DUISBURG-MEIDERICH SCHLEUSE UW,2026-06-30 06:32:00+00:00,18.23,18.18813328783462,0.04186671216537974,0.04186671216537974,2
DUISBURG-MEIDERICH SCHLEUSE OW,2026-06-30 06:33:00+00:00,24.92,24.965592163009752,-0.045592163009750664,0.045592163009750664,2
DUISBURG-MEIDERICH SCHLEUSE UW,2026-06-30 06:33:00+00:00,18.23,18.18813328783462,0.04186671216537974,0.04186671216537974,2
DUISBURG-MEIDERICH SCHLEUSE OW,2026-06-30 06:34:00+00:00,24.92,24.965592163009752,-0.045592163009750664,0.045592163009750664,2
DUISBURG-MEIDERICH SCHLEUSE UW,2026-06-30 06:34:00+00:00,18.23,18.18813328783462,0.04186671216537974,0.04186671216537974,2
Basel-Rheinhalle,2026-06-30 06:35:00+00:00,520.0,523.6154228427672,-3.6154228427672024,3.6154228427672024,2
DUISBURG-MEIDERICH SCHLEUSE OW,2026-06-30 06:35:00+00:00,24.92,24.965592163009752,-0.045592163009750664,0.045592163009750664,2
DUISBURG-MEIDERICH SCHLEUSE UW,2026-06-30 06:35:00+00:00,18.23,18.18813328783462,0.04186671216537974,0.04186671216537974,2
DUISBURG-MEIDERICH SCHLEUSE OW,2026-06-30 06:36:00+00:00,24.92,24.965592163009752,-0.045592163009750664,0.045592163009750664,2
DUISBURG-MEIDERICH SCHLEUSE UW,2026-06-30 06:36:00+00:00,18.23,18.18813328783462,0.04186671216537974,0.04186671216537974,2
DUISBURG-MEIDERICH SCHLEUSE OW,2026-06-30 06:37:00+00:00,24.92,24.965592163009752,-0.045592163009750664,0.045592163009750664,2
DUISBURG-MEIDERICH SCHLEUSE UW,2026-06-30 06:37:00+00:00,18.23,18.18813328783462,0.04186671216537974,0.04186671216537974,2
DUISBURG-MEIDERICH SCHLEUSE OW,2026-06-30 06:38:00+00:00,24.92,24.965592163009752,-0.045592163009750664,0.045592163009750664,2
DUISBURG-MEIDERICH SCHLEUSE UW,2026-06-30 06:38:00+00:00,18.23,18.18813328783462,0.04186671216537974,0.04186671216537974,2
DUISBURG-MEIDERICH SCHLEUSE OW,2026-06-30 06:39:00+00:00,24.92,24.965592163009752,-0.045592163009750664,0.045592163009750664,2
DUISBURG-MEIDERICH SCHLEUSE UW,2026-06-30 06:39:00+00:00,18.23,18.18813328783462,0.04186671216537974,0.04186671216537974,2
Basel-Rheinhalle,2026-06-30 06:40:00+00:00,520.0,523.6930876695117,-3.6930876695116694,3.6930876695116694,2
DUISBURG-MEIDERICH SCHLEUSE OW,2026-06-30 06:40:00+00:00,24.91,24.965592163009752,-0.05559216300975223,0.05559216300975223,2
DUISBURG-MEIDERICH SCHLEUSE UW,2026-06-30 06:40:00+00:00,18.23,18.18813328783462,0.04186671216537974,0.04186671216537974,2
LOBITH,2026-06-30 06:40:00+00:00,705.0,704.3801690472332,0.6198309527668471,0.6198309527668471,2
DUISBURG-MEIDERICH SCHLEUSE OW,2026-06-30 06:41:00+00:00,24.91,24.965592163009752,-0.05559216300975223,0.05559216300975223,2
DUISBURG-MEIDERICH SCHLEUSE UW,2026-06-30 06:41:00+00:00,18.22,18.18813328783462,0.031866712165378175,0.031866712165378175,2
DUISBURG-MEIDERICH SCHLEUSE OW,2026-06-30 06:42:00+00:00,24.91,24.965592163009752,-0.05559216300975223,0.05559216300975223,2
DUISBURG-MEIDERICH SCHLEUSE UW,2026-06-30 06:42:00+00:00,18.22,18.18813328783462,0.031866712165378175,0.031866712165378175,2
DUISBURG-MEIDERICH SCHLEUSE OW,2026-06-30 06:43:00+00:00,24.91,24.965592163009752,-0.05559216300975223,0.05559216300975223,2
DUISBURG-MEIDERICH SCHLEUSE UW,2026-06-30 06:43:00+00:00,18.22,18.18813328783462,0.031866712165378175,0.031866712165378175,2
DUISBURG-MEIDERICH SCHLEUSE OW,2026-06-30 06:44:00+00:00,24.91,24.965592163009752,-0.05559216300975223,0.05559216300975223,2
DUISBURG-MEIDERICH SCHLEUSE UW,2026-06-30 06:44:00+00:00,18.22,18.18813328783462,0.031866712165378175,0.031866712165378175,2
BINGEN,2026-06-30 06:45:00+00:00,106.0,107.07875662873703,-1.0787566287370254,1.0787566287370254,2
BONN,2026-06-30 06:45:00+00:00,137.0,140.04342564933515,-3.0434256493351484,3.0434256493351484,2
BREISACH,2026-06-30 06:45:00+00:00,192.0,185.01584073930803,6.984159260691968,6.984159260691968,2
Basel-Rheinhalle,2026-06-30 06:45:00+00:00,520.0,523.917413270911,-3.91741327091097,3.91741327091097,2
DUISBURG-MEIDERICH SCHLEUSE OW,2026-06-30 06:45:00+00:00,24.91,24.965592163009752,-0.05559216300975223,0.05559216300975223,2
DUISBURG-MEIDERICH SCHLEUSE UW,2026-06-30 06:45:00+00:00,18.22,18.18813328783462,0.031866712165378175,0.031866712165378175,2
DUISBURG-RUHRORT,2026-06-30 06:45:00+00:00,215.0,213.90001468789765,1.0999853121023477,1.0999853121023477,2
DÜSSELDORF,2026-06-30 06:45:00+00:00,83.0,81.27997869645709,1.7200213035429073,1.7200213035429073,2
EMMERICH,2026-06-30 06:45:00+00:00,53.0,52.85256406468159,0.1474359353184127,0.1474359353184127,2
IFFEZHEIM,2026-06-30 06:45:00+00:00,144.0,146.01809841135952,-2.0180984113595173,2.0180984113595173,2
KAUB,2026-06-30 06:45:00+00:00,91.0,86.2277609908561,4.772239009143902,4.772239009143902,2
KOBLENZ,2026-06-30 06:45:00+00:00,83.0,82.38540297163769,0.6145970283623114,0.6145970283623114,2
KONSTANZ-RHEIN,2026-06-30 06:45:00+00:00,313.0,313.12503318785815,-0.12503318785815054,0.12503318785815054,2
Koblenz OP,2026-06-30 06:45:00+00:00,207.0,201.8500204250862,5.1499795749138,5.1499795749138,2
Koblenz UP,2026-06-30 06:45:00+00:00,57.0,48.36735083106346,8.632649168936538,8.632649168936538,2
KÖLN,2026-06-30 06:45:00+00:00,133.0,134.51776721718917,-1.5177672171891743,1.5177672171891743,2
MAINZ,2026-06-30 06:45:00+00:00,183.0,186.6414906972489,-3.641490697248912,3.641490697248912,2
MANNHEIM,2026-06-30 06:45:00+00:00,166.0,162.12369092478866,3.8763090752113385,3.8763090752113385,2
MAXAU,2026-06-30 06:45:00+00:00,405.0,409.19009528091283,-4.1900952809128285,4.1900952809128285,2
REES,2026-06-30 06:45:00+00:00,96.0,96.04317264393237,-0.04317264393236542,0.04317264393236542,2
RHEINE UNTERSCHLEUSE,2026-06-30 06:45:00+00:00,192.0,201.25116861283783,-9.25116861283783,9.25116861283783,2
RHEINWEILER,2026-06-30 06:45:00+00:00,223.0,223.50360806384742,-0.5036080638474232,0.5036080638474232,2
SANKT GOAR,2026-06-30 06:45:00+00:00,181.0,177.72789603356418,3.2721039664358216,3.2721039664358216,2
SPEYER,2026-06-30 06:45:00+00:00,258.0,255.62584300563063,2.374156994369372,2.374156994369372,2
WESEL,2026-06-30 06:45:00+00:00,152.0,150.65076935769153,1.34923064230847,1.34923064230847,2
WORMS,2026-06-30 06:45:00+00:00,74.0,74.3846727794152,-0.3846727794151974,0.3846727794151974,2
DUISBURG-MEIDERICH SCHLEUSE OW,2026-06-30 06:46:00+00:00,24.91,24.965592163009752,-0.05559216300975223,0.05559216300975223,2
DUISBURG-MEIDERICH SCHLEUSE UW,2026-06-30 06:46:00+00:00,18.21,18.18813328783462,0.021866712165380164,0.021866712165380164,2
DUISBURG-MEIDERICH SCHLEUSE OW,2026-06-30 06:47:00+00:00,24.91,24.965592163009752,-0.05559216300975223,0.05559216300975223,2
DUISBURG-MEIDERICH SCHLEUSE UW,2026-06-30 06:47:00+00:00,18.21,18.18813328783462,0.021866712165380164,0.021866712165380164,2
DUISBURG-MEIDERICH SCHLEUSE OW,2026-06-30 06:48:00+00:00,24.91,24.965592163009752,-0.05559216300975223,0.05559216300975223,2
DUISBURG-MEIDERICH SCHLEUSE UW,2026-06-30 06:48:00+00:00,18.22,18.18813328783462,0.031866712165378175,0.031866712165378175,2
DUISBURG-MEIDERICH SCHLEUSE OW,2026-06-30 06:49:00+00:00,24.91,24.965592163009752,-0.05559216300975223,0.05559216300975223,2
DUISBURG-MEIDERICH SCHLEUSE UW,2026-06-30 06:49:00+00:00,18.22,18.18813328783462,0.031866712165378175,0.031866712165378175,2
Basel-Rheinhalle,2026-06-30 06:50:00+00:00,519.0,523.917413270911,-4.91741327091097,4.91741327091097,2
DUISBURG-MEIDERICH SCHLEUSE OW,2026-06-30 06:50:00+00:00,24.91,24.965592163009752,-0.05559216300975223,0.05559216300975223,2
DUISBURG-MEIDERICH SCHLEUSE UW,2026-06-30 06:50:00+00:00,18.22,18.18813328783462,0.031866712165378175,0.031866712165378175,2
LOBITH,2026-06-30 06:50:00+00:00,705.0,703.7922005900024,1.2077994099976195,1.2077994099976195,2
DUISBURG-MEIDERICH SCHLEUSE OW,2026-06-30 06:51:00+00:00,24.91,24.965592163009752,-0.05559216300975223,0.05559216300975223,2
DUISBURG-MEIDERICH SCHLEUSE UW,2026-06-30 06:51:00+00:00,18.22,18.18813328783462,0.031866712165378175,0.031866712165378175,2
DUISBURG-MEIDERICH SCHLEUSE OW,2026-06-30 06:52:00+00:00,24.91,24.965592163009752,-0.05559216300975223,0.05559216300975223,2
DUISBURG-MEIDERICH SCHLEUSE UW,2026-06-30 06:52:00+00:00,18.22,18.18813328783462,0.031866712165378175,0.031866712165378175,2
DUISBURG-MEIDERICH SCHLEUSE OW,2026-06-30 06:53:00+00:00,24.91,24.965592163009752,-0.05559216300975223,0.05559216300975223,2
DUISBURG-MEIDERICH SCHLEUSE UW,2026-06-30 06:53:00+00:00,18.22,18.18813328783462,0.031866712165378175,0.031866712165378175,2
DUISBURG-MEIDERICH SCHLEUSE OW,2026-06-30 06:54:00+00:00,24.91,24.965592163009752,-0.05559216300975223,0.05559216300975223,2
DUISBURG-MEIDERICH SCHLEUSE UW,2026-06-30 06:54:00+00:00,18.22,18.18813328783462,0.031866712165378175,0.031866712165378175,2
Basel-Rheinhalle,2026-06-30 06:55:00+00:00,519.0,521.4174465966612,-2.4174465966611933,2.4174465966611933,2
DUISBURG-MEIDERICH SCHLEUSE OW,2026-06-30 06:55:00+00:00,24.91,24.965592163009752,-0.05559216300975223,0.05559216300975223,2
DUISBURG-MEIDERICH SCHLEUSE UW,2026-06-30 06:55:00+00:00,18.22,18.18813328783462,0.031866712165378175,0.031866712165378175,2
DUISBURG-MEIDERICH SCHLEUSE OW,2026-06-30 06:56:00+00:00,24.91,24.965592163009752,-0.05559216300975223,0.05559216300975223,2
DUISBURG-MEIDERICH SCHLEUSE UW,2026-06-30 06:56:00+00:00,18.22,18.18813328783462,0.031866712165378175,0.031866712165378175,2
DUISBURG-MEIDERICH SCHLEUSE OW,2026-06-30 06:57:00+00:00,24.91,24.965592163009752,-0.05559216300975223,0.05559216300975223,2
DUISBURG-MEIDERICH SCHLEUSE UW,2026-06-30 06:57:00+00:00,18.22,18.18813328783462,0.031866712165378175,0.031866712165378175,2
DUISBURG-MEIDERICH SCHLEUSE OW,2026-06-30 06:58:00+00:00,24.91,24.965592163009752,-0.05559216300975223,0.05559216300975223,2
DUISBURG-MEIDERICH SCHLEUSE UW,2026-06-30 06:58:00+00:00,18.22,18.18813328783462,0.031866712165378175,0.031866712165378175,2
DUISBURG-MEIDERICH SCHLEUSE OW,2026-06-30 06:59:00+00:00,24.91,24.965592163009752,-0.05559216300975223,0.05559216300975223,2
DUISBURG-MEIDERICH SCHLEUSE UW,2026-06-30 06:59:00+00:00,18.22,18.18813328783462,0.031866712165378175,0.031866712165378175,2
BINGEN,2026-06-30 07:00:00+00:00,106.0,107.41148494706997,-1.4114849470699653,1.4114849470699653,2
BONN,2026-06-30 07:00:00+00:00,137.0,140.06549027898689,-3.0654902789868856,3.0654902789868856,2
BREISACH,2026-06-30 07:00:00+00:00,190.0,186.5409881199369,3.4590118800630876,3.4590118800630876,2
Basel-Rheinhalle,2026-06-30 07:00:00+00:00,518.0,520.0117793398418,-2.011779339841837,2.011779339841837,2
DUISBURG-MEIDERICH SCHLEUSE OW,2026-06-30 07:00:00+00:00,24.91,25.867792733282737,-0.9577927332827372,0.9577927332827372,2
DUISBURG-MEIDERICH SCHLEUSE UW,2026-06-30 07:00:00+00:00,18.21,19.315200530212543,-1.1052005302125423,1.1052005302125423,2
DUISBURG-RUHRORT,2026-06-30 07:00:00+00:00,215.0,213.9286271284603,1.071372871539694,1.071372871539694,2
DÜSSELDORF,2026-06-30 07:00:00+00:00,83.0,81.30204332610884,1.6979566738911558,1.6979566738911558,2
EMMERICH,2026-06-30 07:00:00+00:00,54.0,52.94860333157959,1.0513966684204092,1.0513966684204092,2
IFFEZHEIM,2026-06-30 07:00:00+00:00,145.0,145.8162264030509,-0.816226403050905,0.816226403050905,2
KAUB,2026-06-30 07:00:00+00:00,92.0,86.35150613577768,5.648493864222317,5.648493864222317,2
KOBLENZ,2026-06-30 07:00:00+00:00,85.0,82.35702112742463,2.6429788725753696,2.6429788725753696,2
KONSTANZ-RHEIN,2026-06-30 07:00:00+00:00,314.0,313.27531941458204,0.724680585417957,0.724680585417957,2
Koblenz OP,2026-06-30 07:00:00+00:00,206.0,202.0272115699448,3.9727884300552034,3.9727884300552034,2
Koblenz UP,2026-06-30 07:00:00+00:00,64.0,48.34800605793762,15.651993942062383,15.651993942062383,2
KÖLN,2026-06-30 07:00:00+00:00,133.0,134.5398318468409,-1.5398318468409116,1.5398318468409116,2
LOBITH,2026-06-30 07:00:00+00:00,705.0,703.4342506132012,1.5657493867987569,1.5657493867987569,2
MAINZ,2026-06-30 07:00:00+00:00,182.0,185.9364290986932,-3.9364290986931962,3.9364290986931962,2
MANNHEIM,2026-06-30 07:00:00+00:00,166.0,163.02557989047313,2.974420109526875,2.974420109526875,2
MAXAU,2026-06-30 07:00:00+00:00,405.0,409.46545196747945,-4.465451967479453,4.465451967479453,2
REES,2026-06-30 07:00:00+00:00,97.0,96.06523727358412,0.9347627264158831,0.9347627264158831,2
RHEINE UNTERSCHLEUSE,2026-06-30 07:00:00+00:00,192.0,196.98702998005788,-4.9870299800578834,4.9870299800578834,2
RHEINWEILER,2026-06-30 07:00:00+00:00,223.0,223.878971176569,-0.8789711765689958,0.8789711765689958,2
SANKT GOAR,2026-06-30 07:00:00+00:00,181.0,177.69951418935113,3.3004858106488655,3.3004858106488655,2
SPEYER,2026-06-30 07:00:00+00:00,259.0,255.71920135313297,3.2807986468670265,3.2807986468670265,2
WESEL,2026-06-30 07:00:00+00:00,153.0,152.13448530104273,0.86551469895727,0.86551469895727,2
WORMS,2026-06-30 07:00:00+00:00,74.0,74.55411020287805,-0.55411020287805,0.55411020287805,2
DUISBURG-MEIDERICH SCHLEUSE OW,2026-06-30 07:01:00+00:00,24.91,25.867792733282737,-0.9577927332827372,0.9577927332827372,2
DUISBURG-MEIDERICH SCHLEUSE UW,2026-06-30 07:01:00+00:00,18.21,19.315200530212543,-1.1052005302125423,1.1052005302125423,2
DUISBURG-MEIDERICH SCHLEUSE OW,2026-06-30 07:02:00+00:00,24.91,25.85956353792277,-0.9495635379227707,0.9495635379227707,2
DUISBURG-MEIDERICH SCHLEUSE UW,2026-06-30 07:02:00+00:00,18.21,19.306971334852577,-1.0969713348525758,1.0969713348525758,2
DUISBURG-MEIDERICH SCHLEUSE OW,2026-06-30 07:03:00+00:00,24.91,25.851691315477023,-0.9416913154770228,0.9416913154770228,2
DUISBURG-MEIDERICH SCHLEUSE UW,2026-06-30 07:03:00+00:00,18.21,19.29909911240683,-1.0890991124068279,1.0890991124068279,2
DUISBURG-MEIDERICH SCHLEUSE OW,2026-06-30 07:04:00+00:00,24.91,26.577361348538588,-1.6673613485385879,1.6673613485385879,2
DUISBURG-MEIDERICH SCHLEUSE UW,2026-06-30 07:04:00+00:00,18.21,20.22346838409552,-2.0134683840955176,2.0134683840955176,2
Basel-Rheinhalle,2026-06-30 07:05:00+00:00,518.0,520.2494451993771,-2.249445199377078,2.249445199377078,2
DUISBURG-MEIDERICH SCHLEUSE OW,2026-06-30 07:05:00+00:00,24.91,27.54217860348513,-2.63217860348513,2.63217860348513,2
DUISBURG-MEIDERICH SCHLEUSE UW,2026-06-30 07:05:00+00:00,18.21,21.444879558228635,-3.2348795582286343,3.2348795582286343,2
DUISBURG-MEIDERICH SCHLEUSE OW,2026-06-30 07:06:00+00:00,24.91,27.85461659336123,-2.9446165933612285,2.9446165933612285,2
DUISBURG-MEIDERICH SCHLEUSE UW,2026-06-30 07:06:00+00:00,18.21,21.83222164018883,-3.6222216401888296,3.6222216401888296,2
DUISBURG-MEIDERICH SCHLEUSE OW,2026-06-30 07:07:00+00:00,24.91,27.85461659336123,-2.9446165933612285,2.9446165933612285,2
DUISBURG-MEIDERICH SCHLEUSE UW,2026-06-30 07:07:00+00:00,18.21,21.83222164018883,-3.6222216401888296,3.6222216401888296,2
DUISBURG-MEIDERICH SCHLEUSE OW,2026-06-30 07:08:00+00:00,24.91,27.870465134495607,-2.9604651344956068,2.9604651344956068,2
DUISBURG-MEIDERICH SCHLEUSE UW,2026-06-30 07:08:00+00:00,18.21,21.84807018132321,-3.638070181323208,3.638070181323208,2
DUISBURG-MEIDERICH SCHLEUSE OW,2026-06-30 07:09:00+00:00,24.91,27.870465134495607,-2.9604651344956068,2.9604651344956068,2
DUISBURG-MEIDERICH SCHLEUSE UW,2026-06-30 07:09:00+00:00,18.21,21.84807018132321,-3.638070181323208,3.638070181323208,2
Basel-Rheinhalle,2026-06-30 07:10:00+00:00,519.0,520.0831702942558,-1.0831702942557513,1.0831702942557513,2
DUISBURG-MEIDERICH SCHLEUSE OW,2026-06-30 07:10:00+00:00,24.91,27.870465134495607,-2.9604651344956068,2.9604651344956068,2
DUISBURG-MEIDERICH SCHLEUSE UW,2026-06-30 07:10:00+00:00,18.21,21.84807018132321,-3.638070181323208,3.638070181323208,2
LOBITH,2026-06-30 07:10:00+00:00,704.0,703.4221084607971,0.5778915392029376,0.5778915392029376,2
DUISBURG-MEIDERICH SCHLEUSE OW,2026-06-30 07:11:00+00:00,24.91,27.870465134495607,-2.9604651344956068,2.9604651344956068,2
DUISBURG-MEIDERICH SCHLEUSE UW,2026-06-30 07:11:00+00:00,18.22,21.84807018132321,-3.62807018132321,3.62807018132321,2
DUISBURG-MEIDERICH SCHLEUSE OW,2026-06-30 07:12:00+00:00,24.91,27.897859738775995,-2.9878597387759953,2.9878597387759953,2
DUISBURG-MEIDERICH SCHLEUSE UW,2026-06-30 07:12:00+00:00,18.22,21.875464785603597,-3.6554647856035984,3.6554647856035984,2
DUISBURG-MEIDERICH SCHLEUSE OW,2026-06-30 07:13:00+00:00,24.91,27.897859738775995,-2.9878597387759953,2.9878597387759953,2
DUISBURG-MEIDERICH SCHLEUSE UW,2026-06-30 07:13:00+00:00,18.21,21.875464785603597,-3.6654647856035965,3.6654647856035965,2
DUISBURG-MEIDERICH SCHLEUSE OW,2026-06-30 07:14:00+00:00,24.91,27.897859738775995,-2.9878597387759953,2.9878597387759953,2
DUISBURG-MEIDERICH SCHLEUSE UW,2026-06-30 07:14:00+00:00,18.21,21.875464785603597,-3.6654647856035965,3.6654647856035965,2
BINGEN,2026-06-30 07:15:00+00:00,105.0,106.72798533205012,-1.7279853320501246,1.7279853320501246,2
BONN,2026-06-30 07:15:00+00:00,137.0,140.06549027898689,-3.0654902789868856,3.0654902789868856,2
BREISACH,2026-06-30 07:15:00+00:00,189.0,186.94136463852914,2.058635361470863,2.058635361470863,2
Basel-Rheinhalle,2026-06-30 07:15:00+00:00,521.0,520.15543542088,0.8445645791199468,0.8445645791199468,2
DUISBURG-MEIDERICH SCHLEUSE OW,2026-06-30 07:15:00+00:00,24.91,27.897859738775995,-2.9878597387759953,2.9878597387759953,2
DUISBURG-MEIDERICH SCHLEUSE UW,2026-06-30 07:15:00+00:00,18.21,21.875464785603597,-3.6654647856035965,3.6654647856035965,2
DUISBURG-RUHRORT,2026-06-30 07:15:00+00:00,215.0,213.91657286485813,1.083427135141875,1.083427135141875,2
DÜSSELDORF,2026-06-30 07:15:00+00:00,84.0,81.33056946696475,2.6694305330352535,2.6694305330352535,2
EMMERICH,2026-06-30 07:15:00+00:00,51.0,53.57537151327773,-2.57537151327773,2.57537151327773,2
IFFEZHEIM,2026-06-30 07:15:00+00:00,144.0,147.35677485609307,-3.356774856093068,3.356774856093068,2
KAUB,2026-06-30 07:15:00+00:00,92.0,85.9599236381004,6.040076361899594,6.040076361899594,2
KOBLENZ,2026-06-30 07:15:00+00:00,86.0,82.38348120354357,3.6165187964564325,3.6165187964564325,2
KONSTANZ-RHEIN,2026-06-30 07:15:00+00:00,314.0,313.2677690010995,0.7322309989004907,0.7322309989004907,2
Koblenz OP,2026-06-30 07:15:00+00:00,205.0,202.07666086831284,2.9233391316871575,2.9233391316871575,2
Koblenz UP,2026-06-30 07:15:00+00:00,65.0,48.322755397115785,16.677244602884215,16.677244602884215,2
KÖLN,2026-06-30 07:15:00+00:00,133.0,134.5398318468409,-1.5398318468409116,1.5398318468409116,2
MAINZ,2026-06-30 07:15:00+00:00,183.0,186.02216864599134,-3.022168645991343,3.022168645991343,2
MANNHEIM,2026-06-30 07:15:00+00:00,167.0,163.11252272283053,3.8874772771694666,3.8874772771694666,2
MAXAU,2026-06-30 07:15:00+00:00,405.0,409.46851250988095,-4.468512509880952,4.468512509880952,2
REES,2026-06-30 07:15:00+00:00,96.0,96.05327792458151,-0.05327792458150782,0.05327792458150782,2
RHEINE UNTERSCHLEUSE,2026-06-30 07:15:00+00:00,192.0,196.67783769729695,-4.677837697296951,4.677837697296951,2
RHEINWEILER,2026-06-30 07:15:00+00:00,223.0,223.89642648173944,-0.8964264817394394,0.8964264817394394,2
SANKT GOAR,2026-06-30 07:15:00+00:00,181.0,177.66206281551408,3.3379371844859236,3.3379371844859236,2
SPEYER,2026-06-30 07:15:00+00:00,259.0,255.34904532702006,3.6509546729799354,3.6509546729799354,2
WESEL,2026-06-30 07:15:00+00:00,152.0,151.9898555098906,0.010144490109411208,0.010144490109411208,2
WORMS,2026-06-30 07:15:00+00:00,74.0,74.70198049491619,-0.7019804949161852,0.7019804949161852,2
DUISBURG-MEIDERICH SCHLEUSE OW,2026-06-30 07:16:00+00:00,24.91,27.897859738775995,-2.9878597387759953,2.9878597387759953,2
DUISBURG-MEIDERICH SCHLEUSE UW,2026-06-30 07:16:00+00:00,18.21,21.875464785603597,-3.6654647856035965,3.6654647856035965,2
DUISBURG-MEIDERICH SCHLEUSE OW,2026-06-30 07:17:00+00:00,24.91,27.897859738775995,-2.9878597387759953,2.9878597387759953,2
DUISBURG-MEIDERICH SCHLEUSE UW,2026-06-30 07:17:00+00:00,18.21,21.875464785603597,-3.6654647856035965,3.6654647856035965,2
DUISBURG-MEIDERICH SCHLEUSE OW,2026-06-30 07:18:00+00:00,24.91,27.897859738775995,-2.9878597387759953,2.9878597387759953,2
DUISBURG-MEIDERICH SCHLEUSE UW,2026-06-30 07:18:00+00:00,18.21,21.875464785603597,-3.6654647856035965,3.6654647856035965,2
DUISBURG-MEIDERICH SCHLEUSE OW,2026-06-30 07:19:00+00:00,24.91,27.897859738775995,-2.9878597387759953,2.9878597387759953,2
DUISBURG-MEIDERICH SCHLEUSE UW,2026-06-30 07:19:00+00:00,18.21,21.875464785603597,-3.6654647856035965,3.6654647856035965,2
Basel-Rheinhalle,2026-06-30 07:20:00+00:00,521.0,520.1141787175023,0.885821282497659,0.885821282497659,2
DUISBURG-MEIDERICH SCHLEUSE OW,2026-06-30 07:20:00+00:00,24.91,27.897859738775995,-2.9878597387759953,2.9878597387759953,2
DUISBURG-MEIDERICH SCHLEUSE UW,2026-06-30 07:20:00+00:00,18.21,21.875464785603597,-3.6654647856035965,3.6654647856035965,2
LOBITH,2026-06-30 07:20:00+00:00,705.0,703.4831497857432,1.5168502142568059,1.5168502142568059,2
DUISBURG-MEIDERICH SCHLEUSE OW,2026-06-30 07:21:00+00:00,24.91,27.897859738775995,-2.9878597387759953,2.9878597387759953,2
DUISBURG-MEIDERICH SCHLEUSE UW,2026-06-30 07:21:00+00:00,18.21,21.875464785603597,-3.6654647856035965,3.6654647856035965,2
DUISBURG-MEIDERICH SCHLEUSE OW,2026-06-30 07:22:00+00:00,24.91,27.897859738775995,-2.9878597387759953,2.9878597387759953,2
DUISBURG-MEIDERICH SCHLEUSE UW,2026-06-30 07:22:00+00:00,18.21,21.875464785603597,-3.6654647856035965,3.6654647856035965,2
DUISBURG-MEIDERICH SCHLEUSE OW,2026-06-30 07:23:00+00:00,24.91,27.897859738775995,-2.9878597387759953,2.9878597387759953,2
DUISBURG-MEIDERICH SCHLEUSE UW,2026-06-30 07:23:00+00:00,18.21,21.875464785603597,-3.6654647856035965,3.6654647856035965,2
DUISBURG-MEIDERICH SCHLEUSE OW,2026-06-30 07:24:00+00:00,24.91,27.897859738775995,-2.9878597387759953,2.9878597387759953,2
DUISBURG-MEIDERICH SCHLEUSE UW,2026-06-30 07:24:00+00:00,18.21,21.875464785603597,-3.6654647856035965,3.6654647856035965,2
Basel-Rheinhalle,2026-06-30 07:25:00+00:00,519.0,520.1605513024368,-1.1605513024368292,1.1605513024368292,2
DUISBURG-MEIDERICH SCHLEUSE OW,2026-06-30 07:25:00+00:00,24.92,27.897859738775995,-2.9778597387759937,2.9778597387759937,2
DUISBURG-MEIDERICH SCHLEUSE UW,2026-06-30 07:25:00+00:00,18.21,21.875464785603597,-3.6654647856035965,3.6654647856035965,2
DUISBURG-MEIDERICH SCHLEUSE OW,2026-06-30 07:26:00+00:00,24.92,27.897859738775995,-2.9778597387759937,2.9778597387759937,2
DUISBURG-MEIDERICH SCHLEUSE UW,2026-06-30 07:26:00+00:00,18.21,21.875464785603597,-3.6654647856035965,3.6654647856035965,2
DUISBURG-MEIDERICH SCHLEUSE OW,2026-06-30 07:27:00+00:00,24.92,27.897859738775995,-2.9778597387759937,2.9778597387759937,2
DUISBURG-MEIDERICH SCHLEUSE UW,2026-06-30 07:27:00+00:00,18.21,21.875464785603597,-3.6654647856035965,3.6654647856035965,2
DUISBURG-MEIDERICH SCHLEUSE OW,2026-06-30 07:28:00+00:00,24.92,27.897859738775995,-2.9778597387759937,2.9778597387759937,2
DUISBURG-MEIDERICH SCHLEUSE UW,2026-06-30 07:28:00+00:00,18.21,21.875464785603597,-3.6654647856035965,3.6654647856035965,2
DUISBURG-MEIDERICH SCHLEUSE OW,2026-06-30 07:29:00+00:00,24.92,27.897859738775995,-2.9778597387759937,2.9778597387759937,2
DUISBURG-MEIDERICH SCHLEUSE UW,2026-06-30 07:29:00+00:00,18.21,21.875464785603597,-3.6654647856035965,3.6654647856035965,2
BINGEN,2026-06-30 07:30:00+00:00,106.0,106.76626700471824,-0.7662670047182445,0.7662670047182445,2
BONN,2026-06-30 07:30:00+00:00,137.0,140.1850556840363,-3.185055684036314,3.185055684036314,2
BREISACH,2026-06-30 07:30:00+00:00,191.0,186.43646027058406,4.563539729415936,4.563539729415936,2
Basel-Rheinhalle,2026-06-30 07:30:00+00:00,519.0,520.2765813768299,-1.2765813768298813,1.2765813768298813,2
DUISBURG-MEIDERICH SCHLEUSE OW,2026-06-30 07:30:00+00:00,24.92,27.897859738775995,-2.9778597387759937,2.9778597387759937,2
DUISBURG-MEIDERICH SCHLEUSE UW,2026-06-30 07:30:00+00:00,18.21,21.875464785603597,-3.6654647856035965,3.6654647856035965,2
DUISBURG-RUHRORT,2026-06-30 07:30:00+00:00,216.0,214.46996831266128,1.5300316873387203,1.5300316873387203,2
DÜSSELDORF,2026-06-30 07:30:00+00:00,83.0,82.41732756918361,0.5826724308163875,0.5826724308163875,2
EMMERICH,2026-06-30 07:30:00+00:00,54.0,53.50783782124789,0.49216217875211044,0.49216217875211044,2
IFFEZHEIM,2026-06-30 07:30:00+00:00,143.0,146.07635154092884,-3.0763515409288402,3.0763515409288402,2
KAUB,2026-06-30 07:30:00+00:00,90.0,85.84607832163388,4.1539216783661175,4.1539216783661175,2
KOBLENZ,2026-06-30 07:30:00+00:00,86.0,82.42176287621169,3.5782371237883126,3.5782371237883126,2
KONSTANZ-RHEIN,2026-06-30 07:30:00+00:00,314.0,313.3089072321056,0.6910927678944176,0.6910927678944176,2
Koblenz OP,2026-06-30 07:30:00+00:00,205.0,202.64603639871814,2.353963601281862,2.353963601281862,2
Koblenz UP,2026-06-30 07:30:00+00:00,67.0,48.34381011864885,18.656189881351153,18.656189881351153,2
KÖLN,2026-06-30 07:30:00+00:00,133.0,134.65939725189034,-1.65939725189034,1.65939725189034,2
LOBITH,2026-06-30 07:30:00+00:00,704.0,703.5199383976212,0.4800616023787825,0.4800616023787825,2
MAINZ,2026-06-30 07:30:00+00:00,185.0,185.97062550199234,-0.9706255019923447,0.9706255019923447,2
MANNHEIM,2026-06-30 07:30:00+00:00,166.0,163.18256052315363,2.817439476846374,2.817439476846374,2
MAXAU,2026-06-30 07:30:00+00:00,405.0,409.8098459261176,-4.809845926117589,4.809845926117589,2
REES,2026-06-30 07:30:00+00:00,97.0,95.96295851810102,1.0370414818989815,1.0370414818989815,2
RHEINE UNTERSCHLEUSE,2026-06-30 07:30:00+00:00,193.0,186.09546322570773,6.904536774292268,6.904536774292268,2
RHEINWEILER,2026-06-30 07:30:00+00:00,223.0,223.76435679342137,-0.7643567934213706,0.7643567934213706,2
SANKT GOAR,2026-06-30 07:30:00+00:00,181.0,177.66206281551408,3.3379371844859236,3.3379371844859236,2
SPEYER,2026-06-30 07:30:00+00:00,261.0,255.41908312734316,5.580916872656843,5.580916872656843,2
WESEL,2026-06-30 07:30:00+00:00,153.0,151.97416463627815,1.0258353637218534,1.0258353637218534,2
WORMS,2026-06-30 07:30:00+00:00,75.0,74.73771979548619,0.2622802045138144,0.2622802045138144,2
DUISBURG-MEIDERICH SCHLEUSE OW,2026-06-30 07:31:00+00:00,24.92,27.897859738775995,-2.9778597387759937,2.9778597387759937,2
DUISBURG-MEIDERICH SCHLEUSE UW,2026-06-30 07:31:00+00:00,18.21,21.875464785603597,-3.6654647856035965,3.6654647856035965,2
DUISBURG-MEIDERICH SCHLEUSE OW,2026-06-30 07:32:00+00:00,24.93,27.897859738775995,-2.9678597387759957,2.9678597387759957,2
DUISBURG-MEIDERICH SCHLEUSE UW,2026-06-30 07:32:00+00:00,18.21,21.875464785603597,-3.6654647856035965,3.6654647856035965,2
DUISBURG-MEIDERICH SCHLEUSE OW,2026-06-30 07:33:00+00:00,24.93,27.897859738775995,-2.9678597387759957,2.9678597387759957,2
DUISBURG-MEIDERICH SCHLEUSE UW,2026-06-30 07:33:00+00:00,18.21,21.875464785603597,-3.6654647856035965,3.6654647856035965,2
DUISBURG-MEIDERICH SCHLEUSE OW,2026-06-30 07:34:00+00:00,24.93,27.897859738775995,-2.9678597387759957,2.9678597387759957,2
DUISBURG-MEIDERICH SCHLEUSE UW,2026-06-30 07:34:00+00:00,18.21,21.875464785603597,-3.6654647856035965,3.6654647856035965,2
Basel-Rheinhalle,2026-06-30 07:35:00+00:00,520.0,520.5112886786467,-0.5112886786466788,0.5112886786466788,2
DUISBURG-MEIDERICH SCHLEUSE OW,2026-06-30 07:35:00+00:00,24.93,27.897859738775995,-2.9678597387759957,2.9678597387759957,2
DUISBURG-MEIDERICH SCHLEUSE UW,2026-06-30 07:35:00+00:00,18.21,21.875464785603597,-3.6654647856035965,3.6654647856035965,2
DUISBURG-MEIDERICH SCHLEUSE OW,2026-06-30 07:36:00+00:00,24.93,27.897859738775995,-2.9678597387759957,2.9678597387759957,2
DUISBURG-MEIDERICH SCHLEUSE UW,2026-06-30 07:36:00+00:00,18.21,21.875464785603597,-3.6654647856035965,3.6654647856035965,2
DUISBURG-MEIDERICH SCHLEUSE OW,2026-06-30 07:37:00+00:00,24.93,27.897859738775995,-2.9678597387759957,2.9678597387759957,2
DUISBURG-MEIDERICH SCHLEUSE UW,2026-06-30 07:37:00+00:00,18.21,21.875464785603597,-3.6654647856035965,3.6654647856035965,2
DUISBURG-MEIDERICH SCHLEUSE OW,2026-06-30 07:38:00+00:00,24.93,27.897859738775995,-2.9678597387759957,2.9678597387759957,2
DUISBURG-MEIDERICH SCHLEUSE UW,2026-06-30 07:38:00+00:00,18.21,21.875464785603597,-3.6654647856035965,3.6654647856035965,2
DUISBURG-MEIDERICH SCHLEUSE OW,2026-06-30 07:39:00+00:00,24.93,27.897859738775995,-2.9678597387759957,2.9678597387759957,2
DUISBURG-MEIDERICH SCHLEUSE UW,2026-06-30 07:39:00+00:00,18.21,21.875464785603597,-3.6654647856035965,3.6654647856035965,2
Basel-Rheinhalle,2026-06-30 07:40:00+00:00,519.0,520.5922692975415,-1.5922692975415202,1.5922692975415202,2
DUISBURG-MEIDERICH SCHLEUSE OW,2026-06-30 07:40:00+00:00,24.93,27.897859738775995,-2.9678597387759957,2.9678597387759957,2
DUISBURG-MEIDERICH SCHLEUSE UW,2026-06-30 07:40:00+00:00,18.21,21.875464785603597,-3.6654647856035965,3.6654647856035965,2
LOBITH,2026-06-30 07:40:00+00:00,703.0,703.5251419267838,-0.5251419267838173,0.5251419267838173,2
DUISBURG-MEIDERICH SCHLEUSE OW,2026-06-30 07:41:00+00:00,24.93,27.897859738775995,-2.9678597387759957,2.9678597387759957,2
DUISBURG-MEIDERICH SCHLEUSE UW,2026-06-30 07:41:00+00:00,18.21,21.875464785603597,-3.6654647856035965,3.6654647856035965,2
DUISBURG-MEIDERICH SCHLEUSE OW,2026-06-30 07:42:00+00:00,24.93,27.897859738775995,-2.9678597387759957,2.9678597387759957,2
DUISBURG-MEIDERICH SCHLEUSE UW,2026-06-30 07:42:00+00:00,18.2,21.875464785603597,-3.675464785603598,3.675464785603598,2
DUISBURG-MEIDERICH SCHLEUSE OW,2026-06-30 07:43:00+00:00,24.93,27.897859738775995,-2.9678597387759957,2.9678597387759957,2
DUISBURG-MEIDERICH SCHLEUSE UW,2026-06-30 07:43:00+00:00,18.2,21.875464785603597,-3.675464785603598,3.675464785603598,2
DUISBURG-MEIDERICH SCHLEUSE OW,2026-06-30 07:44:00+00:00,24.93,27.897859738775995,-2.9678597387759957,2.9678597387759957,2
DUISBURG-MEIDERICH SCHLEUSE UW,2026-06-30 07:44:00+00:00,18.21,21.875464785603597,-3.6654647856035965,3.6654647856035965,2
BINGEN,2026-06-30 07:45:00+00:00,106.0,106.5920611481424,-0.5920611481424061,0.5920611481424061,2
BONN,2026-06-30 07:45:00+00:00,136.0,140.2710850790612,-4.2710850790612085,4.2710850790612085,2
BREISACH,2026-06-30 07:45:00+00:00,193.0,186.41353549053431,6.586464509465685,6.586464509465685,2
Basel-Rheinhalle,2026-06-30 07:45:00+00:00,517.0,519.9629454188713,-2.9629454188713,2.9629454188713,2
DUISBURG-MEIDERICH SCHLEUSE OW,2026-06-30 07:45:00+00:00,24.93,24.967880309811605,-0.03788030981160517,0.03788030981160517,3
DUISBURG-MEIDERICH SCHLEUSE UW,2026-06-30 07:45:00+00:00,18.21,18.218827782766688,-0.008827782766687164,0.008827782766687164,3
DUISBURG-RUHRORT,2026-06-30 07:45:00+00:00,215.0,215.6997207691515,-0.6997207691514973,0.6997207691514973,3
DÜSSELDORF,2026-06-30 07:45:00+00:00,85.0,83.25259206557827,1.7474079344217301,1.7474079344217301,3
EMMERICH,2026-06-30 07:45:00+00:00,53.0,52.28796522018428,0.712034779815717,0.712034779815717,3
IFFEZHEIM,2026-06-30 07:45:00+00:00,141.0,141.31529710676554,-0.31529710676554146,0.31529710676554146,3
KAUB,2026-06-30 07:45:00+00:00,91.0,92.53109002196086,-1.531090021960864,1.531090021960864,3
KOBLENZ,2026-06-30 07:45:00+00:00,87.0,85.34901042150366,1.6509895784963362,1.6509895784963362,3
KONSTANZ-RHEIN,2026-06-30 07:45:00+00:00,314.0,313.7217867045533,0.27821329544667606,0.27821329544667606,3
Koblenz OP,2026-06-30 07:45:00+00:00,205.0,204.97065795635086,0.029342043649137395,0.029342043649137395,3
Koblenz UP,2026-06-30 07:45:00+00:00,67.0,58.62804790212514,8.37195209787486,8.37195209787486,3
KÖLN,2026-06-30 07:45:00+00:00,133.0,133.51557783207988,-0.5155778320798845,0.5155778320798845,3
MAINZ,2026-06-30 07:45:00+00:00,185.0,184.57514550797848,0.4248544920215238,0.4248544920215238,3
MANNHEIM,2026-06-30 07:45:00+00:00,166.0,165.6996850818838,0.30031491811618594,0.30031491811618594,3
MAXAU,2026-06-30 07:45:00+00:00,404.0,405.3049269320779,-1.3049269320778762,1.3049269320778762,3
REES,2026-06-30 07:45:00+00:00,97.0,96.48820844196102,0.5117915580389791,0.5117915580389791,3
RHEINE UNTERSCHLEUSE,2026-06-30 07:45:00+00:00,193.0,183.96385942337062,9.036140576629379,9.036140576629379,3
RHEINWEILER,2026-06-30 07:45:00+00:00,223.0,222.9144313020592,0.08556869794080058,0.08556869794080058,3
SANKT GOAR,2026-06-30 07:45:00+00:00,182.0,180.89567215918692,1.1043278408130845,1.1043278408130845,3
SPEYER,2026-06-30 07:45:00+00:00,260.0,260.45753238577936,-0.4575323857793592,0.4575323857793592,3
WESEL,2026-06-30 07:45:00+00:00,155.0,151.51824184846467,3.481758151535331,3.481758151535331,3
WORMS,2026-06-30 07:45:00+00:00,74.0,73.7713684380448,0.22863156195519707,0.22863156195519707,3
DUISBURG-MEIDERICH SCHLEUSE OW,2026-06-30 07:46:00+00:00,24.93,24.967880309811605,-0.03788030981160517,0.03788030981160517,3
DUISBURG-MEIDERICH SCHLEUSE UW,2026-06-30 07:46:00+00:00,18.21,18.218827782766688,-0.008827782766687164,0.008827782766687164,3
DUISBURG-MEIDERICH SCHLEUSE OW,2026-06-30 07:47:00+00:00,24.93,24.967880309811605,-0.03788030981160517,0.03788030981160517,3
DUISBURG-MEIDERICH SCHLEUSE UW,2026-06-30 07:47:00+00:00,18.21,18.218827782766688,-0.008827782766687164,0.008827782766687164,3
DUISBURG-MEIDERICH SCHLEUSE OW,2026-06-30 07:48:00+00:00,24.93,24.967880309811605,-0.03788030981160517,0.03788030981160517,3
DUISBURG-MEIDERICH SCHLEUSE UW,2026-06-30 07:48:00+00:00,18.21,18.218827782766688,-0.008827782766687164,0.008827782766687164,3
DUISBURG-MEIDERICH SCHLEUSE OW,2026-06-30 07:49:00+00:00,24.94,24.967880309811605,-0.02788030981160361,0.02788030981160361,3
DUISBURG-MEIDERICH SCHLEUSE UW,2026-06-30 07:49:00+00:00,18.21,18.218827782766688,-0.008827782766687164,0.008827782766687164,3
Basel-Rheinhalle,2026-06-30 07:50:00+00:00,517.0,518.7816685161152,-1.7816685161152463,1.7816685161152463,3
DUISBURG-MEIDERICH SCHLEUSE OW,2026-06-30 07:50:00+00:00,24.94,25.252330425625136,-0.31233042562513447,0.31233042562513447,3
DUISBURG-MEIDERICH SCHLEUSE UW,2026-06-30 07:50:00+00:00,18.21,18.218827782766688,-0.008827782766687164,0.008827782766687164,3
LOBITH,2026-06-30 07:50:00+00:00,705.0,703.5973026699049,1.4026973300950658,1.4026973300950658,3
DUISBURG-MEIDERICH SCHLEUSE OW,2026-06-30 07:51:00+00:00,24.94,25.252330425625136,-0.31233042562513447,0.31233042562513447,3
DUISBURG-MEIDERICH SCHLEUSE UW,2026-06-30 07:51:00+00:00,18.21,18.218827782766688,-0.008827782766687164,0.008827782766687164,3
DUISBURG-MEIDERICH SCHLEUSE OW,2026-06-30 07:52:00+00:00,24.94,25.05810335293307,-0.11810335293306906,0.11810335293306906,3
DUISBURG-MEIDERICH SCHLEUSE UW,2026-06-30 07:52:00+00:00,18.21,18.218827782766688,-0.008827782766687164,0.008827782766687164,3
DUISBURG-MEIDERICH SCHLEUSE OW,2026-06-30 07:53:00+00:00,24.94,25.05810335293307,-0.11810335293306906,0.11810335293306906,3
DUISBURG-MEIDERICH SCHLEUSE UW,2026-06-30 07:53:00+00:00,18.21,18.218827782766688,-0.008827782766687164,0.008827782766687164,3
DUISBURG-MEIDERICH SCHLEUSE OW,2026-06-30 07:54:00+00:00,24.94,25.05810335293307,-0.11810335293306906,0.11810335293306906,3
DUISBURG-MEIDERICH SCHLEUSE UW,2026-06-30 07:54:00+00:00,18.21,18.218827782766688,-0.008827782766687164,0.008827782766687164,3
Basel-Rheinhalle,2026-06-30 07:55:00+00:00,519.0,518.6039907243162,0.3960092756838094,0.3960092756838094,3
DUISBURG-MEIDERICH SCHLEUSE OW,2026-06-30 07:55:00+00:00,24.94,25.05810335293307,-0.11810335293306906,0.11810335293306906,3
DUISBURG-MEIDERICH SCHLEUSE UW,2026-06-30 07:55:00+00:00,18.21,18.218827782766688,-0.008827782766687164,0.008827782766687164,3
DUISBURG-MEIDERICH SCHLEUSE OW,2026-06-30 07:56:00+00:00,24.95,25.05810335293307,-0.10810335293307105,0.10810335293307105,3
DUISBURG-MEIDERICH SCHLEUSE UW,2026-06-30 07:56:00+00:00,18.21,18.218827782766688,-0.008827782766687164,0.008827782766687164,3
DUISBURG-MEIDERICH SCHLEUSE OW,2026-06-30 07:57:00+00:00,24.95,25.252330425625136,-0.30233042562513646,0.30233042562513646,3
DUISBURG-MEIDERICH SCHLEUSE UW,2026-06-30 07:57:00+00:00,18.21,18.218827782766688,-0.008827782766687164,0.008827782766687164,3
DUISBURG-MEIDERICH SCHLEUSE OW,2026-06-30 07:58:00+00:00,24.95,25.252330425625136,-0.30233042562513646,0.30233042562513646,3
DUISBURG-MEIDERICH SCHLEUSE UW,2026-06-30 07:58:00+00:00,18.21,18.218827782766688,-0.008827782766687164,0.008827782766687164,3
DUISBURG-MEIDERICH SCHLEUSE OW,2026-06-30 07:59:00+00:00,24.95,25.05810335293307,-0.10810335293307105,0.10810335293307105,3
DUISBURG-MEIDERICH SCHLEUSE UW,2026-06-30 07:59:00+00:00,18.21,18.218827782766688,-0.008827782766687164,0.008827782766687164,3
BINGEN,2026-06-30 08:00:00+00:00,106.0,107.06412117536826,-1.064121175368257,1.064121175368257,3
BONN,2026-06-30 08:00:00+00:00,137.0,139.56266841800863,-2.562668418008627,2.562668418008627,3
BREISACH,2026-06-30 08:00:00+00:00,190.0,192.29995696034084,-2.299956960340836,2.299956960340836,3
Basel-Rheinhalle,2026-06-30 08:00:00+00:00,520.0,518.6039907243162,1.3960092756838094,1.3960092756838094,3
DUISBURG-MEIDERICH SCHLEUSE OW,2026-06-30 08:00:00+00:00,24.95,25.284608851057758,-0.3346088510577587,0.3346088510577587,3
DUISBURG-MEIDERICH SCHLEUSE UW,2026-06-30 08:00:00+00:00,18.21,18.06129745092008,0.1487025490799212,0.1487025490799212,3
DUISBURG-RUHRORT,2026-06-30 08:00:00+00:00,215.0,215.59708474329366,-0.5970847432936637,0.5970847432936637,3
DÜSSELDORF,2026-06-30 08:00:00+00:00,85.0,82.79234739711981,2.207652602880188,2.207652602880188,3
EMMERICH,2026-06-30 08:00:00+00:00,54.0,53.56410315262062,0.4358968473793823,0.4358968473793823,3
IFFEZHEIM,2026-06-30 08:00:00+00:00,140.0,141.68669342244831,-1.6866934224483145,1.6866934224483145,3
KAUB,2026-06-30 08:00:00+00:00,91.0,92.75830481057099,-1.7583048105709906,1.7583048105709906,3
KOBLENZ,2026-06-30 08:00:00+00:00,88.0,85.39711798416235,2.6028820158376504,2.6028820158376504,3
KONSTANZ-RHEIN,2026-06-30 08:00:00+00:00,314.0,313.3283817502682,0.6716182497318073,0.6716182497318073,3
Koblenz OP,2026-06-30 08:00:00+00:00,207.0,204.28132396981246,2.718676030187538,2.718676030187538,3
Koblenz UP,2026-06-30 08:00:00+00:00,67.0,54.86500790684262,12.13499209315738,12.13499209315738,3
KÖLN,2026-06-30 08:00:00+00:00,132.0,134.44652099034963,-2.446520990349626,2.446520990349626,3
LOBITH,2026-06-30 08:00:00+00:00,704.0,705.9038943479965,-1.90389434799647,1.90389434799647,3
MAINZ,2026-06-30 08:00:00+00:00,184.0,186.5070784075624,-2.5070784075624033,2.5070784075624033,3
MANNHEIM,2026-06-30 08:00:00+00:00,167.0,165.74747853020114,1.2525214697988645,1.2525214697988645,3
MAXAU,2026-06-30 08:00:00+00:00,404.0,405.0919765599193,-1.091976559919317,1.091976559919317,3
REES,2026-06-30 08:00:00+00:00,97.0,96.47625136045164,0.5237486395483586,0.5237486395483586,3
RHEINE UNTERSCHLEUSE,2026-06-30 08:00:00+00:00,193.0,189.77288213138192,3.2271178686180804,3.2271178686180804,3
RHEINWEILER,2026-06-30 08:00:00+00:00,223.0,223.48901900035588,-0.4890190003558814,0.4890190003558814,3
SANKT GOAR,2026-06-30 08:00:00+00:00,183.0,182.23263451034103,0.767365489658971,0.767365489658971,3
SPEYER,2026-06-30 08:00:00+00:00,260.0,260.55103794289636,-0.5510379428963574,0.5510379428963574,3
WESEL,2026-06-30 08:00:00+00:00,155.0,151.80601665671773,3.1939833432822695,3.1939833432822695,3
WORMS,2026-06-30 08:00:00+00:00,75.0,72.69010431171645,2.3098956882835466,2.3098956882835466,3
DUISBURG-MEIDERICH SCHLEUSE OW,2026-06-30 08:01:00+00:00,24.95,28.85549920940991,-3.9054992094099106,3.9054992094099106,3
DUISBURG-MEIDERICH SCHLEUSE UW,2026-06-30 08:01:00+00:00,18.21,22.371378644023867,-4.161378644023866,4.161378644023866,3
DUISBURG-MEIDERICH SCHLEUSE OW,2026-06-30 08:02:00+00:00,24.95,30.01394420386214,-5.063944203862139,5.063944203862139,3
DUISBURG-MEIDERICH SCHLEUSE UW,2026-06-30 08:02:00+00:00,18.21,23.529823638476095,-5.319823638476095,5.319823638476095,3
DUISBURG-MEIDERICH SCHLEUSE OW,2026-06-30 08:03:00+00:00,24.95,30.510806347248604,-5.5608063472486045,5.5608063472486045,3
DUISBURG-MEIDERICH SCHLEUSE UW,2026-06-30 08:03:00+00:00,18.21,24.367411205208324,-6.157411205208323,6.157411205208323,3
DUISBURG-MEIDERICH SCHLEUSE OW,2026-06-30 08:04:00+00:00,24.95,30.555411238691715,-5.605411238691715,5.605411238691715,3
DUISBURG-MEIDERICH SCHLEUSE UW,2026-06-30 08:04:00+00:00,18.21,24.412016096651435,-6.202016096651434,6.202016096651434,3
Basel-Rheinhalle,2026-06-30 08:05:00+00:00,521.0,518.4082610653294,2.591738934670616,2.591738934670616,3
DUISBURG-MEIDERICH SCHLEUSE OW,2026-06-30 08:05:00+00:00,24.95,30.095847815490504,-5.145847815490505,5.145847815490505,3
DUISBURG-MEIDERICH SCHLEUSE UW,2026-06-30 08:05:00+00:00,18.21,23.952452673450225,-5.742452673450224,5.742452673450224,3
DUISBURG-MEIDERICH SCHLEUSE OW,2026-06-30 08:06:00+00:00,24.95,29.50420791009844,-4.554207910098441,4.554207910098441,3
DUISBURG-MEIDERICH SCHLEUSE UW,2026-06-30 08:06:00+00:00,18.21,23.368047296589694,-5.158047296589693,5.158047296589693,3
DUISBURG-MEIDERICH SCHLEUSE OW,2026-06-30 08:07:00+00:00,24.96,29.50420791009844,-4.544207910098439,4.544207910098439,3
DUISBURG-MEIDERICH SCHLEUSE UW,2026-06-30 08:07:00+00:00,18.21,23.56227436928176,-5.3522743692817585,5.3522743692817585,3
DUISBURG-MEIDERICH SCHLEUSE OW,2026-06-30 08:08:00+00:00,24.96,28.346174063105313,-3.3861740631053117,3.3861740631053117,3
DUISBURG-MEIDERICH SCHLEUSE UW,2026-06-30 08:08:00+00:00,18.21,22.40424052228863,-4.194240522288631,4.194240522288631,3
DUISBURG-MEIDERICH SCHLEUSE OW,2026-06-30 08:09:00+00:00,24.96,28.346174063105313,-3.3861740631053117,3.3861740631053117,3
DUISBURG-MEIDERICH SCHLEUSE UW,2026-06-30 08:09:00+00:00,18.21,22.40424052228863,-4.194240522288631,4.194240522288631,3
Basel-Rheinhalle,2026-06-30 08:10:00+00:00,525.0,517.0818039421755,7.9181960578245025,7.9181960578245025,3
DUISBURG-MEIDERICH SCHLEUSE OW,2026-06-30 08:10:00+00:00,24.96,28.346174063105313,-3.3861740631053117,3.3861740631053117,3
DUISBURG-MEIDERICH SCHLEUSE UW,2026-06-30 08:10:00+00:00,18.21,22.40424052228863,-4.194240522288631,4.194240522288631,3
LOBITH,2026-06-30 08:10:00+00:00,705.0,705.868488158383,-0.868488158383002,0.868488158383002,3
DUISBURG-MEIDERICH SCHLEUSE OW,2026-06-30 08:11:00+00:00,24.96,28.192506092135964,-3.2325060921359636,3.2325060921359636,3
DUISBURG-MEIDERICH SCHLEUSE UW,2026-06-30 08:11:00+00:00,18.21,22.056345478627218,-3.8463454786272173,3.8463454786272173,3
DUISBURG-MEIDERICH SCHLEUSE OW,2026-06-30 08:12:00+00:00,24.97,28.258816662435937,-3.288816662435938,3.288816662435938,3
DUISBURG-MEIDERICH SCHLEUSE UW,2026-06-30 08:12:00+00:00,18.21,22.12265604892719,-3.9126560489271895,3.9126560489271895,3
DUISBURG-MEIDERICH SCHLEUSE OW,2026-06-30 08:13:00+00:00,24.97,28.274303628647456,-3.3043036286474567,3.3043036286474567,3
DUISBURG-MEIDERICH SCHLEUSE UW,2026-06-30 08:13:00+00:00,18.21,22.12265604892719,-3.9126560489271895,3.9126560489271895,3
DUISBURG-MEIDERICH SCHLEUSE OW,2026-06-30 08:14:00+00:00,24.97,28.46853070133952,-3.498530701339522,3.498530701339522,3
DUISBURG-MEIDERICH SCHLEUSE UW,2026-06-30 08:14:00+00:00,18.21,22.12265604892719,-3.9126560489271895,3.9126560489271895,3
BINGEN,2026-06-30 08:15:00+00:00,105.0,106.98233323484524,-1.9823332348452425,1.9823332348452425,3
BONN,2026-06-30 08:15:00+00:00,137.0,139.52925926008632,-2.52925926008632,2.52925926008632,3
BREISACH,2026-06-30 08:15:00+00:00,189.0,190.31177861176465,-1.3117786117646517,1.3117786117646517,3
Basel-Rheinhalle,2026-06-30 08:15:00+00:00,524.0,517.3270026450691,6.672997354930885,6.672997354930885,3
DUISBURG-MEIDERICH SCHLEUSE OW,2026-06-30 08:15:00+00:00,24.97,28.46853070133952,-3.498530701339522,3.498530701339522,3
DUISBURG-MEIDERICH SCHLEUSE UW,2026-06-30 08:15:00+00:00,18.21,22.12265604892719,-3.9126560489271895,3.9126560489271895,3
DUISBURG-RUHRORT,2026-06-30 08:15:00+00:00,215.0,215.77444026700715,-0.7744402670071509,0.7744402670071509,3
DÜSSELDORF,2026-06-30 08:15:00+00:00,86.0,82.83838425997503,3.1616157400249705,3.1616157400249705,3
EMMERICH,2026-06-30 08:15:00+00:00,53.0,53.5320768559318,-0.5320768559317983,0.5320768559317983,3
IFFEZHEIM,2026-06-30 08:15:00+00:00,142.0,141.92367703025644,0.07632296974355768,0.07632296974355768,3
KAUB,2026-06-30 08:15:00+00:00,91.0,92.89796356508677,-1.8979635650867692,1.8979635650867692,3
KOBLENZ,2026-06-30 08:15:00+00:00,89.0,84.24703402915077,4.752965970849232,4.752965970849232,3
KONSTANZ-RHEIN,2026-06-30 08:15:00+00:00,314.0,313.0020750920983,0.9979249079016768,0.9979249079016768,3
Koblenz OP,2026-06-30 08:15:00+00:00,206.0,205.0406282179247,0.9593717820752943,0.9593717820752943,3
Koblenz UP,2026-06-30 08:15:00+00:00,67.0,53.27943861787834,13.720561382121659,13.720561382121659,3
KÖLN,2026-06-30 08:15:00+00:00,133.0,134.4974606364312,-1.4974606364312137,1.4974606364312137,3
MAINZ,2026-06-30 08:15:00+00:00,185.0,186.47265503721212,-1.472655037212121,1.472655037212121,3
MANNHEIM,2026-06-30 08:15:00+00:00,166.0,165.59231744066506,0.407682559334944,0.407682559334944,3
MAXAU,2026-06-30 08:15:00+00:00,404.0,404.70281893732033,-0.7028189373203304,0.7028189373203304,3
REES,2026-06-30 08:15:00+00:00,97.0,96.43356695176507,0.5664330482349271,0.5664330482349271,3
RHEINE UNTERSCHLEUSE,2026-06-30 08:15:00+00:00,193.0,204.5272361076786,-11.52723610767859,11.52723610767859,3
RHEINWEILER,2026-06-30 08:15:00+00:00,223.0,222.24956981039531,0.7504301896046854,0.7504301896046854,3
SANKT GOAR,2026-06-30 08:15:00+00:00,181.0,182.19821113999075,-1.1982111399907467,1.1982111399907467,3
SPEYER,2026-06-30 08:15:00+00:00,260.0,260.0485428309663,-0.04854283096631207,0.04854283096631207,3
WESEL,2026-06-30 08:15:00+00:00,154.0,151.48092859688313,2.519071403116868,2.519071403116868,3
WORMS,2026-06-30 08:15:00+00:00,75.0,72.22026251638121,2.7797374836187885,2.7797374836187885,3
DUISBURG-MEIDERICH SCHLEUSE OW,2026-06-30 08:16:00+00:00,24.97,28.274303628647456,-3.3043036286474567,3.3043036286474567,3
DUISBURG-MEIDERICH SCHLEUSE UW,2026-06-30 08:16:00+00:00,18.2,22.12265604892719,-3.922656048927191,3.922656048927191,3
DUISBURG-MEIDERICH SCHLEUSE OW,2026-06-30 08:17:00+00:00,24.97,28.274303628647456,-3.3043036286474567,3.3043036286474567,3
DUISBURG-MEIDERICH SCHLEUSE UW,2026-06-30 08:17:00+00:00,18.2,22.12265604892719,-3.922656048927191,3.922656048927191,3
DUISBURG-MEIDERICH SCHLEUSE OW,2026-06-30 08:18:00+00:00,24.97,28.274303628647456,-3.3043036286474567,3.3043036286474567,3
DUISBURG-MEIDERICH SCHLEUSE UW,2026-06-30 08:18:00+00:00,18.2,22.12265604892719,-3.922656048927191,3.922656048927191,3
DUISBURG-MEIDERICH SCHLEUSE OW,2026-06-30 08:19:00+00:00,24.97,28.274303628647456,-3.3043036286474567,3.3043036286474567,3
DUISBURG-MEIDERICH SCHLEUSE UW,2026-06-30 08:19:00+00:00,18.2,22.12265604892719,-3.922656048927191,3.922656048927191,3
Basel-Rheinhalle,2026-06-30 08:20:00+00:00,522.0,517.6067064518845,4.39329354811548,4.39329354811548,3
DUISBURG-MEIDERICH SCHLEUSE OW,2026-06-30 08:20:00+00:00,24.97,28.274303628647456,-3.3043036286474567,3.3043036286474567,3
DUISBURG-MEIDERICH SCHLEUSE UW,2026-06-30 08:20:00+00:00,18.2,22.12265604892719,-3.922656048927191,3.922656048927191,3
LOBITH,2026-06-30 08:20:00+00:00,706.0,704.8581944732271,1.1418055267729414,1.1418055267729414,3
DUISBURG-MEIDERICH SCHLEUSE OW,2026-06-30 08:21:00+00:00,24.97,28.46853070133952,-3.498530701339522,3.498530701339522,3
DUISBURG-MEIDERICH SCHLEUSE UW,2026-06-30 08:21:00+00:00,18.2,22.12265604892719,-3.922656048927191,3.922656048927191,3
DUISBURG-MEIDERICH SCHLEUSE OW,2026-06-30 08:22:00+00:00,24.97,28.46853070133952,-3.498530701339522,3.498530701339522,3
DUISBURG-MEIDERICH SCHLEUSE UW,2026-06-30 08:22:00+00:00,18.19,22.12265604892719,-3.932656048927189,3.932656048927189,3
DUISBURG-MEIDERICH SCHLEUSE OW,2026-06-30 08:23:00+00:00,24.98,28.274303628647456,-3.294303628647455,3.294303628647455,3
DUISBURG-MEIDERICH SCHLEUSE UW,2026-06-30 08:23:00+00:00,18.19,22.12265604892719,-3.932656048927189,3.932656048927189,3
DUISBURG-MEIDERICH SCHLEUSE OW,2026-06-30 08:24:00+00:00,24.98,28.274303628647456,-3.294303628647455,3.294303628647455,3
DUISBURG-MEIDERICH SCHLEUSE UW,2026-06-30 08:24:00+00:00,18.19,22.12265604892719,-3.932656048927189,3.932656048927189,3
Basel-Rheinhalle,2026-06-30 08:25:00+00:00,522.0,517.7606544420237,4.239345557976321,4.239345557976321,3
DUISBURG-MEIDERICH SCHLEUSE OW,2026-06-30 08:25:00+00:00,24.98,28.274303628647456,-3.294303628647455,3.294303628647455,3
DUISBURG-MEIDERICH SCHLEUSE UW,2026-06-30 08:25:00+00:00,18.19,22.12265604892719,-3.932656048927189,3.932656048927189,3
DUISBURG-MEIDERICH SCHLEUSE OW,2026-06-30 08:26:00+00:00,24.98,28.274303628647456,-3.294303628647455,3.294303628647455,3
DUISBURG-MEIDERICH SCHLEUSE UW,2026-06-30 08:26:00+00:00,18.19,22.12265604892719,-3.932656048927189,3.932656048927189,3
DUISBURG-MEIDERICH SCHLEUSE OW,2026-06-30 08:27:00+00:00,24.98,28.274303628647456,-3.294303628647455,3.294303628647455,3
DUISBURG-MEIDERICH SCHLEUSE UW,2026-06-30 08:27:00+00:00,18.19,22.12265604892719,-3.932656048927189,3.932656048927189,3
DUISBURG-MEIDERICH SCHLEUSE OW,2026-06-30 08:28:00+00:00,24.98,28.274303628647456,-3.294303628647455,3.294303628647455,3
DUISBURG-MEIDERICH SCHLEUSE UW,2026-06-30 08:28:00+00:00,18.19,22.12265604892719,-3.932656048927189,3.932656048927189,3
DUISBURG-MEIDERICH SCHLEUSE OW,2026-06-30 08:29:00+00:00,24.98,28.274303628647456,-3.294303628647455,3.294303628647455,3
DUISBURG-MEIDERICH SCHLEUSE UW,2026-06-30 08:29:00+00:00,18.19,22.12265604892719,-3.932656048927189,3.932656048927189,3
BINGEN,2026-06-30 08:30:00+00:00,105.0,107.09140706572133,-2.0914070657213273,2.0914070657213273,3
BONN,2026-06-30 08:30:00+00:00,136.0,139.9097912149263,-3.909791214926287,3.909791214926287,3
BREISACH,2026-06-30 08:30:00+00:00,190.0,190.1443932786643,-0.14439327866429608,0.14439327866429608,3
Basel-Rheinhalle,2026-06-30 08:30:00+00:00,522.0,517.2856673741499,4.7143326258501475,4.7143326258501475,3
DUISBURG-MEIDERICH SCHLEUSE OW,2026-06-30 08:30:00+00:00,24.98,28.274303628647456,-3.294303628647455,3.294303628647455,3
DUISBURG-MEIDERICH SCHLEUSE UW,2026-06-30 08:30:00+00:00,18.19,22.12265604892719,-3.932656048927189,3.932656048927189,3
DUISBURG-RUHRORT,2026-06-30 08:30:00+00:00,216.0,215.36505334648737,0.6349466535126282,0.6349466535126282,3
DÜSSELDORF,2026-06-30 08:30:00+00:00,84.0,84.45086855068111,-0.45086855068110765,0.45086855068110765,3
EMMERICH,2026-06-30 08:30:00+00:00,52.0,56.99433431406694,-4.99433431406694,4.99433431406694,3
IFFEZHEIM,2026-06-30 08:30:00+00:00,140.0,142.1303677312511,-2.1303677312511127,2.1303677312511127,3
KAUB,2026-06-30 08:30:00+00:00,90.0,92.95173376991266,-2.9517337699126642,2.9517337699126642,3
KOBLENZ,2026-06-30 08:30:00+00:00,90.0,84.29247229924435,5.707527700755648,5.707527700755648,3
KONSTANZ-RHEIN,2026-06-30 08:30:00+00:00,314.0,312.6492955595954,1.350704440404627,1.350704440404627,3
Koblenz OP,2026-06-30 08:30:00+00:00,206.0,204.85743590417368,1.142564095826316,1.142564095826316,3
Koblenz UP,2026-06-30 08:30:00+00:00,67.0,53.26560084409055,13.73439915590945,13.73439915590945,3
KÖLN,2026-06-30 08:30:00+00:00,132.0,134.87799259127118,-2.8779925912711803,2.8779925912711803,3
LOBITH,2026-06-30 08:30:00+00:00,703.0,703.8745234558811,-0.8745234558811035,0.8745234558811035,3
MAINZ,2026-06-30 08:30:00+00:00,184.0,187.16214674094005,-3.162146740940045,3.162146740940045,3
MANNHEIM,2026-06-30 08:30:00+00:00,166.0,165.4687303169157,0.5312696830843038,0.5312696830843038,3
MAXAU,2026-06-30 08:30:00+00:00,404.0,404.84151331928695,-0.8415133192869462,0.8415133192869462,3
REES,2026-06-30 08:30:00+00:00,97.0,96.56765988863981,0.43234011136019035,0.43234011136019035,3
RHEINE UNTERSCHLEUSE,2026-06-30 08:30:00+00:00,194.0,203.36160289903998,-9.36160289903998,9.36160289903998,3
RHEINWEILER,2026-06-30 08:30:00+00:00,223.0,222.27180191074544,0.7281980892545619,0.7281980892545619,3
SANKT GOAR,2026-06-30 08:30:00+00:00,182.0,187.8417958891422,-5.84179588914219,5.84179588914219,3
SPEYER,2026-06-30 08:30:00+00:00,260.0,260.15202892622574,-0.15202892622573927,0.15202892622573927,3
WESEL,2026-06-30 08:30:00+00:00,153.0,151.95211306776088,1.0478869322391233,1.0478869322391233,3
WORMS,2026-06-30 08:30:00+00:00,75.0,71.67250397429461,3.3274960257053863,3.3274960257053863,3
DUISBURG-MEIDERICH SCHLEUSE OW,2026-06-30 08:31:00+00:00,24.98,28.276817135684542,-3.2968171356845417,3.2968171356845417,3
DUISBURG-MEIDERICH SCHLEUSE UW,2026-06-30 08:31:00+00:00,18.19,22.12265604892719,-3.932656048927189,3.932656048927189,3
DUISBURG-MEIDERICH SCHLEUSE OW,2026-06-30 08:32:00+00:00,24.98,28.471044208376608,-3.491044208376607,3.491044208376607,3
DUISBURG-MEIDERICH SCHLEUSE UW,2026-06-30 08:32:00+00:00,18.19,22.12265604892719,-3.932656048927189,3.932656048927189,3
DUISBURG-MEIDERICH SCHLEUSE OW,2026-06-30 08:33:00+00:00,24.99,28.471044208376608,-3.481044208376609,3.481044208376609,3
DUISBURG-MEIDERICH SCHLEUSE UW,2026-06-30 08:33:00+00:00,18.19,22.12265604892719,-3.932656048927189,3.932656048927189,3
DUISBURG-MEIDERICH SCHLEUSE OW,2026-06-30 08:34:00+00:00,24.99,28.276817135684542,-3.2868171356845437,3.2868171356845437,3
DUISBURG-MEIDERICH SCHLEUSE UW,2026-06-30 08:34:00+00:00,18.18,22.12265604892719,-3.9426560489271907,3.9426560489271907,3
Basel-Rheinhalle,2026-06-30 08:35:00+00:00,522.0,517.4297562047102,4.570243795289798,4.570243795289798,3
DUISBURG-MEIDERICH SCHLEUSE OW,2026-06-30 08:35:00+00:00,24.99,28.276817135684542,-3.2868171356845437,3.2868171356845437,3
DUISBURG-MEIDERICH SCHLEUSE UW,2026-06-30 08:35:00+00:00,18.18,22.12265604892719,-3.9426560489271907,3.9426560489271907,3
DUISBURG-MEIDERICH SCHLEUSE OW,2026-06-30 08:36:00+00:00,24.99,28.276817135684542,-3.2868171356845437,3.2868171356845437,3
DUISBURG-MEIDERICH SCHLEUSE UW,2026-06-30 08:36:00+00:00,18.18,22.12265604892719,-3.9426560489271907,3.9426560489271907,3
DUISBURG-MEIDERICH SCHLEUSE OW,2026-06-30 08:37:00+00:00,24.99,28.471044208376608,-3.481044208376609,3.481044208376609,3
DUISBURG-MEIDERICH SCHLEUSE UW,2026-06-30 08:37:00+00:00,18.18,22.12265604892719,-3.9426560489271907,3.9426560489271907,3
DUISBURG-MEIDERICH SCHLEUSE OW,2026-06-30 08:38:00+00:00,24.99,28.471044208376608,-3.481044208376609,3.481044208376609,3
DUISBURG-MEIDERICH SCHLEUSE UW,2026-06-30 08:38:00+00:00,18.18,22.12265604892719,-3.9426560489271907,3.9426560489271907,3
DUISBURG-MEIDERICH SCHLEUSE OW,2026-06-30 08:39:00+00:00,24.99,28.276817135684542,-3.2868171356845437,3.2868171356845437,3
DUISBURG-MEIDERICH SCHLEUSE UW,2026-06-30 08:39:00+00:00,18.18,22.12265604892719,-3.9426560489271907,3.9426560489271907,3
Basel-Rheinhalle,2026-06-30 08:40:00+00:00,523.0,517.4047681742901,5.595231825709902,5.595231825709902,3
DUISBURG-MEIDERICH SCHLEUSE OW,2026-06-30 08:40:00+00:00,24.99,28.276817135684542,-3.2868171356845437,3.2868171356845437,3
DUISBURG-MEIDERICH SCHLEUSE UW,2026-06-30 08:40:00+00:00,18.18,22.12265604892719,-3.9426560489271907,3.9426560489271907,3
LOBITH,2026-06-30 08:40:00+00:00,703.0,703.8115996158878,-0.8115996158877579,0.8115996158877579,3
DUISBURG-MEIDERICH SCHLEUSE OW,2026-06-30 08:41:00+00:00,24.99,28.276817135684542,-3.2868171356845437,3.2868171356845437,3
DUISBURG-MEIDERICH SCHLEUSE UW,2026-06-30 08:41:00+00:00,18.18,22.316883121619256,-4.136883121619256,4.136883121619256,3
DUISBURG-MEIDERICH SCHLEUSE OW,2026-06-30 08:42:00+00:00,24.99,28.276817135684542,-3.2868171356845437,3.2868171356845437,3
DUISBURG-MEIDERICH SCHLEUSE UW,2026-06-30 08:42:00+00:00,18.18,22.316883121619256,-4.136883121619256,4.136883121619256,3
DUISBURG-MEIDERICH SCHLEUSE OW,2026-06-30 08:43:00+00:00,24.99,28.276817135684542,-3.2868171356845437,3.2868171356845437,3
DUISBURG-MEIDERICH SCHLEUSE UW,2026-06-30 08:43:00+00:00,18.18,22.12265604892719,-3.9426560489271907,3.9426560489271907,3
DUISBURG-MEIDERICH SCHLEUSE OW,2026-06-30 08:44:00+00:00,24.99,28.276817135684542,-3.2868171356845437,3.2868171356845437,3
DUISBURG-MEIDERICH SCHLEUSE UW,2026-06-30 08:44:00+00:00,18.18,22.12265604892719,-3.9426560489271907,3.9426560489271907,3
BINGEN,2026-06-30 08:45:00+00:00,105.0,107.1565225646451,-2.156522564645101,2.156522564645101,3
BONN,2026-06-30 08:45:00+00:00,137.0,140.05931713427182,-3.059317134271822,3.059317134271822,3
BREISACH,2026-06-30 08:45:00+00:00,193.0,189.3494466902097,3.650553309790297,3.650553309790297,3
Basel-Rheinhalle,2026-06-30 08:45:00+00:00,521.0,517.7505687668885,3.2494312331115225,3.2494312331115225,3
DUISBURG-MEIDERICH SCHLEUSE OW,2026-06-30 08:45:00+00:00,25.0,28.276817135684542,-3.276817135684542,3.276817135684542,3
DUISBURG-MEIDERICH SCHLEUSE UW,2026-06-30 08:45:00+00:00,18.18,22.12265604892719,-3.9426560489271907,3.9426560489271907,3
DUISBURG-RUHRORT,2026-06-30 08:45:00+00:00,215.0,215.43194523260317,-0.4319452326031694,0.4319452326031694,3
DÜSSELDORF,2026-06-30 08:45:00+00:00,82.0,85.06461973021707,-3.064619730217075,3.064619730217075,3
EMMERICH,2026-06-30 08:45:00+00:00,53.0,56.80087244295387,-3.8008724429538674,3.8008724429538674,3
IFFEZHEIM,2026-06-30 08:45:00+00:00,138.0,141.91766835152436,-3.9176683515243553,3.9176683515243553,3
KAUB,2026-06-30 08:45:00+00:00,90.0,92.78862828479332,-2.788628284793319,2.788628284793319,3
KOBLENZ,2026-06-30 08:45:00+00:00,90.0,85.37496314227903,4.625036857720971,4.625036857720971,3
KONSTANZ-RHEIN,2026-06-30 08:45:00+00:00,314.0,312.95967944576563,1.0403205542343699,1.0403205542343699,3
Koblenz OP,2026-06-30 08:45:00+00:00,206.0,204.14513501833923,1.8548649816607679,1.8548649816607679,3
Koblenz UP,2026-06-30 08:45:00+00:00,68.0,53.612388205624086,14.387611794375914,14.387611794375914,3
KÖLN,2026-06-30 08:45:00+00:00,132.0,135.02751851061672,-3.0275185106167157,3.0275185106167157,3
MAINZ,2026-06-30 08:45:00+00:00,184.0,187.0485694186715,-3.048569418671491,3.048569418671491,3
MANNHEIM,2026-06-30 08:45:00+00:00,167.0,165.85065396305473,1.1493460369452748,1.1493460369452748,3
MAXAU,2026-06-30 08:45:00+00:00,403.0,405.25422382941736,-2.2542238294173558,2.2542238294173558,3
REES,2026-06-30 08:45:00+00:00,98.0,96.74507806088924,1.2549219391107584,1.2549219391107584,3
RHEINE UNTERSCHLEUSE,2026-06-30 08:45:00+00:00,194.0,192.36365290678785,1.6363470932121515,1.6363470932121515,3
RHEINWEILER,2026-06-30 08:45:00+00:00,223.0,223.1112218065768,-0.11122180657679337,0.11122180657679337,3
SANKT GOAR,2026-06-30 08:45:00+00:00,181.0,182.43726935804656,-1.4372693580465636,1.4372693580465636,3
SPEYER,2026-06-30 08:45:00+00:00,261.0,260.72267841942755,0.2773215805724476,0.2773215805724476,3
WESEL,2026-06-30 08:45:00+00:00,154.0,152.2104232180604,1.7895767819395871,1.7895767819395871,3
WORMS,2026-06-30 08:45:00+00:00,75.0,72.82128962278868,2.178710377211317,2.178710377211317,3
DUISBURG-MEIDERICH SCHLEUSE OW,2026-06-30 08:46:00+00:00,25.0,28.276817135684542,-3.276817135684542,3.276817135684542,3
DUISBURG-MEIDERICH SCHLEUSE UW,2026-06-30 08:46:00+00:00,18.19,22.12265604892719,-3.932656048927189,3.932656048927189,3
DUISBURG-MEIDERICH SCHLEUSE OW,2026-06-30 08:47:00+00:00,25.0,28.27950149118688,-3.279501491186881,3.279501491186881,3
DUISBURG-MEIDERICH SCHLEUSE UW,2026-06-30 08:47:00+00:00,18.19,22.31528552104548,-4.12528552104548,4.12528552104548,3
DUISBURG-MEIDERICH SCHLEUSE OW,2026-06-30 08:48:00+00:00,25.0,28.47372856387895,-3.47372856387895,3.47372856387895,3
DUISBURG-MEIDERICH SCHLEUSE UW,2026-06-30 08:48:00+00:00,18.19,22.31528552104548,-4.12528552104548,4.12528552104548,3
DUISBURG-MEIDERICH SCHLEUSE OW,2026-06-30 08:49:00+00:00,25.0,28.47372856387895,-3.47372856387895,3.47372856387895,3
DUISBURG-MEIDERICH SCHLEUSE UW,2026-06-30 08:49:00+00:00,18.19,22.121058448353416,-3.931058448353415,3.931058448353415,3
Basel-Rheinhalle,2026-06-30 08:50:00+00:00,520.0,517.1932330311241,2.806766968875877,2.806766968875877,3
DUISBURG-MEIDERICH SCHLEUSE OW,2026-06-30 08:50:00+00:00,25.0,28.27950149118688,-3.279501491186881,3.279501491186881,3
DUISBURG-MEIDERICH SCHLEUSE UW,2026-06-30 08:50:00+00:00,18.19,22.121058448353416,-3.931058448353415,3.931058448353415,3
LOBITH,2026-06-30 08:50:00+00:00,704.0,703.7474227622798,0.2525772377201747,0.2525772377201747,3
DUISBURG-MEIDERICH SCHLEUSE OW,2026-06-30 08:51:00+00:00,25.0,28.27950149118688,-3.279501491186881,3.279501491186881,3
DUISBURG-MEIDERICH SCHLEUSE UW,2026-06-30 08:51:00+00:00,18.19,22.121058448353416,-3.931058448353415,3.931058448353415,3
DUISBURG-MEIDERICH SCHLEUSE OW,2026-06-30 08:52:00+00:00,25.0,28.27950149118688,-3.279501491186881,3.279501491186881,3
DUISBURG-MEIDERICH SCHLEUSE UW,2026-06-30 08:52:00+00:00,18.19,22.121058448353416,-3.931058448353415,3.931058448353415,3
DUISBURG-MEIDERICH SCHLEUSE OW,2026-06-30 08:53:00+00:00,25.0,28.27950149118688,-3.279501491186881,3.279501491186881,3
DUISBURG-MEIDERICH SCHLEUSE UW,2026-06-30 08:53:00+00:00,18.19,22.121058448353416,-3.931058448353415,3.931058448353415,3
DUISBURG-MEIDERICH SCHLEUSE OW,2026-06-30 08:54:00+00:00,25.0,28.27950149118688,-3.279501491186881,3.279501491186881,3
DUISBURG-MEIDERICH SCHLEUSE UW,2026-06-30 08:54:00+00:00,18.2,22.121058448353416,-3.921058448353417,3.921058448353417,3
Basel-Rheinhalle,2026-06-30 08:55:00+00:00,520.0,517.7472824563414,2.252717543658605,2.252717543658605,3
DUISBURG-MEIDERICH SCHLEUSE OW,2026-06-30 08:55:00+00:00,25.0,28.27950149118688,-3.279501491186881,3.279501491186881,3
DUISBURG-MEIDERICH SCHLEUSE UW,2026-06-30 08:55:00+00:00,18.2,22.121058448353416,-3.921058448353417,3.921058448353417,3
DUISBURG-MEIDERICH SCHLEUSE OW,2026-06-30 08:56:00+00:00,25.0,28.27950149118688,-3.279501491186881,3.279501491186881,3
DUISBURG-MEIDERICH SCHLEUSE UW,2026-06-30 08:56:00+00:00,18.2,22.121058448353416,-3.921058448353417,3.921058448353417,3
DUISBURG-MEIDERICH SCHLEUSE OW,2026-06-30 08:57:00+00:00,25.0,28.289681510512136,-3.2896815105121355,3.2896815105121355,3
DUISBURG-MEIDERICH SCHLEUSE UW,2026-06-30 08:57:00+00:00,18.2,22.121058448353416,-3.921058448353417,3.921058448353417,3
DUISBURG-MEIDERICH SCHLEUSE OW,2026-06-30 08:58:00+00:00,25.0,28.483908583204204,-3.4839085832042045,3.4839085832042045,3
DUISBURG-MEIDERICH SCHLEUSE UW,2026-06-30 08:58:00+00:00,18.2,22.1051601051441,-3.905160105144102,3.905160105144102,3
DUISBURG-MEIDERICH SCHLEUSE OW,2026-06-30 08:59:00+00:00,25.0,28.483908583204204,-3.4839085832042045,3.4839085832042045,3
DUISBURG-MEIDERICH SCHLEUSE UW,2026-06-30 08:59:00+00:00,18.2,22.299387177836167,-4.099387177836167,4.099387177836167,3
BINGEN,2026-06-30 09:00:00+00:00,104.0,106.94962528812306,-2.949625288123059,2.949625288123059,3
BONN,2026-06-30 09:00:00+00:00,136.0,141.01979914831298,-5.019799148312984,5.019799148312984,3
BREISACH,2026-06-30 09:00:00+00:00,194.0,189.71536180905176,4.284638190948243,4.284638190948243,3
Basel-Rheinhalle,2026-06-30 09:00:00+00:00,521.0,518.0092448558171,2.9907551441829128,2.9907551441829128,3
DUISBURG-MEIDERICH SCHLEUSE OW,2026-06-30 09:00:00+00:00,25.0,26.847115298254522,-1.847115298254522,1.847115298254522,3
DUISBURG-MEIDERICH SCHLEUSE UW,2026-06-30 09:00:00+00:00,18.2,20.540563187704365,-2.3405631877043653,2.3405631877043653,3
DUISBURG-RUHRORT,2026-06-30 09:00:00+00:00,215.0,215.74398167115476,-0.7439816711547564,0.7439816711547564,3
DÜSSELDORF,2026-06-30 09:00:00+00:00,83.0,82.84060747530215,0.15939252469785004,0.15939252469785004,3
EMMERICH,2026-06-30 09:00:00+00:00,52.0,55.10873394262598,-3.1087339426259817,3.1087339426259817,3
IFFEZHEIM,2026-06-30 09:00:00+00:00,141.0,142.22481680052334,-1.2248168005233424,1.2248168005233424,3
KAUB,2026-06-30 09:00:00+00:00,91.0,92.89238471227043,-1.8923847122704274,1.8923847122704274,3
KOBLENZ,2026-06-30 09:00:00+00:00,90.0,83.37111796266817,6.6288820373318345,6.6288820373318345,3
KONSTANZ-RHEIN,2026-06-30 09:00:00+00:00,314.0,312.044487137642,1.9555128623579776,1.9555128623579776,3
Koblenz OP,2026-06-30 09:00:00+00:00,205.0,202.45913313260857,2.540866867391429,2.540866867391429,3
Koblenz UP,2026-06-30 09:00:00+00:00,69.0,51.39328438296929,17.60671561703071,17.60671561703071,3
KÖLN,2026-06-30 09:00:00+00:00,132.0,135.74459090252333,-3.7445909025233277,3.7445909025233277,3
LOBITH,2026-06-30 09:00:00+00:00,703.0,704.6356712539864,-1.635671253986402,1.635671253986402,3
MAINZ,2026-06-30 09:00:00+00:00,185.0,187.50538601891205,-2.5053860189120485,2.5053860189120485,3
MANNHEIM,2026-06-30 09:00:00+00:00,166.0,165.26888747665384,0.7311125233461553,0.7311125233461553,3
MAXAU,2026-06-30 09:00:00+00:00,403.0,404.83318911485674,-1.8331891148567365,1.8331891148567365,3
REES,2026-06-30 09:00:00+00:00,97.0,95.4263193597279,1.5736806402721015,1.5736806402721015,3
RHEINE UNTERSCHLEUSE,2026-06-30 09:00:00+00:00,194.0,190.00167229785072,3.9983277021492825,3.9983277021492825,3
RHEINWEILER,2026-06-30 09:00:00+00:00,223.0,223.3518679135868,-0.35186791358680125,0.35186791358680125,3
SANKT GOAR,2026-06-30 09:00:00+00:00,182.0,181.11106101322846,0.8889389867715352,0.8889389867715352,3
SPEYER,2026-06-30 09:00:00+00:00,260.0,259.65665524522547,0.3433447547745345,0.3433447547745345,3
WESEL,2026-06-30 09:00:00+00:00,154.0,151.97889646390252,2.0211035360974847,2.0211035360974847,3
WORMS,2026-06-30 09:00:00+00:00,75.0,71.95695728170475,3.043042718295254,3.043042718295254,3
DUISBURG-MEIDERICH SCHLEUSE OW,2026-06-30 09:01:00+00:00,25.0,26.56452592416279,-1.5645259241627905,1.5645259241627905,3
DUISBURG-MEIDERICH SCHLEUSE UW,2026-06-30 09:01:00+00:00,18.2,20.04179260248608,-1.8417926024860805,1.8417926024860805,3
DUISBURG-MEIDERICH SCHLEUSE OW,2026-06-30 09:02:00+00:00,25.0,26.56452592416279,-1.5645259241627905,1.5645259241627905,3
DUISBURG-MEIDERICH SCHLEUSE UW,2026-06-30 09:02:00+00:00,18.2,20.04179260248608,-1.8417926024860805,1.8417926024860805,3
DUISBURG-MEIDERICH SCHLEUSE OW,2026-06-30 09:03:00+00:00,25.0,26.798974817983233,-1.7989748179832326,1.7989748179832326,3
DUISBURG-MEIDERICH SCHLEUSE UW,2026-06-30 09:03:00+00:00,18.2,20.614453412615198,-2.414453412615199,2.414453412615199,3
DUISBURG-MEIDERICH SCHLEUSE OW,2026-06-30 09:04:00+00:00,25.0,26.8424397669086,-1.8424397669086012,1.8424397669086012,3
DUISBURG-MEIDERICH SCHLEUSE UW,2026-06-30 09:04:00+00:00,18.21,20.657918361540567,-2.447918361540566,2.447918361540566,3
Basel-Rheinhalle,2026-06-30 09:05:00+00:00,516.0,517.4458406427653,-1.4458406427653472,1.4458406427653472,3
DUISBURG-MEIDERICH SCHLEUSE OW,2026-06-30 09:05:00+00:00,25.0,26.8424397669086,-1.8424397669086012,1.8424397669086012,3
DUISBURG-MEIDERICH SCHLEUSE UW,2026-06-30 09:05:00+00:00,18.21,20.657918361540567,-2.447918361540566,2.447918361540566,3
DUISBURG-MEIDERICH SCHLEUSE OW,2026-06-30 09:06:00+00:00,25.0,27.089144815475333,-2.0891448154753327,2.0891448154753327,3
DUISBURG-MEIDERICH SCHLEUSE UW,2026-06-30 09:06:00+00:00,18.21,20.9046234101073,-2.6946234101072974,2.6946234101072974,3
DUISBURG-MEIDERICH SCHLEUSE OW,2026-06-30 09:07:00+00:00,25.0,27.089144815475333,-2.0891448154753327,2.0891448154753327,3
DUISBURG-MEIDERICH SCHLEUSE UW,2026-06-30 09:07:00+00:00,18.21,20.9046234101073,-2.6946234101072974,2.6946234101072974,3
DUISBURG-MEIDERICH SCHLEUSE OW,2026-06-30 09:08:00+00:00,25.0,27.089144815475333,-2.0891448154753327,2.0891448154753327,3
DUISBURG-MEIDERICH SCHLEUSE UW,2026-06-30 09:08:00+00:00,18.21,20.9046234101073,-2.6946234101072974,2.6946234101072974,3
DUISBURG-MEIDERICH SCHLEUSE OW,2026-06-30 09:09:00+00:00,25.01,27.05358252699369,-2.0435825269936885,2.0435825269936885,3
DUISBURG-MEIDERICH SCHLEUSE UW,2026-06-30 09:09:00+00:00,18.21,20.869061121625656,-2.6590611216256548,2.6590611216256548,3
Basel-Rheinhalle,2026-06-30 09:10:00+00:00,514.0,517.4458406427653,-3.445840642765347,3.445840642765347,3
DUISBURG-MEIDERICH SCHLEUSE OW,2026-06-30 09:10:00+00:00,25.01,27.24780959968576,-2.2378095996857574,2.2378095996857574,3
DUISBURG-MEIDERICH SCHLEUSE UW,2026-06-30 09:10:00+00:00,18.21,20.88495946483497,-2.67495946483497,2.67495946483497,3
LOBITH,2026-06-30 09:10:00+00:00,704.0,704.548378705998,-0.5483787059979477,0.5483787059979477,3
DUISBURG-MEIDERICH SCHLEUSE OW,2026-06-30 09:11:00+00:00,25.01,27.179313004873528,-2.1693130048735263,2.1693130048735263,3
DUISBURG-MEIDERICH SCHLEUSE UW,2026-06-30 09:11:00+00:00,18.21,21.010689942714805,-2.800689942714804,2.800689942714804,3
DUISBURG-MEIDERICH SCHLEUSE OW,2026-06-30 09:12:00+00:00,25.01,26.98508593218146,-1.9750859321814573,1.9750859321814573,3
DUISBURG-MEIDERICH SCHLEUSE UW,2026-06-30 09:12:00+00:00,18.21,21.010689942714805,-2.800689942714804,2.800689942714804,3
DUISBURG-MEIDERICH SCHLEUSE OW,2026-06-30 09:13:00+00:00,25.01,26.98508593218146,-1.9750859321814573,1.9750859321814573,3
DUISBURG-MEIDERICH SCHLEUSE UW,2026-06-30 09:13:00+00:00,18.21,20.81646287002274,-2.606462870022739,2.606462870022739,3
DUISBURG-MEIDERICH SCHLEUSE OW,2026-06-30 09:14:00+00:00,25.01,26.98508593218146,-1.9750859321814573,1.9750859321814573,3
DUISBURG-MEIDERICH SCHLEUSE UW,2026-06-30 09:14:00+00:00,18.21,20.81646287002274,-2.606462870022739,2.606462870022739,3
BINGEN,2026-06-30 09:15:00+00:00,105.0,106.62005587950924,-1.6200558795092377,1.6200558795092377,3
BONN,2026-06-30 09:15:00+00:00,137.0,140.68346023205615,-3.6834602320561487,3.6834602320561487,3
BREISACH,2026-06-30 09:15:00+00:00,195.0,189.779975159569,5.220024840430995,5.220024840430995,3
Basel-Rheinhalle,2026-06-30 09:15:00+00:00,516.0,517.2343379190925,-1.234337919092468,1.234337919092468,3
DUISBURG-MEIDERICH SCHLEUSE OW,2026-06-30 09:15:00+00:00,25.01,26.98508593218146,-1.9750859321814573,1.9750859321814573,3
DUISBURG-MEIDERICH SCHLEUSE UW,2026-06-30 09:15:00+00:00,18.21,20.81646287002274,-2.606462870022739,2.606462870022739,3
DUISBURG-RUHRORT,2026-06-30 09:15:00+00:00,216.0,215.80112442982391,0.19887557017608515,0.19887557017608515,3
DÜSSELDORF,2026-06-30 09:15:00+00:00,86.0,82.47319359017371,3.5268064098262926,3.5268064098262926,3
EMMERICH,2026-06-30 09:15:00+00:00,53.0,53.8252345099767,-0.8252345099767027,0.8252345099767027,3
IFFEZHEIM,2026-06-30 09:15:00+00:00,138.0,138.28674945308103,-0.28674945308102906,0.28674945308102906,3
KAUB,2026-06-30 09:15:00+00:00,91.0,92.13027186720471,-1.130271867204712,1.130271867204712,3
KOBLENZ,2026-06-30 09:15:00+00:00,91.0,80.60840565879244,10.391594341207565,10.391594341207565,3
KONSTANZ-RHEIN,2026-06-30 09:15:00+00:00,314.0,311.7683118203303,2.231688179669675,2.231688179669675,3
Koblenz OP,2026-06-30 09:15:00+00:00,205.0,203.2745758279597,1.7254241720403058,1.7254241720403058,3
Koblenz UP,2026-06-30 09:15:00+00:00,69.0,50.35899653305398,18.641003466946017,18.641003466946017,3
KÖLN,2026-06-30 09:15:00+00:00,131.0,135.49938396984487,-4.499383969844871,4.499383969844871,3
MAINZ,2026-06-30 09:15:00+00:00,184.0,187.47862105876683,-3.4786210587668336,3.4786210587668336,3
MANNHEIM,2026-06-30 09:15:00+00:00,166.0,165.14561683891927,0.8543831610807331,0.8543831610807331,3
MAXAU,2026-06-30 09:15:00+00:00,403.0,404.20216720393506,-1.202167203935062,1.202167203935062,3
REES,2026-06-30 09:15:00+00:00,97.0,94.54224674930424,2.4577532506957596,2.4577532506957596,3
RHEINE UNTERSCHLEUSE,2026-06-30 09:15:00+00:00,194.0,188.17921243817037,5.820787561829633,5.820787561829633,3
RHEINWEILER,2026-06-30 09:15:00+00:00,223.0,223.1171945025115,-0.1171945025114951,0.1171945025114951,3
SANKT GOAR,2026-06-30 09:15:00+00:00,182.0,180.89192264636392,1.1080773536360766,1.1080773536360766,3
SPEYER,2026-06-30 09:15:00+00:00,261.0,259.48693060469986,1.5130693953001355,1.5130693953001355,3
WESEL,2026-06-30 09:15:00+00:00,153.0,151.51476444730218,1.4852355526978158,1.4852355526978158,3
WORMS,2026-06-30 09:15:00+00:00,75.0,71.71300384653802,3.2869961534619847,3.2869961534619847,3
DUISBURG-MEIDERICH SCHLEUSE OW,2026-06-30 09:16:00+00:00,25.01,26.98508593218146,-1.9750859321814573,1.9750859321814573,3
DUISBURG-MEIDERICH SCHLEUSE UW,2026-06-30 09:16:00+00:00,18.21,20.81646287002274,-2.606462870022739,2.606462870022739,3
DUISBURG-MEIDERICH SCHLEUSE OW,2026-06-30 09:17:00+00:00,25.01,26.98508593218146,-1.9750859321814573,1.9750859321814573,3
DUISBURG-MEIDERICH SCHLEUSE UW,2026-06-30 09:17:00+00:00,18.21,20.81646287002274,-2.606462870022739,2.606462870022739,3
DUISBURG-MEIDERICH SCHLEUSE OW,2026-06-30 09:18:00+00:00,25.01,26.98508593218146,-1.9750859321814573,1.9750859321814573,3
DUISBURG-MEIDERICH SCHLEUSE UW,2026-06-30 09:18:00+00:00,18.21,20.81646287002274,-2.606462870022739,2.606462870022739,3
DUISBURG-MEIDERICH SCHLEUSE OW,2026-06-30 09:19:00+00:00,25.01,26.98508593218146,-1.9750859321814573,1.9750859321814573,3
DUISBURG-MEIDERICH SCHLEUSE UW,2026-06-30 09:19:00+00:00,18.21,21.010689942714805,-2.800689942714804,2.800689942714804,3
Basel-Rheinhalle,2026-06-30 09:20:00+00:00,518.0,517.7286863699618,0.2713136300382075,0.2713136300382075,3
DUISBURG-MEIDERICH SCHLEUSE OW,2026-06-30 09:20:00+00:00,25.01,26.98508593218146,-1.9750859321814573,1.9750859321814573,3
DUISBURG-MEIDERICH SCHLEUSE UW,2026-06-30 09:20:00+00:00,18.21,21.010689942714805,-2.800689942714804,2.800689942714804,3
LOBITH,2026-06-30 09:20:00+00:00,704.0,704.4858371127364,-0.48583711273636254,0.48583711273636254,3
DUISBURG-MEIDERICH SCHLEUSE OW,2026-06-30 09:21:00+00:00,25.01,26.98508593218146,-1.9750859321814573,1.9750859321814573,3
DUISBURG-MEIDERICH SCHLEUSE UW,2026-06-30 09:21:00+00:00,18.21,20.81646287002274,-2.606462870022739,2.606462870022739,3
DUISBURG-MEIDERICH SCHLEUSE OW,2026-06-30 09:22:00+00:00,25.01,26.98508593218146,-1.9750859321814573,1.9750859321814573,3
DUISBURG-MEIDERICH SCHLEUSE UW,2026-06-30 09:22:00+00:00,18.21,20.81646287002274,-2.606462870022739,2.606462870022739,3
DUISBURG-MEIDERICH SCHLEUSE OW,2026-06-30 09:23:00+00:00,25.01,26.98508593218146,-1.9750859321814573,1.9750859321814573,3
DUISBURG-MEIDERICH SCHLEUSE UW,2026-06-30 09:23:00+00:00,18.21,20.81646287002274,-2.606462870022739,2.606462870022739,3
DUISBURG-MEIDERICH SCHLEUSE OW,2026-06-30 09:24:00+00:00,25.01,26.98508593218146,-1.9750859321814573,1.9750859321814573,3
DUISBURG-MEIDERICH SCHLEUSE UW,2026-06-30 09:24:00+00:00,18.21,20.818060470596514,-2.608060470596513,2.608060470596513,3
Basel-Rheinhalle,2026-06-30 09:25:00+00:00,519.0,518.0193231847426,0.980676815257425,0.980676815257425,3
DUISBURG-MEIDERICH SCHLEUSE OW,2026-06-30 09:25:00+00:00,25.01,26.98508593218146,-1.9750859321814573,1.9750859321814573,3
DUISBURG-MEIDERICH SCHLEUSE UW,2026-06-30 09:25:00+00:00,18.2,20.818060470596514,-2.6180604705965145,2.6180604705965145,3
DUISBURG-MEIDERICH SCHLEUSE OW,2026-06-30 09:26:00+00:00,25.01,26.98508593218146,-1.9750859321814573,1.9750859321814573,3
DUISBURG-MEIDERICH SCHLEUSE UW,2026-06-30 09:26:00+00:00,18.2,20.818060470596514,-2.6180604705965145,2.6180604705965145,3
DUISBURG-MEIDERICH SCHLEUSE OW,2026-06-30 09:27:00+00:00,25.01,26.98508593218146,-1.9750859321814573,1.9750859321814573,3
DUISBURG-MEIDERICH SCHLEUSE UW,2026-06-30 09:27:00+00:00,18.21,20.818060470596514,-2.608060470596513,2.608060470596513,3
DUISBURG-MEIDERICH SCHLEUSE OW,2026-06-30 09:28:00+00:00,25.01,26.98508593218146,-1.9750859321814573,1.9750859321814573,3
DUISBURG-MEIDERICH SCHLEUSE UW,2026-06-30 09:28:00+00:00,18.21,20.818060470596514,-2.608060470596513,2.608060470596513,3
DUISBURG-MEIDERICH SCHLEUSE OW,2026-06-30 09:29:00+00:00,25.01,26.98508593218146,-1.9750859321814573,1.9750859321814573,3
DUISBURG-MEIDERICH SCHLEUSE UW,2026-06-30 09:29:00+00:00,18.21,21.01228754328858,-2.8022875432885783,2.8022875432885783,3
BINGEN,2026-06-30 09:30:00+00:00,105.0,106.52879475757877,-1.5287947575787655,1.5287947575787655,3
BONN,2026-06-30 09:30:00+00:00,136.0,140.5571148025986,-4.557114802598591,4.557114802598591,3
BREISACH,2026-06-30 09:30:00+00:00,195.0,189.53385695998543,5.466143040014572,5.466143040014572,3
Basel-Rheinhalle,2026-06-30 09:30:00+00:00,522.0,518.2741250093763,3.7258749906236517,3.7258749906236517,3
DUISBURG-MEIDERICH SCHLEUSE OW,2026-06-30 09:30:00+00:00,25.01,26.98508593218146,-1.9750859321814573,1.9750859321814573,3
DUISBURG-MEIDERICH SCHLEUSE UW,2026-06-30 09:30:00+00:00,18.21,21.01228754328858,-2.8022875432885783,2.8022875432885783,3
DUISBURG-RUHRORT,2026-06-30 09:30:00+00:00,216.0,215.77909899265129,0.22090100734871498,0.22090100734871498,3
DÜSSELDORF,2026-06-30 09:30:00+00:00,86.0,83.94501469245829,2.0549853075417133,2.0549853075417133,3
EMMERICH,2026-06-30 09:30:00+00:00,52.0,53.32006700311025,-1.3200670031102533,1.3200670031102533,3
IFFEZHEIM,2026-06-30 09:30:00+00:00,136.0,138.29885184102065,-2.2988518410206495,2.2988518410206495,3
KAUB,2026-06-30 09:30:00+00:00,91.0,91.94737384634831,-0.947373846348313,0.947373846348313,3
KOBLENZ,2026-06-30 09:30:00+00:00,91.0,81.92945916322769,9.07054083677231,9.07054083677231,3
KONSTANZ-RHEIN,2026-06-30 09:30:00+00:00,314.0,312.05419749338495,1.9458025066150526,1.9458025066150526,3
Koblenz OP,2026-06-30 09:30:00+00:00,206.0,203.48549072561545,2.514509274384551,2.514509274384551,3
Koblenz UP,2026-06-30 09:30:00+00:00,70.0,47.096184713608864,22.903815286391136,22.903815286391136,3
KÖLN,2026-06-30 09:30:00+00:00,131.0,135.37042565228276,-4.370425652282762,4.370425652282762,3
LOBITH,2026-06-30 09:30:00+00:00,703.0,703.2232353728389,-0.22323537283887163,0.22323537283887163,3
MAINZ,2026-06-30 09:30:00+00:00,182.0,187.9668336776122,-5.966833677612186,5.966833677612186,3
MANNHEIM,2026-06-30 09:30:00+00:00,166.0,165.33839671846903,0.6616032815309723,0.6616032815309723,3
MAXAU,2026-06-30 09:30:00+00:00,403.0,404.2283345210553,-1.2283345210552739,1.2283345210552739,3
REES,2026-06-30 09:30:00+00:00,96.0,94.36914205036875,1.630857949631249,1.630857949631249,3
RHEINE UNTERSCHLEUSE,2026-06-30 09:30:00+00:00,194.0,188.5034847423817,5.496515257618313,5.496515257618313,3
RHEINWEILER,2026-06-30 09:30:00+00:00,223.0,223.37357683883195,-0.37357683883195136,0.37357683883195136,3
SANKT GOAR,2026-06-30 09:30:00+00:00,181.0,180.92904365382884,0.0709563461711582,0.0709563461711582,3
SPEYER,2026-06-30 09:30:00+00:00,261.0,259.14506707708966,1.8549329229103364,1.8549329229103364,3
WESEL,2026-06-30 09:30:00+00:00,154.0,151.71612068766606,2.283879312333937,2.283879312333937,3
WORMS,2026-06-30 09:30:00+00:00,75.0,71.74685057204306,3.2531494279569415,3.2531494279569415,3
DUISBURG-MEIDERICH SCHLEUSE OW,2026-06-30 09:31:00+00:00,25.01,26.98508593218146,-1.9750859321814573,1.9750859321814573,3
DUISBURG-MEIDERICH SCHLEUSE UW,2026-06-30 09:31:00+00:00,18.2,20.818060470596514,-2.6180604705965145,2.6180604705965145,3
DUISBURG-MEIDERICH SCHLEUSE OW,2026-06-30 09:32:00+00:00,25.01,26.98508593218146,-1.9750859321814573,1.9750859321814573,3
DUISBURG-MEIDERICH SCHLEUSE UW,2026-06-30 09:32:00+00:00,18.2,20.818060470596514,-2.6180604705965145,2.6180604705965145,3
DUISBURG-MEIDERICH SCHLEUSE OW,2026-06-30 09:33:00+00:00,25.01,26.98508593218146,-1.9750859321814573,1.9750859321814573,3
DUISBURG-MEIDERICH SCHLEUSE UW,2026-06-30 09:33:00+00:00,18.2,20.818060470596514,-2.6180604705965145,2.6180604705965145,3
DUISBURG-MEIDERICH SCHLEUSE OW,2026-06-30 09:34:00+00:00,25.01,27.179313004873528,-2.1693130048735263,2.1693130048735263,3
DUISBURG-MEIDERICH SCHLEUSE UW,2026-06-30 09:34:00+00:00,18.2,20.818060470596514,-2.6180604705965145,2.6180604705965145,3
Basel-Rheinhalle,2026-06-30 09:35:00+00:00,519.0,518.2637338067381,0.7362661932619403,0.7362661932619403,3
DUISBURG-MEIDERICH SCHLEUSE OW,2026-06-30 09:35:00+00:00,25.01,27.179313004873528,-2.1693130048735263,2.1693130048735263,3
DUISBURG-MEIDERICH SCHLEUSE UW,2026-06-30 09:35:00+00:00,18.2,20.818060470596514,-2.6180604705965145,2.6180604705965145,3
DUISBURG-MEIDERICH SCHLEUSE OW,2026-06-30 09:36:00+00:00,25.01,26.98508593218146,-1.9750859321814573,1.9750859321814573,3
DUISBURG-MEIDERICH SCHLEUSE UW,2026-06-30 09:36:00+00:00,18.2,20.818060470596514,-2.6180604705965145,2.6180604705965145,3
DUISBURG-MEIDERICH SCHLEUSE OW,2026-06-30 09:37:00+00:00,25.01,26.98508593218146,-1.9750859321814573,1.9750859321814573,3
DUISBURG-MEIDERICH SCHLEUSE UW,2026-06-30 09:37:00+00:00,18.2,20.818060470596514,-2.6180604705965145,2.6180604705965145,3
DUISBURG-MEIDERICH SCHLEUSE OW,2026-06-30 09:38:00+00:00,25.01,26.98508593218146,-1.9750859321814573,1.9750859321814573,3
DUISBURG-MEIDERICH SCHLEUSE UW,2026-06-30 09:38:00+00:00,18.19,20.818060470596514,-2.6280604705965125,2.6280604705965125,3
DUISBURG-MEIDERICH SCHLEUSE OW,2026-06-30 09:39:00+00:00,25.01,26.98508593218146,-1.9750859321814573,1.9750859321814573,3
DUISBURG-MEIDERICH SCHLEUSE UW,2026-06-30 09:39:00+00:00,18.19,20.818060470596514,-2.6280604705965125,2.6280604705965125,3
Basel-Rheinhalle,2026-06-30 09:40:00+00:00,519.0,518.1375396246294,0.8624603753705742,0.8624603753705742,3
DUISBURG-MEIDERICH SCHLEUSE OW,2026-06-30 09:40:00+00:00,25.01,26.98508593218146,-1.9750859321814573,1.9750859321814573,3
DUISBURG-MEIDERICH SCHLEUSE UW,2026-06-30 09:40:00+00:00,18.19,20.818060470596514,-2.6280604705965125,2.6280604705965125,3
LOBITH,2026-06-30 09:40:00+00:00,704.0,703.2159989880877,0.7840010119123235,0.7840010119123235,3
DUISBURG-MEIDERICH SCHLEUSE OW,2026-06-30 09:41:00+00:00,25.0,26.98508593218146,-1.985085932181459,1.985085932181459,3
DUISBURG-MEIDERICH SCHLEUSE UW,2026-06-30 09:41:00+00:00,18.19,20.818060470596514,-2.6280604705965125,2.6280604705965125,3
DUISBURG-MEIDERICH SCHLEUSE OW,2026-06-30 09:42:00+00:00,25.0,26.98508593218146,-1.985085932181459,1.985085932181459,3
DUISBURG-MEIDERICH SCHLEUSE UW,2026-06-30 09:42:00+00:00,18.19,20.818060470596514,-2.6280604705965125,2.6280604705965125,3
DUISBURG-MEIDERICH SCHLEUSE OW,2026-06-30 09:43:00+00:00,25.0,26.98508593218146,-1.985085932181459,1.985085932181459,3
DUISBURG-MEIDERICH SCHLEUSE UW,2026-06-30 09:43:00+00:00,18.19,20.818060470596514,-2.6280604705965125,2.6280604705965125,3
DUISBURG-MEIDERICH SCHLEUSE OW,2026-06-30 09:44:00+00:00,25.0,26.98508593218146,-1.985085932181459,1.985085932181459,3
DUISBURG-MEIDERICH SCHLEUSE UW,2026-06-30 09:44:00+00:00,18.2,20.818060470596514,-2.6180604705965145,2.6180604705965145,3
BINGEN,2026-06-30 09:45:00+00:00,105.0,106.75096688970348,-1.7509668897034771,1.7509668897034771,3
BONN,2026-06-30 09:45:00+00:00,137.0,141.22201305634707,-4.222013056347066,4.222013056347066,3
BREISACH,2026-06-30 09:45:00+00:00,195.0,188.58096076959316,6.419039230406838,6.419039230406838,3
Basel-Rheinhalle,2026-06-30 09:45:00+00:00,522.0,517.5834901994122,4.416509800587846,4.416509800587846,3
DUISBURG-MEIDERICH SCHLEUSE OW,2026-06-30 09:45:00+00:00,25.0,26.98508593218146,-1.985085932181459,1.985085932181459,3
DUISBURG-MEIDERICH SCHLEUSE UW,2026-06-30 09:45:00+00:00,18.2,20.818060470596514,-2.6180604705965145,2.6180604705965145,3
DUISBURG-RUHRORT,2026-06-30 09:45:00+00:00,215.0,215.51982468594952,-0.5198246859495157,0.5198246859495157,3
DÜSSELDORF,2026-06-30 09:45:00+00:00,87.0,84.11911817427793,2.8808818257220707,2.8808818257220707,3
EMMERICH,2026-06-30 09:45:00+00:00,54.0,51.72668453406645,2.2733154659335497,2.2733154659335497,3
IFFEZHEIM,2026-06-30 09:45:00+00:00,138.0,143.05469567764717,-5.0546956776471745,5.0546956776471745,3
KAUB,2026-06-30 09:45:00+00:00,89.0,92.18527818794853,-3.1852781879485264,3.1852781879485264,3
KOBLENZ,2026-06-30 09:45:00+00:00,91.0,81.60091174980525,9.399088250194751,9.399088250194751,3
KONSTANZ-RHEIN,2026-06-30 09:45:00+00:00,314.0,312.30692870301823,1.6930712969817705,1.6930712969817705,3
Koblenz OP,2026-06-30 09:45:00+00:00,205.0,204.23726142249672,0.7627385775032849,0.7627385775032849,3
Koblenz UP,2026-06-30 09:45:00+00:00,70.0,47.57043762506696,22.42956237493304,22.42956237493304,3
KÖLN,2026-06-30 09:45:00+00:00,133.0,136.088709075593,-3.0887090755929876,3.0887090755929876,3
MAINZ,2026-06-30 09:45:00+00:00,181.0,188.16508797016772,-7.165087970167718,7.165087970167718,3
MANNHEIM,2026-06-30 09:45:00+00:00,167.0,165.93923895822272,1.0607610417772833,1.0607610417772833,3
MAXAU,2026-06-30 09:45:00+00:00,402.0,405.78556886293535,-3.7855688629353494,3.7855688629353494,3
REES,2026-06-30 09:45:00+00:00,96.0,95.12756279192106,0.8724372080789351,0.8724372080789351,3
RHEINE UNTERSCHLEUSE,2026-06-30 09:45:00+00:00,194.0,185.170395502662,8.82960449733801,8.82960449733801,3
RHEINWEILER,2026-06-30 09:45:00+00:00,223.0,223.58480614222884,-0.5848061422288424,0.5848061422288424,3
SANKT GOAR,2026-06-30 09:45:00+00:00,182.0,186.49175474799637,-4.491754747996367,4.491754747996367,3
SPEYER,2026-06-30 09:45:00+00:00,261.0,260.73300102721305,0.2669989727869506,0.2669989727869506,3
WESEL,2026-06-30 09:45:00+00:00,154.0,151.68240843341255,2.3175915665874527,2.3175915665874527,3
WORMS,2026-06-30 09:45:00+00:00,76.0,73.12543884420108,2.874561155798915,2.874561155798915,3
DUISBURG-MEIDERICH SCHLEUSE OW,2026-06-30 09:46:00+00:00,25.0,26.98508593218146,-1.985085932181459,1.985085932181459,3
DUISBURG-MEIDERICH SCHLEUSE UW,2026-06-30 09:46:00+00:00,18.2,20.818060470596514,-2.6180604705965145,2.6180604705965145,3
DUISBURG-MEIDERICH SCHLEUSE OW,2026-06-30 09:47:00+00:00,25.0,26.98508593218146,-1.985085932181459,1.985085932181459,3
DUISBURG-MEIDERICH SCHLEUSE UW,2026-06-30 09:47:00+00:00,18.2,20.818060470596514,-2.6180604705965145,2.6180604705965145,3
DUISBURG-MEIDERICH SCHLEUSE OW,2026-06-30 09:48:00+00:00,25.0,26.98508593218146,-1.985085932181459,1.985085932181459,3
DUISBURG-MEIDERICH SCHLEUSE UW,2026-06-30 09:48:00+00:00,18.2,20.818060470596514,-2.6180604705965145,2.6180604705965145,3
DUISBURG-MEIDERICH SCHLEUSE OW,2026-06-30 09:49:00+00:00,25.0,26.98508593218146,-1.985085932181459,1.985085932181459,3
DUISBURG-MEIDERICH SCHLEUSE UW,2026-06-30 09:49:00+00:00,18.2,20.818060470596514,-2.6180604705965145,2.6180604705965145,3
Basel-Rheinhalle,2026-06-30 09:50:00+00:00,519.0,517.8965435105489,1.103456489451105,1.103456489451105,3
DUISBURG-MEIDERICH SCHLEUSE OW,2026-06-30 09:50:00+00:00,25.0,26.98508593218146,-1.985085932181459,1.985085932181459,3
DUISBURG-MEIDERICH SCHLEUSE UW,2026-06-30 09:50:00+00:00,18.2,21.01228754328858,-2.81228754328858,2.81228754328858,3
LOBITH,2026-06-30 09:50:00+00:00,704.0,703.2271777205951,0.7728222794048634,0.7728222794048634,3
DUISBURG-MEIDERICH SCHLEUSE OW,2026-06-30 09:51:00+00:00,25.0,26.98508593218146,-1.985085932181459,1.985085932181459,3
DUISBURG-MEIDERICH SCHLEUSE UW,2026-06-30 09:51:00+00:00,18.2,21.01228754328858,-2.81228754328858,2.81228754328858,3
DUISBURG-MEIDERICH SCHLEUSE OW,2026-06-30 09:52:00+00:00,25.0,26.98508593218146,-1.985085932181459,1.985085932181459,3
DUISBURG-MEIDERICH SCHLEUSE UW,2026-06-30 09:52:00+00:00,18.2,21.01228754328858,-2.81228754328858,2.81228754328858,3
DUISBURG-MEIDERICH SCHLEUSE OW,2026-06-30 09:53:00+00:00,25.0,26.98508593218146,-1.985085932181459,1.985085932181459,3
DUISBURG-MEIDERICH SCHLEUSE UW,2026-06-30 09:53:00+00:00,18.2,21.01228754328858,-2.81228754328858,2.81228754328858,3
DUISBURG-MEIDERICH SCHLEUSE OW,2026-06-30 09:54:00+00:00,25.0,26.98508593218146,-1.985085932181459,1.985085932181459,3
DUISBURG-MEIDERICH SCHLEUSE UW,2026-06-30 09:54:00+00:00,18.2,20.818060470596514,-2.6180604705965145,2.6180604705965145,3
Basel-Rheinhalle,2026-06-30 09:55:00+00:00,519.0,518.4612629050883,0.538737094911653,0.538737094911653,3
DUISBURG-MEIDERICH SCHLEUSE OW,2026-06-30 09:55:00+00:00,25.0,26.98508593218146,-1.985085932181459,1.985085932181459,3
DUISBURG-MEIDERICH SCHLEUSE UW,2026-06-30 09:55:00+00:00,18.2,20.818060470596514,-2.6180604705965145,2.6180604705965145,3
DUISBURG-MEIDERICH SCHLEUSE OW,2026-06-30 09:56:00+00:00,25.0,26.98508593218146,-1.985085932181459,1.985085932181459,3
DUISBURG-MEIDERICH SCHLEUSE UW,2026-06-30 09:56:00+00:00,18.2,21.01228754328858,-2.81228754328858,2.81228754328858,3
DUISBURG-MEIDERICH SCHLEUSE OW,2026-06-30 09:57:00+00:00,25.0,26.98508593218146,-1.985085932181459,1.985085932181459,3
DUISBURG-MEIDERICH SCHLEUSE UW,2026-06-30 09:57:00+00:00,18.2,21.01228754328858,-2.81228754328858,2.81228754328858,3
DUISBURG-MEIDERICH SCHLEUSE OW,2026-06-30 09:58:00+00:00,25.0,26.98508593218146,-1.985085932181459,1.985085932181459,3
DUISBURG-MEIDERICH SCHLEUSE UW,2026-06-30 09:58:00+00:00,18.2,20.818060470596514,-2.6180604705965145,2.6180604705965145,3
DUISBURG-MEIDERICH SCHLEUSE OW,2026-06-30 09:59:00+00:00,25.0,26.98508593218146,-1.985085932181459,1.985085932181459,3
DUISBURG-MEIDERICH SCHLEUSE UW,2026-06-30 09:59:00+00:00,18.2,20.818060470596514,-2.6180604705965145,2.6180604705965145,3
BINGEN,2026-06-30 10:00:00+00:00,105.0,106.94715319921832,-1.9471531992183202,1.9471531992183202,3
BONN,2026-06-30 10:00:00+00:00,137.0,140.8816433596238,-3.8816433596238085,3.8816433596238085,3
BREISACH,2026-06-30 10:00:00+00:00,193.0,189.3081187954485,3.6918812045514926,3.6918812045514926,3
Basel-Rheinhalle,2026-06-30 10:00:00+00:00,519.0,518.2637338067381,0.7362661932619403,0.7362661932619403,3
DUISBURG-MEIDERICH SCHLEUSE OW,2026-06-30 10:00:00+00:00,25.0,26.945332145012927,-1.9453321450129266,1.9453321450129266,3
DUISBURG-MEIDERICH SCHLEUSE UW,2026-06-30 10:00:00+00:00,18.21,20.436387520825495,-2.2263875208254937,2.2263875208254937,3
DUISBURG-RUHRORT,2026-06-30 10:00:00+00:00,217.0,214.8634173865552,2.1365826134448014,2.1365826134448014,3
DÜSSELDORF,2026-06-30 10:00:00+00:00,86.0,84.11535376327328,1.8846462367267236,1.8846462367267236,3
EMMERICH,2026-06-30 10:00:00+00:00,53.0,50.24958560647591,2.750414393524089,2.750414393524089,3
IFFEZHEIM,2026-06-30 10:00:00+00:00,137.0,142.36494633808752,-5.36494633808752,5.36494633808752,3
KAUB,2026-06-30 10:00:00+00:00,90.0,92.41883658983238,-2.418836589832381,2.418836589832381,3
KOBLENZ,2026-06-30 10:00:00+00:00,92.0,82.8802353805082,9.119764619491804,9.119764619491804,3
KONSTANZ-RHEIN,2026-06-30 10:00:00+00:00,313.0,312.35039365194353,0.6496063480564658,0.6496063480564658,3
Koblenz OP,2026-06-30 10:00:00+00:00,205.0,203.38514068024875,1.6148593197512469,1.6148593197512469,3
Koblenz UP,2026-06-30 10:00:00+00:00,70.0,47.63682247601677,22.363177523983232,22.363177523983232,3
KÖLN,2026-06-30 10:00:00+00:00,131.0,135.5742027949415,-4.574202794941499,4.574202794941499,3
LOBITH,2026-06-30 10:00:00+00:00,704.0,704.8759421292092,-0.8759421292091929,0.8759421292091929,3
MAINZ,2026-06-30 10:00:00+00:00,182.0,188.42876675778493,-6.428766757784928,6.428766757784928,3
MANNHEIM,2026-06-30 10:00:00+00:00,167.0,165.2580981718716,1.7419018281283911,1.7419018281283911,3
MAXAU,2026-06-30 10:00:00+00:00,402.0,404.95499079754234,-2.9549907975423366,2.9549907975423366,3
REES,2026-06-30 10:00:00+00:00,96.0,94.56132945308185,1.4386705469181464,1.4386705469181464,3
RHEINE UNTERSCHLEUSE,2026-06-30 10:00:00+00:00,194.0,193.27035316411732,0.7296468358826758,0.7296468358826758,3
RHEINWEILER,2026-06-30 10:00:00+00:00,223.0,223.62827109115426,-0.6282710911542608,0.6282710911542608,3
SANKT GOAR,2026-06-30 10:00:00+00:00,181.0,186.76268524224915,-5.762685242249148,5.762685242249148,3
SPEYER,2026-06-30 10:00:00+00:00,261.0,259.24157612311285,1.75842387688715,1.75842387688715,3
WESEL,2026-06-30 10:00:00+00:00,154.0,152.16986865830893,1.8301313416910716,1.8301313416910716,3
WORMS,2026-06-30 10:00:00+00:00,75.0,72.00092766416913,2.999072335830874,2.999072335830874,3
DUISBURG-MEIDERICH SCHLEUSE OW,2026-06-30 10:01:00+00:00,25.0,26.728387373337057,-1.728387373337057,1.728387373337057,3
DUISBURG-MEIDERICH SCHLEUSE UW,2026-06-30 10:01:00+00:00,18.21,20.223149995443436,-2.0131499954434346,2.0131499954434346,3
DUISBURG-MEIDERICH SCHLEUSE OW,2026-06-30 10:02:00+00:00,25.0,26.56648179016714,-1.5664817901671384,1.5664817901671384,3
DUISBURG-MEIDERICH SCHLEUSE UW,2026-06-30 10:02:00+00:00,18.21,20.061244412273517,-1.851244412273516,1.851244412273516,3
DUISBURG-MEIDERICH SCHLEUSE OW,2026-06-30 10:03:00+00:00,25.0,26.803629709465188,-1.8036297094651879,1.8036297094651879,3
DUISBURG-MEIDERICH SCHLEUSE UW,2026-06-30 10:03:00+00:00,18.21,20.829233719998534,-2.619233719998533,2.619233719998533,3
DUISBURG-MEIDERICH SCHLEUSE OW,2026-06-30 10:04:00+00:00,25.0,26.803629709465188,-1.8036297094651879,1.8036297094651879,3
DUISBURG-MEIDERICH SCHLEUSE UW,2026-06-30 10:04:00+00:00,18.21,20.829233719998534,-2.619233719998533,2.619233719998533,3
Basel-Rheinhalle,2026-06-30 10:05:00+00:00,519.0,517.1738367518808,1.826163248119201,1.826163248119201,3
DUISBURG-MEIDERICH SCHLEUSE OW,2026-06-30 10:05:00+00:00,24.99,26.803629709465188,-1.8136297094651894,1.8136297094651894,3
DUISBURG-MEIDERICH SCHLEUSE UW,2026-06-30 10:05:00+00:00,18.22,20.63500664730647,-2.4150066473064697,2.4150066473064697,3
DUISBURG-MEIDERICH SCHLEUSE OW,2026-06-30 10:06:00+00:00,24.99,27.179712876233776,-2.189712876233777,2.189712876233777,3
DUISBURG-MEIDERICH SCHLEUSE UW,2026-06-30 10:06:00+00:00,18.22,20.816862741382987,-2.5968627413829886,2.5968627413829886,3
DUISBURG-MEIDERICH SCHLEUSE OW,2026-06-30 10:07:00+00:00,24.99,27.179712876233776,-2.189712876233777,2.189712876233777,3
DUISBURG-MEIDERICH SCHLEUSE UW,2026-06-30 10:07:00+00:00,18.22,20.816862741382987,-2.5968627413829886,2.5968627413829886,3
DUISBURG-MEIDERICH SCHLEUSE OW,2026-06-30 10:08:00+00:00,24.99,26.985485803541707,-1.9954858035417082,1.9954858035417082,3
DUISBURG-MEIDERICH SCHLEUSE UW,2026-06-30 10:08:00+00:00,18.22,20.816862741382987,-2.5968627413829886,2.5968627413829886,3
DUISBURG-MEIDERICH SCHLEUSE OW,2026-06-30 10:09:00+00:00,24.99,26.985485803541707,-1.9954858035417082,1.9954858035417082,3
DUISBURG-MEIDERICH SCHLEUSE UW,2026-06-30 10:09:00+00:00,18.22,21.011089814075053,-2.791089814075054,2.791089814075054,3
Basel-Rheinhalle,2026-06-30 10:10:00+00:00,519.0,517.0430715658305,1.9569284341695266,1.9569284341695266,3
DUISBURG-MEIDERICH SCHLEUSE OW,2026-06-30 10:10:00+00:00,24.99,26.985485803541707,-1.9954858035417082,1.9954858035417082,3
DUISBURG-MEIDERICH SCHLEUSE UW,2026-06-30 10:10:00+00:00,18.22,21.011089814075053,-2.791089814075054,2.791089814075054,3
LOBITH,2026-06-30 10:10:00+00:00,705.0,704.7160966530844,0.283903346915622,0.283903346915622,3
DUISBURG-MEIDERICH SCHLEUSE OW,2026-06-30 10:11:00+00:00,24.99,26.985485803541707,-1.9954858035417082,1.9954858035417082,3
DUISBURG-MEIDERICH SCHLEUSE UW,2026-06-30 10:11:00+00:00,18.22,20.816862741382987,-2.5968627413829886,2.5968627413829886,3
DUISBURG-MEIDERICH SCHLEUSE OW,2026-06-30 10:12:00+00:00,24.99,26.985485803541707,-1.9954858035417082,1.9954858035417082,3
DUISBURG-MEIDERICH SCHLEUSE UW,2026-06-30 10:12:00+00:00,18.22,20.816862741382987,-2.5968627413829886,2.5968627413829886,3
DUISBURG-MEIDERICH SCHLEUSE OW,2026-06-30 10:13:00+00:00,24.99,26.985485803541707,-1.9954858035417082,1.9954858035417082,3
DUISBURG-MEIDERICH SCHLEUSE UW,2026-06-30 10:13:00+00:00,18.22,20.816862741382987,-2.5968627413829886,2.5968627413829886,3
DUISBURG-MEIDERICH SCHLEUSE OW,2026-06-30 10:14:00+00:00,24.99,26.985485803541707,-1.9954858035417082,1.9954858035417082,3
DUISBURG-MEIDERICH SCHLEUSE UW,2026-06-30 10:14:00+00:00,18.23,20.81846034195676,-2.588460341956761,2.588460341956761,3
BINGEN,2026-06-30 10:15:00+00:00,105.0,106.88881198929887,-1.8888119892988726,1.8888119892988726,3
BONN,2026-06-30 10:15:00+00:00,137.0,140.72112615104587,-3.7211261510458655,3.7211261510458655,3
BREISACH,2026-06-30 10:15:00+00:00,193.0,189.5962008239938,3.4037991760062027,3.4037991760062027,3
Basel-Rheinhalle,2026-06-30 10:15:00+00:00,514.0,516.9178210479612,-2.9178210479611835,2.9178210479611835,3
DUISBURG-MEIDERICH SCHLEUSE OW,2026-06-30 10:15:00+00:00,24.99,26.985485803541707,-1.9954858035417082,1.9954858035417082,3
DUISBURG-MEIDERICH SCHLEUSE UW,2026-06-30 10:15:00+00:00,18.22,20.81846034195676,-2.5984603419567627,2.5984603419567627,3
DUISBURG-RUHRORT,2026-06-30 10:15:00+00:00,217.0,215.8724941330248,1.1275058669752127,1.1275058669752127,3
DÜSSELDORF,2026-06-30 10:15:00+00:00,87.0,83.45737244317769,3.5426275568223105,3.5426275568223105,3
EMMERICH,2026-06-30 10:15:00+00:00,53.0,49.03519208514855,3.9648079148514483,3.9648079148514483,3
IFFEZHEIM,2026-06-30 10:15:00+00:00,135.0,138.84666133716084,-3.846661337160839,3.846661337160839,3
KAUB,2026-06-30 10:15:00+00:00,89.0,92.39786747228194,-3.397867472281945,3.397867472281945,3
KOBLENZ,2026-06-30 10:15:00+00:00,93.0,82.78399707638695,10.216002923613047,10.216002923613047,3
KONSTANZ-RHEIN,2026-06-30 10:15:00+00:00,313.0,312.09766244231025,0.9023375576897479,0.9023375576897479,3
Koblenz OP,2026-06-30 10:15:00+00:00,204.0,202.90429365960907,1.095706340390933,1.095706340390933,3
Koblenz UP,2026-06-30 10:15:00+00:00,72.0,47.47035531210016,24.52964468789984,24.52964468789984,3
KÖLN,2026-06-30 10:15:00+00:00,132.0,135.46729708865246,-3.467297088652458,3.467297088652458,3
MAINZ,2026-06-30 10:15:00+00:00,181.0,188.39434338743465,-7.394343387434645,7.394343387434645,3
MANNHEIM,2026-06-30 10:15:00+00:00,167.0,165.1975627774996,1.8024372225004015,1.8024372225004015,3
MAXAU,2026-06-30 10:15:00+00:00,402.0,404.95499079754234,-2.9549907975423366,2.9549907975423366,3
REES,2026-06-30 10:15:00+00:00,96.0,94.19810346790544,1.8018965320945597,1.8018965320945597,3
RHEINE UNTERSCHLEUSE,2026-06-30 10:15:00+00:00,194.0,193.80313844066364,0.19686155933635519,0.19686155933635519,3
RHEINWEILER,2026-06-30 10:15:00+00:00,223.0,223.57434255290192,-0.5743425529019248,0.5743425529019248,3
SANKT GOAR,2026-06-30 10:15:00+00:00,182.0,186.69088977952987,-4.6908897795298685,4.6908897795298685,3
SPEYER,2026-06-30 10:15:00+00:00,262.0,259.2571648754421,2.742835124557928,2.742835124557928,3
WESEL,2026-06-30 10:15:00+00:00,154.0,151.73668674195883,2.2633132580411655,2.2633132580411655,3
WORMS,2026-06-30 10:15:00+00:00,76.0,71.91274642480089,4.087253575199114,4.087253575199114,3
DUISBURG-MEIDERICH SCHLEUSE OW,2026-06-30 10:16:00+00:00,24.99,26.985485803541707,-1.9954858035417082,1.9954858035417082,3
DUISBURG-MEIDERICH SCHLEUSE UW,2026-06-30 10:16:00+00:00,18.22,20.81846034195676,-2.5984603419567627,2.5984603419567627,3
DUISBURG-MEIDERICH SCHLEUSE OW,2026-06-30 10:17:00+00:00,24.99,26.985485803541707,-1.9954858035417082,1.9954858035417082,3
DUISBURG-MEIDERICH SCHLEUSE UW,2026-06-30 10:17:00+00:00,18.22,20.81846034195676,-2.5984603419567627,2.5984603419567627,3
DUISBURG-MEIDERICH SCHLEUSE OW,2026-06-30 10:18:00+00:00,24.99,26.985485803541707,-1.9954858035417082,1.9954858035417082,3
DUISBURG-MEIDERICH SCHLEUSE UW,2026-06-30 10:18:00+00:00,18.22,20.81846034195676,-2.5984603419567627,2.5984603419567627,3
DUISBURG-MEIDERICH SCHLEUSE OW,2026-06-30 10:19:00+00:00,24.98,26.985485803541707,-2.0054858035417062,2.0054858035417062,3
DUISBURG-MEIDERICH SCHLEUSE UW,2026-06-30 10:19:00+00:00,18.22,20.81846034195676,-2.5984603419567627,2.5984603419567627,3
Basel-Rheinhalle,2026-06-30 10:20:00+00:00,513.0,516.8866101320918,-3.886610132091846,3.886610132091846,3
DUISBURG-MEIDERICH SCHLEUSE OW,2026-06-30 10:20:00+00:00,24.98,26.985485803541707,-2.0054858035417062,2.0054858035417062,3
DUISBURG-MEIDERICH SCHLEUSE UW,2026-06-30 10:20:00+00:00,18.23,20.81846034195676,-2.588460341956761,2.588460341956761,3
LOBITH,2026-06-30 10:20:00+00:00,704.0,704.5254790955914,-0.5254790955914359,0.5254790955914359,3
DUISBURG-MEIDERICH SCHLEUSE OW,2026-06-30 10:21:00+00:00,24.98,26.985485803541707,-2.0054858035417062,2.0054858035417062,3
DUISBURG-MEIDERICH SCHLEUSE UW,2026-06-30 10:21:00+00:00,18.23,20.81846034195676,-2.588460341956761,2.588460341956761,3
DUISBURG-MEIDERICH SCHLEUSE OW,2026-06-30 10:22:00+00:00,24.98,26.985485803541707,-2.0054858035417062,2.0054858035417062,3
DUISBURG-MEIDERICH SCHLEUSE UW,2026-06-30 10:22:00+00:00,18.23,20.81846034195676,-2.588460341956761,2.588460341956761,3
DUISBURG-MEIDERICH SCHLEUSE OW,2026-06-30 10:23:00+00:00,24.98,26.985485803541707,-2.0054858035417062,2.0054858035417062,3
DUISBURG-MEIDERICH SCHLEUSE UW,2026-06-30 10:23:00+00:00,18.23,20.81846034195676,-2.588460341956761,2.588460341956761,3
DUISBURG-MEIDERICH SCHLEUSE OW,2026-06-30 10:24:00+00:00,24.98,26.985485803541707,-2.0054858035417062,2.0054858035417062,3
DUISBURG-MEIDERICH SCHLEUSE UW,2026-06-30 10:24:00+00:00,18.23,20.81846034195676,-2.588460341956761,2.588460341956761,3
Basel-Rheinhalle,2026-06-30 10:25:00+00:00,513.0,516.9691491654577,-3.9691491654576794,3.9691491654576794,3
DUISBURG-MEIDERICH SCHLEUSE OW,2026-06-30 10:25:00+00:00,24.98,26.985485803541707,-2.0054858035417062,2.0054858035417062,3
DUISBURG-MEIDERICH SCHLEUSE UW,2026-06-30 10:25:00+00:00,18.23,21.012687414648827,-2.7826874146488265,2.7826874146488265,3
DUISBURG-MEIDERICH SCHLEUSE OW,2026-06-30 10:26:00+00:00,24.98,26.985485803541707,-2.0054858035417062,2.0054858035417062,3
DUISBURG-MEIDERICH SCHLEUSE UW,2026-06-30 10:26:00+00:00,18.23,21.012687414648827,-2.7826874146488265,2.7826874146488265,3
DUISBURG-MEIDERICH SCHLEUSE OW,2026-06-30 10:27:00+00:00,24.98,26.985485803541707,-2.0054858035417062,2.0054858035417062,3
DUISBURG-MEIDERICH SCHLEUSE UW,2026-06-30 10:27:00+00:00,18.23,20.81846034195676,-2.588460341956761,2.588460341956761,3
DUISBURG-MEIDERICH SCHLEUSE OW,2026-06-30 10:28:00+00:00,24.98,26.985485803541707,-2.0054858035417062,2.0054858035417062,3
DUISBURG-MEIDERICH SCHLEUSE UW,2026-06-30 10:28:00+00:00,18.23,20.81846034195676,-2.588460341956761,2.588460341956761,3
DUISBURG-MEIDERICH SCHLEUSE OW,2026-06-30 10:29:00+00:00,24.98,26.985485803541707,-2.0054858035417062,2.0054858035417062,3
DUISBURG-MEIDERICH SCHLEUSE UW,2026-06-30 10:29:00+00:00,18.23,20.81846034195676,-2.588460341956761,2.588460341956761,3
BINGEN,2026-06-30 10:30:00+00:00,104.0,106.69411204937036,-2.6941120493703608,2.6941120493703608,3
BONN,2026-06-30 10:30:00+00:00,137.0,140.78113368363918,-3.781133683639183,3.781133683639183,3
BREISACH,2026-06-30 10:30:00+00:00,196.0,189.85756228541322,6.142437714586777,6.142437714586777,3
Basel-Rheinhalle,2026-06-30 10:30:00+00:00,513.0,516.4257697095627,-3.425769709562701,3.425769709562701,3
DUISBURG-MEIDERICH SCHLEUSE OW,2026-06-30 10:30:00+00:00,24.98,27.179712876233776,-2.199712876233775,2.199712876233775,3
DUISBURG-MEIDERICH SCHLEUSE UW,2026-06-30 10:30:00+00:00,18.23,21.012687414648827,-2.7826874146488265,2.7826874146488265,3
DUISBURG-RUHRORT,2026-06-30 10:30:00+00:00,217.0,215.63606156994155,1.3639384300584538,1.3639384300584538,3
DÜSSELDORF,2026-06-30 10:30:00+00:00,88.0,83.52902526189162,4.4709747381083815,4.4709747381083815,3
EMMERICH,2026-06-30 10:30:00+00:00,53.0,49.11999155054538,3.880008449454621,3.880008449454621,3
IFFEZHEIM,2026-06-30 10:30:00+00:00,136.0,142.46181725890057,-6.461817258900567,6.461817258900567,3
KAUB,2026-06-30 10:30:00+00:00,90.0,92.16579543998442,-2.1657954399844215,2.1657954399844215,3
KOBLENZ,2026-06-30 10:30:00+00:00,92.0,82.58929713645844,9.410702863541559,9.410702863541559,3
KONSTANZ-RHEIN,2026-06-30 10:30:00+00:00,313.0,312.09766244231025,0.9023375576897479,0.9023375576897479,3
Koblenz OP,2026-06-30 10:30:00+00:00,204.0,203.38439848895135,0.6156015110486521,0.6156015110486521,3
Koblenz UP,2026-06-30 10:30:00+00:00,72.0,47.46495588907846,24.53504411092154,24.53504411092154,3
KÖLN,2026-06-30 10:30:00+00:00,130.0,135.51806583305736,-5.5180658330573635,5.5180658330573635,3
LOBITH,2026-06-30 10:30:00+00:00,705.0,703.1599492936896,1.8400507063104214,1.8400507063104214,3
MAINZ,2026-06-30 10:30:00+00:00,180.0,188.37667598646263,-8.37667598646263,8.37667598646263,3
MANNHEIM,2026-06-30 10:30:00+00:00,167.0,165.1594727943125,1.8405272056874935,1.8405272056874935,3
MAXAU,2026-06-30 10:30:00+00:00,401.0,404.8304450722365,-3.8304450722365004,3.8304450722365004,3
REES,2026-06-30 10:30:00+00:00,96.0,94.26975628661937,1.7302437133806308,1.7302437133806308,3
RHEINE UNTERSCHLEUSE,2026-06-30 10:30:00+00:00,194.0,190.62204357286654,3.377956427133455,3.377956427133455,3
RHEINWEILER,2026-06-30 10:30:00+00:00,223.0,223.57434255290192,-0.5743425529019248,0.5743425529019248,3
SANKT GOAR,2026-06-30 10:30:00+00:00,182.0,186.52631022533487,-4.526310225334868,4.526310225334868,3
SPEYER,2026-06-30 10:30:00+00:00,262.0,259.23413578538026,2.7658642146197394,2.7658642146197394,3
WESEL,2026-06-30 10:30:00+00:00,154.0,152.13989273513067,1.8601072648693275,1.8601072648693275,3
WORMS,2026-06-30 10:30:00+00:00,76.0,71.85415504625745,4.145844953742554,4.145844953742554,3
DUISBURG-MEIDERICH SCHLEUSE OW,2026-06-30 10:31:00+00:00,24.98,27.179712876233776,-2.199712876233775,2.199712876233775,3
DUISBURG-MEIDERICH SCHLEUSE UW,2026-06-30 10:31:00+00:00,18.23,21.012687414648827,-2.7826874146488265,2.7826874146488265,3
DUISBURG-MEIDERICH SCHLEUSE OW,2026-06-30 10:32:00+00:00,24.98,26.985485803541707,-2.0054858035417062,2.0054858035417062,3
DUISBURG-MEIDERICH SCHLEUSE UW,2026-06-30 10:32:00+00:00,18.23,20.81846034195676,-2.588460341956761,2.588460341956761,3
DUISBURG-MEIDERICH SCHLEUSE OW,2026-06-30 10:33:00+00:00,24.98,26.985485803541707,-2.0054858035417062,2.0054858035417062,3
DUISBURG-MEIDERICH SCHLEUSE UW,2026-06-30 10:33:00+00:00,18.23,20.81846034195676,-2.588460341956761,2.588460341956761,3
DUISBURG-MEIDERICH SCHLEUSE OW,2026-06-30 10:34:00+00:00,24.98,26.985485803541707,-2.0054858035417062,2.0054858035417062,3
DUISBURG-MEIDERICH SCHLEUSE UW,2026-06-30 10:34:00+00:00,18.22,20.81846034195676,-2.5984603419567627,2.5984603419567627,3
Basel-Rheinhalle,2026-06-30 10:35:00+00:00,514.0,516.2199988899546,-2.2199988899545815,2.2199988899545815,3
DUISBURG-MEIDERICH SCHLEUSE OW,2026-06-30 10:35:00+00:00,24.98,26.985485803541707,-2.0054858035417062,2.0054858035417062,3
DUISBURG-MEIDERICH SCHLEUSE UW,2026-06-30 10:35:00+00:00,18.23,20.82444492260096,-2.5944449226009603,2.5944449226009603,3
DUISBURG-MEIDERICH SCHLEUSE OW,2026-06-30 10:36:00+00:00,24.98,26.985485803541707,-2.0054858035417062,2.0054858035417062,3
DUISBURG-MEIDERICH SCHLEUSE UW,2026-06-30 10:36:00+00:00,18.23,20.82444492260096,-2.5944449226009603,2.5944449226009603,3
DUISBURG-MEIDERICH SCHLEUSE OW,2026-06-30 10:37:00+00:00,24.98,26.985485803541707,-2.0054858035417062,2.0054858035417062,3
DUISBURG-MEIDERICH SCHLEUSE UW,2026-06-30 10:37:00+00:00,18.23,20.82444492260096,-2.5944449226009603,2.5944449226009603,3
DUISBURG-MEIDERICH SCHLEUSE OW,2026-06-30 10:38:00+00:00,24.97,26.985485803541707,-2.015485803541708,2.015485803541708,3
DUISBURG-MEIDERICH SCHLEUSE UW,2026-06-30 10:38:00+00:00,18.23,20.82444492260096,-2.5944449226009603,2.5944449226009603,3
DUISBURG-MEIDERICH SCHLEUSE OW,2026-06-30 10:39:00+00:00,24.97,26.985485803541707,-2.015485803541708,2.015485803541708,3
DUISBURG-MEIDERICH SCHLEUSE UW,2026-06-30 10:39:00+00:00,18.22,21.018671995293026,-2.7986719952930272,2.7986719952930272,3
Basel-Rheinhalle,2026-06-30 10:40:00+00:00,515.0,517.0351586576111,-2.0351586576110776,2.0351586576110776,3
DUISBURG-MEIDERICH SCHLEUSE OW,2026-06-30 10:40:00+00:00,24.97,26.985485803541707,-2.015485803541708,2.015485803541708,3
DUISBURG-MEIDERICH SCHLEUSE UW,2026-06-30 10:40:00+00:00,18.22,21.018671995293026,-2.7986719952930272,2.7986719952930272,3
LOBITH,2026-06-30 10:40:00+00:00,703.0,703.180496603678,-0.18049660367796605,0.18049660367796605,3
DUISBURG-MEIDERICH SCHLEUSE OW,2026-06-30 10:41:00+00:00,24.97,26.985485803541707,-2.015485803541708,2.015485803541708,3
DUISBURG-MEIDERICH SCHLEUSE UW,2026-06-30 10:41:00+00:00,18.23,21.018671995293026,-2.7886719952930257,2.7886719952930257,3
DUISBURG-MEIDERICH SCHLEUSE OW,2026-06-30 10:42:00+00:00,24.97,26.985485803541707,-2.015485803541708,2.015485803541708,3
DUISBURG-MEIDERICH SCHLEUSE UW,2026-06-30 10:42:00+00:00,18.23,20.82444492260096,-2.5944449226009603,2.5944449226009603,3
DUISBURG-MEIDERICH SCHLEUSE OW,2026-06-30 10:43:00+00:00,24.97,26.975305784216452,-2.0053057842164534,2.0053057842164534,3
DUISBURG-MEIDERICH SCHLEUSE UW,2026-06-30 10:43:00+00:00,18.23,20.82444492260096,-2.5944449226009603,2.5944449226009603,3
DUISBURG-MEIDERICH SCHLEUSE OW,2026-06-30 10:44:00+00:00,24.97,27.16953285690852,-2.1995328569085224,2.1995328569085224,3
DUISBURG-MEIDERICH SCHLEUSE UW,2026-06-30 10:44:00+00:00,18.23,20.82444492260096,-2.5944449226009603,2.5944449226009603,3
BINGEN,2026-06-30 10:45:00+00:00,105.0,106.75245325928981,-1.7524532592898083,1.7524532592898083,3
BONN,2026-06-30 10:45:00+00:00,137.0,141.4940583638587,-4.494058363858699,4.494058363858699,3
BREISACH,2026-06-30 10:45:00+00:00,194.0,189.14435561282843,4.855644387171566,4.855644387171566,3
Basel-Rheinhalle,2026-06-30 10:45:00+00:00,514.0,516.8804284785531,-2.8804284785530854,2.8804284785530854,3
DUISBURG-MEIDERICH SCHLEUSE OW,2026-06-30 10:45:00+00:00,24.97,27.16953285690852,-2.1995328569085224,2.1995328569085224,3
DUISBURG-MEIDERICH SCHLEUSE UW,2026-06-30 10:45:00+00:00,18.23,21.018671995293026,-2.7886719952930257,2.7886719952930257,3
DUISBURG-RUHRORT,2026-06-30 10:45:00+00:00,216.0,215.05118193814138,0.9488180618586171,0.9488180618586171,3
DÜSSELDORF,2026-06-30 10:45:00+00:00,86.0,83.76310019395066,2.236899806049337,2.236899806049337,3
EMMERICH,2026-06-30 10:45:00+00:00,53.0,40.90042385152404,12.099576148475961,12.099576148475961,3
IFFEZHEIM,2026-06-30 10:45:00+00:00,137.0,140.4920567218456,-3.492056721845586,3.492056721845586,3
KAUB,2026-06-30 10:45:00+00:00,89.0,92.44558334494266,-3.445583344942662,3.445583344942662,3
KOBLENZ,2026-06-30 10:45:00+00:00,93.0,82.64848478803984,10.351515211960162,10.351515211960162,3
KONSTANZ-RHEIN,2026-06-30 10:45:00+00:00,313.0,312.32089031520934,0.6791096847906601,0.6791096847906601,3
Koblenz OP,2026-06-30 10:45:00+00:00,203.0,203.5933720241783,-0.5933720241783078,0.5933720241783078,3
Koblenz UP,2026-06-30 10:45:00+00:00,72.0,47.39031837665168,24.609681623348322,24.609681623348322,3
KÖLN,2026-06-30 10:45:00+00:00,131.0,136.28437568283863,-5.284375682838629,5.284375682838629,3
MAINZ,2026-06-30 10:45:00+00:00,180.0,188.4110993568129,-8.411099356812912,8.411099356812912,3
MANNHEIM,2026-06-30 10:45:00+00:00,167.0,166.07513640570264,0.9248635942973635,0.9248635942973635,3
MAXAU,2026-06-30 10:45:00+00:00,401.0,406.77017315575523,-5.770173155755231,5.770173155755231,3
REES,2026-06-30 10:45:00+00:00,96.0,95.04948444080213,0.9505155591978678,0.9505155591978678,3
RHEINE UNTERSCHLEUSE,2026-06-30 10:45:00+00:00,195.0,183.85344842586798,11.146551574132019,11.146551574132019,3
RHEINWEILER,2026-06-30 10:45:00+00:00,223.0,223.78557185629882,-0.7855718562988159,0.7855718562988159,3
SANKT GOAR,2026-06-30 10:45:00+00:00,181.0,186.56073359568515,-5.56073359568515,5.56073359568515,3
SPEYER,2026-06-30 10:45:00+00:00,263.0,260.6039712805381,2.396028719461924,2.396028719461924,3
WESEL,2026-06-30 10:45:00+00:00,155.0,152.21263413124967,2.787365868750328,2.787365868750328,3
WORMS,2026-06-30 10:45:00+00:00,77.0,73.14967472971958,3.850325270280422,3.850325270280422,3
DUISBURG-MEIDERICH SCHLEUSE OW,2026-06-30 10:46:00+00:00,24.97,26.975305784216452,-2.0053057842164534,2.0053057842164534,3
DUISBURG-MEIDERICH SCHLEUSE UW,2026-06-30 10:46:00+00:00,18.23,21.018671995293026,-2.7886719952930257,2.7886719952930257,3
DUISBURG-MEIDERICH SCHLEUSE OW,2026-06-30 10:47:00+00:00,24.97,26.975305784216452,-2.0053057842164534,2.0053057842164534,3
DUISBURG-MEIDERICH SCHLEUSE UW,2026-06-30 10:47:00+00:00,18.23,20.82444492260096,-2.5944449226009603,2.5944449226009603,3
DUISBURG-MEIDERICH SCHLEUSE OW,2026-06-30 10:48:00+00:00,24.97,26.975305784216452,-2.0053057842164534,2.0053057842164534,3
DUISBURG-MEIDERICH SCHLEUSE UW,2026-06-30 10:48:00+00:00,18.23,20.82444492260096,-2.5944449226009603,2.5944449226009603,3
DUISBURG-MEIDERICH SCHLEUSE OW,2026-06-30 10:49:00+00:00,24.97,26.975305784216452,-2.0053057842164534,2.0053057842164534,3
DUISBURG-MEIDERICH SCHLEUSE UW,2026-06-30 10:49:00+00:00,18.23,20.82444492260096,-2.5944449226009603,2.5944449226009603,3
Basel-Rheinhalle,2026-06-30 10:50:00+00:00,514.0,516.9172846679477,-2.9172846679476834,2.9172846679476834,3
DUISBURG-MEIDERICH SCHLEUSE OW,2026-06-30 10:50:00+00:00,24.97,26.975305784216452,-2.0053057842164534,2.0053057842164534,3
DUISBURG-MEIDERICH SCHLEUSE UW,2026-06-30 10:50:00+00:00,18.22,20.82444492260096,-2.604444922600962,2.604444922600962,3
LOBITH,2026-06-30 10:50:00+00:00,703.0,703.180496603678,-0.18049660367796605,0.18049660367796605,3
DUISBURG-MEIDERICH SCHLEUSE OW,2026-06-30 10:51:00+00:00,24.97,26.975305784216452,-2.0053057842164534,2.0053057842164534,3
DUISBURG-MEIDERICH SCHLEUSE UW,2026-06-30 10:51:00+00:00,18.22,20.82444492260096,-2.604444922600962,2.604444922600962,3
DUISBURG-MEIDERICH SCHLEUSE OW,2026-06-30 10:52:00+00:00,24.96,26.975305784216452,-2.0153057842164515,2.0153057842164515,3
DUISBURG-MEIDERICH SCHLEUSE UW,2026-06-30 10:52:00+00:00,18.22,20.82444492260096,-2.604444922600962,2.604444922600962,3
DUISBURG-MEIDERICH SCHLEUSE OW,2026-06-30 10:53:00+00:00,24.96,26.975305784216452,-2.0153057842164515,2.0153057842164515,3
DUISBURG-MEIDERICH SCHLEUSE UW,2026-06-30 10:53:00+00:00,18.22,20.82444492260096,-2.604444922600962,2.604444922600962,3
DUISBURG-MEIDERICH SCHLEUSE OW,2026-06-30 10:54:00+00:00,24.96,26.975305784216452,-2.0153057842164515,2.0153057842164515,3
DUISBURG-MEIDERICH SCHLEUSE UW,2026-06-30 10:54:00+00:00,18.22,20.82444492260096,-2.604444922600962,2.604444922600962,3
Basel-Rheinhalle,2026-06-30 10:55:00+00:00,517.0,517.3747900215349,-0.3747900215348636,0.3747900215348636,3
DUISBURG-MEIDERICH SCHLEUSE OW,2026-06-30 10:55:00+00:00,24.96,26.975305784216452,-2.0153057842164515,2.0153057842164515,3
DUISBURG-MEIDERICH SCHLEUSE UW,2026-06-30 10:55:00+00:00,18.22,20.82444492260096,-2.604444922600962,2.604444922600962,3
DUISBURG-MEIDERICH SCHLEUSE OW,2026-06-30 10:56:00+00:00,24.96,26.975305784216452,-2.0153057842164515,2.0153057842164515,3
DUISBURG-MEIDERICH SCHLEUSE UW,2026-06-30 10:56:00+00:00,18.22,20.82444492260096,-2.604444922600962,2.604444922600962,3
DUISBURG-MEIDERICH SCHLEUSE OW,2026-06-30 10:57:00+00:00,24.96,26.975305784216452,-2.0153057842164515,2.0153057842164515,3
DUISBURG-MEIDERICH SCHLEUSE UW,2026-06-30 10:57:00+00:00,18.22,20.82444492260096,-2.604444922600962,2.604444922600962,3
DUISBURG-MEIDERICH SCHLEUSE OW,2026-06-30 10:58:00+00:00,24.96,26.975305784216452,-2.0153057842164515,2.0153057842164515,3
DUISBURG-MEIDERICH SCHLEUSE UW,2026-06-30 10:58:00+00:00,18.22,20.82444492260096,-2.604444922600962,2.604444922600962,3
DUISBURG-MEIDERICH SCHLEUSE OW,2026-06-30 10:59:00+00:00,24.96,26.975305784216452,-2.0153057842164515,2.0153057842164515,3
DUISBURG-MEIDERICH SCHLEUSE UW,2026-06-30 10:59:00+00:00,18.22,21.018671995293026,-2.7986719952930272,2.7986719952930272,3
BINGEN,2026-06-30 11:00:00+00:00,105.0,106.7610373521815,-1.7610373521815035,1.7610373521815035,3
BONN,2026-06-30 11:00:00+00:00,137.0,141.0203327886106,-4.020332788610602,4.020332788610602,3
BREISACH,2026-06-30 11:00:00+00:00,193.0,190.32563253747023,2.674367462529773,2.674367462529773,3
Basel-Rheinhalle,2026-06-30 11:00:00+00:00,514.0,516.9386202746422,-2.938620274642176,2.938620274642176,3
DUISBURG-MEIDERICH SCHLEUSE OW,2026-06-30 11:00:00+00:00,24.96,27.024343868246916,-2.0643438682469153,2.0643438682469153,3
DUISBURG-MEIDERICH SCHLEUSE UW,2026-06-30 11:00:00+00:00,18.22,20.56256478977685,-2.3425647897768513,2.3425647897768513,3
DUISBURG-RUHRORT,2026-06-30 11:00:00+00:00,217.0,216.05855492735068,0.9414450726493158,0.9414450726493158,3
DÜSSELDORF,2026-06-30 11:00:00+00:00,87.0,83.66210209183362,3.337897908166383,3.337897908166383,3
EMMERICH,2026-06-30 11:00:00+00:00,53.0,49.21866424000813,3.781335759991869,3.781335759991869,3
IFFEZHEIM,2026-06-30 11:00:00+00:00,135.0,142.4816312763245,-7.481631276324492,7.481631276324492,3
KAUB,2026-06-30 11:00:00+00:00,89.0,97.23657432597513,-8.236574325975127,8.236574325975127,3
KOBLENZ,2026-06-30 11:00:00+00:00,94.0,82.56577034633081,11.434229653669192,11.434229653669192,3
KONSTANZ-RHEIN,2026-06-30 11:00:00+00:00,314.0,312.32089031520934,1.6791096847906601,1.6791096847906601,3
Koblenz OP,2026-06-30 11:00:00+00:00,204.0,203.25143418311427,0.7485658168857299,0.7485658168857299,3
Koblenz UP,2026-06-30 11:00:00+00:00,74.0,47.2411995610367,26.7588004389633,26.7588004389633,3
KÖLN,2026-06-30 11:00:00+00:00,131.0,135.60012681602592,-4.60012681602592,4.60012681602592,3
LOBITH,2026-06-30 11:00:00+00:00,703.0,705.7243822457076,-2.724382245707602,2.724382245707602,3
MAINZ,2026-06-30 11:00:00+00:00,180.0,188.3809789710795,-8.380978971079486,8.380978971079486,3
MANNHEIM,2026-06-30 11:00:00+00:00,167.0,162.45477997599315,4.545220024006852,4.545220024006852,3
MAXAU,2026-06-30 11:00:00+00:00,401.0,404.93012655091553,-3.9301265509155314,3.9301265509155314,3
REES,2026-06-30 11:00:00+00:00,97.0,94.98042701792244,2.0195729820775625,2.0195729820775625,3
RHEINE UNTERSCHLEUSE,2026-06-30 11:00:00+00:00,195.0,192.7623092467578,2.237690753242191,2.237690753242191,3
RHEINWEILER,2026-06-30 11:00:00+00:00,223.0,223.78557185629882,-0.7855718562988159,0.7855718562988159,3
SANKT GOAR,2026-06-30 11:00:00+00:00,181.0,186.53061320995172,-5.530613209951724,5.530613209951724,3
SPEYER,2026-06-30 11:00:00+00:00,261.0,259.0071083891493,1.992891610850677,1.992891610850677,3
WESEL,2026-06-30 11:00:00+00:00,154.0,152.24702048489075,1.7529795151092458,1.7529795151092458,3
WORMS,2026-06-30 11:00:00+00:00,76.0,71.580739461381,4.419260538619,4.419260538619,3
DUISBURG-MEIDERICH SCHLEUSE OW,2026-06-30 11:01:00+00:00,24.96,26.841029852367473,-1.8810298523674724,1.8810298523674724,3
DUISBURG-MEIDERICH SCHLEUSE UW,2026-06-30 11:01:00+00:00,18.22,20.382958020191218,-2.162958020191219,2.162958020191219,3
DUISBURG-MEIDERICH SCHLEUSE OW,2026-06-30 11:02:00+00:00,24.95,26.838641280913347,-1.8886412809133475,1.8886412809133475,3
DUISBURG-MEIDERICH SCHLEUSE UW,2026-06-30 11:02:00+00:00,18.22,20.315518941867836,-2.0955189418678373,2.0955189418678373,3
DUISBURG-MEIDERICH SCHLEUSE OW,2026-06-30 11:03:00+00:00,24.95,27.16684850140618,-2.2168485014061794,2.2168485014061794,3
DUISBURG-MEIDERICH SCHLEUSE UW,2026-06-30 11:03:00+00:00,18.22,20.82444492260096,-2.604444922600962,2.604444922600962,3
DUISBURG-MEIDERICH SCHLEUSE OW,2026-06-30 11:04:00+00:00,24.95,27.16684850140618,-2.2168485014061794,2.2168485014061794,3
DUISBURG-MEIDERICH SCHLEUSE UW,2026-06-30 11:04:00+00:00,18.22,21.018671995293026,-2.7986719952930272,2.7986719952930272,3
Basel-Rheinhalle,2026-06-30 11:05:00+00:00,514.0,516.7773687128304,-2.7773687128303663,2.7773687128303663,3
DUISBURG-MEIDERICH SCHLEUSE OW,2026-06-30 11:05:00+00:00,24.95,26.972621428714113,-2.022621428714114,2.022621428714114,3
DUISBURG-MEIDERICH SCHLEUSE UW,2026-06-30 11:05:00+00:00,18.22,21.018671995293026,-2.7986719952930272,2.7986719952930272,3
DUISBURG-MEIDERICH SCHLEUSE OW,2026-06-30 11:06:00+00:00,24.95,26.972621428714113,-2.022621428714114,2.022621428714114,3
DUISBURG-MEIDERICH SCHLEUSE UW,2026-06-30 11:06:00+00:00,18.22,21.018671995293026,-2.7986719952930272,2.7986719952930272,3
DUISBURG-MEIDERICH SCHLEUSE OW,2026-06-30 11:07:00+00:00,24.95,26.972621428714113,-2.022621428714114,2.022621428714114,3
DUISBURG-MEIDERICH SCHLEUSE UW,2026-06-30 11:07:00+00:00,18.22,21.018671995293026,-2.7986719952930272,2.7986719952930272,3
DUISBURG-MEIDERICH SCHLEUSE OW,2026-06-30 11:08:00+00:00,24.95,26.972621428714113,-2.022621428714114,2.022621428714114,3
DUISBURG-MEIDERICH SCHLEUSE UW,2026-06-30 11:08:00+00:00,18.22,20.82444492260096,-2.604444922600962,2.604444922600962,3
DUISBURG-MEIDERICH SCHLEUSE OW,2026-06-30 11:09:00+00:00,24.95,26.972621428714113,-2.022621428714114,2.022621428714114,3
DUISBURG-MEIDERICH SCHLEUSE UW,2026-06-30 11:09:00+00:00,18.22,20.82444492260096,-2.604444922600962,2.604444922600962,3
Basel-Rheinhalle,2026-06-30 11:10:00+00:00,512.0,517.876356037999,-5.876356037999017,5.876356037999017,3
DUISBURG-MEIDERICH SCHLEUSE OW,2026-06-30 11:10:00+00:00,24.95,26.972621428714113,-2.022621428714114,2.022621428714114,3
DUISBURG-MEIDERICH SCHLEUSE UW,2026-06-30 11:10:00+00:00,18.22,20.82444492260096,-2.604444922600962,2.604444922600962,3
LOBITH,2026-06-30 11:10:00+00:00,703.0,705.808799404052,-2.8087994040520243,2.8087994040520243,3
DUISBURG-MEIDERICH SCHLEUSE OW,2026-06-30 11:11:00+00:00,24.95,26.972621428714113,-2.022621428714114,2.022621428714114,3
DUISBURG-MEIDERICH SCHLEUSE UW,2026-06-30 11:11:00+00:00,18.22,20.82444492260096,-2.604444922600962,2.604444922600962,3
DUISBURG-MEIDERICH SCHLEUSE OW,2026-06-30 11:12:00+00:00,24.95,26.972621428714113,-2.022621428714114,2.022621428714114,3
DUISBURG-MEIDERICH SCHLEUSE UW,2026-06-30 11:12:00+00:00,18.22,20.82444492260096,-2.604444922600962,2.604444922600962,3
DUISBURG-MEIDERICH SCHLEUSE OW,2026-06-30 11:13:00+00:00,24.95,26.972621428714113,-2.022621428714114,2.022621428714114,3
DUISBURG-MEIDERICH SCHLEUSE UW,2026-06-30 11:13:00+00:00,18.22,20.82444492260096,-2.604444922600962,2.604444922600962,3
DUISBURG-MEIDERICH SCHLEUSE OW,2026-06-30 11:14:00+00:00,24.95,26.972621428714113,-2.022621428714114,2.022621428714114,3
DUISBURG-MEIDERICH SCHLEUSE UW,2026-06-30 11:14:00+00:00,18.22,20.82444492260096,-2.604444922600962,2.604444922600962,3
BINGEN,2026-06-30 11:15:00+00:00,105.0,106.49385726503601,-1.493857265036013,1.493857265036013,3
BONN,2026-06-30 11:15:00+00:00,137.0,140.89787285628154,-3.8978728562815377,3.8978728562815377,3
BREISACH,2026-06-30 11:15:00+00:00,196.0,190.32563253747023,5.674367462529773,5.674367462529773,3
Basel-Rheinhalle,2026-06-30 11:15:00+00:00,511.0,518.0510825125809,-7.051082512580933,7.051082512580933,3
DUISBURG-MEIDERICH SCHLEUSE OW,2026-06-30 11:15:00+00:00,24.95,26.972621428714113,-2.022621428714114,2.022621428714114,3
DUISBURG-MEIDERICH SCHLEUSE UW,2026-06-30 11:15:00+00:00,18.22,21.018671995293026,-2.7986719952930272,2.7986719952930272,3
DUISBURG-RUHRORT,2026-06-30 11:15:00+00:00,217.0,216.919203238795,0.08079676120499357,0.08079676120499357,3
DÜSSELDORF,2026-06-30 11:15:00+00:00,87.0,82.56688246592184,4.433117534078164,4.433117534078164,3
EMMERICH,2026-06-30 11:15:00+00:00,54.0,49.39755738053417,4.602442619465833,4.602442619465833,3
IFFEZHEIM,2026-06-30 11:15:00+00:00,133.0,142.29856184507403,-9.298561845074033,9.298561845074033,3
KAUB,2026-06-30 11:15:00+00:00,90.0,91.88924896051493,-1.8892489605149336,1.8892489605149336,3
KOBLENZ,2026-06-30 11:15:00+00:00,94.0,80.27743535135924,13.722564648640756,13.722564648640756,3
KONSTANZ-RHEIN,2026-06-30 11:15:00+00:00,313.0,312.02378639147554,0.9762136085244606,0.9762136085244606,3
Koblenz OP,2026-06-30 11:15:00+00:00,203.0,202.83820678342445,0.16179321657554624,0.16179321657554624,3
Koblenz UP,2026-06-30 11:15:00+00:00,73.0,46.731830961463466,26.268169038536534,26.268169038536534,3
KÖLN,2026-06-30 11:15:00+00:00,131.0,131.0875059581346,-0.08750595813461359,0.08750595813461359,4
MAINZ,2026-06-30 11:15:00+00:00,180.0,183.60655556311494,-3.606555563114938,3.606555563114938,4
MANNHEIM,2026-06-30 11:15:00+00:00,168.0,165.33069711987253,2.669302880127475,2.669302880127475,4
MAXAU,2026-06-30 11:15:00+00:00,401.0,401.1412745206698,-0.1412745206698105,0.1412745206698105,4
REES,2026-06-30 11:15:00+00:00,98.0,95.07012698622657,2.929873013773431,2.929873013773431,4
RHEINE UNTERSCHLEUSE,2026-06-30 11:15:00+00:00,195.0,196.92134483757826,-1.9213448375782605,1.9213448375782605,4
RHEINWEILER,2026-06-30 11:15:00+00:00,224.0,222.603610716531,1.3963892834690057,1.3963892834690057,4
SANKT GOAR,2026-06-30 11:15:00+00:00,181.0,181.850613735992,-0.850613735991999,0.850613735991999,4
SPEYER,2026-06-30 11:15:00+00:00,262.0,260.73724746242596,1.2627525375740447,1.2627525375740447,4
WESEL,2026-06-30 11:15:00+00:00,156.0,152.17129602343465,3.8287039765653503,3.8287039765653503,4
WORMS,2026-06-30 11:15:00+00:00,77.0,75.50231429578264,1.4976857042173606,1.4976857042173606,4
DUISBURG-MEIDERICH SCHLEUSE OW,2026-06-30 11:16:00+00:00,24.95,25.071069194028784,-0.12106919402878447,0.12106919402878447,4
DUISBURG-MEIDERICH SCHLEUSE UW,2026-06-30 11:16:00+00:00,18.22,18.29316586869235,-0.07316586869234953,0.07316586869234953,4
DUISBURG-MEIDERICH SCHLEUSE OW,2026-06-30 11:17:00+00:00,24.95,25.071069194028784,-0.12106919402878447,0.12106919402878447,4
DUISBURG-MEIDERICH SCHLEUSE UW,2026-06-30 11:17:00+00:00,18.22,18.347080674303804,-0.1270806743038051,0.1270806743038051,4
DUISBURG-MEIDERICH SCHLEUSE OW,2026-06-30 11:18:00+00:00,24.95,25.071069194028784,-0.12106919402878447,0.12106919402878447,4
DUISBURG-MEIDERICH SCHLEUSE UW,2026-06-30 11:18:00+00:00,18.23,18.347080674303804,-0.11708067430380353,0.11708067430380353,4
DUISBURG-MEIDERICH SCHLEUSE OW,2026-06-30 11:19:00+00:00,24.95,25.071069194028784,-0.12106919402878447,0.12106919402878447,4
DUISBURG-MEIDERICH SCHLEUSE UW,2026-06-30 11:19:00+00:00,18.23,18.347080674303804,-0.11708067430380353,0.11708067430380353,4
Basel-Rheinhalle,2026-06-30 11:20:00+00:00,514.0,515.4518970383907,-1.4518970383907117,1.4518970383907117,4
DUISBURG-MEIDERICH SCHLEUSE OW,2026-06-30 11:20:00+00:00,24.95,25.071069194028784,-0.12106919402878447,0.12106919402878447,4
DUISBURG-MEIDERICH SCHLEUSE UW,2026-06-30 11:20:00+00:00,18.23,18.354673703504407,-0.12467370350440632,0.12467370350440632,4
LOBITH,2026-06-30 11:20:00+00:00,704.0,702.9423351895408,1.0576648104591868,1.0576648104591868,4
DUISBURG-MEIDERICH SCHLEUSE OW,2026-06-30 11:21:00+00:00,24.94,25.071069194028784,-0.13106919402878248,0.13106919402878248,4
DUISBURG-MEIDERICH SCHLEUSE UW,2026-06-30 11:21:00+00:00,18.23,18.354673703504407,-0.12467370350440632,0.12467370350440632,4
DUISBURG-MEIDERICH SCHLEUSE OW,2026-06-30 11:22:00+00:00,24.94,25.071069194028784,-0.13106919402878248,0.13106919402878248,4
DUISBURG-MEIDERICH SCHLEUSE UW,2026-06-30 11:22:00+00:00,18.23,18.354673703504407,-0.12467370350440632,0.12467370350440632,4
DUISBURG-MEIDERICH SCHLEUSE OW,2026-06-30 11:23:00+00:00,24.94,25.071069194028784,-0.13106919402878248,0.13106919402878248,4
DUISBURG-MEIDERICH SCHLEUSE UW,2026-06-30 11:23:00+00:00,18.23,18.354673703504407,-0.12467370350440632,0.12467370350440632,4
DUISBURG-MEIDERICH SCHLEUSE OW,2026-06-30 11:24:00+00:00,24.94,25.071069194028784,-0.13106919402878248,0.13106919402878248,4
DUISBURG-MEIDERICH SCHLEUSE UW,2026-06-30 11:24:00+00:00,18.23,18.354673703504407,-0.12467370350440632,0.12467370350440632,4
Basel-Rheinhalle,2026-06-30 11:25:00+00:00,513.0,515.0171022455844,-2.0171022455843968,2.0171022455843968,4
DUISBURG-MEIDERICH SCHLEUSE OW,2026-06-30 11:25:00+00:00,24.94,25.071069194028784,-0.13106919402878248,0.13106919402878248,4
DUISBURG-MEIDERICH SCHLEUSE UW,2026-06-30 11:25:00+00:00,18.23,18.354673703504407,-0.12467370350440632,0.12467370350440632,4
DUISBURG-MEIDERICH SCHLEUSE OW,2026-06-30 11:26:00+00:00,24.94,25.071069194028784,-0.13106919402878248,0.13106919402878248,4
DUISBURG-MEIDERICH SCHLEUSE UW,2026-06-30 11:26:00+00:00,18.23,18.354673703504407,-0.12467370350440632,0.12467370350440632,4
DUISBURG-MEIDERICH SCHLEUSE OW,2026-06-30 11:27:00+00:00,24.94,25.03989548283216,-0.0998954828321601,0.0998954828321601,4
DUISBURG-MEIDERICH SCHLEUSE UW,2026-06-30 11:27:00+00:00,18.23,18.354673703504407,-0.12467370350440632,0.12467370350440632,4
DUISBURG-MEIDERICH SCHLEUSE OW,2026-06-30 11:28:00+00:00,24.94,25.03989548283216,-0.0998954828321601,0.0998954828321601,4
DUISBURG-MEIDERICH SCHLEUSE UW,2026-06-30 11:28:00+00:00,18.23,18.354673703504407,-0.12467370350440632,0.12467370350440632,4
DUISBURG-MEIDERICH SCHLEUSE OW,2026-06-30 11:29:00+00:00,24.94,25.071069194028784,-0.13106919402878248,0.13106919402878248,4
DUISBURG-MEIDERICH SCHLEUSE UW,2026-06-30 11:29:00+00:00,18.23,18.354673703504407,-0.12467370350440632,0.12467370350440632,4
BINGEN,2026-06-30 11:30:00+00:00,104.0,105.5096550368215,-1.5096550368214992,1.5096550368214992,4
BONN,2026-06-30 11:30:00+00:00,138.0,135.90322636489418,2.0967736351058193,2.0967736351058193,4
BREISACH,2026-06-30 11:30:00+00:00,195.0,194.15477495396823,0.8452250460317714,0.8452250460317714,4
Basel-Rheinhalle,2026-06-30 11:30:00+00:00,513.0,515.2787308100935,-2.2787308100935206,2.2787308100935206,4
DUISBURG-MEIDERICH SCHLEUSE OW,2026-06-30 11:30:00+00:00,24.94,25.071069194028784,-0.13106919402878248,0.13106919402878248,4
DUISBURG-MEIDERICH SCHLEUSE UW,2026-06-30 11:30:00+00:00,18.23,18.354673703504407,-0.12467370350440632,0.12467370350440632,4
DUISBURG-RUHRORT,2026-06-30 11:30:00+00:00,217.0,217.14536694156357,-0.1453669415635659,0.1453669415635659,4
DÜSSELDORF,2026-06-30 11:30:00+00:00,88.0,88.0823174072884,-0.08231740728840009,0.08231740728840009,4
EMMERICH,2026-06-30 11:30:00+00:00,54.0,58.51344212127929,-4.51344212127929,4.51344212127929,4
IFFEZHEIM,2026-06-30 11:30:00+00:00,136.0,134.76377141273068,1.2362285872693235,1.2362285872693235,4
KAUB,2026-06-30 11:30:00+00:00,90.0,90.78393131820863,-0.78393131820863,0.78393131820863,4
KOBLENZ,2026-06-30 11:30:00+00:00,95.0,89.8398398677037,5.160160132296298,5.160160132296298,4
KONSTANZ-RHEIN,2026-06-30 11:30:00+00:00,314.0,312.8875282407379,1.112471759262121,1.112471759262121,4
Koblenz OP,2026-06-30 11:30:00+00:00,203.0,203.73513120459953,-0.7351312045995257,0.7351312045995257,4
Koblenz UP,2026-06-30 11:30:00+00:00,73.0,71.17559094434569,1.8244090556543142,1.8244090556543142,4
KÖLN,2026-06-30 11:30:00+00:00,130.0,131.26382276604554,-1.2638227660455357,1.2638227660455357,4
LOBITH,2026-06-30 11:30:00+00:00,703.0,703.0470792632976,-0.04707926329763268,0.04707926329763268,4
MAINZ,2026-06-30 11:30:00+00:00,179.0,184.74516587770358,-5.745165877703585,5.745165877703585,4
MANNHEIM,2026-06-30 11:30:00+00:00,169.0,165.4841534945318,3.515846505468204,3.515846505468204,4
MAXAU,2026-06-30 11:30:00+00:00,400.0,401.16094688804003,-1.16094688804003,1.16094688804003,4
REES,2026-06-30 11:30:00+00:00,97.0,95.0910120285222,1.9089879714777993,1.9089879714777993,4
RHEINE UNTERSCHLEUSE,2026-06-30 11:30:00+00:00,195.0,196.96093481677252,-1.9609348167725216,1.9609348167725216,4
RHEINWEILER,2026-06-30 11:30:00+00:00,223.0,222.40389035141152,0.5961096485884809,0.5961096485884809,4
SANKT GOAR,2026-06-30 11:30:00+00:00,181.0,189.65932672694032,-8.659326726940321,8.659326726940321,4
SPEYER,2026-06-30 11:30:00+00:00,262.0,260.8336396571538,1.1663603428461897,1.1663603428461897,4
WESEL,2026-06-30 11:30:00+00:00,154.0,152.44272528512838,1.5572747148716246,1.5572747148716246,4
WORMS,2026-06-30 11:30:00+00:00,76.0,75.40860432902618,0.5913956709738244,0.5913956709738244,4
DUISBURG-MEIDERICH SCHLEUSE OW,2026-06-30 11:31:00+00:00,24.94,25.071069194028784,-0.13106919402878248,0.13106919402878248,4
DUISBURG-MEIDERICH SCHLEUSE UW,2026-06-30 11:31:00+00:00,18.23,18.354673703504407,-0.12467370350440632,0.12467370350440632,4
DUISBURG-MEIDERICH SCHLEUSE OW,2026-06-30 11:32:00+00:00,24.94,25.071069194028784,-0.13106919402878248,0.13106919402878248,4
DUISBURG-MEIDERICH SCHLEUSE UW,2026-06-30 11:32:00+00:00,18.23,18.354673703504407,-0.12467370350440632,0.12467370350440632,4
DUISBURG-MEIDERICH SCHLEUSE OW,2026-06-30 11:33:00+00:00,24.94,25.071069194028784,-0.13106919402878248,0.13106919402878248,4
DUISBURG-MEIDERICH SCHLEUSE UW,2026-06-30 11:33:00+00:00,18.23,18.354673703504407,-0.12467370350440632,0.12467370350440632,4
DUISBURG-MEIDERICH SCHLEUSE OW,2026-06-30 11:34:00+00:00,24.94,25.071069194028784,-0.13106919402878248,0.13106919402878248,4
DUISBURG-MEIDERICH SCHLEUSE UW,2026-06-30 11:34:00+00:00,18.23,18.354673703504407,-0.12467370350440632,0.12467370350440632,4
Basel-Rheinhalle,2026-06-30 11:35:00+00:00,516.0,515.2674481155033,0.7325518844967291,0.7325518844967291,4
DUISBURG-MEIDERICH SCHLEUSE OW,2026-06-30 11:35:00+00:00,24.94,25.071069194028784,-0.13106919402878248,0.13106919402878248,4
DUISBURG-MEIDERICH SCHLEUSE UW,2026-06-30 11:35:00+00:00,18.23,18.354673703504407,-0.12467370350440632,0.12467370350440632,4
DUISBURG-MEIDERICH SCHLEUSE OW,2026-06-30 11:36:00+00:00,24.94,25.071069194028784,-0.13106919402878248,0.13106919402878248,4
DUISBURG-MEIDERICH SCHLEUSE UW,2026-06-30 11:36:00+00:00,18.23,18.354673703504407,-0.12467370350440632,0.12467370350440632,4
DUISBURG-MEIDERICH SCHLEUSE OW,2026-06-30 11:37:00+00:00,24.93,25.071069194028784,-0.14106919402878404,0.14106919402878404,4
DUISBURG-MEIDERICH SCHLEUSE UW,2026-06-30 11:37:00+00:00,18.23,18.354673703504407,-0.12467370350440632,0.12467370350440632,4
DUISBURG-MEIDERICH SCHLEUSE OW,2026-06-30 11:38:00+00:00,24.93,25.071069194028784,-0.14106919402878404,0.14106919402878404,4
DUISBURG-MEIDERICH SCHLEUSE UW,2026-06-30 11:38:00+00:00,18.23,18.354673703504407,-0.12467370350440632,0.12467370350440632,4
DUISBURG-MEIDERICH SCHLEUSE OW,2026-06-30 11:39:00+00:00,24.93,25.071069194028784,-0.14106919402878404,0.14106919402878404,4
DUISBURG-MEIDERICH SCHLEUSE UW,2026-06-30 11:39:00+00:00,18.23,18.354673703504407,-0.12467370350440632,0.12467370350440632,4
Basel-Rheinhalle,2026-06-30 11:40:00+00:00,515.0,515.9097838425375,-0.9097838425375357,0.9097838425375357,4
DUISBURG-MEIDERICH SCHLEUSE OW,2026-06-30 11:40:00+00:00,24.93,25.071069194028784,-0.14106919402878404,0.14106919402878404,4
DUISBURG-MEIDERICH SCHLEUSE UW,2026-06-30 11:40:00+00:00,18.23,18.354673703504407,-0.12467370350440632,0.12467370350440632,4
LOBITH,2026-06-30 11:40:00+00:00,704.0,703.3976775307357,0.6023224692643225,0.6023224692643225,4
DUISBURG-MEIDERICH SCHLEUSE OW,2026-06-30 11:41:00+00:00,24.93,25.071069194028784,-0.14106919402878404,0.14106919402878404,4
DUISBURG-MEIDERICH SCHLEUSE UW,2026-06-30 11:41:00+00:00,18.23,18.354673703504407,-0.12467370350440632,0.12467370350440632,4
DUISBURG-MEIDERICH SCHLEUSE OW,2026-06-30 11:42:00+00:00,24.93,25.071069194028784,-0.14106919402878404,0.14106919402878404,4
DUISBURG-MEIDERICH SCHLEUSE UW,2026-06-30 11:42:00+00:00,18.23,18.354673703504407,-0.12467370350440632,0.12467370350440632,4
DUISBURG-MEIDERICH SCHLEUSE OW,2026-06-30 11:43:00+00:00,24.93,25.071069194028784,-0.14106919402878404,0.14106919402878404,4
DUISBURG-MEIDERICH SCHLEUSE UW,2026-06-30 11:43:00+00:00,18.23,18.30075889789295,-0.07075889789295076,0.07075889789295076,4
DUISBURG-MEIDERICH SCHLEUSE OW,2026-06-30 11:44:00+00:00,24.93,25.071069194028784,-0.14106919402878404,0.14106919402878404,4
DUISBURG-MEIDERICH SCHLEUSE UW,2026-06-30 11:44:00+00:00,18.23,18.30075889789295,-0.07075889789295076,0.07075889789295076,4
BINGEN,2026-06-30 11:45:00+00:00,104.0,105.30401061985825,-1.3040106198582464,1.3040106198582464,4
BONN,2026-06-30 11:45:00+00:00,137.0,137.6321119474604,-0.6321119474604018,0.6321119474604018,4
BREISACH,2026-06-30 11:45:00+00:00,193.0,193.16619687925152,-0.16619687925151538,0.16619687925151538,4
Basel-Rheinhalle,2026-06-30 11:45:00+00:00,514.0,515.3419821788867,-1.3419821788867239,1.3419821788867239,4
DUISBURG-MEIDERICH SCHLEUSE OW,2026-06-30 11:45:00+00:00,24.93,25.071069194028784,-0.14106919402878404,0.14106919402878404,4
DUISBURG-MEIDERICH SCHLEUSE UW,2026-06-30 11:45:00+00:00,18.23,18.33891207705785,-0.10891207705784822,0.10891207705784822,4
DUISBURG-RUHRORT,2026-06-30 11:45:00+00:00,218.0,217.3507921529304,0.6492078470695901,0.6492078470695901,4
DÜSSELDORF,2026-06-30 11:45:00+00:00,88.0,89.04714931583658,-1.0471493158365774,1.0471493158365774,4
EMMERICH,2026-06-30 11:45:00+00:00,53.0,59.624981695035935,-6.624981695035935,6.624981695035935,4
IFFEZHEIM,2026-06-30 11:45:00+00:00,134.0,136.43759454625976,-2.43759454625976,2.43759454625976,4
KAUB,2026-06-30 11:45:00+00:00,89.0,90.45852551300008,-1.4585255130000832,1.4585255130000832,4
KOBLENZ,2026-06-30 11:45:00+00:00,93.0,88.95146093948419,4.048539060515807,4.048539060515807,4
KONSTANZ-RHEIN,2026-06-30 11:45:00+00:00,314.0,313.11562782811035,0.8843721718896518,0.8843721718896518,4
Koblenz OP,2026-06-30 11:45:00+00:00,200.0,204.30571538802798,-4.305715388027977,4.305715388027977,4
Koblenz UP,2026-06-30 11:45:00+00:00,74.0,69.98393843091984,4.016061569080165,4.016061569080165,4
KÖLN,2026-06-30 11:45:00+00:00,130.0,131.7800458854961,-1.7800458854960937,1.7800458854960937,4
MAINZ,2026-06-30 11:45:00+00:00,179.0,185.39445650451532,-6.394456504515318,6.394456504515318,4
MANNHEIM,2026-06-30 11:45:00+00:00,169.0,161.58358124454412,7.416418755455879,7.416418755455879,4
MAXAU,2026-06-30 11:45:00+00:00,400.0,402.50474458731503,-2.504744587315031,2.504744587315031,4
REES,2026-06-30 11:45:00+00:00,97.0,95.31433835612953,1.6856616438704748,1.6856616438704748,4
RHEINE UNTERSCHLEUSE,2026-06-30 11:45:00+00:00,195.0,193.94394962274637,1.0560503772536265,1.0560503772536265,4
RHEINWEILER,2026-06-30 11:45:00+00:00,223.0,222.45321960431247,0.5467803956875343,0.5467803956875343,4
SANKT GOAR,2026-06-30 11:45:00+00:00,181.0,189.8510397649213,-8.851039764921296,8.851039764921296,4
SPEYER,2026-06-30 11:45:00+00:00,262.0,260.89249227682666,1.1075077231733417,1.1075077231733417,4
WESEL,2026-06-30 11:45:00+00:00,155.0,152.73505315670167,2.2649468432983326,2.2649468432983326,4
WORMS,2026-06-30 11:45:00+00:00,76.0,75.21324315392316,0.786756846076841,0.786756846076841,4
DUISBURG-MEIDERICH SCHLEUSE OW,2026-06-30 11:46:00+00:00,24.93,25.071069194028784,-0.14106919402878404,0.14106919402878404,4
DUISBURG-MEIDERICH SCHLEUSE UW,2026-06-30 11:46:00+00:00,18.23,18.33891207705785,-0.10891207705784822,0.10891207705784822,4
DUISBURG-MEIDERICH SCHLEUSE OW,2026-06-30 11:47:00+00:00,24.93,25.071069194028784,-0.14106919402878404,0.14106919402878404,4
DUISBURG-MEIDERICH SCHLEUSE UW,2026-06-30 11:47:00+00:00,18.23,18.33891207705785,-0.10891207705784822,0.10891207705784822,4
DUISBURG-MEIDERICH SCHLEUSE OW,2026-06-30 11:48:00+00:00,24.93,25.071069194028784,-0.14106919402878404,0.14106919402878404,4
DUISBURG-MEIDERICH SCHLEUSE UW,2026-06-30 11:48:00+00:00,18.23,18.331319047857246,-0.10131904785724544,0.10131904785724544,4
DUISBURG-MEIDERICH SCHLEUSE OW,2026-06-30 11:49:00+00:00,24.93,25.071069194028784,-0.14106919402878404,0.14106919402878404,4
DUISBURG-MEIDERICH SCHLEUSE UW,2026-06-30 11:49:00+00:00,18.23,18.331319047857246,-0.10131904785724544,0.10131904785724544,4
Basel-Rheinhalle,2026-06-30 11:50:00+00:00,514.0,515.7114503911985,-1.7114503911984684,1.7114503911984684,4
DUISBURG-MEIDERICH SCHLEUSE OW,2026-06-30 11:50:00+00:00,24.93,25.071069194028784,-0.14106919402878404,0.14106919402878404,4
DUISBURG-MEIDERICH SCHLEUSE UW,2026-06-30 11:50:00+00:00,18.23,18.331319047857246,-0.10131904785724544,0.10131904785724544,4
LOBITH,2026-06-30 11:50:00+00:00,704.0,703.1803288506295,0.8196711493704925,0.8196711493704925,4
DUISBURG-MEIDERICH SCHLEUSE OW,2026-06-30 11:51:00+00:00,24.93,25.071069194028784,-0.14106919402878404,0.14106919402878404,4
DUISBURG-MEIDERICH SCHLEUSE UW,2026-06-30 11:51:00+00:00,18.23,18.331319047857246,-0.10131904785724544,0.10131904785724544,4
DUISBURG-MEIDERICH SCHLEUSE OW,2026-06-30 11:52:00+00:00,24.93,25.071069194028784,-0.14106919402878404,0.14106919402878404,4
DUISBURG-MEIDERICH SCHLEUSE UW,2026-06-30 11:52:00+00:00,18.23,18.331319047857246,-0.10131904785724544,0.10131904785724544,4
DUISBURG-MEIDERICH SCHLEUSE OW,2026-06-30 11:53:00+00:00,24.93,25.071069194028784,-0.14106919402878404,0.14106919402878404,4
DUISBURG-MEIDERICH SCHLEUSE UW,2026-06-30 11:53:00+00:00,18.23,18.331319047857246,-0.10131904785724544,0.10131904785724544,4
DUISBURG-MEIDERICH SCHLEUSE OW,2026-06-30 11:54:00+00:00,24.93,25.071069194028784,-0.14106919402878404,0.14106919402878404,4
DUISBURG-MEIDERICH SCHLEUSE UW,2026-06-30 11:54:00+00:00,18.23,18.331319047857246,-0.10131904785724544,0.10131904785724544,4
Basel-Rheinhalle,2026-06-30 11:55:00+00:00,513.0,515.9097838425375,-2.9097838425375357,2.9097838425375357,4
DUISBURG-MEIDERICH SCHLEUSE OW,2026-06-30 11:55:00+00:00,24.93,25.071069194028784,-0.14106919402878404,0.14106919402878404,4
DUISBURG-MEIDERICH SCHLEUSE UW,2026-06-30 11:55:00+00:00,18.23,18.331319047857246,-0.10131904785724544,0.10131904785724544,4
DUISBURG-MEIDERICH SCHLEUSE OW,2026-06-30 11:56:00+00:00,24.93,25.071069194028784,-0.14106919402878404,0.14106919402878404,4
DUISBURG-MEIDERICH SCHLEUSE UW,2026-06-30 11:56:00+00:00,18.23,18.331319047857246,-0.10131904785724544,0.10131904785724544,4
DUISBURG-MEIDERICH SCHLEUSE OW,2026-06-30 11:57:00+00:00,24.93,25.071069194028784,-0.14106919402878404,0.14106919402878404,4
DUISBURG-MEIDERICH SCHLEUSE UW,2026-06-30 11:57:00+00:00,18.23,18.331319047857246,-0.10131904785724544,0.10131904785724544,4
DUISBURG-MEIDERICH SCHLEUSE OW,2026-06-30 11:58:00+00:00,24.93,25.071069194028784,-0.14106919402878404,0.14106919402878404,4
DUISBURG-MEIDERICH SCHLEUSE UW,2026-06-30 11:58:00+00:00,18.23,18.331319047857246,-0.10131904785724544,0.10131904785724544,4
DUISBURG-MEIDERICH SCHLEUSE OW,2026-06-30 11:59:00+00:00,24.93,25.071069194028784,-0.14106919402878404,0.14106919402878404,4
DUISBURG-MEIDERICH SCHLEUSE UW,2026-06-30 11:59:00+00:00,18.23,18.331319047857246,-0.10131904785724544,0.10131904785724544,4
BINGEN,2026-06-30 12:00:00+00:00,104.0,105.47142960122038,-1.471429601220379,1.471429601220379,4
BONN,2026-06-30 12:00:00+00:00,137.0,136.17140928314458,0.8285907168554161,0.8285907168554161,4
BREISACH,2026-06-30 12:00:00+00:00,192.0,195.12442378567243,-3.124423785672434,3.124423785672434,4
Basel-Rheinhalle,2026-06-30 12:00:00+00:00,513.0,515.3253218433508,-2.325321843350821,2.325321843350821,4
DUISBURG-MEIDERICH SCHLEUSE OW,2026-06-30 12:00:00+00:00,24.93,24.722479863196387,0.2075201368036126,0.2075201368036126,4
DUISBURG-MEIDERICH SCHLEUSE UW,2026-06-30 12:00:00+00:00,18.23,18.099017527443678,0.13098247255632245,0.13098247255632245,4
DUISBURG-RUHRORT,2026-06-30 12:00:00+00:00,217.0,215.70356075655135,1.2964392434486456,1.2964392434486456,4
DÜSSELDORF,2026-06-30 12:00:00+00:00,88.0,87.68370415868628,0.3162958413137176,0.3162958413137176,4
EMMERICH,2026-06-30 12:00:00+00:00,53.0,57.42213451386382,-4.422134513863817,4.422134513863817,4
IFFEZHEIM,2026-06-30 12:00:00+00:00,133.0,135.56871041001173,-2.5687104100117324,2.5687104100117324,4
KAUB,2026-06-30 12:00:00+00:00,89.0,89.76537801982887,-0.7653780198288729,0.7653780198288729,4
KOBLENZ,2026-06-30 12:00:00+00:00,93.0,86.67451926114438,6.325480738855617,6.325480738855617,4
KONSTANZ-RHEIN,2026-06-30 12:00:00+00:00,313.0,312.94009219141503,0.059907808584966915,0.059907808584966915,4
Koblenz OP,2026-06-30 12:00:00+00:00,201.0,202.55293204702542,-1.552932047025422,1.552932047025422,4
Koblenz UP,2026-06-30 12:00:00+00:00,74.0,69.86383040795567,4.136169592044325,4.136169592044325,4
KÖLN,2026-06-30 12:00:00+00:00,131.0,131.65316027866803,-0.6531602786680253,0.6531602786680253,4
LOBITH,2026-06-30 12:00:00+00:00,705.0,703.1640107778164,1.8359892221835707,1.8359892221835707,4
MAINZ,2026-06-30 12:00:00+00:00,180.0,185.333927979953,-5.333927979952989,5.333927979952989,4
MANNHEIM,2026-06-30 12:00:00+00:00,168.0,160.29289322293445,7.7071067770655475,7.7071067770655475,4
MAXAU,2026-06-30 12:00:00+00:00,400.0,401.2862281929999,-1.2862281929998858,1.2862281929998858,4
REES,2026-06-30 12:00:00+00:00,97.0,95.16260776474388,1.837392235256118,1.837392235256118,4
RHEINE UNTERSCHLEUSE,2026-06-30 12:00:00+00:00,195.0,197.71638500688888,-2.716385006888885,2.716385006888885,4
RHEINWEILER,2026-06-30 12:00:00+00:00,224.0,222.45321960431247,1.5467803956875343,1.5467803956875343,4
SANKT GOAR,2026-06-30 12:00:00+00:00,180.0,189.87053678646453,-9.870536786464527,9.870536786464527,4
SPEYER,2026-06-30 12:00:00+00:00,262.0,260.4292986160444,1.5707013839556225,1.5707013839556225,4
WESEL,2026-06-30 12:00:00+00:00,156.0,151.96565053134694,4.034349468653062,4.034349468653062,4
WORMS,2026-06-30 12:00:00+00:00,76.0,74.5880114429484,1.4119885570516004,1.4119885570516004,4
DUISBURG-MEIDERICH SCHLEUSE OW,2026-06-30 12:01:00+00:00,24.93,24.750021646755652,0.17997835324434774,0.17997835324434774,4
DUISBURG-MEIDERICH SCHLEUSE UW,2026-06-30 12:01:00+00:00,18.23,18.126559311002943,0.1034406889970576,0.1034406889970576,4
DUISBURG-MEIDERICH SCHLEUSE OW,2026-06-30 12:02:00+00:00,24.93,24.57746618224265,0.35253381775735093,0.35253381775735093,4
DUISBURG-MEIDERICH SCHLEUSE UW,2026-06-30 12:02:00+00:00,18.23,18.126559311002943,0.1034406889970576,0.1034406889970576,4
DUISBURG-MEIDERICH SCHLEUSE OW,2026-06-30 12:03:00+00:00,24.92,25.03989548283216,-0.11989548283215967,0.11989548283215967,4
DUISBURG-MEIDERICH SCHLEUSE UW,2026-06-30 12:03:00+00:00,18.23,18.36837781080793,-0.1383778108079312,0.1383778108079312,4
DUISBURG-MEIDERICH SCHLEUSE OW,2026-06-30 12:04:00+00:00,24.93,25.06988400513246,-0.1398840051324619,0.1398840051324619,4
DUISBURG-MEIDERICH SCHLEUSE UW,2026-06-30 12:04:00+00:00,18.23,18.383106224147443,-0.15310622414744302,0.15310622414744302,4
Basel-Rheinhalle,2026-06-30 12:05:00+00:00,511.0,515.5977768596199,-4.5977768596198985,4.5977768596198985,4
DUISBURG-MEIDERICH SCHLEUSE OW,2026-06-30 12:05:00+00:00,24.93,25.06988400513246,-0.1398840051324619,0.1398840051324619,4
DUISBURG-MEIDERICH SCHLEUSE UW,2026-06-30 12:05:00+00:00,18.23,18.383106224147443,-0.15310622414744302,0.15310622414744302,4
DUISBURG-MEIDERICH SCHLEUSE OW,2026-06-30 12:06:00+00:00,24.93,25.032974890869703,-0.10297489086970302,0.10297489086970302,4
DUISBURG-MEIDERICH SCHLEUSE UW,2026-06-30 12:06:00+00:00,18.23,18.346197109884685,-0.11619710988468412,0.11619710988468412,4
DUISBURG-MEIDERICH SCHLEUSE OW,2026-06-30 12:07:00+00:00,24.93,24.968179192180536,-0.03817919218053589,0.03817919218053589,4
DUISBURG-MEIDERICH SCHLEUSE UW,2026-06-30 12:07:00+00:00,18.23,18.346197109884685,-0.11619710988468412,0.11619710988468412,4
DUISBURG-MEIDERICH SCHLEUSE OW,2026-06-30 12:08:00+00:00,24.93,24.968179192180536,-0.03817919218053589,0.03817919218053589,4
DUISBURG-MEIDERICH SCHLEUSE UW,2026-06-30 12:08:00+00:00,18.23,18.346197109884685,-0.11619710988468412,0.11619710988468412,4
DUISBURG-MEIDERICH SCHLEUSE OW,2026-06-30 12:09:00+00:00,24.93,24.968179192180536,-0.03817919218053589,0.03817919218053589,4
DUISBURG-MEIDERICH SCHLEUSE UW,2026-06-30 12:09:00+00:00,18.23,18.346197109884685,-0.11619710988468412,0.11619710988468412,4
Basel-Rheinhalle,2026-06-30 12:10:00+00:00,511.0,515.5977768596199,-4.5977768596198985,4.5977768596198985,4
DUISBURG-MEIDERICH SCHLEUSE OW,2026-06-30 12:10:00+00:00,24.92,24.968179192180536,-0.0481791921805339,0.0481791921805339,4
DUISBURG-MEIDERICH SCHLEUSE UW,2026-06-30 12:10:00+00:00,18.23,18.346197109884685,-0.11619710988468412,0.11619710988468412,4
LOBITH,2026-06-30 12:10:00+00:00,705.0,703.1687656529401,1.8312343470598762,1.8312343470598762,4
DUISBURG-MEIDERICH SCHLEUSE OW,2026-06-30 12:11:00+00:00,24.92,24.968179192180536,-0.0481791921805339,0.0481791921805339,4
DUISBURG-MEIDERICH SCHLEUSE UW,2026-06-30 12:11:00+00:00,18.23,18.346197109884685,-0.11619710988468412,0.11619710988468412,4
DUISBURG-MEIDERICH SCHLEUSE OW,2026-06-30 12:12:00+00:00,24.92,24.968179192180536,-0.0481791921805339,0.0481791921805339,4
DUISBURG-MEIDERICH SCHLEUSE UW,2026-06-30 12:12:00+00:00,18.23,18.346197109884685,-0.11619710988468412,0.11619710988468412,4
DUISBURG-MEIDERICH SCHLEUSE OW,2026-06-30 12:13:00+00:00,24.92,24.968179192180536,-0.0481791921805339,0.0481791921805339,4
DUISBURG-MEIDERICH SCHLEUSE UW,2026-06-30 12:13:00+00:00,18.22,18.346197109884685,-0.1261971098846857,0.1261971098846857,4
DUISBURG-MEIDERICH SCHLEUSE OW,2026-06-30 12:14:00+00:00,24.92,24.968179192180536,-0.0481791921805339,0.0481791921805339,4
DUISBURG-MEIDERICH SCHLEUSE UW,2026-06-30 12:14:00+00:00,18.22,18.346197109884685,-0.1261971098846857,0.1261971098846857,4
BINGEN,2026-06-30 12:15:00+00:00,104.0,105.42184902988193,-1.4218490298819262,1.4218490298819262,4
BONN,2026-06-30 12:15:00+00:00,137.0,136.18381043426953,0.8161895657304683,0.8161895657304683,4
BREISACH,2026-06-30 12:15:00+00:00,195.0,194.69545560221377,0.30454439778623055,0.30454439778623055,4
Basel-Rheinhalle,2026-06-30 12:15:00+00:00,512.0,514.1026035193421,-2.1026035193420967,2.1026035193420967,4
DUISBURG-MEIDERICH SCHLEUSE OW,2026-06-30 12:15:00+00:00,24.92,24.968179192180536,-0.0481791921805339,0.0481791921805339,4
DUISBURG-MEIDERICH SCHLEUSE UW,2026-06-30 12:15:00+00:00,18.22,18.346197109884685,-0.1261971098846857,0.1261971098846857,4
DUISBURG-RUHRORT,2026-06-30 12:15:00+00:00,217.0,215.7159619076763,1.2840380923236978,1.2840380923236978,4
DÜSSELDORF,2026-06-30 12:15:00+00:00,88.0,87.04650651218921,0.953493487810789,0.953493487810789,4
EMMERICH,2026-06-30 12:15:00+00:00,53.0,56.76925910060663,-3.7692591006066323,3.7692591006066323,4
IFFEZHEIM,2026-06-30 12:15:00+00:00,135.0,135.04339178171415,-0.04339178171414915,0.04339178171414915,4
KAUB,2026-06-30 12:15:00+00:00,89.0,89.73080323938122,-0.7308032393812169,0.7308032393812169,4
KOBLENZ,2026-06-30 12:15:00+00:00,94.0,88.19583039410722,5.804169605892781,5.804169605892781,4
KONSTANZ-RHEIN,2026-06-30 12:15:00+00:00,313.0,313.11562782811035,-0.11562782811034822,0.11562782811034822,4
Koblenz OP,2026-06-30 12:15:00+00:00,200.0,202.56533319815037,-2.5653331981503698,2.5653331981503698,4
Koblenz UP,2026-06-30 12:15:00+00:00,75.0,68.51234386159466,6.487656138405342,6.487656138405342,4
KÖLN,2026-06-30 12:15:00+00:00,131.0,131.66556142979297,-0.6655614297929731,0.6655614297929731,4
MAINZ,2026-06-30 12:15:00+00:00,179.0,185.53825374108632,-6.538253741086322,6.538253741086322,4
MANNHEIM,2026-06-30 12:15:00+00:00,168.0,157.37814776411074,10.621852235889264,10.621852235889264,4
MAXAU,2026-06-30 12:15:00+00:00,399.0,401.2564450671638,-2.2564450671637815,2.2564450671637815,4
REES,2026-06-30 12:15:00+00:00,97.0,94.19979542986668,2.8002045701333174,2.8002045701333174,4
RHEINE UNTERSCHLEUSE,2026-06-30 12:15:00+00:00,195.0,197.70124437445455,-2.7012443744545465,2.7012443744545465,4
RHEINWEILER,2026-06-30 12:15:00+00:00,223.0,222.45728177726275,0.5427182227372498,0.5427182227372498,4
SANKT GOAR,2026-06-30 12:15:00+00:00,180.0,189.78457249437744,-9.784572494377443,9.784572494377443,4
SPEYER,2026-06-30 12:15:00+00:00,262.0,261.082084934116,0.9179150658840172,0.9179150658840172,4
WESEL,2026-06-30 12:15:00+00:00,155.0,152.42229811785307,2.5777018821469255,2.5777018821469255,4
WORMS,2026-06-30 12:15:00+00:00,76.0,75.15133377663875,0.8486662233612492,0.8486662233612492,4
DUISBURG-MEIDERICH SCHLEUSE OW,2026-06-30 12:16:00+00:00,24.92,24.968179192180536,-0.0481791921805339,0.0481791921805339,4
DUISBURG-MEIDERICH SCHLEUSE UW,2026-06-30 12:16:00+00:00,18.22,18.346197109884685,-0.1261971098846857,0.1261971098846857,4
DUISBURG-MEIDERICH SCHLEUSE OW,2026-06-30 12:17:00+00:00,24.92,24.968179192180536,-0.0481791921805339,0.0481791921805339,4
DUISBURG-MEIDERICH SCHLEUSE UW,2026-06-30 12:17:00+00:00,18.22,18.346197109884685,-0.1261971098846857,0.1261971098846857,4
DUISBURG-MEIDERICH SCHLEUSE OW,2026-06-30 12:18:00+00:00,24.92,24.968179192180536,-0.0481791921805339,0.0481791921805339,4
DUISBURG-MEIDERICH SCHLEUSE UW,2026-06-30 12:18:00+00:00,18.22,18.346197109884685,-0.1261971098846857,0.1261971098846857,4
DUISBURG-MEIDERICH SCHLEUSE OW,2026-06-30 12:19:00+00:00,24.92,24.968179192180536,-0.0481791921805339,0.0481791921805339,4
DUISBURG-MEIDERICH SCHLEUSE UW,2026-06-30 12:19:00+00:00,18.22,18.346197109884685,-0.1261971098846857,0.1261971098846857,4
Basel-Rheinhalle,2026-06-30 12:20:00+00:00,513.0,513.4239353876536,-0.42393538765361427,0.42393538765361427,4
DUISBURG-MEIDERICH SCHLEUSE OW,2026-06-30 12:20:00+00:00,24.92,24.968179192180536,-0.0481791921805339,0.0481791921805339,4
DUISBURG-MEIDERICH SCHLEUSE UW,2026-06-30 12:20:00+00:00,18.22,18.346197109884685,-0.1261971098846857,0.1261971098846857,4
LOBITH,2026-06-30 12:20:00+00:00,703.0,702.9923638290277,0.007636170972318723,0.007636170972318723,4
DUISBURG-MEIDERICH SCHLEUSE OW,2026-06-30 12:21:00+00:00,24.92,24.968179192180536,-0.0481791921805339,0.0481791921805339,4
DUISBURG-MEIDERICH SCHLEUSE UW,2026-06-30 12:21:00+00:00,18.22,18.346197109884685,-0.1261971098846857,0.1261971098846857,4
DUISBURG-MEIDERICH SCHLEUSE OW,2026-06-30 12:22:00+00:00,24.92,24.968179192180536,-0.0481791921805339,0.0481791921805339,4
DUISBURG-MEIDERICH SCHLEUSE UW,2026-06-30 12:22:00+00:00,18.22,18.346197109884685,-0.1261971098846857,0.1261971098846857,4
DUISBURG-MEIDERICH SCHLEUSE OW,2026-06-30 12:23:00+00:00,24.92,24.968179192180536,-0.0481791921805339,0.0481791921805339,4
DUISBURG-MEIDERICH SCHLEUSE UW,2026-06-30 12:23:00+00:00,18.22,18.346197109884685,-0.1261971098846857,0.1261971098846857,4
DUISBURG-MEIDERICH SCHLEUSE OW,2026-06-30 12:24:00+00:00,24.92,24.968179192180536,-0.0481791921805339,0.0481791921805339,4
DUISBURG-MEIDERICH SCHLEUSE UW,2026-06-30 12:24:00+00:00,18.22,18.346197109884685,-0.1261971098846857,0.1261971098846857,4
Basel-Rheinhalle,2026-06-30 12:25:00+00:00,513.0,513.4631405674082,-0.4631405674082316,0.4631405674082316,4
DUISBURG-MEIDERICH SCHLEUSE OW,2026-06-30 12:25:00+00:00,24.92,24.968179192180536,-0.0481791921805339,0.0481791921805339,4
DUISBURG-MEIDERICH SCHLEUSE UW,2026-06-30 12:25:00+00:00,18.22,18.346197109884685,-0.1261971098846857,0.1261971098846857,4
DUISBURG-MEIDERICH SCHLEUSE OW,2026-06-30 12:26:00+00:00,24.92,24.968179192180536,-0.0481791921805339,0.0481791921805339,4
DUISBURG-MEIDERICH SCHLEUSE UW,2026-06-30 12:26:00+00:00,18.22,18.346197109884685,-0.1261971098846857,0.1261971098846857,4
DUISBURG-MEIDERICH SCHLEUSE OW,2026-06-30 12:27:00+00:00,24.93,24.968179192180536,-0.03817919218053589,0.03817919218053589,4
DUISBURG-MEIDERICH SCHLEUSE UW,2026-06-30 12:27:00+00:00,18.22,18.346197109884685,-0.1261971098846857,0.1261971098846857,4
DUISBURG-MEIDERICH SCHLEUSE OW,2026-06-30 12:28:00+00:00,24.93,24.968179192180536,-0.03817919218053589,0.03817919218053589,4
DUISBURG-MEIDERICH SCHLEUSE UW,2026-06-30 12:28:00+00:00,18.22,18.346197109884685,-0.1261971098846857,0.1261971098846857,4
DUISBURG-MEIDERICH SCHLEUSE OW,2026-06-30 12:29:00+00:00,24.93,24.968179192180536,-0.03817919218053589,0.03817919218053589,4
DUISBURG-MEIDERICH SCHLEUSE UW,2026-06-30 12:29:00+00:00,18.22,18.346197109884685,-0.1261971098846857,0.1261971098846857,4
BINGEN,2026-06-30 12:30:00+00:00,104.0,105.4319427498694,-1.4319427498694068,1.4319427498694068,4
BONN,2026-06-30 12:30:00+00:00,138.0,136.18381043426953,1.8161895657304683,1.8161895657304683,4
BREISACH,2026-06-30 12:30:00+00:00,195.0,194.43498890658685,0.5650110934131476,0.5650110934131476,4
Basel-Rheinhalle,2026-06-30 12:30:00+00:00,514.0,514.3182878739902,-0.3182878739902435,0.3182878739902435,4
DUISBURG-MEIDERICH SCHLEUSE OW,2026-06-30 12:30:00+00:00,24.93,24.968179192180536,-0.03817919218053589,0.03817919218053589,4
DUISBURG-MEIDERICH SCHLEUSE UW,2026-06-30 12:30:00+00:00,18.22,18.346197109884685,-0.1261971098846857,0.1261971098846857,4
DUISBURG-RUHRORT,2026-06-30 12:30:00+00:00,219.0,215.76945935534508,3.2305406446549227,3.2305406446549227,4
DÜSSELDORF,2026-06-30 12:30:00+00:00,88.0,87.06753867102341,0.9324613289765864,0.9324613289765864,4
EMMERICH,2026-06-30 12:30:00+00:00,54.0,57.925780973172984,-3.9257809731729836,3.9257809731729836,4
IFFEZHEIM,2026-06-30 12:30:00+00:00,135.0,135.13781540913578,-0.13781540913578283,0.13781540913578283,4
KAUB,2026-06-30 12:30:00+00:00,88.0,89.73080323938122,-1.730803239381217,1.730803239381217,4
KOBLENZ,2026-06-30 12:30:00+00:00,93.0,85.70611423804692,7.293885761953078,7.293885761953078,4
KONSTANZ-RHEIN,2026-06-30 12:30:00+00:00,313.0,313.11562782811035,-0.11562782811034822,0.11562782811034822,4
Koblenz OP,2026-06-30 12:30:00+00:00,199.0,205.15626834847416,-6.156268348474157,6.156268348474157,4
Koblenz UP,2026-06-30 12:30:00+00:00,75.0,67.17515959869564,7.824840401304357,7.824840401304357,4
KÖLN,2026-06-30 12:30:00+00:00,131.0,131.43606683106978,-0.4360668310697804,0.4360668310697804,4
LOBITH,2026-06-30 12:30:00+00:00,703.0,703.7480617864741,-0.748061786474068,0.748061786474068,4
MAINZ,2026-06-30 12:30:00+00:00,180.0,185.65729324212214,-5.657293242122137,5.657293242122137,4
MANNHEIM,2026-06-30 12:30:00+00:00,169.0,157.19692928073906,11.803070719260944,11.803070719260944,4
MAXAU,2026-06-30 12:30:00+00:00,399.0,402.5700407933233,-3.570040793323301,3.570040793323301,4
REES,2026-06-30 12:30:00+00:00,97.0,94.22082758870089,2.7791724112991147,2.7791724112991147,4
RHEINE UNTERSCHLEUSE,2026-06-30 12:30:00+00:00,195.0,198.47556546039772,-3.4755654603977177,3.4755654603977177,4
RHEINWEILER,2026-06-30 12:30:00+00:00,224.0,222.45728177726275,1.5427182227372498,1.5427182227372498,4
SANKT GOAR,2026-06-30 12:30:00+00:00,180.0,189.78457249437744,-9.784572494377443,9.784572494377443,4
SPEYER,2026-06-30 12:30:00+00:00,262.0,261.082084934116,0.9179150658840172,0.9179150658840172,4
WESEL,2026-06-30 12:30:00+00:00,155.0,151.99269148518155,3.0073085148184475,3.0073085148184475,4
WORMS,2026-06-30 12:30:00+00:00,76.0,75.47145696056533,0.5285430394346662,0.5285430394346662,4
DUISBURG-MEIDERICH SCHLEUSE OW,2026-06-30 12:31:00+00:00,24.93,24.968179192180536,-0.03817919218053589,0.03817919218053589,4
DUISBURG-MEIDERICH SCHLEUSE UW,2026-06-30 12:31:00+00:00,18.22,18.346197109884685,-0.1261971098846857,0.1261971098846857,4
DUISBURG-MEIDERICH SCHLEUSE OW,2026-06-30 12:32:00+00:00,24.93,24.968179192180536,-0.03817919218053589,0.03817919218053589,4
DUISBURG-MEIDERICH SCHLEUSE UW,2026-06-30 12:32:00+00:00,18.23,18.346197109884685,-0.11619710988468412,0.11619710988468412,4
DUISBURG-MEIDERICH SCHLEUSE OW,2026-06-30 12:33:00+00:00,24.93,24.968179192180536,-0.03817919218053589,0.03817919218053589,4
DUISBURG-MEIDERICH SCHLEUSE UW,2026-06-30 12:33:00+00:00,18.23,18.346197109884685,-0.11619710988468412,0.11619710988468412,4
DUISBURG-MEIDERICH SCHLEUSE OW,2026-06-30 12:34:00+00:00,24.93,24.968179192180536,-0.03817919218053589,0.03817919218053589,4
DUISBURG-MEIDERICH SCHLEUSE UW,2026-06-30 12:34:00+00:00,18.23,18.346197109884685,-0.11619710988468412,0.11619710988468412,4
Basel-Rheinhalle,2026-06-30 12:35:00+00:00,518.0,514.2269961248089,3.7730038751910797,3.7730038751910797,4
DUISBURG-MEIDERICH SCHLEUSE OW,2026-06-30 12:35:00+00:00,24.93,24.968179192180536,-0.03817919218053589,0.03817919218053589,4
DUISBURG-MEIDERICH SCHLEUSE UW,2026-06-30 12:35:00+00:00,18.23,18.346197109884685,-0.11619710988468412,0.11619710988468412,4
DUISBURG-MEIDERICH SCHLEUSE OW,2026-06-30 12:36:00+00:00,24.92,24.968179192180536,-0.0481791921805339,0.0481791921805339,4
DUISBURG-MEIDERICH SCHLEUSE UW,2026-06-30 12:36:00+00:00,18.23,18.346197109884685,-0.11619710988468412,0.11619710988468412,4
DUISBURG-MEIDERICH SCHLEUSE OW,2026-06-30 12:37:00+00:00,24.92,24.968179192180536,-0.0481791921805339,0.0481791921805339,4
DUISBURG-MEIDERICH SCHLEUSE UW,2026-06-30 12:37:00+00:00,18.23,18.346197109884685,-0.11619710988468412,0.11619710988468412,4
DUISBURG-MEIDERICH SCHLEUSE OW,2026-06-30 12:38:00+00:00,24.92,24.968179192180536,-0.0481791921805339,0.0481791921805339,4
DUISBURG-MEIDERICH SCHLEUSE UW,2026-06-30 12:38:00+00:00,18.22,18.308043930719787,-0.08804393071978822,0.08804393071978822,4
DUISBURG-MEIDERICH SCHLEUSE OW,2026-06-30 12:39:00+00:00,24.92,24.968179192180536,-0.0481791921805339,0.0481791921805339,4
DUISBURG-MEIDERICH SCHLEUSE UW,2026-06-30 12:39:00+00:00,18.23,18.308043930719787,-0.07804393071978666,0.07804393071978666,4
Basel-Rheinhalle,2026-06-30 12:40:00+00:00,517.0,514.3182878739902,2.6817121260097565,2.6817121260097565,4
DUISBURG-MEIDERICH SCHLEUSE OW,2026-06-30 12:40:00+00:00,24.93,24.968179192180536,-0.03817919218053589,0.03817919218053589,4
DUISBURG-MEIDERICH SCHLEUSE UW,2026-06-30 12:40:00+00:00,18.23,18.361958736331243,-0.13195873633124222,0.13195873633124222,4
LOBITH,2026-06-30 12:40:00+00:00,704.0,703.5982329005863,0.4017670994137461,0.4017670994137461,4
DUISBURG-MEIDERICH SCHLEUSE OW,2026-06-30 12:41:00+00:00,24.92,24.968179192180536,-0.0481791921805339,0.0481791921805339,4
DUISBURG-MEIDERICH SCHLEUSE UW,2026-06-30 12:41:00+00:00,18.23,18.361958736331243,-0.13195873633124222,0.13195873633124222,4
DUISBURG-MEIDERICH SCHLEUSE OW,2026-06-30 12:42:00+00:00,24.93,24.968179192180536,-0.03817919218053589,0.03817919218053589,4
DUISBURG-MEIDERICH SCHLEUSE UW,2026-06-30 12:42:00+00:00,18.23,18.361958736331243,-0.13195873633124222,0.13195873633124222,4
DUISBURG-MEIDERICH SCHLEUSE OW,2026-06-30 12:43:00+00:00,24.93,24.968179192180536,-0.03817919218053589,0.03817919218053589,4
DUISBURG-MEIDERICH SCHLEUSE UW,2026-06-30 12:43:00+00:00,18.23,18.369551765531845,-0.139551765531845,0.139551765531845,4
DUISBURG-MEIDERICH SCHLEUSE OW,2026-06-30 12:44:00+00:00,24.93,24.968179192180536,-0.03817919218053589,0.03817919218053589,4
DUISBURG-MEIDERICH SCHLEUSE UW,2026-06-30 12:44:00+00:00,18.23,18.369551765531845,-0.139551765531845,0.139551765531845,4
BINGEN,2026-06-30 12:45:00+00:00,104.0,105.5113150898727,-1.5113150898726957,1.5113150898726957,4
BONN,2026-06-30 12:45:00+00:00,137.0,136.30553372290728,0.6944662770927152,0.6944662770927152,4
BREISACH,2026-06-30 12:45:00+00:00,193.0,191.46669430163692,1.5333056983630797,1.5333056983630797,4
Basel-Rheinhalle,2026-06-30 12:45:00+00:00,517.0,514.4294084820575,2.570591517942489,2.570591517942489,4
DUISBURG-MEIDERICH SCHLEUSE OW,2026-06-30 12:45:00+00:00,24.93,24.968179192180536,-0.03817919218053589,0.03817919218053589,4
DUISBURG-MEIDERICH SCHLEUSE UW,2026-06-30 12:45:00+00:00,18.23,18.369551765531845,-0.139551765531845,0.139551765531845,4
DUISBURG-RUHRORT,2026-06-30 12:45:00+00:00,218.0,216.055051108361,1.944948891639001,1.944948891639001,4
DÜSSELDORF,2026-06-30 12:45:00+00:00,88.0,86.81193604740882,1.188063952591179,1.188063952591179,4
EMMERICH,2026-06-30 12:45:00+00:00,53.0,57.50793088927013,-4.507930889270128,4.507930889270128,4
IFFEZHEIM,2026-06-30 12:45:00+00:00,134.0,136.09476789012072,-2.094767890120721,2.094767890120721,4
KAUB,2026-06-30 12:45:00+00:00,88.0,89.79893693255825,-1.7989369325582487,1.7989369325582487,4
KOBLENZ,2026-06-30 12:45:00+00:00,93.0,88.0949905834324,4.905009416567594,4.905009416567594,4
KONSTANZ-RHEIN,2026-06-30 12:45:00+00:00,313.0,312.94009219141503,0.059907808584966915,0.059907808584966915,4
Koblenz OP,2026-06-30 12:45:00+00:00,198.0,204.81827374667262,-6.818273746672617,6.818273746672617,4
Koblenz UP,2026-06-30 12:45:00+00:00,70.0,68.02784613830687,1.9721538616931298,1.9721538616931298,4
KÖLN,2026-06-30 12:45:00+00:00,131.0,131.77748235369776,-0.7774823536977635,0.7774823536977635,4
MAINZ,2026-06-30 12:45:00+00:00,181.0,186.239036182868,-5.239036182868006,5.239036182868006,4
MANNHEIM,2026-06-30 12:45:00+00:00,169.0,156.0994835062991,12.900516493700906,12.900516493700906,4
MAXAU,2026-06-30 12:45:00+00:00,399.0,403.01290087248407,-4.012900872484067,4.012900872484067,4
REES,2026-06-30 12:45:00+00:00,98.0,94.670574992863,3.3294250071370044,3.3294250071370044,4
RHEINE UNTERSCHLEUSE,2026-06-30 12:45:00+00:00,195.0,192.18960267816928,2.8103973218307203,2.8103973218307203,4
RHEINWEILER,2026-06-30 12:45:00+00:00,225.0,222.45321960431247,2.5467803956875343,2.5467803956875343,4
SANKT GOAR,2026-06-30 12:45:00+00:00,181.0,189.78505619815806,-8.78505619815806,8.78505619815806,4
SPEYER,2026-06-30 12:45:00+00:00,262.0,261.34337378236927,0.6566262176307305,0.6566262176307305,4
WESEL,2026-06-30 12:45:00+00:00,155.0,152.74532487905998,2.2546751209400213,2.2546751209400213,4
WORMS,2026-06-30 12:45:00+00:00,77.0,75.60063440167671,1.3993655983232856,1.3993655983232856,4
DUISBURG-MEIDERICH SCHLEUSE OW,2026-06-30 12:46:00+00:00,24.93,24.968179192180536,-0.03817919218053589,0.03817919218053589,4
DUISBURG-MEIDERICH SCHLEUSE UW,2026-06-30 12:46:00+00:00,18.23,18.369551765531845,-0.139551765531845,0.139551765531845,4
DUISBURG-MEIDERICH SCHLEUSE OW,2026-06-30 12:47:00+00:00,24.93,24.968179192180536,-0.03817919218053589,0.03817919218053589,4
DUISBURG-MEIDERICH SCHLEUSE UW,2026-06-30 12:47:00+00:00,18.23,18.369551765531845,-0.139551765531845,0.139551765531845,4
DUISBURG-MEIDERICH SCHLEUSE OW,2026-06-30 12:48:00+00:00,24.93,24.968179192180536,-0.03817919218053589,0.03817919218053589,4
DUISBURG-MEIDERICH SCHLEUSE UW,2026-06-30 12:48:00+00:00,18.23,18.369551765531845,-0.139551765531845,0.139551765531845,4
DUISBURG-MEIDERICH SCHLEUSE OW,2026-06-30 12:49:00+00:00,24.93,24.968179192180536,-0.03817919218053589,0.03817919218053589,4
DUISBURG-MEIDERICH SCHLEUSE UW,2026-06-30 12:49:00+00:00,18.23,18.369551765531845,-0.139551765531845,0.139551765531845,4
Basel-Rheinhalle,2026-06-30 12:50:00+00:00,516.0,514.3182878739902,1.6817121260097565,1.6817121260097565,4
DUISBURG-MEIDERICH SCHLEUSE OW,2026-06-30 12:50:00+00:00,24.93,24.968179192180536,-0.03817919218053589,0.03817919218053589,4
DUISBURG-MEIDERICH SCHLEUSE UW,2026-06-30 12:50:00+00:00,18.23,18.369551765531845,-0.139551765531845,0.139551765531845,4
LOBITH,2026-06-30 12:50:00+00:00,704.0,703.5647926386463,0.4352073613537186,0.4352073613537186,4
DUISBURG-MEIDERICH SCHLEUSE OW,2026-06-30 12:51:00+00:00,24.93,24.968179192180536,-0.03817919218053589,0.03817919218053589,4
DUISBURG-MEIDERICH SCHLEUSE UW,2026-06-30 12:51:00+00:00,18.23,18.369551765531845,-0.139551765531845,0.139551765531845,4
DUISBURG-MEIDERICH SCHLEUSE OW,2026-06-30 12:52:00+00:00,24.93,24.968179192180536,-0.03817919218053589,0.03817919218053589,4
DUISBURG-MEIDERICH SCHLEUSE UW,2026-06-30 12:52:00+00:00,18.23,18.369551765531845,-0.139551765531845,0.139551765531845,4
DUISBURG-MEIDERICH SCHLEUSE OW,2026-06-30 12:53:00+00:00,24.93,24.968179192180536,-0.03817919218053589,0.03817919218053589,4
DUISBURG-MEIDERICH SCHLEUSE UW,2026-06-30 12:53:00+00:00,18.23,18.369551765531845,-0.139551765531845,0.139551765531845,4
DUISBURG-MEIDERICH SCHLEUSE OW,2026-06-30 12:54:00+00:00,24.93,24.968179192180536,-0.03817919218053589,0.03817919218053589,4
DUISBURG-MEIDERICH SCHLEUSE UW,2026-06-30 12:54:00+00:00,18.23,18.369551765531845,-0.139551765531845,0.139551765531845,4
Basel-Rheinhalle,2026-06-30 12:55:00+00:00,515.0,515.2622423477851,-0.26224234778510436,0.26224234778510436,4
DUISBURG-MEIDERICH SCHLEUSE OW,2026-06-30 12:55:00+00:00,24.93,24.968179192180536,-0.03817919218053589,0.03817919218053589,4
DUISBURG-MEIDERICH SCHLEUSE UW,2026-06-30 12:55:00+00:00,18.23,18.369551765531845,-0.139551765531845,0.139551765531845,4
DUISBURG-MEIDERICH SCHLEUSE OW,2026-06-30 12:56:00+00:00,24.93,24.968179192180536,-0.03817919218053589,0.03817919218053589,4
DUISBURG-MEIDERICH SCHLEUSE UW,2026-06-30 12:56:00+00:00,18.23,18.369551765531845,-0.139551765531845,0.139551765531845,4
DUISBURG-MEIDERICH SCHLEUSE OW,2026-06-30 12:57:00+00:00,24.93,24.968179192180536,-0.03817919218053589,0.03817919218053589,4
DUISBURG-MEIDERICH SCHLEUSE UW,2026-06-30 12:57:00+00:00,18.23,18.31563695992039,-0.08563695992038944,0.08563695992038944,4
DUISBURG-MEIDERICH SCHLEUSE OW,2026-06-30 12:58:00+00:00,24.93,24.968179192180536,-0.03817919218053589,0.03817919218053589,4
DUISBURG-MEIDERICH SCHLEUSE UW,2026-06-30 12:58:00+00:00,18.23,18.31563695992039,-0.08563695992038944,0.08563695992038944,4
DUISBURG-MEIDERICH SCHLEUSE OW,2026-06-30 12:59:00+00:00,24.93,24.968179192180536,-0.03817919218053589,0.03817919218053589,4
DUISBURG-MEIDERICH SCHLEUSE UW,2026-06-30 12:59:00+00:00,18.23,18.353790139085287,-0.12379013908528691,0.12379013908528691,4
BINGEN,2026-06-30 13:00:00+00:00,104.0,105.54822420413544,-1.5482242041354368,1.5482242041354368,4
BONN,2026-06-30 13:00:00+00:00,137.0,136.63922614065697,0.36077385934302697,0.36077385934302697,4
BREISACH,2026-06-30 13:00:00+00:00,195.0,194.58302866449878,0.41697133550121634,0.41697133550121634,4
Basel-Rheinhalle,2026-06-30 13:00:00+00:00,515.0,514.5861894322737,0.4138105677262729,0.4138105677262729,4
DUISBURG-MEIDERICH SCHLEUSE OW,2026-06-30 13:00:00+00:00,24.93,25.07707735489274,-0.14707735489274043,0.14707735489274043,4
DUISBURG-MEIDERICH SCHLEUSE UW,2026-06-30 13:00:00+00:00,18.23,18.46528193253699,-0.2352819325369886,0.2352819325369886,4
DUISBURG-RUHRORT,2026-06-30 13:00:00+00:00,218.0,216.72104172094095,1.2789582790590543,1.2789582790590543,4
DÜSSELDORF,2026-06-30 13:00:00+00:00,89.0,86.26235650348274,2.737643496517265,2.737643496517265,4
EMMERICH,2026-06-30 13:00:00+00:00,53.0,58.192549835732834,-5.192549835732834,5.192549835732834,4
IFFEZHEIM,2026-06-30 13:00:00+00:00,133.0,135.21014974348878,-2.2101497434887847,2.2101497434887847,4
KAUB,2026-06-30 13:00:00+00:00,88.0,89.83584604682099,-1.8358460468209898,1.8358460468209898,4
KOBLENZ,2026-06-30 13:00:00+00:00,92.0,88.80680721681031,3.193192783189687,3.193192783189687,4
KONSTANZ-RHEIN,2026-06-30 13:00:00+00:00,313.0,313.11562782811035,-0.11562782811034822,0.11562782811034822,4
Koblenz OP,2026-06-30 13:00:00+00:00,200.0,206.24152989617644,-6.241529896176445,6.241529896176445,4
Koblenz UP,2026-06-30 13:00:00+00:00,58.0,80.57771850150306,-22.577718501503057,22.577718501503057,4
KÖLN,2026-06-30 13:00:00+00:00,130.0,132.08183736788936,-2.0818373678893636,2.0818373678893636,4
LOBITH,2026-06-30 13:00:00+00:00,704.0,703.4452086562826,0.5547913437173975,0.5547913437173975,4
MAINZ,2026-06-30 13:00:00+00:00,181.0,186.14754027069887,-5.147540270698869,5.147540270698869,4
MANNHEIM,2026-06-30 13:00:00+00:00,169.0,155.67654152701132,13.323458472988676,13.323458472988676,4
MAXAU,2026-06-30 13:00:00+00:00,399.0,403.0992794950464,-4.099279495046403,4.099279495046403,4
REES,2026-06-30 13:00:00+00:00,97.0,94.8361384271931,2.163861572806894,2.163861572806894,4
RHEINE UNTERSCHLEUSE,2026-06-30 13:00:00+00:00,195.0,200.6232493917622,-5.623249391762187,5.623249391762187,4
RHEINWEILER,2026-06-30 13:00:00+00:00,225.0,222.45321960431247,2.5467803956875343,2.5467803956875343,4
SANKT GOAR,2026-06-30 13:00:00+00:00,179.0,189.82196531242084,-10.821965312420843,10.821965312420843,4
SPEYER,2026-06-30 13:00:00+00:00,262.0,260.292106769164,1.7078932308360208,1.7078932308360208,4
WESEL,2026-06-30 13:00:00+00:00,154.0,153.1256882382071,0.8743117617929101,0.8743117617929101,4
WORMS,2026-06-30 13:00:00+00:00,77.0,74.74048012781971,2.2595198721802916,2.2595198721802916,4
DUISBURG-MEIDERICH SCHLEUSE OW,2026-06-30 13:01:00+00:00,24.92,25.436759573821632,-0.5167595738216306,0.5167595738216306,4
DUISBURG-MEIDERICH SCHLEUSE UW,2026-06-30 13:01:00+00:00,18.23,18.94520724788059,-0.7152072478805884,0.7152072478805884,4
DUISBURG-MEIDERICH SCHLEUSE OW,2026-06-30 13:02:00+00:00,24.92,25.49129335128411,-0.5712933512841083,0.5712933512841083,4
DUISBURG-MEIDERICH SCHLEUSE UW,2026-06-30 13:02:00+00:00,18.23,18.992147996142464,-0.7621479961424633,0.7621479961424633,4
DUISBURG-MEIDERICH SCHLEUSE OW,2026-06-30 13:03:00+00:00,24.92,25.398160255176528,-0.47816025517652605,0.47816025517652605,4
DUISBURG-MEIDERICH SCHLEUSE UW,2026-06-30 13:03:00+00:00,18.23,18.73802499371578,-0.5080249937157788,0.5080249937157788,4
DUISBURG-MEIDERICH SCHLEUSE OW,2026-06-30 13:04:00+00:00,24.93,25.398160255176528,-0.46816025517652804,0.46816025517652804,4
DUISBURG-MEIDERICH SCHLEUSE UW,2026-06-30 13:04:00+00:00,18.23,18.73802499371578,-0.5080249937157788,0.5080249937157788,4
Basel-Rheinhalle,2026-06-30 13:05:00+00:00,515.0,514.5861894322737,0.4138105677262729,0.4138105677262729,4
DUISBURG-MEIDERICH SCHLEUSE OW,2026-06-30 13:05:00+00:00,24.93,25.398160255176528,-0.46816025517652804,0.46816025517652804,4
DUISBURG-MEIDERICH SCHLEUSE UW,2026-06-30 13:05:00+00:00,18.23,18.73802499371578,-0.5080249937157788,0.5080249937157788,4
DUISBURG-MEIDERICH SCHLEUSE OW,2026-06-30 13:06:00+00:00,24.93,25.821021089773364,-0.8910210897733641,0.8910210897733641,4
DUISBURG-MEIDERICH SCHLEUSE UW,2026-06-30 13:06:00+00:00,18.23,19.21406724065477,-0.9840672406547704,0.9840672406547704,4
DUISBURG-MEIDERICH SCHLEUSE OW,2026-06-30 13:07:00+00:00,24.93,25.821021089773364,-0.8910210897733641,0.8910210897733641,4
DUISBURG-MEIDERICH SCHLEUSE UW,2026-06-30 13:07:00+00:00,18.23,19.21406724065477,-0.9840672406547704,0.9840672406547704,4
DUISBURG-MEIDERICH SCHLEUSE OW,2026-06-30 13:08:00+00:00,24.93,25.821021089773364,-0.8910210897733641,0.8910210897733641,4
DUISBURG-MEIDERICH SCHLEUSE UW,2026-06-30 13:08:00+00:00,18.23,19.221660269855374,-0.9916602698553731,0.9916602698553731,4
DUISBURG-MEIDERICH SCHLEUSE OW,2026-06-30 13:09:00+00:00,24.93,25.821021089773364,-0.8910210897733641,0.8910210897733641,4
DUISBURG-MEIDERICH SCHLEUSE UW,2026-06-30 13:09:00+00:00,18.23,19.21406724065477,-0.9840672406547704,0.9840672406547704,4
Basel-Rheinhalle,2026-06-30 13:10:00+00:00,518.0,514.537558032027,3.46244196797295,3.46244196797295,4
DUISBURG-MEIDERICH SCHLEUSE OW,2026-06-30 13:10:00+00:00,24.93,25.821021089773364,-0.8910210897733641,0.8910210897733641,4
DUISBURG-MEIDERICH SCHLEUSE UW,2026-06-30 13:10:00+00:00,18.23,19.21406724065477,-0.9840672406547704,0.9840672406547704,4
LOBITH,2026-06-30 13:10:00+00:00,704.0,703.7209533112582,0.2790466887418006,0.2790466887418006,4
DUISBURG-MEIDERICH SCHLEUSE OW,2026-06-30 13:11:00+00:00,24.93,25.821021089773364,-0.8910210897733641,0.8910210897733641,4
DUISBURG-MEIDERICH SCHLEUSE UW,2026-06-30 13:11:00+00:00,18.23,19.21406724065477,-0.9840672406547704,0.9840672406547704,4
DUISBURG-MEIDERICH SCHLEUSE OW,2026-06-30 13:12:00+00:00,24.93,25.821021089773364,-0.8910210897733641,0.8910210897733641,4
DUISBURG-MEIDERICH SCHLEUSE UW,2026-06-30 13:12:00+00:00,18.23,19.21406724065477,-0.9840672406547704,0.9840672406547704,4
DUISBURG-MEIDERICH SCHLEUSE OW,2026-06-30 13:13:00+00:00,24.93,25.821021089773364,-0.8910210897733641,0.8910210897733641,4
DUISBURG-MEIDERICH SCHLEUSE UW,2026-06-30 13:13:00+00:00,18.23,19.21406724065477,-0.9840672406547704,0.9840672406547704,4
DUISBURG-MEIDERICH SCHLEUSE OW,2026-06-30 13:14:00+00:00,24.93,25.821021089773364,-0.8910210897733641,0.8910210897733641,4
DUISBURG-MEIDERICH SCHLEUSE UW,2026-06-30 13:14:00+00:00,18.23,19.21406724065477,-0.9840672406547704,0.9840672406547704,4
BINGEN,2026-06-30 13:15:00+00:00,104.0,105.1700124456912,-1.1700124456911993,1.1700124456911993,4
BONN,2026-06-30 13:15:00+00:00,137.0,136.90327186146394,0.09672813853606499,0.09672813853606499,4
BREISACH,2026-06-30 13:15:00+00:00,195.0,194.90029923698188,0.09970076301812014,0.09970076301812014,4
Basel-Rheinhalle,2026-06-30 13:15:00+00:00,520.0,514.5769819493848,5.4230180506151555,5.4230180506151555,4
DUISBURG-MEIDERICH SCHLEUSE OW,2026-06-30 13:15:00+00:00,24.93,25.821021089773364,-0.8910210897733641,0.8910210897733641,4
DUISBURG-MEIDERICH SCHLEUSE UW,2026-06-30 13:15:00+00:00,18.23,19.21406724065477,-0.9840672406547704,0.9840672406547704,4
DUISBURG-RUHRORT,2026-06-30 13:15:00+00:00,219.0,216.98526932771935,2.014730672280649,2.014730672280649,4
DÜSSELDORF,2026-06-30 13:15:00+00:00,89.0,87.37954491781363,1.6204550821863677,1.6204550821863677,4
EMMERICH,2026-06-30 13:15:00+00:00,54.0,58.444476855002875,-4.4444768550028755,4.4444768550028755,4
IFFEZHEIM,2026-06-30 13:15:00+00:00,136.0,135.21014974348878,0.7898502565112153,0.7898502565112153,4
KAUB,2026-06-30 13:15:00+00:00,88.0,89.46887293520301,-1.4688729352030094,1.4688729352030094,4
KOBLENZ,2026-06-30 13:15:00+00:00,91.0,92.89751684279437,-1.8975168427943743,1.8975168427943743,4
KONSTANZ-RHEIN,2026-06-30 13:15:00+00:00,313.0,313.11562782811035,-0.11562782811034822,0.11562782811034822,4
Koblenz OP,2026-06-30 13:15:00+00:00,199.0,206.5651366739114,-7.565136673911411,7.565136673911411,4
Koblenz UP,2026-06-30 13:15:00+00:00,66.0,81.2080979056675,-15.2080979056675,15.2080979056675,4
KÖLN,2026-06-30 13:15:00+00:00,131.0,132.38618037352,-1.3861803735200056,1.3861803735200056,4
MAINZ,2026-06-30 13:15:00+00:00,181.0,185.39536293794404,-4.395362937944043,4.395362937944043,4
MANNHEIM,2026-06-30 13:15:00+00:00,169.0,155.5928010280173,13.407198971982695,13.407198971982695,4
MAXAU,2026-06-30 13:15:00+00:00,396.0,403.0992794950464,-7.099279495046403,7.099279495046403,4
REES,2026-06-30 13:15:00+00:00,97.0,95.14990116572731,1.8500988342726856,1.8500988342726856,4
RHEINE UNTERSCHLEUSE,2026-06-30 13:15:00+00:00,195.0,199.89868008452206,-4.898680084522056,4.898680084522056,4
RHEINWEILER,2026-06-30 13:15:00+00:00,225.0,222.45728177726275,2.54271822273725,2.54271822273725,4
SANKT GOAR,2026-06-30 13:15:00+00:00,180.0,189.58228588881346,-9.582285888813459,9.582285888813459,4
SPEYER,2026-06-30 13:15:00+00:00,262.0,260.8421105027118,1.1578894972881812,1.1578894972881812,4
WESEL,2026-06-30 13:15:00+00:00,156.0,153.50877346004987,2.4912265399501337,2.4912265399501337,4
WORMS,2026-06-30 13:15:00+00:00,77.0,74.5245159972194,2.475484002780604,2.475484002780604,4
DUISBURG-MEIDERICH SCHLEUSE OW,2026-06-30 13:16:00+00:00,24.93,25.821021089773364,-0.8910210897733641,0.8910210897733641,4
DUISBURG-MEIDERICH SCHLEUSE UW,2026-06-30 13:16:00+00:00,18.23,19.21406724065477,-0.9840672406547704,0.9840672406547704,4
DUISBURG-MEIDERICH SCHLEUSE OW,2026-06-30 13:17:00+00:00,24.93,25.821021089773364,-0.8910210897733641,0.8910210897733641,4
DUISBURG-MEIDERICH SCHLEUSE UW,2026-06-30 13:17:00+00:00,18.23,19.21406724065477,-0.9840672406547704,0.9840672406547704,4
DUISBURG-MEIDERICH SCHLEUSE OW,2026-06-30 13:18:00+00:00,24.93,25.821021089773364,-0.8910210897733641,0.8910210897733641,4
DUISBURG-MEIDERICH SCHLEUSE UW,2026-06-30 13:18:00+00:00,18.22,19.21406724065477,-0.9940672406547719,0.9940672406547719,4
DUISBURG-MEIDERICH SCHLEUSE OW,2026-06-30 13:19:00+00:00,24.93,25.821021089773364,-0.8910210897733641,0.8910210897733641,4
DUISBURG-MEIDERICH SCHLEUSE UW,2026-06-30 13:19:00+00:00,18.22,19.21406724065477,-0.9940672406547719,0.9940672406547719,4
Basel-Rheinhalle,2026-06-30 13:20:00+00:00,520.0,514.5861894322737,5.413810567726273,5.413810567726273,4
DUISBURG-MEIDERICH SCHLEUSE OW,2026-06-30 13:20:00+00:00,24.93,25.821021089773364,-0.8910210897733641,0.8910210897733641,4
DUISBURG-MEIDERICH SCHLEUSE UW,2026-06-30 13:20:00+00:00,18.22,19.21406724065477,-0.9940672406547719,0.9940672406547719,4
LOBITH,2026-06-30 13:20:00+00:00,703.0,703.7149587340675,-0.7149587340675225,0.7149587340675225,4
DUISBURG-MEIDERICH SCHLEUSE OW,2026-06-30 13:21:00+00:00,24.94,25.821021089773364,-0.8810210897733626,0.8810210897733626,4
DUISBURG-MEIDERICH SCHLEUSE UW,2026-06-30 13:21:00+00:00,18.22,19.21406724065477,-0.9940672406547719,0.9940672406547719,4
DUISBURG-MEIDERICH SCHLEUSE OW,2026-06-30 13:22:00+00:00,24.94,25.821021089773364,-0.8810210897733626,0.8810210897733626,4
DUISBURG-MEIDERICH SCHLEUSE UW,2026-06-30 13:22:00+00:00,18.22,19.21406724065477,-0.9940672406547719,0.9940672406547719,4
DUISBURG-MEIDERICH SCHLEUSE OW,2026-06-30 13:23:00+00:00,24.94,25.821021089773364,-0.8810210897733626,0.8810210897733626,4
DUISBURG-MEIDERICH SCHLEUSE UW,2026-06-30 13:23:00+00:00,18.22,19.21406724065477,-0.9940672406547719,0.9940672406547719,4
DUISBURG-MEIDERICH SCHLEUSE OW,2026-06-30 13:24:00+00:00,24.94,25.821021089773364,-0.8810210897733626,0.8810210897733626,4
DUISBURG-MEIDERICH SCHLEUSE UW,2026-06-30 13:24:00+00:00,18.22,19.21406724065477,-0.9940672406547719,0.9940672406547719,4
Basel-Rheinhalle,2026-06-30 13:25:00+00:00,520.0,514.5861894322737,5.413810567726273,5.413810567726273,4
DUISBURG-MEIDERICH SCHLEUSE OW,2026-06-30 13:25:00+00:00,24.94,25.821021089773364,-0.8810210897733626,0.8810210897733626,4
DUISBURG-MEIDERICH SCHLEUSE UW,2026-06-30 13:25:00+00:00,18.22,19.21406724065477,-0.9940672406547719,0.9940672406547719,4
DUISBURG-MEIDERICH SCHLEUSE OW,2026-06-30 13:26:00+00:00,24.94,25.821021089773364,-0.8810210897733626,0.8810210897733626,4
DUISBURG-MEIDERICH SCHLEUSE UW,2026-06-30 13:26:00+00:00,18.22,19.21406724065477,-0.9940672406547719,0.9940672406547719,4
DUISBURG-MEIDERICH SCHLEUSE OW,2026-06-30 13:27:00+00:00,24.94,25.821021089773364,-0.8810210897733626,0.8810210897733626,4
DUISBURG-MEIDERICH SCHLEUSE UW,2026-06-30 13:27:00+00:00,18.22,19.21406724065477,-0.9940672406547719,0.9940672406547719,4
DUISBURG-MEIDERICH SCHLEUSE OW,2026-06-30 13:28:00+00:00,24.94,25.821021089773364,-0.8810210897733626,0.8810210897733626,4
DUISBURG-MEIDERICH SCHLEUSE UW,2026-06-30 13:28:00+00:00,18.22,19.21406724065477,-0.9940672406547719,0.9940672406547719,4
DUISBURG-MEIDERICH SCHLEUSE OW,2026-06-30 13:29:00+00:00,24.94,25.821021089773364,-0.8810210897733626,0.8810210897733626,4
DUISBURG-MEIDERICH SCHLEUSE UW,2026-06-30 13:29:00+00:00,18.22,19.21406724065477,-0.9940672406547719,0.9940672406547719,4
BINGEN,2026-06-30 13:30:00+00:00,104.0,104.96019836058431,-0.9601983605843145,0.9601983605843145,4
BONN,2026-06-30 13:30:00+00:00,138.0,136.93562493800314,1.0643750619968557,1.0643750619968557,4
BREISACH,2026-06-30 13:30:00+00:00,194.0,195.11645499799238,-1.1164549979923777,1.1164549979923777,4
Basel-Rheinhalle,2026-06-30 13:30:00+00:00,520.0,514.5861894322737,5.413810567726273,5.413810567726273,4
DUISBURG-MEIDERICH SCHLEUSE OW,2026-06-30 13:30:00+00:00,24.94,25.821021089773364,-0.8810210897733626,0.8810210897733626,4
DUISBURG-MEIDERICH SCHLEUSE UW,2026-06-30 13:30:00+00:00,18.22,19.21406724065477,-0.9940672406547719,0.9940672406547719,4
DUISBURG-RUHRORT,2026-06-30 13:30:00+00:00,219.0,217.01762240425856,1.9823775957414398,1.9823775957414398,4
DÜSSELDORF,2026-06-30 13:30:00+00:00,89.0,87.19314880296979,1.8068511970302126,1.8068511970302126,4
EMMERICH,2026-06-30 13:30:00+00:00,54.0,59.9316400530323,-5.931640053032297,5.931640053032297,4
IFFEZHEIM,2026-06-30 13:30:00+00:00,135.0,135.62232555156024,-0.6223255515602375,0.6223255515602375,4
KAUB,2026-06-30 13:30:00+00:00,88.0,89.2691525700836,-1.2691525700836053,1.2691525700836053,4
KOBLENZ,2026-06-30 13:30:00+00:00,92.0,92.89827796770737,-0.8982779677073722,0.8982779677073722,4
KONSTANZ-RHEIN,2026-06-30 13:30:00+00:00,313.0,313.11562782811035,-0.11562782811034822,0.11562782811034822,4
Koblenz OP,2026-06-30 13:30:00+00:00,199.0,206.70180083814694,-7.701800838146937,7.701800838146937,4
Koblenz UP,2026-06-30 13:30:00+00:00,65.0,79.91204713559173,-14.912047135591735,14.912047135591735,4
KÖLN,2026-06-30 13:30:00+00:00,131.0,132.41853345005921,-1.4185334500592148,1.4185334500592148,4
LOBITH,2026-06-30 13:30:00+00:00,703.0,703.5118869609395,-0.5118869609394778,0.5118869609394778,4
MAINZ,2026-06-30 13:30:00+00:00,182.0,185.45908850653484,-3.4590885065348402,3.4590885065348402,4
MANNHEIM,2026-06-30 13:30:00+00:00,169.0,155.5928010280173,13.407198971982695,13.407198971982695,4
MAXAU,2026-06-30 13:30:00+00:00,398.0,403.26300908142474,-5.263009081424741,5.263009081424741,4
REES,2026-06-30 13:30:00+00:00,97.0,95.18225424226655,1.817745757733448,1.817745757733448,4
RHEINE UNTERSCHLEUSE,2026-06-30 13:30:00+00:00,195.0,200.03623808995096,-5.036238089950956,5.036238089950956,4
RHEINWEILER,2026-06-30 13:30:00+00:00,225.0,222.45728177726275,2.54271822273725,2.54271822273725,4
SANKT GOAR,2026-06-30 13:30:00+00:00,179.0,189.25980378702224,-10.259803787022236,10.259803787022236,4
SPEYER,2026-06-30 13:30:00+00:00,262.0,260.8040369365526,1.1959630634473797,1.1959630634473797,4
WESEL,2026-06-30 13:30:00+00:00,154.0,153.42208703555326,0.5779129644467389,0.5779129644467389,4
WORMS,2026-06-30 13:30:00+00:00,77.0,74.5245159972194,2.475484002780604,2.475484002780604,4
DUISBURG-MEIDERICH SCHLEUSE OW,2026-06-30 13:31:00+00:00,24.94,25.821021089773364,-0.8810210897733626,0.8810210897733626,4
DUISBURG-MEIDERICH SCHLEUSE UW,2026-06-30 13:31:00+00:00,18.23,19.21406724065477,-0.9840672406547704,0.9840672406547704,4
DUISBURG-MEIDERICH SCHLEUSE OW,2026-06-30 13:32:00+00:00,24.95,25.821021089773364,-0.8710210897733646,0.8710210897733646,4
DUISBURG-MEIDERICH SCHLEUSE UW,2026-06-30 13:32:00+00:00,18.23,19.21406724065477,-0.9840672406547704,0.9840672406547704,4
DUISBURG-MEIDERICH SCHLEUSE OW,2026-06-30 13:33:00+00:00,24.95,25.821021089773364,-0.8710210897733646,0.8710210897733646,4
DUISBURG-MEIDERICH SCHLEUSE UW,2026-06-30 13:33:00+00:00,18.23,19.21406724065477,-0.9840672406547704,0.9840672406547704,4
DUISBURG-MEIDERICH SCHLEUSE OW,2026-06-30 13:34:00+00:00,24.95,25.821021089773364,-0.8710210897733646,0.8710210897733646,4
DUISBURG-MEIDERICH SCHLEUSE UW,2026-06-30 13:34:00+00:00,18.23,19.21406724065477,-0.9840672406547704,0.9840672406547704,4
Basel-Rheinhalle,2026-06-30 13:35:00+00:00,519.0,514.3182878739902,4.6817121260097565,4.6817121260097565,4
DUISBURG-MEIDERICH SCHLEUSE OW,2026-06-30 13:35:00+00:00,24.95,25.821021089773364,-0.8710210897733646,0.8710210897733646,4
DUISBURG-MEIDERICH SCHLEUSE UW,2026-06-30 13:35:00+00:00,18.22,19.21406724065477,-0.9940672406547719,0.9940672406547719,4
DUISBURG-MEIDERICH SCHLEUSE OW,2026-06-30 13:36:00+00:00,24.95,25.821021089773364,-0.8710210897733646,0.8710210897733646,4
DUISBURG-MEIDERICH SCHLEUSE UW,2026-06-30 13:36:00+00:00,18.22,19.21406724065477,-0.9940672406547719,0.9940672406547719,4
DUISBURG-MEIDERICH SCHLEUSE OW,2026-06-30 13:37:00+00:00,24.95,25.821021089773364,-0.8710210897733646,0.8710210897733646,4
DUISBURG-MEIDERICH SCHLEUSE UW,2026-06-30 13:37:00+00:00,18.22,19.21406724065477,-0.9940672406547719,0.9940672406547719,4
DUISBURG-MEIDERICH SCHLEUSE OW,2026-06-30 13:38:00+00:00,24.95,25.821021089773364,-0.8710210897733646,0.8710210897733646,4
DUISBURG-MEIDERICH SCHLEUSE UW,2026-06-30 13:38:00+00:00,18.22,19.21406724065477,-0.9940672406547719,0.9940672406547719,4
DUISBURG-MEIDERICH SCHLEUSE OW,2026-06-30 13:39:00+00:00,24.95,25.821021089773364,-0.8710210897733646,0.8710210897733646,4
DUISBURG-MEIDERICH SCHLEUSE UW,2026-06-30 13:39:00+00:00,18.22,19.21406724065477,-0.9940672406547719,0.9940672406547719,4
Basel-Rheinhalle,2026-06-30 13:40:00+00:00,520.0,514.5861894322737,5.413810567726273,5.413810567726273,4
DUISBURG-MEIDERICH SCHLEUSE OW,2026-06-30 13:40:00+00:00,24.95,25.821021089773364,-0.8710210897733646,0.8710210897733646,4
DUISBURG-MEIDERICH SCHLEUSE UW,2026-06-30 13:40:00+00:00,18.22,19.21406724065477,-0.9940672406547719,0.9940672406547719,4
LOBITH,2026-06-30 13:40:00+00:00,704.0,703.5118869609395,0.48811303906052217,0.48811303906052217,4
DUISBURG-MEIDERICH SCHLEUSE OW,2026-06-30 13:41:00+00:00,24.95,25.821021089773364,-0.8710210897733646,0.8710210897733646,4
DUISBURG-MEIDERICH SCHLEUSE UW,2026-06-30 13:41:00+00:00,18.22,19.21406724065477,-0.9940672406547719,0.9940672406547719,4
DUISBURG-MEIDERICH SCHLEUSE OW,2026-06-30 13:42:00+00:00,24.95,25.821021089773364,-0.8710210897733646,0.8710210897733646,4
DUISBURG-MEIDERICH SCHLEUSE UW,2026-06-30 13:42:00+00:00,18.22,19.21406724065477,-0.9940672406547719,0.9940672406547719,4
DUISBURG-MEIDERICH SCHLEUSE OW,2026-06-30 13:43:00+00:00,24.95,25.821021089773364,-0.8710210897733646,0.8710210897733646,4
DUISBURG-MEIDERICH SCHLEUSE UW,2026-06-30 13:43:00+00:00,18.22,19.175914061489873,-0.9559140614898745,0.9559140614898745,4
DUISBURG-MEIDERICH SCHLEUSE OW,2026-06-30 13:44:00+00:00,24.95,25.821021089773364,-0.8710210897733646,0.8710210897733646,4
DUISBURG-MEIDERICH SCHLEUSE UW,2026-06-30 13:44:00+00:00,18.22,19.175914061489873,-0.9559140614898745,0.9559140614898745,4
BINGEN,2026-06-30 13:45:00+00:00,103.0,105.01226296268817,-2.012262962688169,2.012262962688169,4
BONN,2026-06-30 13:45:00+00:00,138.0,136.85151765986197,1.148482340138031,1.148482340138031,4
BREISACH,2026-06-30 13:45:00+00:00,193.0,194.36487729234292,-1.3648772923429249,1.3648772923429249,4
Basel-Rheinhalle,2026-06-30 13:45:00+00:00,520.0,514.5861894322737,5.413810567726273,5.413810567726273,4
DUISBURG-MEIDERICH SCHLEUSE OW,2026-06-30 13:45:00+00:00,24.95,25.821021089773364,-0.8710210897733646,0.8710210897733646,4
DUISBURG-MEIDERICH SCHLEUSE UW,2026-06-30 13:45:00+00:00,18.23,19.223822103402068,-0.9938221034020671,0.9938221034020671,4
DUISBURG-RUHRORT,2026-06-30 13:45:00+00:00,219.0,217.07110578336835,1.9288942166316474,1.9288942166316474,4
DÜSSELDORF,2026-06-30 13:45:00+00:00,89.0,87.40770029426584,1.5922997057341632,1.5922997057341632,4
EMMERICH,2026-06-30 13:45:00+00:00,53.0,58.78719316735659,-5.787193167356591,5.787193167356591,4
IFFEZHEIM,2026-06-30 13:45:00+00:00,133.0,135.99427660530841,-2.994276605308414,2.994276605308414,4
KAUB,2026-06-30 13:45:00+00:00,87.0,90.263614560216,-3.2636145602159985,3.2636145602159985,4
KOBLENZ,2026-06-30 13:45:00+00:00,91.0,90.98507237945269,0.014927620547311449,0.014927620547311449,4
KONSTANZ-RHEIN,2026-06-30 13:45:00+00:00,313.0,313.0243360789291,-0.02433607892908185,0.02433607892908185,4
Koblenz OP,2026-06-30 13:45:00+00:00,200.0,205.71185133261372,-5.711851332613719,5.711851332613719,4
Koblenz UP,2026-06-30 13:45:00+00:00,47.0,79.06565100206353,-32.06565100206353,32.06565100206353,4
KÖLN,2026-06-30 13:45:00+00:00,132.0,132.3940896166623,-0.39408961666231335,0.39408961666231335,4
MAINZ,2026-06-30 13:45:00+00:00,182.0,186.20921020275955,-4.20921020275955,4.20921020275955,4
MANNHEIM,2026-06-30 13:45:00+00:00,170.0,154.81496941807717,15.185030581922831,15.185030581922831,4
MAXAU,2026-06-30 13:45:00+00:00,397.0,403.7791464015149,-6.779146401514879,6.779146401514879,4
REES,2026-06-30 13:45:00+00:00,97.0,95.28571762466238,1.7142823753376177,1.7142823753376177,4
RHEINE UNTERSCHLEUSE,2026-06-30 13:45:00+00:00,195.0,194.89054247500454,0.10945752499546302,0.10945752499546302,4
RHEINWEILER,2026-06-30 13:45:00+00:00,224.0,222.45321960431247,1.5467803956875343,1.5467803956875343,4
SANKT GOAR,2026-06-30 13:45:00+00:00,179.0,189.22544546477434,-10.225445464774339,10.225445464774339,4
SPEYER,2026-06-30 13:45:00+00:00,262.0,261.18256017112634,0.8174398288736597,0.8174398288736597,4
WESEL,2026-06-30 13:45:00+00:00,156.0,153.27726708421352,2.72273291578648,2.72273291578648,4
WORMS,2026-06-30 13:45:00+00:00,77.0,74.80451825036228,2.1954817496377217,2.1954817496377217,4
DUISBURG-MEIDERICH SCHLEUSE OW,2026-06-30 13:46:00+00:00,24.95,25.870556679501743,-0.9205566795017432,0.9205566795017432,4
DUISBURG-MEIDERICH SCHLEUSE UW,2026-06-30 13:46:00+00:00,18.23,19.223822103402068,-0.9938221034020671,0.9938221034020671,4
DUISBURG-MEIDERICH SCHLEUSE OW,2026-06-30 13:47:00+00:00,24.95,25.870556679501743,-0.9205566795017432,0.9205566795017432,4
DUISBURG-MEIDERICH SCHLEUSE UW,2026-06-30 13:47:00+00:00,18.23,19.223822103402068,-0.9938221034020671,0.9938221034020671,4
DUISBURG-MEIDERICH SCHLEUSE OW,2026-06-30 13:48:00+00:00,24.96,25.901730390698365,-0.9417303906983641,0.9417303906983641,4
DUISBURG-MEIDERICH SCHLEUSE UW,2026-06-30 13:48:00+00:00,18.23,19.23141513260267,-1.00141513260267,1.00141513260267,4
DUISBURG-MEIDERICH SCHLEUSE OW,2026-06-30 13:49:00+00:00,24.96,25.901730390698365,-0.9417303906983641,0.9417303906983641,4
DUISBURG-MEIDERICH SCHLEUSE UW,2026-06-30 13:49:00+00:00,18.23,19.23141513260267,-1.00141513260267,1.00141513260267,4
Basel-Rheinhalle,2026-06-30 13:50:00+00:00,521.0,514.4294084820575,6.570591517942489,6.570591517942489,4
DUISBURG-MEIDERICH SCHLEUSE OW,2026-06-30 13:50:00+00:00,24.95,25.901730390698365,-0.9517303906983656,0.9517303906983656,4
DUISBURG-MEIDERICH SCHLEUSE UW,2026-06-30 13:50:00+00:00,18.23,19.23141513260267,-1.00141513260267,1.00141513260267,4
LOBITH,2026-06-30 13:50:00+00:00,704.0,703.5118869609395,0.48811303906052217,0.48811303906052217,4
DUISBURG-MEIDERICH SCHLEUSE OW,2026-06-30 13:51:00+00:00,24.95,25.901730390698365,-0.9517303906983656,0.9517303906983656,4
DUISBURG-MEIDERICH SCHLEUSE UW,2026-06-30 13:51:00+00:00,18.23,19.23141513260267,-1.00141513260267,1.00141513260267,4
DUISBURG-MEIDERICH SCHLEUSE OW,2026-06-30 13:52:00+00:00,24.95,25.901730390698365,-0.9517303906983656,0.9517303906983656,4
DUISBURG-MEIDERICH SCHLEUSE UW,2026-06-30 13:52:00+00:00,18.23,19.23141513260267,-1.00141513260267,1.00141513260267,4
DUISBURG-MEIDERICH SCHLEUSE OW,2026-06-30 13:53:00+00:00,24.96,25.901730390698365,-0.9417303906983641,0.9417303906983641,4
DUISBURG-MEIDERICH SCHLEUSE UW,2026-06-30 13:53:00+00:00,18.23,19.23141513260267,-1.00141513260267,1.00141513260267,4
DUISBURG-MEIDERICH SCHLEUSE OW,2026-06-30 13:54:00+00:00,24.96,25.901730390698365,-0.9417303906983641,0.9417303906983641,4
DUISBURG-MEIDERICH SCHLEUSE UW,2026-06-30 13:54:00+00:00,18.23,19.23141513260267,-1.00141513260267,1.00141513260267,4
Basel-Rheinhalle,2026-06-30 13:55:00+00:00,521.0,514.3182878739902,6.6817121260097565,6.6817121260097565,4
DUISBURG-MEIDERICH SCHLEUSE OW,2026-06-30 13:55:00+00:00,24.96,25.901730390698365,-0.9417303906983641,0.9417303906983641,4
DUISBURG-MEIDERICH SCHLEUSE UW,2026-06-30 13:55:00+00:00,18.23,19.23141513260267,-1.00141513260267,1.00141513260267,4
DUISBURG-MEIDERICH SCHLEUSE OW,2026-06-30 13:56:00+00:00,24.96,25.901730390698365,-0.9417303906983641,0.9417303906983641,4
DUISBURG-MEIDERICH SCHLEUSE UW,2026-06-30 13:56:00+00:00,18.23,19.183507090690476,-0.9535070906904757,0.9535070906904757,4
DUISBURG-MEIDERICH SCHLEUSE OW,2026-06-30 13:57:00+00:00,24.96,25.901730390698365,-0.9417303906983641,0.9417303906983641,4
DUISBURG-MEIDERICH SCHLEUSE UW,2026-06-30 13:57:00+00:00,18.23,19.183507090690476,-0.9535070906904757,0.9535070906904757,4
DUISBURG-MEIDERICH SCHLEUSE OW,2026-06-30 13:58:00+00:00,24.96,25.901730390698365,-0.9417303906983641,0.9417303906983641,4
DUISBURG-MEIDERICH SCHLEUSE UW,2026-06-30 13:58:00+00:00,18.23,19.221660269855374,-0.9916602698553731,0.9916602698553731,4
DUISBURG-MEIDERICH SCHLEUSE OW,2026-06-30 13:59:00+00:00,24.96,25.901730390698365,-0.9417303906983641,0.9417303906983641,4
DUISBURG-MEIDERICH SCHLEUSE UW,2026-06-30 13:59:00+00:00,18.23,19.221660269855374,-0.9916602698553731,0.9916602698553731,4
BINGEN,2026-06-30 14:00:00+00:00,103.0,105.01226296268817,-2.012262962688169,2.012262962688169,4
BONN,2026-06-30 14:00:00+00:00,139.0,136.17718729199166,2.8228127080083425,2.8228127080083425,4
BREISACH,2026-06-30 14:00:00+00:00,194.0,194.95395924542606,-0.9539592454260628,0.9539592454260628,4
Basel-Rheinhalle,2026-06-30 14:00:00+00:00,520.0,514.3182878739902,5.6817121260097565,5.6817121260097565,4
DUISBURG-MEIDERICH SCHLEUSE OW,2026-06-30 14:00:00+00:00,24.96,25.074656102457517,-0.11465610245751634,0.11465610245751634,4
DUISBURG-MEIDERICH SCHLEUSE UW,2026-06-30 14:00:00+00:00,18.23,18.254627702911208,-0.024627702911207194,0.024627702911207194,4
DUISBURG-RUHRORT,2026-06-30 14:00:00+00:00,219.0,217.2794318485946,1.7205681514053879,1.7205681514053879,4
DÜSSELDORF,2026-06-30 14:00:00+00:00,88.0,87.9415164665266,0.058483533473406624,0.058483533473406624,4
EMMERICH,2026-06-30 14:00:00+00:00,54.0,58.07268726222403,-4.072687262224029,4.072687262224029,4
IFFEZHEIM,2026-06-30 14:00:00+00:00,132.0,134.85912921191496,-2.8591292119149614,2.8591292119149614,4
KAUB,2026-06-30 14:00:00+00:00,88.0,90.1588589628615,-2.158858962861501,2.158858962861501,4
KOBLENZ,2026-06-30 14:00:00+00:00,90.0,90.66506981084473,-0.6650698108447273,0.6650698108447273,4
KONSTANZ-RHEIN,2026-06-30 14:00:00+00:00,313.0,313.0243360789291,-0.02433607892908185,0.02433607892908185,4
Koblenz OP,2026-06-30 14:00:00+00:00,201.0,206.70918804069177,-5.709188040691771,5.709188040691771,4
Koblenz UP,2026-06-30 14:00:00+00:00,47.0,79.23184645302862,-32.23184645302862,32.23184645302862,4
KÖLN,2026-06-30 14:00:00+00:00,131.0,131.6589382875151,-0.6589382875150989,0.6589382875150989,4
LOBITH,2026-06-30 14:00:00+00:00,704.0,703.9026320217715,0.0973679782284762,0.0973679782284762,4
MAINZ,2026-06-30 14:00:00+00:00,182.0,185.60998671220605,-3.6099867122060516,3.6099867122060516,4
MANNHEIM,2026-06-30 14:00:00+00:00,170.0,154.85879034679292,15.141209653207085,15.141209653207085,4
MAXAU,2026-06-30 14:00:00+00:00,396.0,403.9770063430064,-7.977006343006394,7.977006343006394,4
REES,2026-06-30 14:00:00+00:00,97.0,94.08467914555473,2.9153208544452696,2.9153208544452696,4
RHEINE UNTERSCHLEUSE,2026-06-30 14:00:00+00:00,195.0,202.65865464172936,-7.658654641729356,7.658654641729356,4
RHEINWEILER,2026-06-30 14:00:00+00:00,225.0,222.45321960431247,2.5467803956875343,2.5467803956875343,4
SANKT GOAR,2026-06-30 14:00:00+00:00,179.0,189.35197434551063,-10.351974345510627,10.351974345510627,4
SPEYER,2026-06-30 14:00:00+00:00,262.0,261.0735085187461,0.9264914812538905,0.9264914812538905,4
WESEL,2026-06-30 14:00:00+00:00,156.0,151.98731069693352,4.01268930306648,4.01268930306648,4
WORMS,2026-06-30 14:00:00+00:00,77.0,74.13313098231022,2.8668690176897798,2.8668690176897798,4
DUISBURG-MEIDERICH SCHLEUSE OW,2026-06-30 14:01:00+00:00,24.96,24.777751268417404,0.1822487315825967,0.1822487315825967,4
DUISBURG-MEIDERICH SCHLEUSE UW,2026-06-30 14:01:00+00:00,18.22,17.999043719287556,0.22095628071244278,0.22095628071244278,4
DUISBURG-MEIDERICH SCHLEUSE OW,2026-06-30 14:02:00+00:00,24.96,24.758218035816807,0.20178196418319416,0.20178196418319416,4
DUISBURG-MEIDERICH SCHLEUSE UW,2026-06-30 14:02:00+00:00,18.22,18.183521467019478,0.03647853298052084,0.03647853298052084,4
DUISBURG-MEIDERICH SCHLEUSE OW,2026-06-30 14:03:00+00:00,24.96,25.44396842382007,-0.48396842382006966,0.48396842382006966,4
DUISBURG-MEIDERICH SCHLEUSE UW,2026-06-30 14:03:00+00:00,18.22,18.729001373573087,-0.5090013735730885,0.5090013735730885,4
DUISBURG-MEIDERICH SCHLEUSE OW,2026-06-30 14:04:00+00:00,24.96,25.44396842382007,-0.48396842382006966,0.48396842382006966,4
DUISBURG-MEIDERICH SCHLEUSE UW,2026-06-30 14:04:00+00:00,18.22,18.729001373573087,-0.5090013735730885,0.5090013735730885,4
Basel-Rheinhalle,2026-06-30 14:05:00+00:00,518.0,514.3182878739902,3.6817121260097565,3.6817121260097565,4
DUISBURG-MEIDERICH SCHLEUSE OW,2026-06-30 14:05:00+00:00,24.96,25.44396842382007,-0.48396842382006966,0.48396842382006966,4
DUISBURG-MEIDERICH SCHLEUSE UW,2026-06-30 14:05:00+00:00,18.23,18.73659440277369,-0.5065944027736897,0.5065944027736897,4
DUISBURG-MEIDERICH SCHLEUSE OW,2026-06-30 14:06:00+00:00,24.96,25.021107589223234,-0.06110758922323356,0.06110758922323356,4
DUISBURG-MEIDERICH SCHLEUSE UW,2026-06-30 14:06:00+00:00,18.23,18.304712098698857,-0.07471209869885698,0.07471209869885698,4
DUISBURG-MEIDERICH SCHLEUSE OW,2026-06-30 14:07:00+00:00,24.97,25.021107589223234,-0.05110758922323555,0.05110758922323555,4
DUISBURG-MEIDERICH SCHLEUSE UW,2026-06-30 14:07:00+00:00,18.23,18.304712098698857,-0.07471209869885698,0.07471209869885698,4
DUISBURG-MEIDERICH SCHLEUSE OW,2026-06-30 14:08:00+00:00,24.97,24.984198474960476,-0.01419847496047666,0.01419847496047666,4
DUISBURG-MEIDERICH SCHLEUSE UW,2026-06-30 14:08:00+00:00,18.23,18.2678029844361,-0.037802984436098086,0.037802984436098086,4
DUISBURG-MEIDERICH SCHLEUSE OW,2026-06-30 14:09:00+00:00,24.97,24.984198474960476,-0.01419847496047666,0.01419847496047666,4
DUISBURG-MEIDERICH SCHLEUSE UW,2026-06-30 14:09:00+00:00,18.23,18.2678029844361,-0.037802984436098086,0.037802984436098086,4
Basel-Rheinhalle,2026-06-30 14:10:00+00:00,518.0,514.5769819493848,3.4230180506151555,3.4230180506151555,4
DUISBURG-MEIDERICH SCHLEUSE OW,2026-06-30 14:10:00+00:00,24.97,24.984198474960476,-0.01419847496047666,0.01419847496047666,4
DUISBURG-MEIDERICH SCHLEUSE UW,2026-06-30 14:10:00+00:00,18.23,18.213888178824643,0.016111821175357477,0.016111821175357477,4
LOBITH,2026-06-30 14:10:00+00:00,703.0,703.6892381490266,-0.6892381490265507,0.6892381490265507,4
DUISBURG-MEIDERICH SCHLEUSE OW,2026-06-30 14:11:00+00:00,24.97,24.953123592996498,0.016876407003501015,0.016876407003501015,4
DUISBURG-MEIDERICH SCHLEUSE UW,2026-06-30 14:11:00+00:00,18.23,18.182813296860665,0.04718670313933515,0.04718670313933515,4
DUISBURG-MEIDERICH SCHLEUSE OW,2026-06-30 14:12:00+00:00,24.97,24.953123592996498,0.016876407003501015,0.016876407003501015,4
DUISBURG-MEIDERICH SCHLEUSE UW,2026-06-30 14:12:00+00:00,18.23,18.220966476025563,0.009033523974437685,0.009033523974437685,4
DUISBURG-MEIDERICH SCHLEUSE OW,2026-06-30 14:13:00+00:00,24.97,24.921949881799875,0.04805011820012339,0.04805011820012339,4
DUISBURG-MEIDERICH SCHLEUSE UW,2026-06-30 14:13:00+00:00,18.23,18.220966476025563,0.009033523974437685,0.009033523974437685,4
DUISBURG-MEIDERICH SCHLEUSE OW,2026-06-30 14:14:00+00:00,24.97,24.921949881799875,0.04805011820012339,0.04805011820012339,4
DUISBURG-MEIDERICH SCHLEUSE UW,2026-06-30 14:14:00+00:00,18.22,18.220966476025563,-0.0009664760255638782,0.0009664760255638782,4
BINGEN,2026-06-30 14:15:00+00:00,103.0,105.0426528289969,-2.042652828996907,2.042652828996907,4
BONN,2026-06-30 14:15:00+00:00,139.0,136.01997665681407,2.980023343185934,2.980023343185934,4
BREISACH,2026-06-30 14:15:00+00:00,194.0,194.46053926251813,-0.46053926251812527,0.46053926251812527,4
Basel-Rheinhalle,2026-06-30 14:15:00+00:00,519.0,514.5769819493848,4.4230180506151555,4.4230180506151555,4
DUISBURG-MEIDERICH SCHLEUSE OW,2026-06-30 14:15:00+00:00,24.97,24.921949881799875,0.04805011820012339,0.04805011820012339,4
DUISBURG-MEIDERICH SCHLEUSE UW,2026-06-30 14:15:00+00:00,18.22,18.21337344682496,0.006626553175038907,0.006626553175038907,4
DUISBURG-RUHRORT,2026-06-30 14:15:00+00:00,219.0,217.260551548161,1.7394484518389959,1.7394484518389959,4
DÜSSELDORF,2026-06-30 14:15:00+00:00,89.0,89.12480932313288,-0.12480932313287951,0.12480932313287951,4
EMMERICH,2026-06-30 14:15:00+00:00,53.0,56.92731366733488,-3.9273136673348787,3.9273136673348787,4
IFFEZHEIM,2026-06-30 14:15:00+00:00,136.0,134.85912921191496,1.1408707880850386,1.1408707880850386,4
KAUB,2026-06-30 14:15:00+00:00,88.0,89.30621138129666,-1.306211381296663,1.306211381296663,4
KOBLENZ,2026-06-30 14:15:00+00:00,91.0,92.00677649010984,-1.0067764901098428,1.0067764901098428,4
KONSTANZ-RHEIN,2026-06-30 14:15:00+00:00,313.0,313.0243360789291,-0.02433607892908185,0.02433607892908185,4
Koblenz OP,2026-06-30 14:15:00+00:00,202.0,204.07313573978357,-2.0731357397835666,2.0731357397835666,4
Koblenz UP,2026-06-30 14:15:00+00:00,48.0,77.75748180180993,-29.75748180180993,29.75748180180993,4
KÖLN,2026-06-30 14:15:00+00:00,130.0,131.27223305361431,-1.2722330536143147,1.2722330536143147,4
MAINZ,2026-06-30 14:15:00+00:00,182.0,186.0836337281684,-4.083633728168394,4.083633728168394,4
MANNHEIM,2026-06-30 14:15:00+00:00,170.0,154.534498578386,15.465501421613993,15.465501421613993,4
MAXAU,2026-06-30 14:15:00+00:00,396.0,403.99313524496654,-7.993135244966538,7.993135244966538,4
REES,2026-06-30 14:15:00+00:00,97.0,94.19813668551606,2.8018633144839384,2.8018633144839384,4
RHEINE UNTERSCHLEUSE,2026-06-30 14:15:00+00:00,196.0,200.44077687082827,-4.440776870828273,4.440776870828273,4
RHEINWEILER,2026-06-30 14:15:00+00:00,225.0,222.45321960431247,2.5467803956875343,2.5467803956875343,4
SANKT GOAR,2026-06-30 14:15:00+00:00,179.0,189.27721494151672,-10.277214941516718,10.277214941516718,4
SPEYER,2026-06-30 14:15:00+00:00,262.0,260.83654997107874,1.163450028921261,1.163450028921261,4
WESEL,2026-06-30 14:15:00+00:00,156.0,151.58044182573843,4.419558174261567,4.419558174261567,4
WORMS,2026-06-30 14:15:00+00:00,77.0,73.8023152487687,3.197684751231293,3.197684751231293,4
DUISBURG-MEIDERICH SCHLEUSE OW,2026-06-30 14:16:00+00:00,24.97,24.921949881799875,0.04805011820012339,0.04805011820012339,4
DUISBURG-MEIDERICH SCHLEUSE UW,2026-06-30 14:16:00+00:00,18.22,18.21337344682496,0.006626553175038907,0.006626553175038907,4
DUISBURG-MEIDERICH SCHLEUSE OW,2026-06-30 14:17:00+00:00,24.97,24.953123592996498,0.016876407003501015,0.016876407003501015,4
DUISBURG-MEIDERICH SCHLEUSE UW,2026-06-30 14:17:00+00:00,18.22,18.21337344682496,0.006626553175038907,0.006626553175038907,4
DUISBURG-MEIDERICH SCHLEUSE OW,2026-06-30 14:18:00+00:00,24.97,24.921949881799875,0.04805011820012339,0.04805011820012339,4
DUISBURG-MEIDERICH SCHLEUSE UW,2026-06-30 14:18:00+00:00,18.22,18.21337344682496,0.006626553175038907,0.006626553175038907,4
DUISBURG-MEIDERICH SCHLEUSE OW,2026-06-30 14:19:00+00:00,24.97,24.921949881799875,0.04805011820012339,0.04805011820012339,4
DUISBURG-MEIDERICH SCHLEUSE UW,2026-06-30 14:19:00+00:00,18.22,18.21337344682496,0.006626553175038907,0.006626553175038907,4
Basel-Rheinhalle,2026-06-30 14:20:00+00:00,521.0,514.3182878739902,6.6817121260097565,6.6817121260097565,4
DUISBURG-MEIDERICH SCHLEUSE OW,2026-06-30 14:20:00+00:00,24.97,24.953123592996498,0.016876407003501015,0.016876407003501015,4
DUISBURG-MEIDERICH SCHLEUSE UW,2026-06-30 14:20:00+00:00,18.22,18.21337344682496,0.006626553175038907,0.006626553175038907,4
LOBITH,2026-06-30 14:20:00+00:00,704.0,703.6601696421648,0.33983035783523974,0.33983035783523974,4
DUISBURG-MEIDERICH SCHLEUSE OW,2026-06-30 14:21:00+00:00,24.97,24.953123592996498,0.016876407003501015,0.016876407003501015,4
DUISBURG-MEIDERICH SCHLEUSE UW,2026-06-30 14:21:00+00:00,18.22,18.21337344682496,0.006626553175038907,0.006626553175038907,4
DUISBURG-MEIDERICH SCHLEUSE OW,2026-06-30 14:22:00+00:00,24.97,24.953123592996498,0.016876407003501015,0.016876407003501015,4
DUISBURG-MEIDERICH SCHLEUSE UW,2026-06-30 14:22:00+00:00,18.22,18.21337344682496,0.006626553175038907,0.006626553175038907,4
DUISBURG-MEIDERICH SCHLEUSE OW,2026-06-30 14:23:00+00:00,24.97,24.953123592996498,0.016876407003501015,0.016876407003501015,4
DUISBURG-MEIDERICH SCHLEUSE UW,2026-06-30 14:23:00+00:00,18.22,18.21337344682496,0.006626553175038907,0.006626553175038907,4
DUISBURG-MEIDERICH SCHLEUSE OW,2026-06-30 14:24:00+00:00,24.97,24.953123592996498,0.016876407003501015,0.016876407003501015,4
DUISBURG-MEIDERICH SCHLEUSE UW,2026-06-30 14:24:00+00:00,18.22,18.21337344682496,0.006626553175038907,0.006626553175038907,4
Basel-Rheinhalle,2026-06-30 14:25:00+00:00,522.0,514.4294084820575,7.570591517942489,7.570591517942489,4
DUISBURG-MEIDERICH SCHLEUSE OW,2026-06-30 14:25:00+00:00,24.98,24.953123592996498,0.026876407003502578,0.026876407003502578,4
DUISBURG-MEIDERICH SCHLEUSE UW,2026-06-30 14:25:00+00:00,18.23,18.21337344682496,0.01662655317504047,0.01662655317504047,4
DUISBURG-MEIDERICH SCHLEUSE OW,2026-06-30 14:26:00+00:00,24.98,24.953123592996498,0.026876407003502578,0.026876407003502578,4
DUISBURG-MEIDERICH SCHLEUSE UW,2026-06-30 14:26:00+00:00,18.23,18.175220267660062,0.05477973233993794,0.05477973233993794,4
DUISBURG-MEIDERICH SCHLEUSE OW,2026-06-30 14:27:00+00:00,24.98,24.953123592996498,0.026876407003502578,0.026876407003502578,4
DUISBURG-MEIDERICH SCHLEUSE UW,2026-06-30 14:27:00+00:00,18.23,18.175220267660062,0.05477973233993794,0.05477973233993794,4
DUISBURG-MEIDERICH SCHLEUSE OW,2026-06-30 14:28:00+00:00,24.98,24.953123592996498,0.026876407003502578,0.026876407003502578,4
DUISBURG-MEIDERICH SCHLEUSE UW,2026-06-30 14:28:00+00:00,18.23,18.229135073271518,0.0008649267284823736,0.0008649267284823736,4
DUISBURG-MEIDERICH SCHLEUSE OW,2026-06-30 14:29:00+00:00,24.98,24.953123592996498,0.026876407003502578,0.026876407003502578,4
DUISBURG-MEIDERICH SCHLEUSE UW,2026-06-30 14:29:00+00:00,18.23,18.229135073271518,0.0008649267284823736,0.0008649267284823736,4
BINGEN,2026-06-30 14:30:00+00:00,103.0,105.03632625307397,-2.036326253073966,2.036326253073966,4
BONN,2026-06-30 14:30:00+00:00,139.0,136.48179832296734,2.518201677032664,2.518201677032664,4
BREISACH,2026-06-30 14:30:00+00:00,191.0,194.86260347896382,-3.8626034789638197,3.8626034789638197,4
Basel-Rheinhalle,2026-06-30 14:30:00+00:00,522.0,514.3182878739902,7.6817121260097565,7.6817121260097565,4
DUISBURG-MEIDERICH SCHLEUSE OW,2026-06-30 14:30:00+00:00,24.98,24.953123592996498,0.026876407003502578,0.026876407003502578,4
DUISBURG-MEIDERICH SCHLEUSE UW,2026-06-30 14:30:00+00:00,18.23,18.175220267660062,0.05477973233993794,0.05477973233993794,4
DUISBURG-RUHRORT,2026-06-30 14:30:00+00:00,219.0,217.78091335334835,1.2190866466516468,1.2190866466516468,4
DÜSSELDORF,2026-06-30 14:30:00+00:00,88.0,87.11979006998894,0.8802099300110626,0.8802099300110626,4
EMMERICH,2026-06-30 14:30:00+00:00,54.0,58.679298656155645,-4.679298656155645,4.679298656155645,4
IFFEZHEIM,2026-06-30 14:30:00+00:00,133.0,135.28395655540024,-2.2839565554002377,2.2839565554002377,4
KAUB,2026-06-30 14:30:00+00:00,87.0,89.36492002532533,-2.3649200253253326,2.3649200253253326,4
KOBLENZ,2026-06-30 14:30:00+00:00,86.0,90.97792026211248,-4.977920262112477,4.977920262112477,4
KONSTANZ-RHEIN,2026-06-30 14:30:00+00:00,313.0,313.0243360789291,-0.02433607892908185,0.02433607892908185,4
Koblenz OP,2026-06-30 14:30:00+00:00,202.0,207.0134193608837,-5.013419360883688,5.013419360883688,4
Koblenz UP,2026-06-30 14:30:00+00:00,45.0,77.75748180180993,-32.75748180180993,32.75748180180993,4
KÖLN,2026-06-30 14:30:00+00:00,131.0,131.73405471976758,-0.7340547197675846,0.7340547197675846,4
LOBITH,2026-06-30 14:30:00+00:00,704.0,704.1470640457358,-0.14706404573576037,0.14706404573576037,4
MAINZ,2026-06-30 14:30:00+00:00,182.0,185.51403465350975,-3.5140346535097535,3.5140346535097535,4
MANNHEIM,2026-06-30 14:30:00+00:00,170.0,154.534498578386,15.465501421613993,15.465501421613993,4
MAXAU,2026-06-30 14:30:00+00:00,397.0,403.97633751441793,-6.976337514417935,6.976337514417935,4
REES,2026-06-30 14:30:00+00:00,97.0,94.70793838824186,2.292061611758143,2.292061611758143,4
RHEINE UNTERSCHLEUSE,2026-06-30 14:30:00+00:00,196.0,201.46651177008235,-5.466511770082349,5.466511770082349,4
RHEINWEILER,2026-06-30 14:30:00+00:00,223.0,222.45321960431247,0.5467803956875343,0.5467803956875343,4
SANKT GOAR,2026-06-30 14:30:00+00:00,179.0,189.46309495357795,-10.46309495357795,10.46309495357795,4
SPEYER,2026-06-30 14:30:00+00:00,262.0,260.87178710263373,1.128212897366268,1.128212897366268,4
WESEL,2026-06-30 14:30:00+00:00,156.0,152.5855222422575,3.414477757742503,3.414477757742503,4
WORMS,2026-06-30 14:30:00+00:00,79.0,73.8023152487687,5.197684751231293,5.197684751231293,4
DUISBURG-MEIDERICH SCHLEUSE OW,2026-06-30 14:31:00+00:00,24.98,24.957216588608404,0.022783411391596786,0.022783411391596786,4
DUISBURG-MEIDERICH SCHLEUSE UW,2026-06-30 14:31:00+00:00,18.23,18.182813296860665,0.04718670313933515,0.04718670313933515,4
DUISBURG-MEIDERICH SCHLEUSE OW,2026-06-30 14:32:00+00:00,24.98,24.957216588608404,0.022783411391596786,0.022783411391596786,4
DUISBURG-MEIDERICH SCHLEUSE UW,2026-06-30 14:32:00+00:00,18.23,18.220966476025563,0.009033523974437685,0.009033523974437685,4
DUISBURG-MEIDERICH SCHLEUSE OW,2026-06-30 14:33:00+00:00,24.98,24.957216588608404,0.022783411391596786,0.022783411391596786,4
DUISBURG-MEIDERICH SCHLEUSE UW,2026-06-30 14:33:00+00:00,18.23,18.220966476025563,0.009033523974437685,0.009033523974437685,4
DUISBURG-MEIDERICH SCHLEUSE OW,2026-06-30 14:34:00+00:00,24.98,24.957216588608404,0.022783411391596786,0.022783411391596786,4
DUISBURG-MEIDERICH SCHLEUSE UW,2026-06-30 14:34:00+00:00,18.23,18.220966476025563,0.009033523974437685,0.009033523974437685,4
Basel-Rheinhalle,2026-06-30 14:35:00+00:00,521.0,515.2622423477851,5.737757652214896,5.737757652214896,4
DUISBURG-MEIDERICH SCHLEUSE OW,2026-06-30 14:35:00+00:00,24.98,24.957216588608404,0.022783411391596786,0.022783411391596786,4
DUISBURG-MEIDERICH SCHLEUSE UW,2026-06-30 14:35:00+00:00,18.23,18.21337344682496,0.01662655317504047,0.01662655317504047,4
DUISBURG-MEIDERICH SCHLEUSE OW,2026-06-30 14:36:00+00:00,24.98,24.957216588608404,0.022783411391596786,0.022783411391596786,4
DUISBURG-MEIDERICH SCHLEUSE UW,2026-06-30 14:36:00+00:00,18.23,18.21337344682496,0.01662655317504047,0.01662655317504047,4
DUISBURG-MEIDERICH SCHLEUSE OW,2026-06-30 14:37:00+00:00,24.98,24.957216588608404,0.022783411391596786,0.022783411391596786,4
DUISBURG-MEIDERICH SCHLEUSE UW,2026-06-30 14:37:00+00:00,18.22,18.21337344682496,0.006626553175038907,0.006626553175038907,4
DUISBURG-MEIDERICH SCHLEUSE OW,2026-06-30 14:38:00+00:00,24.98,24.957216588608404,0.022783411391596786,0.022783411391596786,4
DUISBURG-MEIDERICH SCHLEUSE UW,2026-06-30 14:38:00+00:00,18.23,18.21337344682496,0.01662655317504047,0.01662655317504047,4
DUISBURG-MEIDERICH SCHLEUSE OW,2026-06-30 14:39:00+00:00,24.98,24.957216588608404,0.022783411391596786,0.022783411391596786,4
DUISBURG-MEIDERICH SCHLEUSE UW,2026-06-30 14:39:00+00:00,18.22,18.175220267660062,0.04477973233993637,0.04477973233993637,4
Basel-Rheinhalle,2026-06-30 14:40:00+00:00,520.0,514.5969353833954,5.403064616604638,5.403064616604638,4
DUISBURG-MEIDERICH SCHLEUSE OW,2026-06-30 14:40:00+00:00,24.98,24.957216588608404,0.022783411391596786,0.022783411391596786,4
DUISBURG-MEIDERICH SCHLEUSE UW,2026-06-30 14:40:00+00:00,18.22,18.175220267660062,0.04477973233993637,0.04477973233993637,4
LOBITH,2026-06-30 14:40:00+00:00,703.0,703.9607759897211,-0.9607759897211281,0.9607759897211281,4
DUISBURG-MEIDERICH SCHLEUSE OW,2026-06-30 14:41:00+00:00,24.98,24.957216588608404,0.022783411391596786,0.022783411391596786,4
DUISBURG-MEIDERICH SCHLEUSE UW,2026-06-30 14:41:00+00:00,18.22,18.229135073271518,-0.00913507327151919,0.00913507327151919,4
DUISBURG-MEIDERICH SCHLEUSE OW,2026-06-30 14:42:00+00:00,24.99,24.957216588608404,0.0327834113915948,0.0327834113915948,4
DUISBURG-MEIDERICH SCHLEUSE UW,2026-06-30 14:42:00+00:00,18.23,18.229135073271518,0.0008649267284823736,0.0008649267284823736,4
DUISBURG-MEIDERICH SCHLEUSE OW,2026-06-30 14:43:00+00:00,24.99,24.957216588608404,0.0327834113915948,0.0327834113915948,4
DUISBURG-MEIDERICH SCHLEUSE UW,2026-06-30 14:43:00+00:00,18.23,18.229135073271518,0.0008649267284823736,0.0008649267284823736,4
DUISBURG-MEIDERICH SCHLEUSE OW,2026-06-30 14:44:00+00:00,24.99,24.957216588608404,0.0327834113915948,0.0327834113915948,4
DUISBURG-MEIDERICH SCHLEUSE UW,2026-06-30 14:44:00+00:00,18.23,18.23672810247212,-0.006728102472120412,0.006728102472120412,4
BINGEN,2026-06-30 14:45:00+00:00,103.0,105.03632625307397,-2.036326253073966,2.036326253073966,4
BONN,2026-06-30 14:45:00+00:00,139.0,136.63174076678092,2.368259233219078,2.368259233219078,4
BREISACH,2026-06-30 14:45:00+00:00,187.0,194.1849173283591,-7.1849173283590915,7.1849173283590915,4
Basel-Rheinhalle,2026-06-30 14:45:00+00:00,521.0,515.1004926922459,5.8995073077541065,5.8995073077541065,4
DUISBURG-MEIDERICH SCHLEUSE OW,2026-06-30 14:45:00+00:00,24.99,24.957216588608404,0.0327834113915948,0.0327834113915948,4
DUISBURG-MEIDERICH SCHLEUSE UW,2026-06-30 14:45:00+00:00,18.23,18.23672810247212,-0.006728102472120412,0.006728102472120412,4
DUISBURG-RUHRORT,2026-06-30 14:45:00+00:00,219.0,218.17272972909026,0.8272702709097359,0.8272702709097359,4
DÜSSELDORF,2026-06-30 14:45:00+00:00,89.0,88.1803719997862,0.8196280002137968,0.8196280002137968,4
EMMERICH,2026-06-30 14:45:00+00:00,54.0,58.6229218600738,-4.622921860073802,4.622921860073802,4
IFFEZHEIM,2026-06-30 14:45:00+00:00,133.0,135.66568940901442,-2.665689409014419,2.665689409014419,4
KAUB,2026-06-30 14:45:00+00:00,87.0,89.30621138129666,-2.306211381296663,2.306211381296663,4
KOBLENZ,2026-06-30 14:45:00+00:00,88.0,90.97792026211248,-2.9779202621124767,2.9779202621124767,4
KONSTANZ-RHEIN,2026-06-30 14:45:00+00:00,313.0,313.0243360789291,-0.02433607892908185,0.02433607892908185,4
Koblenz OP,2026-06-30 14:45:00+00:00,201.0,206.78371035229625,-5.783710352296254,5.783710352296254,4
Koblenz UP,2026-06-30 14:45:00+00:00,45.0,77.75748180180993,-32.75748180180993,32.75748180180993,4
KÖLN,2026-06-30 14:45:00+00:00,131.0,132.28321016935996,-1.2832101693599611,1.2832101693599611,4
MAINZ,2026-06-30 14:45:00+00:00,183.0,184.6069557513821,-1.6069557513820882,1.6069557513820882,4
MANNHEIM,2026-06-30 14:45:00+00:00,170.0,154.69925619129236,15.300743808707637,15.300743808707637,4
MAXAU,2026-06-30 14:45:00+00:00,395.0,403.8964963082165,-8.896496308216513,8.896496308216513,4
REES,2026-06-30 14:45:00+00:00,97.0,95.44349451192298,1.556505488077022,1.556505488077022,4
RHEINE UNTERSCHLEUSE,2026-06-30 14:45:00+00:00,196.0,196.83069851930478,-0.8306985193047751,0.8306985193047751,4
RHEINWEILER,2026-06-30 14:45:00+00:00,223.0,222.45321960431247,0.5467803956875343,0.5467803956875343,4
SANKT GOAR,2026-06-30 14:45:00+00:00,179.0,189.46309495357795,-10.46309495357795,10.46309495357795,4
SPEYER,2026-06-30 14:45:00+00:00,263.0,261.3238118927209,1.6761881072790743,1.6761881072790743,4
WESEL,2026-06-30 14:45:00+00:00,155.0,152.80077367446782,2.1992263255321802,2.1992263255321802,4
WORMS,2026-06-30 14:45:00+00:00,77.0,74.75036902456198,2.2496309754380235,2.2496309754380235,4
DUISBURG-MEIDERICH SCHLEUSE OW,2026-06-30 14:46:00+00:00,24.99,24.95496506056566,0.03503493943433966,0.03503493943433966,5
DUISBURG-MEIDERICH SCHLEUSE UW,2026-06-30 14:46:00+00:00,18.23,18.249981481701095,-0.019981481701094594,0.019981481701094594,5
DUISBURG-MEIDERICH SCHLEUSE OW,2026-06-30 14:47:00+00:00,24.99,24.95496506056566,0.03503493943433966,0.03503493943433966,5
DUISBURG-MEIDERICH SCHLEUSE UW,2026-06-30 14:47:00+00:00,18.23,18.249981481701095,-0.019981481701094594,0.019981481701094594,5
DUISBURG-MEIDERICH SCHLEUSE OW,2026-06-30 14:48:00+00:00,24.99,24.95496506056566,0.03503493943433966,0.03503493943433966,5
DUISBURG-MEIDERICH SCHLEUSE UW,2026-06-30 14:48:00+00:00,18.23,18.249981481701095,-0.019981481701094594,0.019981481701094594,5
DUISBURG-MEIDERICH SCHLEUSE OW,2026-06-30 14:49:00+00:00,24.99,24.95972788978148,0.030272110218518833,0.030272110218518833,5
DUISBURG-MEIDERICH SCHLEUSE UW,2026-06-30 14:49:00+00:00,18.23,18.249981481701095,-0.019981481701094594,0.019981481701094594,5
Basel-Rheinhalle,2026-06-30 14:50:00+00:00,522.0,519.6892686836322,2.3107313163677645,2.3107313163677645,5
DUISBURG-MEIDERICH SCHLEUSE OW,2026-06-30 14:50:00+00:00,24.99,24.95972788978148,0.030272110218518833,0.030272110218518833,5
DUISBURG-MEIDERICH SCHLEUSE UW,2026-06-30 14:50:00+00:00,18.23,18.249981481701095,-0.019981481701094594,0.019981481701094594,5
LOBITH,2026-06-30 14:50:00+00:00,703.0,703.6990666554453,-0.6990666554453355,0.6990666554453355,5
DUISBURG-MEIDERICH SCHLEUSE OW,2026-06-30 14:51:00+00:00,24.99,24.95972788978148,0.030272110218518833,0.030272110218518833,5
DUISBURG-MEIDERICH SCHLEUSE UW,2026-06-30 14:51:00+00:00,18.23,18.249981481701095,-0.019981481701094594,0.019981481701094594,5
DUISBURG-MEIDERICH SCHLEUSE OW,2026-06-30 14:52:00+00:00,24.99,24.95972788978148,0.030272110218518833,0.030272110218518833,5
DUISBURG-MEIDERICH SCHLEUSE UW,2026-06-30 14:52:00+00:00,18.23,18.249981481701095,-0.019981481701094594,0.019981481701094594,5
DUISBURG-MEIDERICH SCHLEUSE OW,2026-06-30 14:53:00+00:00,24.99,24.95972788978148,0.030272110218518833,0.030272110218518833,5
DUISBURG-MEIDERICH SCHLEUSE UW,2026-06-30 14:53:00+00:00,18.23,18.249981481701095,-0.019981481701094594,0.019981481701094594,5
DUISBURG-MEIDERICH SCHLEUSE OW,2026-06-30 14:54:00+00:00,24.99,24.95972788978148,0.030272110218518833,0.030272110218518833,5
DUISBURG-MEIDERICH SCHLEUSE UW,2026-06-30 14:54:00+00:00,18.23,18.249981481701095,-0.019981481701094594,0.019981481701094594,5
Basel-Rheinhalle,2026-06-30 14:55:00+00:00,522.0,519.6892686836322,2.3107313163677645,2.3107313163677645,5
DUISBURG-MEIDERICH SCHLEUSE OW,2026-06-30 14:55:00+00:00,24.99,24.95972788978148,0.030272110218518833,0.030272110218518833,5
DUISBURG-MEIDERICH SCHLEUSE UW,2026-06-30 14:55:00+00:00,18.23,18.249440735708315,-0.01944073570831506,0.01944073570831506,5
DUISBURG-MEIDERICH SCHLEUSE OW,2026-06-30 14:56:00+00:00,24.99,24.95972788978148,0.030272110218518833,0.030272110218518833,5
DUISBURG-MEIDERICH SCHLEUSE UW,2026-06-30 14:56:00+00:00,18.23,18.249440735708315,-0.01944073570831506,0.01944073570831506,5
DUISBURG-MEIDERICH SCHLEUSE OW,2026-06-30 14:57:00+00:00,25.0,24.95972788978148,0.040272110218520396,0.040272110218520396,5
DUISBURG-MEIDERICH SCHLEUSE UW,2026-06-30 14:57:00+00:00,18.23,18.249440735708315,-0.01944073570831506,0.01944073570831506,5
DUISBURG-MEIDERICH SCHLEUSE OW,2026-06-30 14:58:00+00:00,25.0,24.95972788978148,0.040272110218520396,0.040272110218520396,5
DUISBURG-MEIDERICH SCHLEUSE UW,2026-06-30 14:58:00+00:00,18.23,18.249440735708315,-0.01944073570831506,0.01944073570831506,5
DUISBURG-MEIDERICH SCHLEUSE OW,2026-06-30 14:59:00+00:00,25.0,24.95972788978148,0.040272110218520396,0.040272110218520396,5
DUISBURG-MEIDERICH SCHLEUSE UW,2026-06-30 14:59:00+00:00,18.23,18.249440735708315,-0.01944073570831506,0.01944073570831506,5
BINGEN,2026-06-30 15:00:00+00:00,52.0,102.41618635557734,-50.41618635557734,50.41618635557734,5
BONN,2026-06-30 15:00:00+00:00,81.0,138.16423646810193,-57.16423646810193,57.16423646810193,5
BREISACH,2026-06-30 15:00:00+00:00,180.0,192.98393997955026,-12.983939979550257,12.983939979550257,5
Basel-Rheinhalle,2026-06-30 15:00:00+00:00,522.0,519.4690133302461,2.530986669753929,2.530986669753929,5
DUISBURG-MEIDERICH SCHLEUSE OW,2026-06-30 15:00:00+00:00,25.0,25.109694119799805,-0.10969411979980492,0.10969411979980492,5
DUISBURG-MEIDERICH SCHLEUSE UW,2026-06-30 15:00:00+00:00,18.23,18.39257415463063,-0.1625741546306294,0.1625741546306294,5
DUISBURG-RUHRORT,2026-06-30 15:00:00+00:00,156.0,218.98755084925585,-62.987550849255854,62.987550849255854,5
DÜSSELDORF,2026-06-30 15:00:00+00:00,27.0,89.59072304919046,-62.59072304919046,62.59072304919046,5
EMMERICH,2026-06-30 15:00:00+00:00,5.0,54.52728046520919,-49.52728046520919,49.52728046520919,5
IFFEZHEIM,2026-06-30 15:00:00+00:00,68.0,134.12536374127893,-66.12536374127893,66.12536374127893,5
KAUB,2026-06-30 15:00:00+00:00,26.0,86.52488594752688,-60.52488594752688,60.52488594752688,5
KOBLENZ,2026-06-30 15:00:00+00:00,21.0,86.12352885283492,-65.12352885283492,65.12352885283492,5
KONSTANZ-RHEIN,2026-06-30 15:00:00+00:00,273.0,313.4491930790767,-40.44919307907668,40.44919307907668,5
Koblenz OP,2026-06-30 15:00:00+00:00,200.0,202.00654006997252,-2.006540069972516,2.006540069972516,5
Koblenz UP,2026-06-30 15:00:00+00:00,37.0,49.57706175412199,-12.577061754121992,12.577061754121992,5
KÖLN,2026-06-30 15:00:00+00:00,70.0,132.01536560689163,-62.015365606891635,62.015365606891635,5
LOBITH,2026-06-30 15:00:00+00:00,704.0,704.8636275417168,-0.8636275417168235,0.8636275417168235,5
MAINZ,2026-06-30 15:00:00+00:00,129.0,182.5634333621883,-53.563433362188306,53.563433362188306,5
MANNHEIM,2026-06-30 15:00:00+00:00,96.0,170.29666171101715,-74.29666171101715,74.29666171101715,5
MAXAU,2026-06-30 15:00:00+00:00,316.0,397.04142157700954,-81.04142157700954,81.04142157700954,5
REES,2026-06-30 15:00:00+00:00,39.0,97.35635018468663,-58.35635018468663,58.35635018468663,5
RHEINE UNTERSCHLEUSE,2026-06-30 15:00:00+00:00,186.0,203.96113710481072,-17.961137104810717,17.961137104810717,5
RHEINWEILER,2026-06-30 15:00:00+00:00,220.0,223.39249933749142,-3.392499337491415,3.392499337491415,5
SANKT GOAR,2026-06-30 15:00:00+00:00,109.0,180.59661499080366,-71.59661499080366,71.59661499080366,5
SPEYER,2026-06-30 15:00:00+00:00,182.0,261.60801792322485,-79.60801792322485,79.60801792322485,5
WESEL,2026-06-30 15:00:00+00:00,93.0,156.70235162367675,-63.70235162367675,63.70235162367675,5
WORMS,2026-06-30 15:00:00+00:00,12.0,76.32778388012167,-64.32778388012167,64.32778388012167,5
DUISBURG-MEIDERICH SCHLEUSE OW,2026-06-30 15:01:00+00:00,25.0,25.00441529744529,-0.004415297445291344,0.004415297445291344,5
DUISBURG-MEIDERICH SCHLEUSE UW,2026-06-30 15:01:00+00:00,18.23,18.287295332276116,-0.05729533227611583,0.05729533227611583,5
DUISBURG-MEIDERICH SCHLEUSE OW,2026-06-30 15:02:00+00:00,25.0,25.00441529744529,-0.004415297445291344,0.004415297445291344,5
DUISBURG-MEIDERICH SCHLEUSE UW,2026-06-30 15:02:00+00:00,18.23,18.287295332276116,-0.05729533227611583,0.05729533227611583,5
DUISBURG-MEIDERICH SCHLEUSE OW,2026-06-30 15:03:00+00:00,25.0,25.224688146109592,-0.22468814610959242,0.22468814610959242,5
DUISBURG-MEIDERICH SCHLEUSE UW,2026-06-30 15:03:00+00:00,18.23,18.518181540815657,-0.28818154081565694,0.28818154081565694,5
DUISBURG-MEIDERICH SCHLEUSE OW,2026-06-30 15:04:00+00:00,25.0,25.224688146109592,-0.22468814610959242,0.22468814610959242,5
DUISBURG-MEIDERICH SCHLEUSE UW,2026-06-30 15:04:00+00:00,18.23,18.518181540815657,-0.28818154081565694,0.28818154081565694,5
Basel-Rheinhalle,2026-06-30 15:05:00+00:00,522.0,519.350777538318,2.6492224616820295,2.6492224616820295,5
DUISBURG-MEIDERICH SCHLEUSE OW,2026-06-30 15:05:00+00:00,25.0,25.224688146109592,-0.22468814610959242,0.22468814610959242,5
DUISBURG-MEIDERICH SCHLEUSE UW,2026-06-30 15:05:00+00:00,18.23,18.518181540815657,-0.28818154081565694,0.28818154081565694,5
DUISBURG-MEIDERICH SCHLEUSE OW,2026-06-30 15:06:00+00:00,25.0,25.23095628577466,-0.23095628577465988,0.23095628577465988,5
DUISBURG-MEIDERICH SCHLEUSE UW,2026-06-30 15:06:00+00:00,18.23,18.518181540815657,-0.28818154081565694,0.28818154081565694,5
DUISBURG-MEIDERICH SCHLEUSE OW,2026-06-30 15:07:00+00:00,25.0,25.23095628577466,-0.23095628577465988,0.23095628577465988,5
DUISBURG-MEIDERICH SCHLEUSE UW,2026-06-30 15:07:00+00:00,18.23,18.51850252599468,-0.28850252599468007,0.28850252599468007,5
DUISBURG-MEIDERICH SCHLEUSE OW,2026-06-30 15:08:00+00:00,25.0,25.23095628577466,-0.23095628577465988,0.23095628577465988,5
DUISBURG-MEIDERICH SCHLEUSE UW,2026-06-30 15:08:00+00:00,18.23,18.518181540815657,-0.28818154081565694,0.28818154081565694,5
DUISBURG-MEIDERICH SCHLEUSE OW,2026-06-30 15:09:00+00:00,25.0,25.23095628577466,-0.23095628577465988,0.23095628577465988,5
DUISBURG-MEIDERICH SCHLEUSE UW,2026-06-30 15:09:00+00:00,18.23,18.51850252599468,-0.28850252599468007,0.28850252599468007,5
Basel-Rheinhalle,2026-06-30 15:10:00+00:00,521.0,519.4571798170242,1.5428201829757882,1.5428201829757882,5
DUISBURG-MEIDERICH SCHLEUSE OW,2026-06-30 15:10:00+00:00,25.0,25.23095628577466,-0.23095628577465988,0.23095628577465988,5
DUISBURG-MEIDERICH SCHLEUSE UW,2026-06-30 15:10:00+00:00,18.23,18.51850252599468,-0.28850252599468007,0.28850252599468007,5
LOBITH,2026-06-30 15:10:00+00:00,704.0,704.505961117356,-0.505961117356037,0.505961117356037,5
DUISBURG-MEIDERICH SCHLEUSE OW,2026-06-30 15:11:00+00:00,25.0,25.23095628577466,-0.23095628577465988,0.23095628577465988,5
DUISBURG-MEIDERICH SCHLEUSE UW,2026-06-30 15:11:00+00:00,18.23,18.51850252599468,-0.28850252599468007,0.28850252599468007,5
DUISBURG-MEIDERICH SCHLEUSE OW,2026-06-30 15:12:00+00:00,25.0,25.23095628577466,-0.23095628577465988,0.23095628577465988,5
DUISBURG-MEIDERICH SCHLEUSE UW,2026-06-30 15:12:00+00:00,18.23,18.518181540815657,-0.28818154081565694,0.28818154081565694,5
DUISBURG-MEIDERICH SCHLEUSE OW,2026-06-30 15:13:00+00:00,25.0,25.23095628577466,-0.23095628577465988,0.23095628577465988,5
DUISBURG-MEIDERICH SCHLEUSE UW,2026-06-30 15:13:00+00:00,18.23,18.518181540815657,-0.28818154081565694,0.28818154081565694,5
DUISBURG-MEIDERICH SCHLEUSE OW,2026-06-30 15:14:00+00:00,25.0,25.23095628577466,-0.23095628577465988,0.23095628577465988,5
DUISBURG-MEIDERICH SCHLEUSE UW,2026-06-30 15:14:00+00:00,18.23,18.518181540815657,-0.28818154081565694,0.28818154081565694,5
BINGEN,2026-06-30 15:15:00+00:00,52.0,102.67061912650544,-50.67061912650544,50.67061912650544,5
BONN,2026-06-30 15:15:00+00:00,81.0,138.1151921454237,-57.11519214542369,57.11519214542369,5
BREISACH,2026-06-30 15:15:00+00:00,185.0,194.4714417001208,-9.471441700120806,9.471441700120806,5
Basel-Rheinhalle,2026-06-30 15:15:00+00:00,521.0,516.154288415177,4.845711584822993,4.845711584822993,5
DUISBURG-MEIDERICH SCHLEUSE OW,2026-06-30 15:15:00+00:00,25.0,25.23095628577466,-0.23095628577465988,0.23095628577465988,5
DUISBURG-MEIDERICH SCHLEUSE UW,2026-06-30 15:15:00+00:00,18.23,18.518181540815657,-0.28818154081565694,0.28818154081565694,5
DUISBURG-RUHRORT,2026-06-30 15:15:00+00:00,155.0,218.91200330935297,-63.91200330935297,63.91200330935297,5
DÜSSELDORF,2026-06-30 15:15:00+00:00,27.0,89.3355172081609,-62.335517208160894,62.335517208160894,5
EMMERICH,2026-06-30 15:15:00+00:00,5.0,54.992243074596004,-49.992243074596004,49.992243074596004,5
IFFEZHEIM,2026-06-30 15:15:00+00:00,74.0,132.71069181919867,-58.71069181919867,58.71069181919867,5
KAUB,2026-06-30 15:15:00+00:00,29.0,86.52488594752688,-57.52488594752688,57.52488594752688,5
KOBLENZ,2026-06-30 15:15:00+00:00,18.0,85.65803407383228,-67.65803407383228,67.65803407383228,5
KONSTANZ-RHEIN,2026-06-30 15:15:00+00:00,273.0,313.79221289243566,-40.79221289243566,40.79221289243566,5
Koblenz OP,2026-06-30 15:15:00+00:00,202.0,201.96876456267438,0.03123543732561984,0.03123543732561984,5
KÖLN,2026-06-30 15:15:00+00:00,69.0,131.94468703470048,-62.94468703470048,62.94468703470048,5
MAINZ,2026-06-30 15:15:00+00:00,128.0,180.16501310157693,-52.16501310157693,52.16501310157693,5
MANNHEIM,2026-06-30 15:15:00+00:00,97.0,170.29666171101715,-73.29666171101715,73.29666171101715,5
MAXAU,2026-06-30 15:15:00+00:00,318.0,397.9656085793708,-79.96560857937078,79.96560857937078,5
REES,2026-06-30 15:15:00+00:00,38.0,97.12200141874551,-59.12200141874551,59.12200141874551,5
RHEINE UNTERSCHLEUSE,2026-06-30 15:15:00+00:00,186.0,203.84804622237232,-17.848046222372318,17.848046222372318,5
RHEINWEILER,2026-06-30 15:15:00+00:00,221.0,223.7355191508504,-2.7355191508503935,2.7355191508503935,5
SANKT GOAR,2026-06-30 15:15:00+00:00,112.0,180.59661499080366,-68.59661499080366,68.59661499080366,5
SPEYER,2026-06-30 15:15:00+00:00,181.0,262.112487651042,-81.11248765104199,81.11248765104199,5
WESEL,2026-06-30 15:15:00+00:00,91.0,154.93426451131202,-63.93426451131202,63.93426451131202,5
WORMS,2026-06-30 15:15:00+00:00,12.0,76.10308403014989,-64.10308403014989,64.10308403014989,5
DUISBURG-MEIDERICH SCHLEUSE OW,2026-06-30 15:16:00+00:00,25.0,25.23095628577466,-0.23095628577465988,0.23095628577465988,5
DUISBURG-MEIDERICH SCHLEUSE UW,2026-06-30 15:16:00+00:00,18.23,18.518181540815657,-0.28818154081565694,0.28818154081565694,5
DUISBURG-MEIDERICH SCHLEUSE OW,2026-06-30 15:17:00+00:00,25.0,25.23095628577466,-0.23095628577465988,0.23095628577465988,5
DUISBURG-MEIDERICH SCHLEUSE UW,2026-06-30 15:17:00+00:00,18.23,18.518181540815657,-0.28818154081565694,0.28818154081565694,5
DUISBURG-MEIDERICH SCHLEUSE OW,2026-06-30 15:18:00+00:00,25.0,25.23095628577466,-0.23095628577465988,0.23095628577465988,5
DUISBURG-MEIDERICH SCHLEUSE UW,2026-06-30 15:18:00+00:00,18.23,18.518181540815657,-0.28818154081565694,0.28818154081565694,5
DUISBURG-MEIDERICH SCHLEUSE OW,2026-06-30 15:19:00+00:00,25.0,25.23095628577466,-0.23095628577465988,0.23095628577465988,5
DUISBURG-MEIDERICH SCHLEUSE UW,2026-06-30 15:19:00+00:00,18.23,18.518181540815657,-0.28818154081565694,0.28818154081565694,5
Basel-Rheinhalle,2026-06-30 15:20:00+00:00,521.0,515.5126603371294,5.487339662870568,5.487339662870568,5
DUISBURG-MEIDERICH SCHLEUSE OW,2026-06-30 15:20:00+00:00,25.01,25.23095628577466,-0.2209562857746583,0.2209562857746583,5
DUISBURG-MEIDERICH SCHLEUSE UW,2026-06-30 15:20:00+00:00,18.23,18.518181540815657,-0.28818154081565694,0.28818154081565694,5
LOBITH,2026-06-30 15:20:00+00:00,703.0,704.4733297827394,-1.4733297827393699,1.4733297827393699,5
DUISBURG-MEIDERICH SCHLEUSE OW,2026-06-30 15:21:00+00:00,25.01,25.24217459601625,-0.23217459601624668,0.23217459601624668,5
DUISBURG-MEIDERICH SCHLEUSE UW,2026-06-30 15:21:00+00:00,18.23,18.518181540815657,-0.28818154081565694,0.28818154081565694,5
DUISBURG-MEIDERICH SCHLEUSE OW,2026-06-30 15:22:00+00:00,25.01,25.24217459601625,-0.23217459601624668,0.23217459601624668,5
DUISBURG-MEIDERICH SCHLEUSE UW,2026-06-30 15:22:00+00:00,18.23,18.518181540815657,-0.28818154081565694,0.28818154081565694,5
DUISBURG-MEIDERICH SCHLEUSE OW,2026-06-30 15:23:00+00:00,25.01,25.24217459601625,-0.23217459601624668,0.23217459601624668,5
DUISBURG-MEIDERICH SCHLEUSE UW,2026-06-30 15:23:00+00:00,18.23,18.518181540815657,-0.28818154081565694,0.28818154081565694,5
DUISBURG-MEIDERICH SCHLEUSE OW,2026-06-30 15:24:00+00:00,25.01,25.24217459601625,-0.23217459601624668,0.23217459601624668,5
DUISBURG-MEIDERICH SCHLEUSE UW,2026-06-30 15:24:00+00:00,18.23,18.518181540815657,-0.28818154081565694,0.28818154081565694,5
Basel-Rheinhalle,2026-06-30 15:25:00+00:00,520.0,516.0331671493402,3.9668328506597845,3.9668328506597845,5
DUISBURG-MEIDERICH SCHLEUSE OW,2026-06-30 15:25:00+00:00,25.01,25.24217459601625,-0.23217459601624668,0.23217459601624668,5
DUISBURG-MEIDERICH SCHLEUSE UW,2026-06-30 15:25:00+00:00,18.24,18.518181540815657,-0.27818154081565893,0.27818154081565893,5
DUISBURG-MEIDERICH SCHLEUSE OW,2026-06-30 15:26:00+00:00,25.01,25.24217459601625,-0.23217459601624668,0.23217459601624668,5
DUISBURG-MEIDERICH SCHLEUSE UW,2026-06-30 15:26:00+00:00,18.24,18.518181540815657,-0.27818154081565893,0.27818154081565893,5
DUISBURG-MEIDERICH SCHLEUSE OW,2026-06-30 15:27:00+00:00,25.01,25.24217459601625,-0.23217459601624668,0.23217459601624668,5
DUISBURG-MEIDERICH SCHLEUSE UW,2026-06-30 15:27:00+00:00,18.24,18.518181540815657,-0.27818154081565893,0.27818154081565893,5
DUISBURG-MEIDERICH SCHLEUSE OW,2026-06-30 15:28:00+00:00,25.0,25.24217459601625,-0.24217459601624824,0.24217459601624824,5
DUISBURG-MEIDERICH SCHLEUSE UW,2026-06-30 15:28:00+00:00,18.24,18.518181540815657,-0.27818154081565893,0.27818154081565893,5
DUISBURG-MEIDERICH SCHLEUSE OW,2026-06-30 15:29:00+00:00,25.0,25.24217459601625,-0.24217459601624824,0.24217459601624824,5
DUISBURG-MEIDERICH SCHLEUSE UW,2026-06-30 15:29:00+00:00,18.24,18.518181540815657,-0.27818154081565893,0.27818154081565893,5
Basel-Rheinhalle,2026-06-30 15:30:00+00:00,518.0,515.8810119332019,2.1189880667981242,2.1189880667981242,5
DUISBURG-MEIDERICH SCHLEUSE OW,2026-06-30 15:30:00+00:00,25.0,25.24217459601625,-0.24217459601624824,0.24217459601624824,5
DUISBURG-MEIDERICH SCHLEUSE UW,2026-06-30 15:30:00+00:00,18.24,18.518181540815657,-0.27818154081565893,0.27818154081565893,5
LOBITH,2026-06-30 15:30:00+00:00,703.0,704.9962070210952,-1.9962070210951879,1.9962070210951879,5
DUISBURG-MEIDERICH SCHLEUSE OW,2026-06-30 15:31:00+00:00,25.01,25.24217459601625,-0.23217459601624668,0.23217459601624668,5
DUISBURG-MEIDERICH SCHLEUSE UW,2026-06-30 15:31:00+00:00,18.24,18.518181540815657,-0.27818154081565893,0.27818154081565893,5
DUISBURG-MEIDERICH SCHLEUSE OW,2026-06-30 15:32:00+00:00,25.01,25.24217459601625,-0.23217459601624668,0.23217459601624668,5
DUISBURG-MEIDERICH SCHLEUSE UW,2026-06-30 15:32:00+00:00,18.24,18.518181540815657,-0.27818154081565893,0.27818154081565893,5
DUISBURG-MEIDERICH SCHLEUSE OW,2026-06-30 15:33:00+00:00,25.01,25.24217459601625,-0.23217459601624668,0.23217459601624668,5
DUISBURG-MEIDERICH SCHLEUSE UW,2026-06-30 15:33:00+00:00,18.24,18.518181540815657,-0.27818154081565893,0.27818154081565893,5
DUISBURG-MEIDERICH SCHLEUSE OW,2026-06-30 15:34:00+00:00,25.01,25.24217459601625,-0.23217459601624668,0.23217459601624668,5
DUISBURG-MEIDERICH SCHLEUSE UW,2026-06-30 15:34:00+00:00,18.24,18.518181540815657,-0.27818154081565893,0.27818154081565893,5
Basel-Rheinhalle,2026-06-30 15:35:00+00:00,518.0,515.8810119332019,2.1189880667981242,2.1189880667981242,5
DUISBURG-MEIDERICH SCHLEUSE OW,2026-06-30 15:35:00+00:00,25.01,25.24217459601625,-0.23217459601624668,0.23217459601624668,5
DUISBURG-MEIDERICH SCHLEUSE UW,2026-06-30 15:35:00+00:00,18.24,18.518181540815657,-0.27818154081565893,0.27818154081565893,5
DUISBURG-MEIDERICH SCHLEUSE OW,2026-06-30 15:36:00+00:00,25.01,25.24217459601625,-0.23217459601624668,0.23217459601624668,5
DUISBURG-MEIDERICH SCHLEUSE UW,2026-06-30 15:36:00+00:00,18.24,18.518181540815657,-0.27818154081565893,0.27818154081565893,5
DUISBURG-MEIDERICH SCHLEUSE OW,2026-06-30 15:37:00+00:00,25.01,25.24217459601625,-0.23217459601624668,0.23217459601624668,5
DUISBURG-MEIDERICH SCHLEUSE UW,2026-06-30 15:37:00+00:00,18.24,18.518181540815657,-0.27818154081565893,0.27818154081565893,5
DUISBURG-MEIDERICH SCHLEUSE OW,2026-06-30 15:38:00+00:00,25.01,25.24217459601625,-0.23217459601624668,0.23217459601624668,5
DUISBURG-MEIDERICH SCHLEUSE UW,2026-06-30 15:38:00+00:00,18.24,18.518181540815657,-0.27818154081565893,0.27818154081565893,5
DUISBURG-MEIDERICH SCHLEUSE OW,2026-06-30 15:39:00+00:00,25.01,25.24217459601625,-0.23217459601624668,0.23217459601624668,5
DUISBURG-MEIDERICH SCHLEUSE UW,2026-06-30 15:39:00+00:00,18.24,18.518181540815657,-0.27818154081565893,0.27818154081565893,5
Basel-Rheinhalle,2026-06-30 15:40:00+00:00,518.0,515.7746096544955,2.2253903455044792,2.2253903455044792,5
DUISBURG-MEIDERICH SCHLEUSE OW,2026-06-30 15:40:00+00:00,25.01,25.24217459601625,-0.23217459601624668,0.23217459601624668,5
DUISBURG-MEIDERICH SCHLEUSE UW,2026-06-30 15:40:00+00:00,18.24,18.518181540815657,-0.27818154081565893,0.27818154081565893,5
LOBITH,2026-06-30 15:40:00+00:00,703.0,704.9360269870616,-1.9360269870616094,1.9360269870616094,5
DUISBURG-MEIDERICH SCHLEUSE OW,2026-06-30 15:41:00+00:00,25.01,25.24217459601625,-0.23217459601624668,0.23217459601624668,5
DUISBURG-MEIDERICH SCHLEUSE UW,2026-06-30 15:41:00+00:00,18.24,18.518181540815657,-0.27818154081565893,0.27818154081565893,5
DUISBURG-MEIDERICH SCHLEUSE OW,2026-06-30 15:42:00+00:00,25.01,25.24217459601625,-0.23217459601624668,0.23217459601624668,5
DUISBURG-MEIDERICH SCHLEUSE UW,2026-06-30 15:42:00+00:00,18.24,18.518181540815657,-0.27818154081565893,0.27818154081565893,5
DUISBURG-MEIDERICH SCHLEUSE OW,2026-06-30 15:43:00+00:00,25.01,25.24217459601625,-0.23217459601624668,0.23217459601624668,5
DUISBURG-MEIDERICH SCHLEUSE UW,2026-06-30 15:43:00+00:00,18.24,18.518181540815657,-0.27818154081565893,0.27818154081565893,5
DUISBURG-MEIDERICH SCHLEUSE OW,2026-06-30 15:44:00+00:00,25.01,25.243234110320863,-0.23323411032086128,0.23323411032086128,5
DUISBURG-MEIDERICH SCHLEUSE UW,2026-06-30 15:44:00+00:00,18.24,18.518181540815657,-0.27818154081565893,0.27818154081565893,5
Basel-Rheinhalle,2026-06-30 15:45:00+00:00,519.0,515.6194300046518,3.3805699953481962,3.3805699953481962,5
DUISBURG-MEIDERICH SCHLEUSE OW,2026-06-30 15:45:00+00:00,25.01,25.243234110320863,-0.23323411032086128,0.23323411032086128,5
DUISBURG-MEIDERICH SCHLEUSE UW,2026-06-30 15:45:00+00:00,18.24,18.518181540815657,-0.27818154081565893,0.27818154081565893,5
DUISBURG-MEIDERICH SCHLEUSE OW,2026-06-30 15:46:00+00:00,25.01,25.243234110320863,-0.23323411032086128,0.23323411032086128,5
DUISBURG-MEIDERICH SCHLEUSE UW,2026-06-30 15:46:00+00:00,18.24,18.518181540815657,-0.27818154081565893,0.27818154081565893,5
DUISBURG-MEIDERICH SCHLEUSE OW,2026-06-30 15:47:00+00:00,25.01,25.243234110320863,-0.23323411032086128,0.23323411032086128,5
DUISBURG-MEIDERICH SCHLEUSE UW,2026-06-30 15:47:00+00:00,18.24,18.518181540815657,-0.27818154081565893,0.27818154081565893,5
DUISBURG-MEIDERICH SCHLEUSE OW,2026-06-30 15:48:00+00:00,25.01,25.243234110320863,-0.23323411032086128,0.23323411032086128,5
DUISBURG-MEIDERICH SCHLEUSE UW,2026-06-30 15:48:00+00:00,18.24,18.518181540815657,-0.27818154081565893,0.27818154081565893,5
DUISBURG-MEIDERICH SCHLEUSE OW,2026-06-30 15:49:00+00:00,25.01,25.243234110320863,-0.23323411032086128,0.23323411032086128,5
DUISBURG-MEIDERICH SCHLEUSE UW,2026-06-30 15:49:00+00:00,18.24,18.518181540815657,-0.27818154081565893,0.27818154081565893,5
Basel-Rheinhalle,2026-06-30 15:50:00+00:00,520.0,515.4020812385049,4.597918761495066,4.597918761495066,5
DUISBURG-MEIDERICH SCHLEUSE OW,2026-06-30 15:50:00+00:00,25.01,25.243234110320863,-0.23323411032086128,0.23323411032086128,5
DUISBURG-MEIDERICH SCHLEUSE UW,2026-06-30 15:50:00+00:00,18.24,18.518181540815657,-0.27818154081565893,0.27818154081565893,5
LOBITH,2026-06-30 15:50:00+00:00,703.0,704.9360269870616,-1.9360269870616094,1.9360269870616094,5
DUISBURG-MEIDERICH SCHLEUSE OW,2026-06-30 15:51:00+00:00,25.01,25.243234110320863,-0.23323411032086128,0.23323411032086128,5
DUISBURG-MEIDERICH SCHLEUSE UW,2026-06-30 15:51:00+00:00,18.24,18.518181540815657,-0.27818154081565893,0.27818154081565893,5
DUISBURG-MEIDERICH SCHLEUSE OW,2026-06-30 15:52:00+00:00,25.01,25.24217459601625,-0.23217459601624668,0.23217459601624668,5
DUISBURG-MEIDERICH SCHLEUSE UW,2026-06-30 15:52:00+00:00,18.24,18.518181540815657,-0.27818154081565893,0.27818154081565893,5
DUISBURG-MEIDERICH SCHLEUSE OW,2026-06-30 15:53:00+00:00,25.01,25.24217459601625,-0.23217459601624668,0.23217459601624668,5
DUISBURG-MEIDERICH SCHLEUSE UW,2026-06-30 15:53:00+00:00,18.24,18.518181540815657,-0.27818154081565893,0.27818154081565893,5
DUISBURG-MEIDERICH SCHLEUSE OW,2026-06-30 15:54:00+00:00,25.01,25.24217459601625,-0.23217459601624668,0.23217459601624668,5
DUISBURG-MEIDERICH SCHLEUSE UW,2026-06-30 15:54:00+00:00,18.24,18.518181540815657,-0.27818154081565893,0.27818154081565893,5
Basel-Rheinhalle,2026-06-30 15:55:00+00:00,521.0,515.4020812385049,5.597918761495066,5.597918761495066,5
DUISBURG-MEIDERICH SCHLEUSE OW,2026-06-30 15:55:00+00:00,25.01,25.243234110320863,-0.23323411032086128,0.23323411032086128,5
DUISBURG-MEIDERICH SCHLEUSE UW,2026-06-30 15:55:00+00:00,18.24,18.518181540815657,-0.27818154081565893,0.27818154081565893,5
DUISBURG-MEIDERICH SCHLEUSE OW,2026-06-30 15:56:00+00:00,25.01,25.243234110320863,-0.23323411032086128,0.23323411032086128,5
DUISBURG-MEIDERICH SCHLEUSE UW,2026-06-30 15:56:00+00:00,18.23,18.518181540815657,-0.28818154081565694,0.28818154081565694,5
DUISBURG-MEIDERICH SCHLEUSE OW,2026-06-30 15:57:00+00:00,25.01,25.243234110320863,-0.23323411032086128,0.23323411032086128,5
DUISBURG-MEIDERICH SCHLEUSE UW,2026-06-30 15:57:00+00:00,18.23,18.518181540815657,-0.28818154081565694,0.28818154081565694,5
DUISBURG-MEIDERICH SCHLEUSE OW,2026-06-30 15:58:00+00:00,25.01,25.243234110320863,-0.23323411032086128,0.23323411032086128,5
DUISBURG-MEIDERICH SCHLEUSE UW,2026-06-30 15:58:00+00:00,18.23,18.518181540815657,-0.28818154081565694,0.28818154081565694,5
DUISBURG-MEIDERICH SCHLEUSE OW,2026-06-30 15:59:00+00:00,25.01,25.243234110320863,-0.23323411032086128,0.23323411032086128,5
DUISBURG-MEIDERICH SCHLEUSE UW,2026-06-30 15:59:00+00:00,18.23,18.518181540815657,-0.28818154081565694,0.28818154081565694,5
Basel-Rheinhalle,2026-06-30 16:00:00+00:00,521.0,515.1395626807139,5.86043731928612,5.86043731928612,5
DUISBURG-MEIDERICH SCHLEUSE OW,2026-06-30 16:00:00+00:00,25.01,25.01640415236295,-0.006404152362947002,0.006404152362947002,5
DUISBURG-MEIDERICH SCHLEUSE UW,2026-06-30 16:00:00+00:00,18.23,18.278128016449486,-0.0481280164494855,0.0481280164494855,5
LOBITH,2026-06-30 16:00:00+00:00,703.0,704.7389272349992,-1.7389272349992098,1.7389272349992098,5
DUISBURG-MEIDERICH SCHLEUSE OW,2026-06-30 16:01:00+00:00,25.01,25.00238217342707,0.007617826572932529,0.007617826572932529,5
DUISBURG-MEIDERICH SCHLEUSE UW,2026-06-30 16:01:00+00:00,18.23,18.264106037513606,-0.03410603751360597,0.03410603751360597,5
DUISBURG-MEIDERICH SCHLEUSE OW,2026-06-30 16:02:00+00:00,25.01,25.00238217342707,0.007617826572932529,0.007617826572932529,5
DUISBURG-MEIDERICH SCHLEUSE UW,2026-06-30 16:02:00+00:00,18.23,18.264106037513606,-0.03410603751360597,0.03410603751360597,5
DUISBURG-MEIDERICH SCHLEUSE OW,2026-06-30 16:03:00+00:00,25.01,25.260313527236796,-0.2503135272367949,0.2503135272367949,5
DUISBURG-MEIDERICH SCHLEUSE UW,2026-06-30 16:03:00+00:00,18.23,18.532650751198574,-0.30265075119857343,0.30265075119857343,5
DUISBURG-MEIDERICH SCHLEUSE OW,2026-06-30 16:04:00+00:00,25.01,25.260313527236796,-0.2503135272367949,0.2503135272367949,5
DUISBURG-MEIDERICH SCHLEUSE UW,2026-06-30 16:04:00+00:00,18.23,18.532650751198574,-0.30265075119857343,0.30265075119857343,5
Basel-Rheinhalle,2026-06-30 16:05:00+00:00,522.0,515.4857181061836,6.51428189381636,6.51428189381636,5
DUISBURG-MEIDERICH SCHLEUSE OW,2026-06-30 16:05:00+00:00,25.01,25.260313527236796,-0.2503135272367949,0.2503135272367949,5
DUISBURG-MEIDERICH SCHLEUSE UW,2026-06-30 16:05:00+00:00,18.23,18.532650751198574,-0.30265075119857343,0.30265075119857343,5
DUISBURG-MEIDERICH SCHLEUSE OW,2026-06-30 16:06:00+00:00,25.01,25.260313527236796,-0.2503135272367949,0.2503135272367949,5
DUISBURG-MEIDERICH SCHLEUSE UW,2026-06-30 16:06:00+00:00,18.23,18.532650751198574,-0.30265075119857343,0.30265075119857343,5
DUISBURG-MEIDERICH SCHLEUSE OW,2026-06-30 16:07:00+00:00,25.01,25.260313527236796,-0.2503135272367949,0.2503135272367949,5
DUISBURG-MEIDERICH SCHLEUSE UW,2026-06-30 16:07:00+00:00,18.23,18.532650751198574,-0.30265075119857343,0.30265075119857343,5
DUISBURG-MEIDERICH SCHLEUSE OW,2026-06-30 16:08:00+00:00,25.01,25.260313527236796,-0.2503135272367949,0.2503135272367949,5
DUISBURG-MEIDERICH SCHLEUSE UW,2026-06-30 16:08:00+00:00,18.23,18.532650751198574,-0.30265075119857343,0.30265075119857343,5
DUISBURG-MEIDERICH SCHLEUSE OW,2026-06-30 16:09:00+00:00,25.01,25.260313527236796,-0.2503135272367949,0.2503135272367949,5
DUISBURG-MEIDERICH SCHLEUSE UW,2026-06-30 16:09:00+00:00,18.23,18.532650751198574,-0.30265075119857343,0.30265075119857343,5
Basel-Rheinhalle,2026-06-30 16:10:00+00:00,522.0,515.8178330904786,6.1821669095213565,6.1821669095213565,5
DUISBURG-MEIDERICH SCHLEUSE OW,2026-06-30 16:10:00+00:00,25.01,25.260313527236796,-0.2503135272367949,0.2503135272367949,5
DUISBURG-MEIDERICH SCHLEUSE UW,2026-06-30 16:10:00+00:00,18.23,18.532650751198574,-0.30265075119857343,0.30265075119857343,5
LOBITH,2026-06-30 16:10:00+00:00,703.0,704.4286444588392,-1.4286444588392442,1.4286444588392442,5
DUISBURG-MEIDERICH SCHLEUSE OW,2026-06-30 16:11:00+00:00,25.01,25.260313527236796,-0.2503135272367949,0.2503135272367949,5
DUISBURG-MEIDERICH SCHLEUSE UW,2026-06-30 16:11:00+00:00,18.23,18.532650751198574,-0.30265075119857343,0.30265075119857343,5
DUISBURG-MEIDERICH SCHLEUSE OW,2026-06-30 16:12:00+00:00,25.01,25.260313527236796,-0.2503135272367949,0.2503135272367949,5
DUISBURG-MEIDERICH SCHLEUSE UW,2026-06-30 16:12:00+00:00,18.23,18.532650751198574,-0.30265075119857343,0.30265075119857343,5
DUISBURG-MEIDERICH SCHLEUSE OW,2026-06-30 16:13:00+00:00,25.01,25.260313527236796,-0.2503135272367949,0.2503135272367949,5
DUISBURG-MEIDERICH SCHLEUSE UW,2026-06-30 16:13:00+00:00,18.23,18.532650751198574,-0.30265075119857343,0.30265075119857343,5
DUISBURG-MEIDERICH SCHLEUSE OW,2026-06-30 16:14:00+00:00,25.01,25.260313527236796,-0.2503135272367949,0.2503135272367949,5
DUISBURG-MEIDERICH SCHLEUSE UW,2026-06-30 16:14:00+00:00,18.23,18.532650751198574,-0.30265075119857343,0.30265075119857343,5
Basel-Rheinhalle,2026-06-30 16:15:00+00:00,522.0,515.0813370573646,6.918662942635365,6.918662942635365,5
DUISBURG-MEIDERICH SCHLEUSE OW,2026-06-30 16:15:00+00:00,25.01,25.260313527236796,-0.2503135272367949,0.2503135272367949,5
DUISBURG-MEIDERICH SCHLEUSE UW,2026-06-30 16:15:00+00:00,18.23,18.532650751198574,-0.30265075119857343,0.30265075119857343,5
DUISBURG-MEIDERICH SCHLEUSE OW,2026-06-30 16:16:00+00:00,25.01,25.260313527236796,-0.2503135272367949,0.2503135272367949,5
DUISBURG-MEIDERICH SCHLEUSE UW,2026-06-30 16:16:00+00:00,18.23,18.532650751198574,-0.30265075119857343,0.30265075119857343,5
DUISBURG-MEIDERICH SCHLEUSE OW,2026-06-30 16:17:00+00:00,25.01,25.260313527236796,-0.2503135272367949,0.2503135272367949,5
DUISBURG-MEIDERICH SCHLEUSE UW,2026-06-30 16:17:00+00:00,18.23,18.532650751198574,-0.30265075119857343,0.30265075119857343,5
DUISBURG-MEIDERICH SCHLEUSE OW,2026-06-30 16:18:00+00:00,25.01,25.260313527236796,-0.2503135272367949,0.2503135272367949,5
DUISBURG-MEIDERICH SCHLEUSE UW,2026-06-30 16:18:00+00:00,18.23,18.532650751198574,-0.30265075119857343,0.30265075119857343,5
DUISBURG-MEIDERICH SCHLEUSE OW,2026-06-30 16:19:00+00:00,25.01,25.260313527236796,-0.2503135272367949,0.2503135272367949,5
DUISBURG-MEIDERICH SCHLEUSE UW,2026-06-30 16:19:00+00:00,18.23,18.532650751198574,-0.30265075119857343,0.30265075119857343,5
Basel-Rheinhalle,2026-06-30 16:20:00+00:00,521.0,514.7665548002599,6.2334451997401175,6.2334451997401175,5
DUISBURG-MEIDERICH SCHLEUSE OW,2026-06-30 16:20:00+00:00,25.01,25.260313527236796,-0.2503135272367949,0.2503135272367949,5
DUISBURG-MEIDERICH SCHLEUSE UW,2026-06-30 16:20:00+00:00,18.23,18.532650751198574,-0.30265075119857343,0.30265075119857343,5
LOBITH,2026-06-30 16:20:00+00:00,703.0,704.439915983033,-1.4399159830329609,1.4399159830329609,5
DUISBURG-MEIDERICH SCHLEUSE OW,2026-06-30 16:21:00+00:00,25.01,25.260313527236796,-0.2503135272367949,0.2503135272367949,5
DUISBURG-MEIDERICH SCHLEUSE UW,2026-06-30 16:21:00+00:00,18.23,18.532650751198574,-0.30265075119857343,0.30265075119857343,5
DUISBURG-MEIDERICH SCHLEUSE OW,2026-06-30 16:22:00+00:00,25.01,25.260313527236796,-0.2503135272367949,0.2503135272367949,5
DUISBURG-MEIDERICH SCHLEUSE UW,2026-06-30 16:22:00+00:00,18.23,18.532650751198574,-0.30265075119857343,0.30265075119857343,5
DUISBURG-MEIDERICH SCHLEUSE OW,2026-06-30 16:23:00+00:00,25.01,25.260313527236796,-0.2503135272367949,0.2503135272367949,5
DUISBURG-MEIDERICH SCHLEUSE UW,2026-06-30 16:23:00+00:00,18.23,18.532650751198574,-0.30265075119857343,0.30265075119857343,5
DUISBURG-MEIDERICH SCHLEUSE OW,2026-06-30 16:24:00+00:00,25.01,25.260313527236796,-0.2503135272367949,0.2503135272367949,5
DUISBURG-MEIDERICH SCHLEUSE UW,2026-06-30 16:24:00+00:00,18.23,18.532650751198574,-0.30265075119857343,0.30265075119857343,5
Basel-Rheinhalle,2026-06-30 16:25:00+00:00,520.0,513.4988327084383,6.501167291561728,6.501167291561728,5
DUISBURG-MEIDERICH SCHLEUSE OW,2026-06-30 16:25:00+00:00,25.01,25.260313527236796,-0.2503135272367949,0.2503135272367949,5
DUISBURG-MEIDERICH SCHLEUSE UW,2026-06-30 16:25:00+00:00,18.23,18.532650751198574,-0.30265075119857343,0.30265075119857343,5
DUISBURG-MEIDERICH SCHLEUSE OW,2026-06-30 16:26:00+00:00,25.01,25.260313527236796,-0.2503135272367949,0.2503135272367949,5
DUISBURG-MEIDERICH SCHLEUSE UW,2026-06-30 16:26:00+00:00,18.23,18.532650751198574,-0.30265075119857343,0.30265075119857343,5
DUISBURG-MEIDERICH SCHLEUSE OW,2026-06-30 16:27:00+00:00,25.01,25.260313527236796,-0.2503135272367949,0.2503135272367949,5
DUISBURG-MEIDERICH SCHLEUSE UW,2026-06-30 16:27:00+00:00,18.23,18.532650751198574,-0.30265075119857343,0.30265075119857343,5
DUISBURG-MEIDERICH SCHLEUSE OW,2026-06-30 16:28:00+00:00,25.01,25.260313527236796,-0.2503135272367949,0.2503135272367949,5
DUISBURG-MEIDERICH SCHLEUSE UW,2026-06-30 16:28:00+00:00,18.23,18.532650751198574,-0.30265075119857343,0.30265075119857343,5
DUISBURG-MEIDERICH SCHLEUSE OW,2026-06-30 16:29:00+00:00,25.01,25.260313527236796,-0.2503135272367949,0.2503135272367949,5
DUISBURG-MEIDERICH SCHLEUSE UW,2026-06-30 16:29:00+00:00,18.23,18.532650751198574,-0.30265075119857343,0.30265075119857343,5
Basel-Rheinhalle,2026-06-30 16:30:00+00:00,520.0,513.2794186511907,6.720581348809333,6.720581348809333,5
DUISBURG-MEIDERICH SCHLEUSE OW,2026-06-30 16:30:00+00:00,25.01,25.260313527236796,-0.2503135272367949,0.2503135272367949,5
DUISBURG-MEIDERICH SCHLEUSE UW,2026-06-30 16:30:00+00:00,18.23,18.532650751198574,-0.30265075119857343,0.30265075119857343,5
LOBITH,2026-06-30 16:30:00+00:00,703.0,704.5658110966966,-1.5658110966966206,1.5658110966966206,5
DUISBURG-MEIDERICH SCHLEUSE OW,2026-06-30 16:31:00+00:00,25.01,25.260313527236796,-0.2503135272367949,0.2503135272367949,5
DUISBURG-MEIDERICH SCHLEUSE UW,2026-06-30 16:31:00+00:00,18.23,18.532650751198574,-0.30265075119857343,0.30265075119857343,5
DUISBURG-MEIDERICH SCHLEUSE OW,2026-06-30 16:32:00+00:00,25.01,25.260313527236796,-0.2503135272367949,0.2503135272367949,5
DUISBURG-MEIDERICH SCHLEUSE UW,2026-06-30 16:32:00+00:00,18.23,18.532650751198574,-0.30265075119857343,0.30265075119857343,5
DUISBURG-MEIDERICH SCHLEUSE OW,2026-06-30 16:33:00+00:00,25.0,25.260313527236796,-0.26031352723679646,0.26031352723679646,5
DUISBURG-MEIDERICH SCHLEUSE UW,2026-06-30 16:33:00+00:00,18.23,18.532650751198574,-0.30265075119857343,0.30265075119857343,5
DUISBURG-MEIDERICH SCHLEUSE OW,2026-06-30 16:34:00+00:00,25.0,25.260313527236796,-0.26031352723679646,0.26031352723679646,5
DUISBURG-MEIDERICH SCHLEUSE UW,2026-06-30 16:34:00+00:00,18.23,18.532650751198574,-0.30265075119857343,0.30265075119857343,5
Basel-Rheinhalle,2026-06-30 16:35:00+00:00,522.0,513.2962049603004,8.703795039699571,8.703795039699571,5
DUISBURG-MEIDERICH SCHLEUSE OW,2026-06-30 16:35:00+00:00,25.0,25.260313527236796,-0.26031352723679646,0.26031352723679646,5
DUISBURG-MEIDERICH SCHLEUSE UW,2026-06-30 16:35:00+00:00,18.23,18.532650751198574,-0.30265075119857343,0.30265075119857343,5
DUISBURG-MEIDERICH SCHLEUSE OW,2026-06-30 16:36:00+00:00,25.0,25.260313527236796,-0.26031352723679646,0.26031352723679646,5
DUISBURG-MEIDERICH SCHLEUSE UW,2026-06-30 16:36:00+00:00,18.23,18.532650751198574,-0.30265075119857343,0.30265075119857343,5
DUISBURG-MEIDERICH SCHLEUSE OW,2026-06-30 16:37:00+00:00,25.0,25.260313527236796,-0.26031352723679646,0.26031352723679646,5
DUISBURG-MEIDERICH SCHLEUSE UW,2026-06-30 16:37:00+00:00,18.23,18.532650751198574,-0.30265075119857343,0.30265075119857343,5
DUISBURG-MEIDERICH SCHLEUSE OW,2026-06-30 16:38:00+00:00,25.0,25.260313527236796,-0.26031352723679646,0.26031352723679646,5
DUISBURG-MEIDERICH SCHLEUSE UW,2026-06-30 16:38:00+00:00,18.23,18.532650751198574,-0.30265075119857343,0.30265075119857343,5
DUISBURG-MEIDERICH SCHLEUSE OW,2026-06-30 16:39:00+00:00,25.0,25.260313527236796,-0.26031352723679646,0.26031352723679646,5
DUISBURG-MEIDERICH SCHLEUSE UW,2026-06-30 16:39:00+00:00,18.23,18.532650751198574,-0.30265075119857343,0.30265075119857343,5
Basel-Rheinhalle,2026-06-30 16:40:00+00:00,524.0,513.5135537264473,10.486446273552701,10.486446273552701,5
DUISBURG-MEIDERICH SCHLEUSE OW,2026-06-30 16:40:00+00:00,25.0,25.260313527236796,-0.26031352723679646,0.26031352723679646,5
DUISBURG-MEIDERICH SCHLEUSE UW,2026-06-30 16:40:00+00:00,18.24,18.532650751198574,-0.2926507511985754,0.2926507511985754,5
LOBITH,2026-06-30 16:40:00+00:00,704.0,704.6715154527583,-0.6715154527582854,0.6715154527582854,5
DUISBURG-MEIDERICH SCHLEUSE OW,2026-06-30 16:41:00+00:00,25.0,25.260313527236796,-0.26031352723679646,0.26031352723679646,5
DUISBURG-MEIDERICH SCHLEUSE UW,2026-06-30 16:41:00+00:00,18.24,18.532650751198574,-0.2926507511985754,0.2926507511985754,5
DUISBURG-MEIDERICH SCHLEUSE OW,2026-06-30 16:42:00+00:00,25.01,25.260313527236796,-0.2503135272367949,0.2503135272367949,5
DUISBURG-MEIDERICH SCHLEUSE UW,2026-06-30 16:42:00+00:00,18.24,18.532650751198574,-0.2926507511985754,0.2926507511985754,5
DUISBURG-MEIDERICH SCHLEUSE OW,2026-06-30 16:43:00+00:00,25.01,25.260313527236796,-0.2503135272367949,0.2503135272367949,5
DUISBURG-MEIDERICH SCHLEUSE UW,2026-06-30 16:43:00+00:00,18.24,18.532650751198574,-0.2926507511985754,0.2926507511985754,5
DUISBURG-MEIDERICH SCHLEUSE OW,2026-06-30 16:44:00+00:00,25.01,25.260313527236796,-0.2503135272367949,0.2503135272367949,5
DUISBURG-MEIDERICH SCHLEUSE UW,2026-06-30 16:44:00+00:00,18.24,18.532650751198574,-0.2926507511985754,0.2926507511985754,5
Basel-Rheinhalle,2026-06-30 16:45:00+00:00,525.0,513.424069255269,11.575930744730954,11.575930744730954,5
DUISBURG-MEIDERICH SCHLEUSE OW,2026-06-30 16:45:00+00:00,25.01,25.260313527236796,-0.2503135272367949,0.2503135272367949,5
DUISBURG-MEIDERICH SCHLEUSE UW,2026-06-30 16:45:00+00:00,18.24,18.532650751198574,-0.2926507511985754,0.2926507511985754,5
DUISBURG-MEIDERICH SCHLEUSE OW,2026-06-30 16:46:00+00:00,25.01,25.260313527236796,-0.2503135272367949,0.2503135272367949,5
DUISBURG-MEIDERICH SCHLEUSE UW,2026-06-30 16:46:00+00:00,18.24,18.532650751198574,-0.2926507511985754,0.2926507511985754,5
DUISBURG-MEIDERICH SCHLEUSE OW,2026-06-30 16:47:00+00:00,25.01,25.260313527236796,-0.2503135272367949,0.2503135272367949,5
DUISBURG-MEIDERICH SCHLEUSE UW,2026-06-30 16:47:00+00:00,18.24,18.532650751198574,-0.2926507511985754,0.2926507511985754,5
DUISBURG-MEIDERICH SCHLEUSE OW,2026-06-30 16:48:00+00:00,25.01,25.260313527236796,-0.2503135272367949,0.2503135272367949,5
DUISBURG-MEIDERICH SCHLEUSE UW,2026-06-30 16:48:00+00:00,18.24,18.532650751198574,-0.2926507511985754,0.2926507511985754,5
DUISBURG-MEIDERICH SCHLEUSE OW,2026-06-30 16:49:00+00:00,25.01,25.260313527236796,-0.2503135272367949,0.2503135272367949,5
DUISBURG-MEIDERICH SCHLEUSE UW,2026-06-30 16:49:00+00:00,18.24,18.532650751198574,-0.2926507511985754,0.2926507511985754,5
Basel-Rheinhalle,2026-06-30 16:50:00+00:00,525.0,513.3430463141723,11.656953685827716,11.656953685827716,5
DUISBURG-MEIDERICH SCHLEUSE OW,2026-06-30 16:50:00+00:00,25.01,25.260313527236796,-0.2503135272367949,0.2503135272367949,5
DUISBURG-MEIDERICH SCHLEUSE UW,2026-06-30 16:50:00+00:00,18.24,18.532650751198574,-0.2926507511985754,0.2926507511985754,5
LOBITH,2026-06-30 16:50:00+00:00,704.0,704.8385037193277,-0.8385037193277185,0.8385037193277185,5
DUISBURG-MEIDERICH SCHLEUSE OW,2026-06-30 16:51:00+00:00,25.0,25.260313527236796,-0.26031352723679646,0.26031352723679646,5
DUISBURG-MEIDERICH SCHLEUSE UW,2026-06-30 16:51:00+00:00,18.24,18.532650751198574,-0.2926507511985754,0.2926507511985754,5
DUISBURG-MEIDERICH SCHLEUSE OW,2026-06-30 16:52:00+00:00,25.0,25.260313527236796,-0.26031352723679646,0.26031352723679646,5
DUISBURG-MEIDERICH SCHLEUSE UW,2026-06-30 16:52:00+00:00,18.24,18.532650751198574,-0.2926507511985754,0.2926507511985754,5
DUISBURG-MEIDERICH SCHLEUSE OW,2026-06-30 16:53:00+00:00,25.0,25.260313527236796,-0.26031352723679646,0.26031352723679646,5
DUISBURG-MEIDERICH SCHLEUSE UW,2026-06-30 16:53:00+00:00,18.24,18.532650751198574,-0.2926507511985754,0.2926507511985754,5
DUISBURG-MEIDERICH SCHLEUSE OW,2026-06-30 16:54:00+00:00,25.0,25.260313527236796,-0.26031352723679646,0.26031352723679646,5
DUISBURG-MEIDERICH SCHLEUSE UW,2026-06-30 16:54:00+00:00,18.24,18.532650751198574,-0.2926507511985754,0.2926507511985754,5
Basel-Rheinhalle,2026-06-30 16:55:00+00:00,526.0,513.4404798051302,12.559520194869833,12.559520194869833,5
DUISBURG-MEIDERICH SCHLEUSE OW,2026-06-30 16:55:00+00:00,25.0,25.260313527236796,-0.26031352723679646,0.26031352723679646,5
DUISBURG-MEIDERICH SCHLEUSE UW,2026-06-30 16:55:00+00:00,18.24,18.532650751198574,-0.2926507511985754,0.2926507511985754,5
DUISBURG-MEIDERICH SCHLEUSE OW,2026-06-30 16:56:00+00:00,25.0,25.260313527236796,-0.26031352723679646,0.26031352723679646,5
DUISBURG-MEIDERICH SCHLEUSE UW,2026-06-30 16:56:00+00:00,18.24,18.532650751198574,-0.2926507511985754,0.2926507511985754,5
DUISBURG-MEIDERICH SCHLEUSE OW,2026-06-30 16:57:00+00:00,25.0,25.259254012932182,-0.25925401293218187,0.25925401293218187,5
DUISBURG-MEIDERICH SCHLEUSE UW,2026-06-30 16:57:00+00:00,18.24,18.532650751198574,-0.2926507511985754,0.2926507511985754,5
DUISBURG-MEIDERICH SCHLEUSE OW,2026-06-30 16:58:00+00:00,25.0,25.259254012932182,-0.25925401293218187,0.25925401293218187,5
DUISBURG-MEIDERICH SCHLEUSE UW,2026-06-30 16:58:00+00:00,18.24,18.532650751198574,-0.2926507511985754,0.2926507511985754,5
DUISBURG-MEIDERICH SCHLEUSE OW,2026-06-30 16:59:00+00:00,25.0,25.259254012932182,-0.25925401293218187,0.25925401293218187,5
DUISBURG-MEIDERICH SCHLEUSE UW,2026-06-30 16:59:00+00:00,18.24,18.532650751198574,-0.2926507511985754,0.2926507511985754,5
Basel-Rheinhalle,2026-06-30 17:00:00+00:00,526.0,513.3764829212028,12.62351707879725,12.62351707879725,5
DUISBURG-MEIDERICH SCHLEUSE OW,2026-06-30 17:00:00+00:00,25.0,25.233520908260306,-0.23352090826030647,0.23352090826030647,5
DUISBURG-MEIDERICH SCHLEUSE UW,2026-06-30 17:00:00+00:00,18.24,18.5074375524054,-0.2674375524054007,0.2674375524054007,5
LOBITH,2026-06-30 17:00:00+00:00,644.0,705.1335991943134,-61.13359919431343,61.13359919431343,5
DUISBURG-MEIDERICH SCHLEUSE OW,2026-06-30 17:01:00+00:00,25.0,25.24737830726422,-0.2473783072642206,0.2473783072642206,5
DUISBURG-MEIDERICH SCHLEUSE UW,2026-06-30 17:01:00+00:00,18.24,18.521294951409313,-0.2812949514093148,0.2812949514093148,5
DUISBURG-MEIDERICH SCHLEUSE OW,2026-06-30 17:02:00+00:00,25.0,25.24737830726422,-0.2473783072642206,0.2473783072642206,5
DUISBURG-MEIDERICH SCHLEUSE UW,2026-06-30 17:02:00+00:00,18.24,18.521294951409313,-0.2812949514093148,0.2812949514093148,5
DUISBURG-MEIDERICH SCHLEUSE OW,2026-06-30 17:03:00+00:00,25.0,25.233520908260306,-0.23352090826030647,0.23352090826030647,5
DUISBURG-MEIDERICH SCHLEUSE UW,2026-06-30 17:03:00+00:00,18.24,18.5074375524054,-0.2674375524054007,0.2674375524054007,5
DUISBURG-MEIDERICH SCHLEUSE OW,2026-06-30 17:04:00+00:00,25.0,25.233520908260306,-0.23352090826030647,0.23352090826030647,5
DUISBURG-MEIDERICH SCHLEUSE UW,2026-06-30 17:04:00+00:00,18.24,18.5074375524054,-0.2674375524054007,0.2674375524054007,5
Basel-Rheinhalle,2026-06-30 17:05:00+00:00,527.0,513.0988941898031,13.901105810196896,13.901105810196896,5
DUISBURG-MEIDERICH SCHLEUSE OW,2026-06-30 17:05:00+00:00,25.0,25.233520908260306,-0.23352090826030647,0.23352090826030647,5
DUISBURG-MEIDERICH SCHLEUSE UW,2026-06-30 17:05:00+00:00,18.24,18.5074375524054,-0.2674375524054007,0.2674375524054007,5
DUISBURG-MEIDERICH SCHLEUSE OW,2026-06-30 17:06:00+00:00,25.01,25.23458042256492,-0.2245804225649195,0.2245804225649195,5
DUISBURG-MEIDERICH SCHLEUSE UW,2026-06-30 17:06:00+00:00,18.24,18.5074375524054,-0.2674375524054007,0.2674375524054007,5
DUISBURG-MEIDERICH SCHLEUSE OW,2026-06-30 17:07:00+00:00,25.01,25.23458042256492,-0.2245804225649195,0.2245804225649195,5
DUISBURG-MEIDERICH SCHLEUSE UW,2026-06-30 17:07:00+00:00,18.24,18.5074375524054,-0.2674375524054007,0.2674375524054007,5
DUISBURG-MEIDERICH SCHLEUSE OW,2026-06-30 17:08:00+00:00,25.01,25.23458042256492,-0.2245804225649195,0.2245804225649195,5
DUISBURG-MEIDERICH SCHLEUSE UW,2026-06-30 17:08:00+00:00,18.24,18.5074375524054,-0.2674375524054007,0.2674375524054007,5
DUISBURG-MEIDERICH SCHLEUSE OW,2026-06-30 17:09:00+00:00,25.0,25.23458042256492,-0.23458042256492107,0.23458042256492107,5
DUISBURG-MEIDERICH SCHLEUSE UW,2026-06-30 17:09:00+00:00,18.24,18.5074375524054,-0.2674375524054007,0.2674375524054007,5
Basel-Rheinhalle,2026-06-30 17:10:00+00:00,527.0,513.0988941898031,13.901105810196896,13.901105810196896,5
DUISBURG-MEIDERICH SCHLEUSE OW,2026-06-30 17:10:00+00:00,25.0,25.23458042256492,-0.23458042256492107,0.23458042256492107,5
DUISBURG-MEIDERICH SCHLEUSE UW,2026-06-30 17:10:00+00:00,18.24,18.5074375524054,-0.2674375524054007,0.2674375524054007,5
LOBITH,2026-06-30 17:10:00+00:00,642.0,704.9470070831617,-62.94700708316168,62.94700708316168,5
DUISBURG-MEIDERICH SCHLEUSE OW,2026-06-30 17:11:00+00:00,25.0,25.23458042256492,-0.23458042256492107,0.23458042256492107,5
DUISBURG-MEIDERICH SCHLEUSE UW,2026-06-30 17:11:00+00:00,18.24,18.5074375524054,-0.2674375524054007,0.2674375524054007,5
DUISBURG-MEIDERICH SCHLEUSE OW,2026-06-30 17:12:00+00:00,25.0,25.23458042256492,-0.23458042256492107,0.23458042256492107,5
DUISBURG-MEIDERICH SCHLEUSE UW,2026-06-30 17:12:00+00:00,18.24,18.5074375524054,-0.2674375524054007,0.2674375524054007,5
DUISBURG-MEIDERICH SCHLEUSE OW,2026-06-30 17:13:00+00:00,25.0,25.23458042256492,-0.23458042256492107,0.23458042256492107,5
DUISBURG-MEIDERICH SCHLEUSE UW,2026-06-30 17:13:00+00:00,18.24,18.5074375524054,-0.2674375524054007,0.2674375524054007,5
DUISBURG-MEIDERICH SCHLEUSE OW,2026-06-30 17:14:00+00:00,25.0,25.23458042256492,-0.23458042256492107,0.23458042256492107,5
DUISBURG-MEIDERICH SCHLEUSE UW,2026-06-30 17:14:00+00:00,18.24,18.5074375524054,-0.2674375524054007,0.2674375524054007,5
Basel-Rheinhalle,2026-06-30 17:15:00+00:00,527.0,513.3764829212028,13.62351707879725,13.62351707879725,5
DUISBURG-MEIDERICH SCHLEUSE OW,2026-06-30 17:15:00+00:00,25.0,25.233520908260306,-0.23352090826030647,0.23352090826030647,5
DUISBURG-MEIDERICH SCHLEUSE UW,2026-06-30 17:15:00+00:00,18.24,18.5074375524054,-0.2674375524054007,0.2674375524054007,5
DUISBURG-MEIDERICH SCHLEUSE OW,2026-06-30 17:16:00+00:00,25.0,25.233520908260306,-0.23352090826030647,0.23352090826030647,5
DUISBURG-MEIDERICH SCHLEUSE UW,2026-06-30 17:16:00+00:00,18.24,18.5074375524054,-0.2674375524054007,0.2674375524054007,5
DUISBURG-MEIDERICH SCHLEUSE OW,2026-06-30 17:17:00+00:00,25.0,25.233520908260306,-0.23352090826030647,0.23352090826030647,5
DUISBURG-MEIDERICH SCHLEUSE UW,2026-06-30 17:17:00+00:00,18.24,18.5074375524054,-0.2674375524054007,0.2674375524054007,5
DUISBURG-MEIDERICH SCHLEUSE OW,2026-06-30 17:18:00+00:00,25.0,25.233520908260306,-0.23352090826030647,0.23352090826030647,5
DUISBURG-MEIDERICH SCHLEUSE UW,2026-06-30 17:18:00+00:00,18.24,18.5074375524054,-0.2674375524054007,0.2674375524054007,5
DUISBURG-MEIDERICH SCHLEUSE OW,2026-06-30 17:19:00+00:00,25.0,25.233520908260306,-0.23352090826030647,0.23352090826030647,5
DUISBURG-MEIDERICH SCHLEUSE UW,2026-06-30 17:19:00+00:00,18.24,18.5074375524054,-0.2674375524054007,0.2674375524054007,5
Basel-Rheinhalle,2026-06-30 17:20:00+00:00,528.0,513.3764829212028,14.62351707879725,14.62351707879725,5
DUISBURG-MEIDERICH SCHLEUSE OW,2026-06-30 17:20:00+00:00,25.0,25.233520908260306,-0.23352090826030647,0.23352090826030647,5
DUISBURG-MEIDERICH SCHLEUSE UW,2026-06-30 17:20:00+00:00,18.24,18.5074375524054,-0.2674375524054007,0.2674375524054007,5
DUISBURG-MEIDERICH SCHLEUSE OW,2026-06-30 17:21:00+00:00,25.0,25.233520908260306,-0.23352090826030647,0.23352090826030647,5
DUISBURG-MEIDERICH SCHLEUSE UW,2026-06-30 17:21:00+00:00,18.24,18.5074375524054,-0.2674375524054007,0.2674375524054007,5
DUISBURG-MEIDERICH SCHLEUSE OW,2026-06-30 17:22:00+00:00,25.0,25.233520908260306,-0.23352090826030647,0.23352090826030647,5
DUISBURG-MEIDERICH SCHLEUSE UW,2026-06-30 17:22:00+00:00,18.24,18.5074375524054,-0.2674375524054007,0.2674375524054007,5
DUISBURG-MEIDERICH SCHLEUSE OW,2026-06-30 17:23:00+00:00,25.0,25.233520908260306,-0.23352090826030647,0.23352090826030647,5
DUISBURG-MEIDERICH SCHLEUSE UW,2026-06-30 17:23:00+00:00,18.24,18.5074375524054,-0.2674375524054007,0.2674375524054007,5
DUISBURG-MEIDERICH SCHLEUSE OW,2026-06-30 17:24:00+00:00,25.01,25.233520908260306,-0.2235209082603049,0.2235209082603049,5
DUISBURG-MEIDERICH SCHLEUSE UW,2026-06-30 17:24:00+00:00,18.24,18.5074375524054,-0.2674375524054007,0.2674375524054007,5
Basel-Rheinhalle,2026-06-30 17:25:00+00:00,527.0,513.5851767090115,13.414823290988465,13.414823290988465,5
DUISBURG-MEIDERICH SCHLEUSE OW,2026-06-30 17:25:00+00:00,25.01,25.233520908260306,-0.2235209082603049,0.2235209082603049,5
DUISBURG-MEIDERICH SCHLEUSE UW,2026-06-30 17:25:00+00:00,18.24,18.5074375524054,-0.2674375524054007,0.2674375524054007,5
DUISBURG-MEIDERICH SCHLEUSE OW,2026-06-30 17:26:00+00:00,25.01,25.233520908260306,-0.2235209082603049,0.2235209082603049,5
DUISBURG-MEIDERICH SCHLEUSE UW,2026-06-30 17:26:00+00:00,18.24,18.5074375524054,-0.2674375524054007,0.2674375524054007,5
DUISBURG-MEIDERICH SCHLEUSE OW,2026-06-30 17:27:00+00:00,25.01,25.233520908260306,-0.2235209082603049,0.2235209082603049,5
DUISBURG-MEIDERICH SCHLEUSE UW,2026-06-30 17:27:00+00:00,18.24,18.5074375524054,-0.2674375524054007,0.2674375524054007,5
DUISBURG-MEIDERICH SCHLEUSE OW,2026-06-30 17:28:00+00:00,25.01,25.233520908260306,-0.2235209082603049,0.2235209082603049,5
DUISBURG-MEIDERICH SCHLEUSE UW,2026-06-30 17:28:00+00:00,18.24,18.5074375524054,-0.2674375524054007,0.2674375524054007,5
DUISBURG-MEIDERICH SCHLEUSE OW,2026-06-30 17:29:00+00:00,25.01,25.233520908260306,-0.2235209082603049,0.2235209082603049,5
DUISBURG-MEIDERICH SCHLEUSE UW,2026-06-30 17:29:00+00:00,18.24,18.5074375524054,-0.2674375524054007,0.2674375524054007,5
Basel-Rheinhalle,2026-06-30 17:30:00+00:00,526.0,513.5911526757892,12.408847324210797,12.408847324210797,5
DUISBURG-MEIDERICH SCHLEUSE OW,2026-06-30 17:30:00+00:00,25.01,25.23458042256492,-0.2245804225649195,0.2245804225649195,5
DUISBURG-MEIDERICH SCHLEUSE UW,2026-06-30 17:30:00+00:00,18.24,18.5074375524054,-0.2674375524054007,0.2674375524054007,5
DUISBURG-MEIDERICH SCHLEUSE OW,2026-06-30 17:31:00+00:00,25.01,25.23458042256492,-0.2245804225649195,0.2245804225649195,5
DUISBURG-MEIDERICH SCHLEUSE UW,2026-06-30 17:31:00+00:00,18.24,18.5074375524054,-0.2674375524054007,0.2674375524054007,5
DUISBURG-MEIDERICH SCHLEUSE OW,2026-06-30 17:32:00+00:00,25.01,25.23458042256492,-0.2245804225649195,0.2245804225649195,5
DUISBURG-MEIDERICH SCHLEUSE UW,2026-06-30 17:32:00+00:00,18.24,18.5074375524054,-0.2674375524054007,0.2674375524054007,5
DUISBURG-MEIDERICH SCHLEUSE OW,2026-06-30 17:33:00+00:00,25.01,25.233520908260306,-0.2235209082603049,0.2235209082603049,5
DUISBURG-MEIDERICH SCHLEUSE UW,2026-06-30 17:33:00+00:00,18.24,18.5074375524054,-0.2674375524054007,0.2674375524054007,5
DUISBURG-MEIDERICH SCHLEUSE OW,2026-06-30 17:34:00+00:00,25.01,25.233520908260306,-0.2235209082603049,0.2235209082603049,5
DUISBURG-MEIDERICH SCHLEUSE UW,2026-06-30 17:34:00+00:00,18.24,18.5074375524054,-0.2674375524054007,0.2674375524054007,5
Basel-Rheinhalle,2026-06-30 17:35:00+00:00,525.0,513.9489600737708,11.051039926229237,11.051039926229237,5
DUISBURG-MEIDERICH SCHLEUSE OW,2026-06-30 17:35:00+00:00,25.0,25.233520908260306,-0.23352090826030647,0.23352090826030647,5
DUISBURG-MEIDERICH SCHLEUSE UW,2026-06-30 17:35:00+00:00,18.24,18.5074375524054,-0.2674375524054007,0.2674375524054007,5
DUISBURG-MEIDERICH SCHLEUSE OW,2026-06-30 17:36:00+00:00,25.0,25.233520908260306,-0.23352090826030647,0.23352090826030647,5
DUISBURG-MEIDERICH SCHLEUSE UW,2026-06-30 17:36:00+00:00,18.24,18.5074375524054,-0.2674375524054007,0.2674375524054007,5
DUISBURG-MEIDERICH SCHLEUSE OW,2026-06-30 17:37:00+00:00,25.0,25.233520908260306,-0.23352090826030647,0.23352090826030647,5
DUISBURG-MEIDERICH SCHLEUSE UW,2026-06-30 17:37:00+00:00,18.24,18.5074375524054,-0.2674375524054007,0.2674375524054007,5
DUISBURG-MEIDERICH SCHLEUSE OW,2026-06-30 17:38:00+00:00,25.0,25.233520908260306,-0.23352090826030647,0.23352090826030647,5
DUISBURG-MEIDERICH SCHLEUSE UW,2026-06-30 17:38:00+00:00,18.24,18.5074375524054,-0.2674375524054007,0.2674375524054007,5
DUISBURG-MEIDERICH SCHLEUSE OW,2026-06-30 17:39:00+00:00,25.01,25.233520908260306,-0.2235209082603049,0.2235209082603049,5
DUISBURG-MEIDERICH SCHLEUSE UW,2026-06-30 17:39:00+00:00,18.24,18.5074375524054,-0.2674375524054007,0.2674375524054007,5
Basel-Rheinhalle,2026-06-30 17:40:00+00:00,525.0,513.642821685996,11.357178314004045,11.357178314004045,5
DUISBURG-MEIDERICH SCHLEUSE OW,2026-06-30 17:40:00+00:00,25.01,25.233520908260306,-0.2235209082603049,0.2235209082603049,5
DUISBURG-MEIDERICH SCHLEUSE UW,2026-06-30 17:40:00+00:00,18.24,18.5074375524054,-0.2674375524054007,0.2674375524054007,5
DUISBURG-MEIDERICH SCHLEUSE OW,2026-06-30 17:41:00+00:00,25.01,25.233520908260306,-0.2235209082603049,0.2235209082603049,5
DUISBURG-MEIDERICH SCHLEUSE UW,2026-06-30 17:41:00+00:00,18.24,18.5074375524054,-0.2674375524054007,0.2674375524054007,5
DUISBURG-MEIDERICH SCHLEUSE OW,2026-06-30 17:42:00+00:00,25.01,25.233520908260306,-0.2235209082603049,0.2235209082603049,5
DUISBURG-MEIDERICH SCHLEUSE UW,2026-06-30 17:42:00+00:00,18.25,18.5074375524054,-0.2574375524053991,0.2574375524053991,5
DUISBURG-MEIDERICH SCHLEUSE OW,2026-06-30 17:43:00+00:00,25.01,25.233520908260306,-0.2235209082603049,0.2235209082603049,5
DUISBURG-MEIDERICH SCHLEUSE UW,2026-06-30 17:43:00+00:00,18.25,18.5074375524054,-0.2574375524053991,0.2574375524053991,5
DUISBURG-MEIDERICH SCHLEUSE OW,2026-06-30 17:44:00+00:00,25.01,25.233520908260306,-0.2235209082603049,0.2235209082603049,5
DUISBURG-MEIDERICH SCHLEUSE UW,2026-06-30 17:44:00+00:00,18.25,18.5074375524054,-0.2574375524053991,0.2574375524053991,5
Basel-Rheinhalle,2026-06-30 17:45:00+00:00,526.0,513.4295175947042,12.57048240529582,12.57048240529582,5
DUISBURG-MEIDERICH SCHLEUSE OW,2026-06-30 17:45:00+00:00,25.01,25.233520908260306,-0.2235209082603049,0.2235209082603049,5
DUISBURG-MEIDERICH SCHLEUSE UW,2026-06-30 17:45:00+00:00,18.25,18.5074375524054,-0.2574375524053991,0.2574375524053991,5
DUISBURG-MEIDERICH SCHLEUSE OW,2026-06-30 17:46:00+00:00,25.01,25.233520908260306,-0.2235209082603049,0.2235209082603049,5
DUISBURG-MEIDERICH SCHLEUSE UW,2026-06-30 17:46:00+00:00,18.25,18.5074375524054,-0.2574375524053991,0.2574375524053991,5
DUISBURG-MEIDERICH SCHLEUSE OW,2026-06-30 17:47:00+00:00,25.01,25.233520908260306,-0.2235209082603049,0.2235209082603049,5
DUISBURG-MEIDERICH SCHLEUSE UW,2026-06-30 17:47:00+00:00,18.25,18.5074375524054,-0.2574375524053991,0.2574375524053991,5
DUISBURG-MEIDERICH SCHLEUSE OW,2026-06-30 17:48:00+00:00,25.01,25.23458042256492,-0.2245804225649195,0.2245804225649195,5
DUISBURG-MEIDERICH SCHLEUSE UW,2026-06-30 17:48:00+00:00,18.25,18.5074375524054,-0.2574375524053991,0.2574375524053991,5
DUISBURG-MEIDERICH SCHLEUSE OW,2026-06-30 17:49:00+00:00,25.01,25.23458042256492,-0.2245804225649195,0.2245804225649195,5
DUISBURG-MEIDERICH SCHLEUSE UW,2026-06-30 17:49:00+00:00,18.25,18.5074375524054,-0.2574375524053991,0.2574375524053991,5
Basel-Rheinhalle,2026-06-30 17:50:00+00:00,527.0,513.4354935614818,13.564506438518151,13.564506438518151,5
DUISBURG-MEIDERICH SCHLEUSE OW,2026-06-30 17:50:00+00:00,25.01,25.23458042256492,-0.2245804225649195,0.2245804225649195,5
DUISBURG-MEIDERICH SCHLEUSE UW,2026-06-30 17:50:00+00:00,18.25,18.5074375524054,-0.2574375524053991,0.2574375524053991,5
DUISBURG-MEIDERICH SCHLEUSE OW,2026-06-30 17:51:00+00:00,25.01,25.23458042256492,-0.2245804225649195,0.2245804225649195,5
DUISBURG-MEIDERICH SCHLEUSE UW,2026-06-30 17:51:00+00:00,18.25,18.5074375524054,-0.2574375524053991,0.2574375524053991,5
DUISBURG-MEIDERICH SCHLEUSE OW,2026-06-30 17:52:00+00:00,25.01,25.23458042256492,-0.2245804225649195,0.2245804225649195,5
DUISBURG-MEIDERICH SCHLEUSE UW,2026-06-30 17:52:00+00:00,18.25,18.5074375524054,-0.2574375524053991,0.2574375524053991,5
DUISBURG-MEIDERICH SCHLEUSE OW,2026-06-30 17:53:00+00:00,25.01,25.23458042256492,-0.2245804225649195,0.2245804225649195,5
DUISBURG-MEIDERICH SCHLEUSE UW,2026-06-30 17:53:00+00:00,18.25,18.5074375524054,-0.2574375524053991,0.2574375524053991,5
DUISBURG-MEIDERICH SCHLEUSE OW,2026-06-30 17:54:00+00:00,25.01,25.23458042256492,-0.2245804225649195,0.2245804225649195,5
DUISBURG-MEIDERICH SCHLEUSE UW,2026-06-30 17:54:00+00:00,18.25,18.5074375524054,-0.2574375524053991,0.2574375524053991,5
Basel-Rheinhalle,2026-06-30 17:55:00+00:00,528.0,513.2669216150063,14.733078384993746,14.733078384993746,5
DUISBURG-MEIDERICH SCHLEUSE OW,2026-06-30 17:55:00+00:00,25.01,25.23458042256492,-0.2245804225649195,0.2245804225649195,5
DUISBURG-MEIDERICH SCHLEUSE UW,2026-06-30 17:55:00+00:00,18.25,18.5074375524054,-0.2574375524053991,0.2574375524053991,5
DUISBURG-MEIDERICH SCHLEUSE OW,2026-06-30 17:56:00+00:00,25.01,25.23458042256492,-0.2245804225649195,0.2245804225649195,5
DUISBURG-MEIDERICH SCHLEUSE UW,2026-06-30 17:56:00+00:00,18.25,18.5074375524054,-0.2574375524053991,0.2574375524053991,5
DUISBURG-MEIDERICH SCHLEUSE OW,2026-06-30 17:57:00+00:00,25.01,25.23458042256492,-0.2245804225649195,0.2245804225649195,5
DUISBURG-MEIDERICH SCHLEUSE UW,2026-06-30 17:57:00+00:00,18.25,18.5074375524054,-0.2574375524053991,0.2574375524053991,5
DUISBURG-MEIDERICH SCHLEUSE OW,2026-06-30 17:58:00+00:00,25.01,25.23458042256492,-0.2245804225649195,0.2245804225649195,5
DUISBURG-MEIDERICH SCHLEUSE UW,2026-06-30 17:58:00+00:00,18.25,18.5074375524054,-0.2574375524053991,0.2574375524053991,5
DUISBURG-MEIDERICH SCHLEUSE OW,2026-06-30 17:59:00+00:00,25.01,25.233520908260306,-0.2235209082603049,0.2235209082603049,5
DUISBURG-MEIDERICH SCHLEUSE UW,2026-06-30 17:59:00+00:00,18.25,18.5074375524054,-0.2574375524053991,0.2574375524053991,5
Basel-Rheinhalle,2026-06-30 18:00:00+00:00,528.0,513.8229042262478,14.177095773752171,14.177095773752171,5
DUISBURG-MEIDERICH SCHLEUSE OW,2026-06-30 18:00:00+00:00,25.01,24.918909442845248,0.09109055715475378,0.09109055715475378,5
DUISBURG-MEIDERICH SCHLEUSE UW,2026-06-30 18:00:00+00:00,18.25,18.19282608699034,0.05717391300965957,0.05717391300965957,5
DUISBURG-MEIDERICH SCHLEUSE OW,2026-06-30 18:01:00+00:00,25.01,24.898080038225707,0.11191996177429431,0.11191996177429431,5
DUISBURG-MEIDERICH SCHLEUSE UW,2026-06-30 18:01:00+00:00,18.25,18.1719966823708,0.0780033176292001,0.0780033176292001,5
DUISBURG-MEIDERICH SCHLEUSE OW,2026-06-30 18:02:00+00:00,25.01,24.898080038225707,0.11191996177429431,0.11191996177429431,5
DUISBURG-MEIDERICH SCHLEUSE UW,2026-06-30 18:02:00+00:00,18.25,18.1719966823708,0.0780033176292001,0.0780033176292001,5
DUISBURG-MEIDERICH SCHLEUSE OW,2026-06-30 18:03:00+00:00,25.01,24.919968957149862,0.09003104285013919,0.09003104285013919,5
DUISBURG-MEIDERICH SCHLEUSE UW,2026-06-30 18:03:00+00:00,18.25,18.19282608699034,0.05717391300965957,0.05717391300965957,5
DUISBURG-MEIDERICH SCHLEUSE OW,2026-06-30 18:04:00+00:00,25.01,24.919968957149862,0.09003104285013919,0.09003104285013919,5
DUISBURG-MEIDERICH SCHLEUSE UW,2026-06-30 18:04:00+00:00,18.25,18.19282608699034,0.05717391300965957,0.05717391300965957,5
Basel-Rheinhalle,2026-06-30 18:05:00+00:00,528.0,513.5182096073102,14.481790392689845,14.481790392689845,5
DUISBURG-MEIDERICH SCHLEUSE OW,2026-06-30 18:05:00+00:00,25.01,24.919968957149862,0.09003104285013919,0.09003104285013919,5
DUISBURG-MEIDERICH SCHLEUSE UW,2026-06-30 18:05:00+00:00,18.25,18.19282608699034,0.05717391300965957,0.05717391300965957,5
DUISBURG-MEIDERICH SCHLEUSE OW,2026-06-30 18:06:00+00:00,25.01,24.919968957149862,0.09003104285013919,0.09003104285013919,5
DUISBURG-MEIDERICH SCHLEUSE UW,2026-06-30 18:06:00+00:00,18.25,18.19282608699034,0.05717391300965957,0.05717391300965957,5
DUISBURG-MEIDERICH SCHLEUSE OW,2026-06-30 18:07:00+00:00,25.01,24.919968957149862,0.09003104285013919,0.09003104285013919,5
DUISBURG-MEIDERICH SCHLEUSE UW,2026-06-30 18:07:00+00:00,18.25,18.19282608699034,0.05717391300965957,0.05717391300965957,5
DUISBURG-MEIDERICH SCHLEUSE OW,2026-06-30 18:08:00+00:00,25.01,24.919968957149862,0.09003104285013919,0.09003104285013919,5
DUISBURG-MEIDERICH SCHLEUSE UW,2026-06-30 18:08:00+00:00,18.25,18.19282608699034,0.05717391300965957,0.05717391300965957,5
DUISBURG-MEIDERICH SCHLEUSE OW,2026-06-30 18:09:00+00:00,25.01,24.919968957149862,0.09003104285013919,0.09003104285013919,5
DUISBURG-MEIDERICH SCHLEUSE UW,2026-06-30 18:09:00+00:00,18.25,18.19282608699034,0.05717391300965957,0.05717391300965957,5
Basel-Rheinhalle,2026-06-30 18:10:00+00:00,528.0,513.627222223834,14.372777776166004,14.372777776166004,5
DUISBURG-MEIDERICH SCHLEUSE OW,2026-06-30 18:10:00+00:00,25.01,24.919968957149862,0.09003104285013919,0.09003104285013919,5
DUISBURG-MEIDERICH SCHLEUSE UW,2026-06-30 18:10:00+00:00,18.24,18.19282608699034,0.04717391300965801,0.04717391300965801,5
DUISBURG-MEIDERICH SCHLEUSE OW,2026-06-30 18:11:00+00:00,25.01,24.919968957149862,0.09003104285013919,0.09003104285013919,5
DUISBURG-MEIDERICH SCHLEUSE UW,2026-06-30 18:11:00+00:00,18.24,18.19282608699034,0.04717391300965801,0.04717391300965801,5
DUISBURG-MEIDERICH SCHLEUSE OW,2026-06-30 18:12:00+00:00,25.01,24.919968957149862,0.09003104285013919,0.09003104285013919,5
DUISBURG-MEIDERICH SCHLEUSE UW,2026-06-30 18:12:00+00:00,18.24,18.19282608699034,0.04717391300965801,0.04717391300965801,5
DUISBURG-MEIDERICH SCHLEUSE OW,2026-06-30 18:13:00+00:00,25.01,24.919968957149862,0.09003104285013919,0.09003104285013919,5
DUISBURG-MEIDERICH SCHLEUSE UW,2026-06-30 18:13:00+00:00,18.24,18.19282608699034,0.04717391300965801,0.04717391300965801,5
DUISBURG-MEIDERICH SCHLEUSE OW,2026-06-30 18:14:00+00:00,25.01,24.919968957149862,0.09003104285013919,0.09003104285013919,5
DUISBURG-MEIDERICH SCHLEUSE UW,2026-06-30 18:14:00+00:00,18.24,18.19282608699034,0.04717391300965801,0.04717391300965801,5
Basel-Rheinhalle,2026-06-30 18:15:00+00:00,528.0,513.5359950767948,14.464004923205152,14.464004923205152,5
DUISBURG-MEIDERICH SCHLEUSE OW,2026-06-30 18:15:00+00:00,25.01,24.919968957149862,0.09003104285013919,0.09003104285013919,5
DUISBURG-MEIDERICH SCHLEUSE UW,2026-06-30 18:15:00+00:00,18.24,18.19282608699034,0.04717391300965801,0.04717391300965801,5
DUISBURG-MEIDERICH SCHLEUSE OW,2026-06-30 18:16:00+00:00,25.01,24.919968957149862,0.09003104285013919,0.09003104285013919,5
DUISBURG-MEIDERICH SCHLEUSE UW,2026-06-30 18:16:00+00:00,18.24,18.19282608699034,0.04717391300965801,0.04717391300965801,5
DUISBURG-MEIDERICH SCHLEUSE OW,2026-06-30 18:17:00+00:00,25.01,24.919968957149862,0.09003104285013919,0.09003104285013919,5
DUISBURG-MEIDERICH SCHLEUSE UW,2026-06-30 18:17:00+00:00,18.24,18.19282608699034,0.04717391300965801,0.04717391300965801,5
DUISBURG-MEIDERICH SCHLEUSE OW,2026-06-30 18:18:00+00:00,25.01,24.919968957149862,0.09003104285013919,0.09003104285013919,5
DUISBURG-MEIDERICH SCHLEUSE UW,2026-06-30 18:18:00+00:00,18.24,18.19282608699034,0.04717391300965801,0.04717391300965801,5
DUISBURG-MEIDERICH SCHLEUSE OW,2026-06-30 18:19:00+00:00,25.01,24.919968957149862,0.09003104285013919,0.09003104285013919,5
DUISBURG-MEIDERICH SCHLEUSE UW,2026-06-30 18:19:00+00:00,18.25,18.19282608699034,0.05717391300965957,0.05717391300965957,5
Basel-Rheinhalle,2026-06-30 18:20:00+00:00,529.0,513.4177179640119,15.5822820359881,15.5822820359881,5
DUISBURG-MEIDERICH SCHLEUSE OW,2026-06-30 18:20:00+00:00,25.01,24.919968957149862,0.09003104285013919,0.09003104285013919,5
DUISBURG-MEIDERICH SCHLEUSE UW,2026-06-30 18:20:00+00:00,18.25,18.19282608699034,0.05717391300965957,0.05717391300965957,5
DUISBURG-MEIDERICH SCHLEUSE OW,2026-06-30 18:21:00+00:00,25.01,24.919968957149862,0.09003104285013919,0.09003104285013919,5
DUISBURG-MEIDERICH SCHLEUSE UW,2026-06-30 18:21:00+00:00,18.25,18.19282608699034,0.05717391300965957,0.05717391300965957,5
DUISBURG-MEIDERICH SCHLEUSE OW,2026-06-30 18:22:00+00:00,25.01,24.919968957149862,0.09003104285013919,0.09003104285013919,5
DUISBURG-MEIDERICH SCHLEUSE UW,2026-06-30 18:22:00+00:00,18.25,18.19282608699034,0.05717391300965957,0.05717391300965957,5
DUISBURG-MEIDERICH SCHLEUSE OW,2026-06-30 18:23:00+00:00,25.01,24.919968957149862,0.09003104285013919,0.09003104285013919,5
DUISBURG-MEIDERICH SCHLEUSE UW,2026-06-30 18:23:00+00:00,18.25,18.19282608699034,0.05717391300965957,0.05717391300965957,5
DUISBURG-MEIDERICH SCHLEUSE OW,2026-06-30 18:24:00+00:00,25.01,24.919968957149862,0.09003104285013919,0.09003104285013919,5
DUISBURG-MEIDERICH SCHLEUSE UW,2026-06-30 18:24:00+00:00,18.25,18.19282608699034,0.05717391300965957,0.05717391300965957,5
Basel-Rheinhalle,2026-06-30 18:25:00+00:00,529.0,513.7808252648724,15.21917473512758,15.21917473512758,5
DUISBURG-MEIDERICH SCHLEUSE OW,2026-06-30 18:25:00+00:00,25.01,24.919968957149862,0.09003104285013919,0.09003104285013919,5
DUISBURG-MEIDERICH SCHLEUSE UW,2026-06-30 18:25:00+00:00,18.25,18.19282608699034,0.05717391300965957,0.05717391300965957,5
DUISBURG-MEIDERICH SCHLEUSE OW,2026-06-30 18:26:00+00:00,25.01,24.919968957149862,0.09003104285013919,0.09003104285013919,5
DUISBURG-MEIDERICH SCHLEUSE UW,2026-06-30 18:26:00+00:00,18.25,18.19282608699034,0.05717391300965957,0.05717391300965957,5
DUISBURG-MEIDERICH SCHLEUSE OW,2026-06-30 18:27:00+00:00,25.01,24.919968957149862,0.09003104285013919,0.09003104285013919,5
DUISBURG-MEIDERICH SCHLEUSE UW,2026-06-30 18:27:00+00:00,18.25,18.19282608699034,0.05717391300965957,0.05717391300965957,5
DUISBURG-MEIDERICH SCHLEUSE OW,2026-06-30 18:28:00+00:00,25.01,24.919968957149862,0.09003104285013919,0.09003104285013919,5
DUISBURG-MEIDERICH SCHLEUSE UW,2026-06-30 18:28:00+00:00,18.25,18.19282608699034,0.05717391300965957,0.05717391300965957,5
DUISBURG-MEIDERICH SCHLEUSE OW,2026-06-30 18:29:00+00:00,25.01,24.919968957149862,0.09003104285013919,0.09003104285013919,5
DUISBURG-MEIDERICH SCHLEUSE UW,2026-06-30 18:29:00+00:00,18.25,18.19282608699034,0.05717391300965957,0.05717391300965957,5
Basel-Rheinhalle,2026-06-30 18:30:00+00:00,530.0,513.8782587558303,16.121741244169698,16.121741244169698,5
DUISBURG-MEIDERICH SCHLEUSE OW,2026-06-30 18:30:00+00:00,25.01,24.919968957149862,0.09003104285013919,0.09003104285013919,5
DUISBURG-MEIDERICH SCHLEUSE UW,2026-06-30 18:30:00+00:00,18.25,18.19282608699034,0.05717391300965957,0.05717391300965957,5
DUISBURG-MEIDERICH SCHLEUSE OW,2026-06-30 18:31:00+00:00,25.01,24.919968957149862,0.09003104285013919,0.09003104285013919,5
DUISBURG-MEIDERICH SCHLEUSE UW,2026-06-30 18:31:00+00:00,18.25,18.19282608699034,0.05717391300965957,0.05717391300965957,5
DUISBURG-MEIDERICH SCHLEUSE OW,2026-06-30 18:32:00+00:00,25.01,24.919968957149862,0.09003104285013919,0.09003104285013919,5
DUISBURG-MEIDERICH SCHLEUSE UW,2026-06-30 18:32:00+00:00,18.25,18.19282608699034,0.05717391300965957,0.05717391300965957,5
DUISBURG-MEIDERICH SCHLEUSE OW,2026-06-30 18:33:00+00:00,25.02,24.919968957149862,0.1000310428501372,0.1000310428501372,5
DUISBURG-MEIDERICH SCHLEUSE UW,2026-06-30 18:33:00+00:00,18.25,18.19282608699034,0.05717391300965957,0.05717391300965957,5
DUISBURG-MEIDERICH SCHLEUSE OW,2026-06-30 18:34:00+00:00,25.02,24.919968957149862,0.1000310428501372,0.1000310428501372,5
DUISBURG-MEIDERICH SCHLEUSE UW,2026-06-30 18:34:00+00:00,18.25,18.19282608699034,0.05717391300965957,0.05717391300965957,5
Basel-Rheinhalle,2026-06-30 18:35:00+00:00,531.0,513.7171272171316,17.282872782868367,17.282872782868367,5
DUISBURG-MEIDERICH SCHLEUSE OW,2026-06-30 18:35:00+00:00,25.01,24.919968957149862,0.09003104285013919,0.09003104285013919,5
DUISBURG-MEIDERICH SCHLEUSE UW,2026-06-30 18:35:00+00:00,18.25,18.19282608699034,0.05717391300965957,0.05717391300965957,5
DUISBURG-MEIDERICH SCHLEUSE OW,2026-06-30 18:36:00+00:00,25.01,24.919968957149862,0.09003104285013919,0.09003104285013919,5
DUISBURG-MEIDERICH SCHLEUSE UW,2026-06-30 18:36:00+00:00,18.25,18.19282608699034,0.05717391300965957,0.05717391300965957,5
DUISBURG-MEIDERICH SCHLEUSE OW,2026-06-30 18:37:00+00:00,25.01,24.919968957149862,0.09003104285013919,0.09003104285013919,5
DUISBURG-MEIDERICH SCHLEUSE UW,2026-06-30 18:37:00+00:00,18.26,18.19282608699034,0.06717391300966113,0.06717391300966113,5
DUISBURG-MEIDERICH SCHLEUSE OW,2026-06-30 18:38:00+00:00,25.01,24.919968957149862,0.09003104285013919,0.09003104285013919,5
DUISBURG-MEIDERICH SCHLEUSE UW,2026-06-30 18:38:00+00:00,18.26,18.19282608699034,0.06717391300966113,0.06717391300966113,5
DUISBURG-MEIDERICH SCHLEUSE OW,2026-06-30 18:39:00+00:00,25.02,24.919968957149862,0.1000310428501372,0.1000310428501372,5
DUISBURG-MEIDERICH SCHLEUSE UW,2026-06-30 18:39:00+00:00,18.26,18.19282608699034,0.06717391300966113,0.06717391300966113,5
Basel-Rheinhalle,2026-06-30 18:40:00+00:00,531.0,513.5951466508419,17.40485334915809,17.40485334915809,5
DUISBURG-MEIDERICH SCHLEUSE OW,2026-06-30 18:40:00+00:00,25.02,24.919968957149862,0.1000310428501372,0.1000310428501372,5
DUISBURG-MEIDERICH SCHLEUSE UW,2026-06-30 18:40:00+00:00,18.26,18.19282608699034,0.06717391300966113,0.06717391300966113,5
DUISBURG-MEIDERICH SCHLEUSE OW,2026-06-30 18:41:00+00:00,25.02,24.919968957149862,0.1000310428501372,0.1000310428501372,5
DUISBURG-MEIDERICH SCHLEUSE UW,2026-06-30 18:41:00+00:00,18.26,18.19282608699034,0.06717391300966113,0.06717391300966113,5
DUISBURG-MEIDERICH SCHLEUSE OW,2026-06-30 18:42:00+00:00,25.02,24.919968957149862,0.1000310428501372,0.1000310428501372,5
DUISBURG-MEIDERICH SCHLEUSE UW,2026-06-30 18:42:00+00:00,18.26,18.19282608699034,0.06717391300966113,0.06717391300966113,5
DUISBURG-MEIDERICH SCHLEUSE OW,2026-06-30 18:43:00+00:00,25.02,24.919968957149862,0.1000310428501372,0.1000310428501372,5
DUISBURG-MEIDERICH SCHLEUSE UW,2026-06-30 18:43:00+00:00,18.26,18.19282608699034,0.06717391300966113,0.06717391300966113,5
DUISBURG-MEIDERICH SCHLEUSE OW,2026-06-30 18:44:00+00:00,25.02,24.919968957149862,0.1000310428501372,0.1000310428501372,5
DUISBURG-MEIDERICH SCHLEUSE UW,2026-06-30 18:44:00+00:00,18.26,18.19282608699034,0.06717391300966113,0.06717391300966113,5
Basel-Rheinhalle,2026-06-30 18:45:00+00:00,532.0,513.1193449583598,18.88065504164024,18.88065504164024,5
DUISBURG-MEIDERICH SCHLEUSE OW,2026-06-30 18:45:00+00:00,25.02,24.919968957149862,0.1000310428501372,0.1000310428501372,5
DUISBURG-MEIDERICH SCHLEUSE UW,2026-06-30 18:45:00+00:00,18.26,18.19282608699034,0.06717391300966113,0.06717391300966113,5
DUISBURG-MEIDERICH SCHLEUSE OW,2026-06-30 18:46:00+00:00,25.02,24.919968957149862,0.1000310428501372,0.1000310428501372,5
DUISBURG-MEIDERICH SCHLEUSE UW,2026-06-30 18:46:00+00:00,18.26,18.19282608699034,0.06717391300966113,0.06717391300966113,5
DUISBURG-MEIDERICH SCHLEUSE OW,2026-06-30 18:47:00+00:00,25.02,24.919968957149862,0.1000310428501372,0.1000310428501372,5
DUISBURG-MEIDERICH SCHLEUSE UW,2026-06-30 18:47:00+00:00,18.27,18.19282608699034,0.07717391300965915,0.07717391300965915,5
DUISBURG-MEIDERICH SCHLEUSE OW,2026-06-30 18:48:00+00:00,25.02,24.919968957149862,0.1000310428501372,0.1000310428501372,5
DUISBURG-MEIDERICH SCHLEUSE UW,2026-06-30 18:48:00+00:00,18.27,18.19282608699034,0.07717391300965915,0.07717391300965915,5
DUISBURG-MEIDERICH SCHLEUSE OW,2026-06-30 18:49:00+00:00,25.02,24.919968957149862,0.1000310428501372,0.1000310428501372,5
DUISBURG-MEIDERICH SCHLEUSE UW,2026-06-30 18:49:00+00:00,18.27,18.19282608699034,0.07717391300965915,0.07717391300965915,5
Basel-Rheinhalle,2026-06-30 18:50:00+00:00,532.0,512.5398555431616,19.460144456838407,19.460144456838407,5
DUISBURG-MEIDERICH SCHLEUSE OW,2026-06-30 18:50:00+00:00,25.02,24.919968957149862,0.1000310428501372,0.1000310428501372,5
DUISBURG-MEIDERICH SCHLEUSE UW,2026-06-30 18:50:00+00:00,18.26,18.19282608699034,0.06717391300966113,0.06717391300966113,5
DUISBURG-MEIDERICH SCHLEUSE OW,2026-06-30 18:51:00+00:00,25.02,24.919968957149862,0.1000310428501372,0.1000310428501372,5
DUISBURG-MEIDERICH SCHLEUSE UW,2026-06-30 18:51:00+00:00,18.26,18.19282608699034,0.06717391300966113,0.06717391300966113,5
DUISBURG-MEIDERICH SCHLEUSE OW,2026-06-30 18:52:00+00:00,25.02,24.919968957149862,0.1000310428501372,0.1000310428501372,5
DUISBURG-MEIDERICH SCHLEUSE UW,2026-06-30 18:52:00+00:00,18.26,18.19282608699034,0.06717391300966113,0.06717391300966113,5
DUISBURG-MEIDERICH SCHLEUSE OW,2026-06-30 18:53:00+00:00,25.02,24.919968957149862,0.1000310428501372,0.1000310428501372,5
DUISBURG-MEIDERICH SCHLEUSE UW,2026-06-30 18:53:00+00:00,18.26,18.19282608699034,0.06717391300966113,0.06717391300966113,5
DUISBURG-MEIDERICH SCHLEUSE OW,2026-06-30 18:54:00+00:00,25.02,24.919968957149862,0.1000310428501372,0.1000310428501372,5
DUISBURG-MEIDERICH SCHLEUSE UW,2026-06-30 18:54:00+00:00,18.26,18.19282608699034,0.06717391300966113,0.06717391300966113,5
Basel-Rheinhalle,2026-06-30 18:55:00+00:00,532.0,512.4424220522037,19.55757794779629,19.55757794779629,5
DUISBURG-MEIDERICH SCHLEUSE OW,2026-06-30 18:55:00+00:00,25.02,24.919968957149862,0.1000310428501372,0.1000310428501372,5
DUISBURG-MEIDERICH SCHLEUSE UW,2026-06-30 18:55:00+00:00,18.26,18.19282608699034,0.06717391300966113,0.06717391300966113,5
DUISBURG-MEIDERICH SCHLEUSE OW,2026-06-30 18:56:00+00:00,25.02,24.919968957149862,0.1000310428501372,0.1000310428501372,5
DUISBURG-MEIDERICH SCHLEUSE UW,2026-06-30 18:56:00+00:00,18.27,18.19282608699034,0.07717391300965915,0.07717391300965915,5
DUISBURG-MEIDERICH SCHLEUSE OW,2026-06-30 18:57:00+00:00,25.02,24.919968957149862,0.1000310428501372,0.1000310428501372,5
DUISBURG-MEIDERICH SCHLEUSE UW,2026-06-30 18:57:00+00:00,18.27,18.19282608699034,0.07717391300965915,0.07717391300965915,5
DUISBURG-MEIDERICH SCHLEUSE OW,2026-06-30 18:58:00+00:00,25.02,24.919968957149862,0.1000310428501372,0.1000310428501372,5
DUISBURG-MEIDERICH SCHLEUSE UW,2026-06-30 18:58:00+00:00,18.27,18.19282608699034,0.07717391300965915,0.07717391300965915,5
DUISBURG-MEIDERICH SCHLEUSE OW,2026-06-30 18:59:00+00:00,25.02,24.919968957149862,0.1000310428501372,0.1000310428501372,5
DUISBURG-MEIDERICH SCHLEUSE UW,2026-06-30 18:59:00+00:00,18.27,18.19282608699034,0.07717391300965915,0.07717391300965915,5
Basel-Rheinhalle,2026-06-30 19:00:00+00:00,485.0,512.906006349263,-27.906006349262952,27.906006349262952,5
DUISBURG-MEIDERICH SCHLEUSE OW,2026-06-30 19:00:00+00:00,25.02,25.17378752187225,-0.15378752187224976,0.15378752187224976,5
DUISBURG-MEIDERICH SCHLEUSE UW,2026-06-30 19:00:00+00:00,18.27,18.446644651712727,-0.1766446517127278,0.1766446517127278,5
DUISBURG-MEIDERICH SCHLEUSE OW,2026-06-30 19:01:00+00:00,25.02,25.15295811725271,-0.13295811725270923,0.13295811725270923,5
DUISBURG-MEIDERICH SCHLEUSE UW,2026-06-30 19:01:00+00:00,18.27,18.425815247093187,-0.15581524709318728,0.15581524709318728,5
DUISBURG-MEIDERICH SCHLEUSE OW,2026-06-30 19:02:00+00:00,25.02,25.15295811725271,-0.13295811725270923,0.13295811725270923,5
DUISBURG-MEIDERICH SCHLEUSE UW,2026-06-30 19:02:00+00:00,18.27,18.425815247093187,-0.15581524709318728,0.15581524709318728,5
DUISBURG-MEIDERICH SCHLEUSE OW,2026-06-30 19:03:00+00:00,25.02,25.17378752187225,-0.15378752187224976,0.15378752187224976,5
DUISBURG-MEIDERICH SCHLEUSE UW,2026-06-30 19:03:00+00:00,18.27,18.446644651712727,-0.1766446517127278,0.1766446517127278,5
DUISBURG-MEIDERICH SCHLEUSE OW,2026-06-30 19:04:00+00:00,25.02,25.17378752187225,-0.15378752187224976,0.15378752187224976,5
DUISBURG-MEIDERICH SCHLEUSE UW,2026-06-30 19:04:00+00:00,18.27,18.446644651712727,-0.1766446517127278,0.1766446517127278,5
Basel-Rheinhalle,2026-06-30 19:05:00+00:00,483.0,512.8882329472058,-29.88823294720578,29.88823294720578,5
DUISBURG-MEIDERICH SCHLEUSE OW,2026-06-30 19:05:00+00:00,25.02,25.17378752187225,-0.15378752187224976,0.15378752187224976,5
DUISBURG-MEIDERICH SCHLEUSE UW,2026-06-30 19:05:00+00:00,18.27,18.446644651712727,-0.1766446517127278,0.1766446517127278,5
DUISBURG-MEIDERICH SCHLEUSE OW,2026-06-30 19:06:00+00:00,25.02,25.17378752187225,-0.15378752187224976,0.15378752187224976,5
DUISBURG-MEIDERICH SCHLEUSE UW,2026-06-30 19:06:00+00:00,18.27,18.446644651712727,-0.1766446517127278,0.1766446517127278,5
DUISBURG-MEIDERICH SCHLEUSE OW,2026-06-30 19:07:00+00:00,25.02,25.17378752187225,-0.15378752187224976,0.15378752187224976,5
DUISBURG-MEIDERICH SCHLEUSE UW,2026-06-30 19:07:00+00:00,18.26,18.446644651712727,-0.18664465171272582,0.18664465171272582,5
DUISBURG-MEIDERICH SCHLEUSE OW,2026-06-30 19:08:00+00:00,25.02,25.17378752187225,-0.15378752187224976,0.15378752187224976,5
DUISBURG-MEIDERICH SCHLEUSE UW,2026-06-30 19:08:00+00:00,18.26,18.446644651712727,-0.18664465171272582,0.18664465171272582,5
DUISBURG-MEIDERICH SCHLEUSE OW,2026-06-30 19:09:00+00:00,25.02,25.17378752187225,-0.15378752187224976,0.15378752187224976,5
DUISBURG-MEIDERICH SCHLEUSE UW,2026-06-30 19:09:00+00:00,18.26,18.446644651712727,-0.18664465171272582,0.18664465171272582,5
DUISBURG-MEIDERICH SCHLEUSE OW,2026-06-30 19:10:00+00:00,25.02,25.17378752187225,-0.15378752187224976,0.15378752187224976,5
DUISBURG-MEIDERICH SCHLEUSE UW,2026-06-30 19:10:00+00:00,18.26,18.446644651712727,-0.18664465171272582,0.18664465171272582,5
DUISBURG-MEIDERICH SCHLEUSE OW,2026-06-30 19:11:00+00:00,25.02,25.17378752187225,-0.15378752187224976,0.15378752187224976,5
DUISBURG-MEIDERICH SCHLEUSE UW,2026-06-30 19:11:00+00:00,18.26,18.446644651712727,-0.18664465171272582,0.18664465171272582,5
DUISBURG-MEIDERICH SCHLEUSE OW,2026-06-30 19:12:00+00:00,25.01,25.17378752187225,-0.16378752187224777,0.16378752187224777,5
DUISBURG-MEIDERICH SCHLEUSE UW,2026-06-30 19:12:00+00:00,18.26,18.446644651712727,-0.18664465171272582,0.18664465171272582,5
DUISBURG-MEIDERICH SCHLEUSE OW,2026-06-30 19:13:00+00:00,25.01,25.17378752187225,-0.16378752187224777,0.16378752187224777,5
DUISBURG-MEIDERICH SCHLEUSE UW,2026-06-30 19:13:00+00:00,18.26,18.446644651712727,-0.18664465171272582,0.18664465171272582,5
DUISBURG-MEIDERICH SCHLEUSE OW,2026-06-30 19:14:00+00:00,25.01,25.17378752187225,-0.16378752187224777,0.16378752187224777,5
DUISBURG-MEIDERICH SCHLEUSE UW,2026-06-30 19:14:00+00:00,18.26,18.446644651712727,-0.18664465171272582,0.18664465171272582,5
DUISBURG-MEIDERICH SCHLEUSE OW,2026-06-30 19:15:00+00:00,25.01,25.17378752187225,-0.16378752187224777,0.16378752187224777,5
DUISBURG-MEIDERICH SCHLEUSE UW,2026-06-30 19:15:00+00:00,18.26,18.446644651712727,-0.18664465171272582,0.18664465171272582,5
DUISBURG-MEIDERICH SCHLEUSE OW,2026-06-30 19:16:00+00:00,25.01,25.17378752187225,-0.16378752187224777,0.16378752187224777,5
DUISBURG-MEIDERICH SCHLEUSE UW,2026-06-30 19:16:00+00:00,18.26,18.446644651712727,-0.18664465171272582,0.18664465171272582,5
DUISBURG-MEIDERICH SCHLEUSE OW,2026-06-30 19:17:00+00:00,25.01,25.17378752187225,-0.16378752187224777,0.16378752187224777,5
DUISBURG-MEIDERICH SCHLEUSE UW,2026-06-30 19:17:00+00:00,18.26,18.446644651712727,-0.18664465171272582,0.18664465171272582,5
DUISBURG-MEIDERICH SCHLEUSE OW,2026-06-30 19:18:00+00:00,25.01,25.17378752187225,-0.16378752187224777,0.16378752187224777,5
DUISBURG-MEIDERICH SCHLEUSE UW,2026-06-30 19:18:00+00:00,18.26,18.446644651712727,-0.18664465171272582,0.18664465171272582,5
DUISBURG-MEIDERICH SCHLEUSE OW,2026-06-30 19:19:00+00:00,25.01,25.17378752187225,-0.16378752187224777,0.16378752187224777,5
DUISBURG-MEIDERICH SCHLEUSE UW,2026-06-30 19:19:00+00:00,18.26,18.446644651712727,-0.18664465171272582,0.18664465171272582,5
DUISBURG-MEIDERICH SCHLEUSE OW,2026-06-30 19:20:00+00:00,25.01,25.17378752187225,-0.16378752187224777,0.16378752187224777,5
DUISBURG-MEIDERICH SCHLEUSE UW,2026-06-30 19:20:00+00:00,18.26,18.446644651712727,-0.18664465171272582,0.18664465171272582,5
DUISBURG-MEIDERICH SCHLEUSE OW,2026-06-30 19:21:00+00:00,25.01,25.17378752187225,-0.16378752187224777,0.16378752187224777,5
DUISBURG-MEIDERICH SCHLEUSE UW,2026-06-30 19:21:00+00:00,18.26,18.446644651712727,-0.18664465171272582,0.18664465171272582,5
DUISBURG-MEIDERICH SCHLEUSE OW,2026-06-30 19:22:00+00:00,25.01,25.17378752187225,-0.16378752187224777,0.16378752187224777,5
DUISBURG-MEIDERICH SCHLEUSE UW,2026-06-30 19:22:00+00:00,18.26,18.446644651712727,-0.18664465171272582,0.18664465171272582,5
DUISBURG-MEIDERICH SCHLEUSE OW,2026-06-30 19:23:00+00:00,25.01,25.17378752187225,-0.16378752187224777,0.16378752187224777,5
DUISBURG-MEIDERICH SCHLEUSE UW,2026-06-30 19:23:00+00:00,18.26,18.446644651712727,-0.18664465171272582,0.18664465171272582,5
DUISBURG-MEIDERICH SCHLEUSE OW,2026-06-30 19:24:00+00:00,25.01,25.17378752187225,-0.16378752187224777,0.16378752187224777,5
DUISBURG-MEIDERICH SCHLEUSE UW,2026-06-30 19:24:00+00:00,18.26,18.446644651712727,-0.18664465171272582,0.18664465171272582,5
DUISBURG-MEIDERICH SCHLEUSE OW,2026-06-30 19:25:00+00:00,25.01,25.17378752187225,-0.16378752187224777,0.16378752187224777,5
DUISBURG-MEIDERICH SCHLEUSE UW,2026-06-30 19:25:00+00:00,18.26,18.446644651712727,-0.18664465171272582,0.18664465171272582,5
DUISBURG-MEIDERICH SCHLEUSE OW,2026-06-30 19:26:00+00:00,25.01,25.17378752187225,-0.16378752187224777,0.16378752187224777,5
DUISBURG-MEIDERICH SCHLEUSE UW,2026-06-30 19:26:00+00:00,18.26,18.446644651712727,-0.18664465171272582,0.18664465171272582,5
DUISBURG-MEIDERICH SCHLEUSE OW,2026-06-30 19:27:00+00:00,25.01,25.17378752187225,-0.16378752187224777,0.16378752187224777,5
DUISBURG-MEIDERICH SCHLEUSE UW,2026-06-30 19:27:00+00:00,18.26,18.446644651712727,-0.18664465171272582,0.18664465171272582,5
DUISBURG-MEIDERICH SCHLEUSE OW,2026-06-30 19:28:00+00:00,25.01,25.17378752187225,-0.16378752187224777,0.16378752187224777,5
DUISBURG-MEIDERICH SCHLEUSE UW,2026-06-30 19:28:00+00:00,18.26,18.446644651712727,-0.18664465171272582,0.18664465171272582,5
DUISBURG-MEIDERICH SCHLEUSE OW,2026-06-30 19:29:00+00:00,25.01,25.17378752187225,-0.16378752187224777,0.16378752187224777,5
DUISBURG-MEIDERICH SCHLEUSE UW,2026-06-30 19:29:00+00:00,18.26,18.446644651712727,-0.18664465171272582,0.18664465171272582,5
DUISBURG-MEIDERICH SCHLEUSE OW,2026-06-30 19:30:00+00:00,25.01,25.17378752187225,-0.16378752187224777,0.16378752187224777,5
DUISBURG-MEIDERICH SCHLEUSE UW,2026-06-30 19:30:00+00:00,18.26,18.446644651712727,-0.18664465171272582,0.18664465171272582,5
DUISBURG-MEIDERICH SCHLEUSE OW,2026-06-30 19:31:00+00:00,25.01,25.17378752187225,-0.16378752187224777,0.16378752187224777,5
DUISBURG-MEIDERICH SCHLEUSE UW,2026-06-30 19:31:00+00:00,18.26,18.446644651712727,-0.18664465171272582,0.18664465171272582,5
DUISBURG-MEIDERICH SCHLEUSE OW,2026-06-30 19:32:00+00:00,25.01,25.17378752187225,-0.16378752187224777,0.16378752187224777,5
DUISBURG-MEIDERICH SCHLEUSE UW,2026-06-30 19:32:00+00:00,18.26,18.446644651712727,-0.18664465171272582,0.18664465171272582,5
DUISBURG-MEIDERICH SCHLEUSE OW,2026-06-30 19:33:00+00:00,25.0,25.17378752187225,-0.17378752187224933,0.17378752187224933,5
DUISBURG-MEIDERICH SCHLEUSE UW,2026-06-30 19:33:00+00:00,18.26,18.446644651712727,-0.18664465171272582,0.18664465171272582,5
DUISBURG-MEIDERICH SCHLEUSE OW,2026-06-30 19:34:00+00:00,25.0,25.17378752187225,-0.17378752187224933,0.17378752187224933,5
DUISBURG-MEIDERICH SCHLEUSE UW,2026-06-30 19:34:00+00:00,18.26,18.446644651712727,-0.18664465171272582,0.18664465171272582,5
DUISBURG-MEIDERICH SCHLEUSE OW,2026-06-30 19:35:00+00:00,25.0,25.17378752187225,-0.17378752187224933,0.17378752187224933,5
DUISBURG-MEIDERICH SCHLEUSE UW,2026-06-30 19:35:00+00:00,18.26,18.446644651712727,-0.18664465171272582,0.18664465171272582,5
DUISBURG-MEIDERICH SCHLEUSE OW,2026-06-30 19:36:00+00:00,25.0,25.17378752187225,-0.17378752187224933,0.17378752187224933,5
DUISBURG-MEIDERICH SCHLEUSE UW,2026-06-30 19:36:00+00:00,18.26,18.446644651712727,-0.18664465171272582,0.18664465171272582,5
DUISBURG-MEIDERICH SCHLEUSE OW,2026-06-30 19:37:00+00:00,25.0,25.17378752187225,-0.17378752187224933,0.17378752187224933,5
DUISBURG-MEIDERICH SCHLEUSE UW,2026-06-30 19:37:00+00:00,18.26,18.446644651712727,-0.18664465171272582,0.18664465171272582,5
DUISBURG-MEIDERICH SCHLEUSE OW,2026-06-30 19:38:00+00:00,25.0,25.17378752187225,-0.17378752187224933,0.17378752187224933,5
DUISBURG-MEIDERICH SCHLEUSE UW,2026-06-30 19:38:00+00:00,18.26,18.446644651712727,-0.18664465171272582,0.18664465171272582,5
DUISBURG-MEIDERICH SCHLEUSE OW,2026-06-30 19:39:00+00:00,25.0,25.17378752187225,-0.17378752187224933,0.17378752187224933,5
DUISBURG-MEIDERICH SCHLEUSE UW,2026-06-30 19:39:00+00:00,18.26,18.446644651712727,-0.18664465171272582,0.18664465171272582,5
DUISBURG-MEIDERICH SCHLEUSE OW,2026-06-30 19:40:00+00:00,25.0,25.17378752187225,-0.17378752187224933,0.17378752187224933,5
DUISBURG-MEIDERICH SCHLEUSE UW,2026-06-30 19:40:00+00:00,18.26,18.446644651712727,-0.18664465171272582,0.18664465171272582,5
DUISBURG-MEIDERICH SCHLEUSE OW,2026-06-30 19:41:00+00:00,25.0,25.17378752187225,-0.17378752187224933,0.17378752187224933,5
DUISBURG-MEIDERICH SCHLEUSE UW,2026-06-30 19:41:00+00:00,18.26,18.446644651712727,-0.18664465171272582,0.18664465171272582,5
DUISBURG-MEIDERICH SCHLEUSE OW,2026-06-30 19:42:00+00:00,25.0,25.17378752187225,-0.17378752187224933,0.17378752187224933,5
DUISBURG-MEIDERICH SCHLEUSE UW,2026-06-30 19:42:00+00:00,18.26,18.446644651712727,-0.18664465171272582,0.18664465171272582,5
DUISBURG-MEIDERICH SCHLEUSE OW,2026-06-30 19:43:00+00:00,25.0,25.17378752187225,-0.17378752187224933,0.17378752187224933,5
DUISBURG-MEIDERICH SCHLEUSE UW,2026-06-30 19:43:00+00:00,18.26,18.446644651712727,-0.18664465171272582,0.18664465171272582,5
DUISBURG-MEIDERICH SCHLEUSE OW,2026-06-30 19:44:00+00:00,25.0,25.17378752187225,-0.17378752187224933,0.17378752187224933,5
DUISBURG-MEIDERICH SCHLEUSE UW,2026-06-30 19:44:00+00:00,18.26,18.446644651712727,-0.18664465171272582,0.18664465171272582,5
DUISBURG-MEIDERICH SCHLEUSE OW,2026-06-30 19:45:00+00:00,25.0,25.17378752187225,-0.17378752187224933,0.17378752187224933,5
DUISBURG-MEIDERICH SCHLEUSE UW,2026-06-30 19:45:00+00:00,18.26,18.446644651712727,-0.18664465171272582,0.18664465171272582,5
DUISBURG-MEIDERICH SCHLEUSE OW,2026-06-30 19:46:00+00:00,24.99,25.17378752187225,-0.1837875218722509,0.1837875218722509,5
DUISBURG-MEIDERICH SCHLEUSE UW,2026-06-30 19:46:00+00:00,18.26,18.446644651712727,-0.18664465171272582,0.18664465171272582,5
DUISBURG-MEIDERICH SCHLEUSE OW,2026-06-30 19:47:00+00:00,24.99,25.17378752187225,-0.1837875218722509,0.1837875218722509,5
DUISBURG-MEIDERICH SCHLEUSE UW,2026-06-30 19:47:00+00:00,18.26,18.446644651712727,-0.18664465171272582,0.18664465171272582,5
DUISBURG-MEIDERICH SCHLEUSE OW,2026-06-30 19:48:00+00:00,24.99,25.17378752187225,-0.1837875218722509,0.1837875218722509,5
DUISBURG-MEIDERICH SCHLEUSE UW,2026-06-30 19:48:00+00:00,18.26,18.446644651712727,-0.18664465171272582,0.18664465171272582,5
DUISBURG-MEIDERICH SCHLEUSE OW,2026-06-30 19:49:00+00:00,24.99,25.17378752187225,-0.1837875218722509,0.1837875218722509,5
DUISBURG-MEIDERICH SCHLEUSE UW,2026-06-30 19:49:00+00:00,18.26,18.446644651712727,-0.18664465171272582,0.18664465171272582,5
DUISBURG-MEIDERICH SCHLEUSE OW,2026-06-30 19:50:00+00:00,24.99,25.17378752187225,-0.1837875218722509,0.1837875218722509,5
DUISBURG-MEIDERICH SCHLEUSE UW,2026-06-30 19:50:00+00:00,18.26,18.446644651712727,-0.18664465171272582,0.18664465171272582,5
DUISBURG-MEIDERICH SCHLEUSE OW,2026-06-30 19:51:00+00:00,24.99,25.17378752187225,-0.1837875218722509,0.1837875218722509,5
DUISBURG-MEIDERICH SCHLEUSE UW,2026-06-30 19:51:00+00:00,18.26,18.446644651712727,-0.18664465171272582,0.18664465171272582,5
DUISBURG-MEIDERICH SCHLEUSE OW,2026-06-30 19:52:00+00:00,24.99,25.17378752187225,-0.1837875218722509,0.1837875218722509,5
DUISBURG-MEIDERICH SCHLEUSE UW,2026-06-30 19:52:00+00:00,18.26,18.446644651712727,-0.18664465171272582,0.18664465171272582,5
DUISBURG-MEIDERICH SCHLEUSE OW,2026-06-30 19:53:00+00:00,24.99,25.17378752187225,-0.1837875218722509,0.1837875218722509,5
DUISBURG-MEIDERICH SCHLEUSE UW,2026-06-30 19:53:00+00:00,18.26,18.446644651712727,-0.18664465171272582,0.18664465171272582,5
DUISBURG-MEIDERICH SCHLEUSE OW,2026-06-30 19:54:00+00:00,24.99,25.17378752187225,-0.1837875218722509,0.1837875218722509,5
DUISBURG-MEIDERICH SCHLEUSE UW,2026-06-30 19:54:00+00:00,18.26,18.446644651712727,-0.18664465171272582,0.18664465171272582,5
DUISBURG-MEIDERICH SCHLEUSE OW,2026-06-30 19:55:00+00:00,24.99,25.17378752187225,-0.1837875218722509,0.1837875218722509,5
DUISBURG-MEIDERICH SCHLEUSE UW,2026-06-30 19:55:00+00:00,18.26,18.446644651712727,-0.18664465171272582,0.18664465171272582,5
DUISBURG-MEIDERICH SCHLEUSE OW,2026-06-30 19:56:00+00:00,24.99,25.17378752187225,-0.1837875218722509,0.1837875218722509,5
DUISBURG-MEIDERICH SCHLEUSE UW,2026-06-30 19:56:00+00:00,18.26,18.446644651712727,-0.18664465171272582,0.18664465171272582,5
DUISBURG-MEIDERICH SCHLEUSE OW,2026-06-30 19:57:00+00:00,24.99,25.172728007567635,-0.1827280075676363,0.1827280075676363,5
DUISBURG-MEIDERICH SCHLEUSE UW,2026-06-30 19:57:00+00:00,18.26,18.446644651712727,-0.18664465171272582,0.18664465171272582,5
DUISBURG-MEIDERICH SCHLEUSE OW,2026-06-30 19:58:00+00:00,24.98,25.172728007567635,-0.1927280075676343,0.1927280075676343,5
DUISBURG-MEIDERICH SCHLEUSE UW,2026-06-30 19:58:00+00:00,18.26,18.446644651712727,-0.18664465171272582,0.18664465171272582,5
DUISBURG-MEIDERICH SCHLEUSE OW,2026-06-30 19:59:00+00:00,24.98,25.172728007567635,-0.1927280075676343,0.1927280075676343,5
DUISBURG-MEIDERICH SCHLEUSE UW,2026-06-30 19:59:00+00:00,18.26,18.446644651712727,-0.18664465171272582,0.18664465171272582,5
DUISBURG-MEIDERICH SCHLEUSE OW,2026-06-30 20:00:00+00:00,24.98,25.159012217601504,-0.1790122176015032,0.1790122176015032,5
DUISBURG-MEIDERICH SCHLEUSE UW,2026-06-30 20:00:00+00:00,18.26,18.432928861746596,-0.17292886174659472,0.17292886174659472,5
DUISBURG-MEIDERICH SCHLEUSE OW,2026-06-30 20:01:00+00:00,24.98,25.391555800946744,-0.4115558009467435,0.4115558009467435,5
DUISBURG-MEIDERICH SCHLEUSE UW,2026-06-30 20:01:00+00:00,18.26,18.665472445091837,-0.405472445091835,0.405472445091835,5
DUISBURG-MEIDERICH SCHLEUSE OW,2026-06-30 20:02:00+00:00,24.98,25.391555800946744,-0.4115558009467435,0.4115558009467435,5
DUISBURG-MEIDERICH SCHLEUSE UW,2026-06-30 20:02:00+00:00,18.26,18.665472445091837,-0.405472445091835,0.405472445091835,5
DUISBURG-MEIDERICH SCHLEUSE OW,2026-06-30 20:03:00+00:00,24.98,25.159012217601504,-0.1790122176015032,0.1790122176015032,5
DUISBURG-MEIDERICH SCHLEUSE UW,2026-06-30 20:03:00+00:00,18.26,18.432928861746596,-0.17292886174659472,0.17292886174659472,5
DUISBURG-MEIDERICH SCHLEUSE OW,2026-06-30 20:04:00+00:00,24.98,25.159012217601504,-0.1790122176015032,0.1790122176015032,5
DUISBURG-MEIDERICH SCHLEUSE UW,2026-06-30 20:04:00+00:00,18.26,18.432928861746596,-0.17292886174659472,0.17292886174659472,5
DUISBURG-MEIDERICH SCHLEUSE OW,2026-06-30 20:05:00+00:00,24.98,25.159012217601504,-0.1790122176015032,0.1790122176015032,5
DUISBURG-MEIDERICH SCHLEUSE UW,2026-06-30 20:05:00+00:00,18.26,18.432928861746596,-0.17292886174659472,0.17292886174659472,5
DUISBURG-MEIDERICH SCHLEUSE OW,2026-06-30 20:06:00+00:00,24.98,25.159012217601504,-0.1790122176015032,0.1790122176015032,5
DUISBURG-MEIDERICH SCHLEUSE UW,2026-06-30 20:06:00+00:00,18.26,18.432928861746596,-0.17292886174659472,0.17292886174659472,5
DUISBURG-MEIDERICH SCHLEUSE OW,2026-06-30 20:07:00+00:00,24.98,25.159012217601504,-0.1790122176015032,0.1790122176015032,5
DUISBURG-MEIDERICH SCHLEUSE UW,2026-06-30 20:07:00+00:00,18.26,18.432928861746596,-0.17292886174659472,0.17292886174659472,5
DUISBURG-MEIDERICH SCHLEUSE OW,2026-06-30 20:08:00+00:00,24.98,25.159012217601504,-0.1790122176015032,0.1790122176015032,5
DUISBURG-MEIDERICH SCHLEUSE UW,2026-06-30 20:08:00+00:00,18.26,18.432928861746596,-0.17292886174659472,0.17292886174659472,5
DUISBURG-MEIDERICH SCHLEUSE OW,2026-06-30 20:09:00+00:00,24.98,25.27808466965079,-0.29808466965079106,0.29808466965079106,5
DUISBURG-MEIDERICH SCHLEUSE UW,2026-06-30 20:09:00+00:00,18.26,18.547728620660127,-0.2877286206601255,0.2877286206601255,5
DUISBURG-MEIDERICH SCHLEUSE OW,2026-06-30 20:10:00+00:00,24.98,25.266866359409203,-0.2868663594092027,0.2868663594092027,5
DUISBURG-MEIDERICH SCHLEUSE UW,2026-06-30 20:10:00+00:00,18.26,18.547728620660127,-0.2877286206601255,0.2877286206601255,5
DUISBURG-MEIDERICH SCHLEUSE OW,2026-06-30 20:11:00+00:00,24.98,25.266866359409203,-0.2868663594092027,0.2868663594092027,5
DUISBURG-MEIDERICH SCHLEUSE UW,2026-06-30 20:11:00+00:00,18.26,18.547728620660127,-0.2877286206601255,0.2877286206601255,5
DUISBURG-MEIDERICH SCHLEUSE OW,2026-06-30 20:12:00+00:00,24.98,25.266866359409203,-0.2868663594092027,0.2868663594092027,5
DUISBURG-MEIDERICH SCHLEUSE UW,2026-06-30 20:12:00+00:00,18.26,18.547728620660127,-0.2877286206601255,0.2877286206601255,5
DUISBURG-MEIDERICH SCHLEUSE OW,2026-06-30 20:13:00+00:00,24.97,25.266866359409203,-0.29686635940920425,0.29686635940920425,5
DUISBURG-MEIDERICH SCHLEUSE UW,2026-06-30 20:13:00+00:00,18.26,18.547728620660127,-0.2877286206601255,0.2877286206601255,5
DUISBURG-MEIDERICH SCHLEUSE OW,2026-06-30 20:14:00+00:00,24.97,25.266866359409203,-0.29686635940920425,0.29686635940920425,5
DUISBURG-MEIDERICH SCHLEUSE UW,2026-06-30 20:14:00+00:00,18.26,18.547728620660127,-0.2877286206601255,0.2877286206601255,5
DUISBURG-MEIDERICH SCHLEUSE OW,2026-06-30 20:15:00+00:00,24.97,25.266866359409203,-0.29686635940920425,0.29686635940920425,5
DUISBURG-MEIDERICH SCHLEUSE UW,2026-06-30 20:15:00+00:00,18.26,18.547728620660127,-0.2877286206601255,0.2877286206601255,5
DUISBURG-MEIDERICH SCHLEUSE OW,2026-06-30 20:16:00+00:00,24.97,25.266866359409203,-0.29686635940920425,0.29686635940920425,5
DUISBURG-MEIDERICH SCHLEUSE UW,2026-06-30 20:16:00+00:00,18.26,18.547728620660127,-0.2877286206601255,0.2877286206601255,5
DUISBURG-MEIDERICH SCHLEUSE OW,2026-06-30 20:17:00+00:00,24.97,25.266866359409203,-0.29686635940920425,0.29686635940920425,5
DUISBURG-MEIDERICH SCHLEUSE UW,2026-06-30 20:17:00+00:00,18.26,18.547728620660127,-0.2877286206601255,0.2877286206601255,5
DUISBURG-MEIDERICH SCHLEUSE OW,2026-06-30 20:18:00+00:00,24.97,25.266866359409203,-0.29686635940920425,0.29686635940920425,5
DUISBURG-MEIDERICH SCHLEUSE UW,2026-06-30 20:18:00+00:00,18.26,18.547728620660127,-0.2877286206601255,0.2877286206601255,5
DUISBURG-MEIDERICH SCHLEUSE OW,2026-06-30 20:19:00+00:00,24.97,25.266866359409203,-0.29686635940920425,0.29686635940920425,5
DUISBURG-MEIDERICH SCHLEUSE UW,2026-06-30 20:19:00+00:00,18.26,18.547728620660127,-0.2877286206601255,0.2877286206601255,5
DUISBURG-MEIDERICH SCHLEUSE OW,2026-06-30 20:20:00+00:00,24.97,25.266866359409203,-0.29686635940920425,0.29686635940920425,5
DUISBURG-MEIDERICH SCHLEUSE UW,2026-06-30 20:20:00+00:00,18.26,18.547728620660127,-0.2877286206601255,0.2877286206601255,5
DUISBURG-MEIDERICH SCHLEUSE OW,2026-06-30 20:21:00+00:00,24.97,25.266866359409203,-0.29686635940920425,0.29686635940920425,5
DUISBURG-MEIDERICH SCHLEUSE UW,2026-06-30 20:21:00+00:00,18.26,18.547728620660127,-0.2877286206601255,0.2877286206601255,5
DUISBURG-MEIDERICH SCHLEUSE OW,2026-06-30 20:22:00+00:00,24.97,25.260598219744136,-0.2905982197441368,0.2905982197441368,5
DUISBURG-MEIDERICH SCHLEUSE UW,2026-06-30 20:22:00+00:00,18.26,18.547728620660127,-0.2877286206601255,0.2877286206601255,5
DUISBURG-MEIDERICH SCHLEUSE OW,2026-06-30 20:23:00+00:00,24.97,25.260598219744136,-0.2905982197441368,0.2905982197441368,5
DUISBURG-MEIDERICH SCHLEUSE UW,2026-06-30 20:23:00+00:00,18.26,18.547728620660127,-0.2877286206601255,0.2877286206601255,5
DUISBURG-MEIDERICH SCHLEUSE OW,2026-06-30 20:24:00+00:00,24.97,25.260598219744136,-0.2905982197441368,0.2905982197441368,5
DUISBURG-MEIDERICH SCHLEUSE UW,2026-06-30 20:24:00+00:00,18.25,18.547728620660127,-0.29772862066012706,0.29772862066012706,5
DUISBURG-MEIDERICH SCHLEUSE OW,2026-06-30 20:25:00+00:00,24.97,25.260598219744136,-0.2905982197441368,0.2905982197441368,5
DUISBURG-MEIDERICH SCHLEUSE UW,2026-06-30 20:25:00+00:00,18.25,18.547728620660127,-0.29772862066012706,0.29772862066012706,5
DUISBURG-MEIDERICH SCHLEUSE OW,2026-06-30 20:26:00+00:00,24.97,25.260598219744136,-0.2905982197441368,0.2905982197441368,5
DUISBURG-MEIDERICH SCHLEUSE UW,2026-06-30 20:26:00+00:00,18.26,18.547728620660127,-0.2877286206601255,0.2877286206601255,5
DUISBURG-MEIDERICH SCHLEUSE OW,2026-06-30 20:27:00+00:00,24.97,25.260598219744136,-0.2905982197441368,0.2905982197441368,5
DUISBURG-MEIDERICH SCHLEUSE UW,2026-06-30 20:27:00+00:00,18.26,18.547728620660127,-0.2877286206601255,0.2877286206601255,5
DUISBURG-MEIDERICH SCHLEUSE OW,2026-06-30 20:28:00+00:00,24.96,25.260598219744136,-0.3005982197441348,0.3005982197441348,5
DUISBURG-MEIDERICH SCHLEUSE UW,2026-06-30 20:28:00+00:00,18.25,18.547728620660127,-0.29772862066012706,0.29772862066012706,5
DUISBURG-MEIDERICH SCHLEUSE OW,2026-06-30 20:29:00+00:00,24.96,25.260598219744136,-0.3005982197441348,0.3005982197441348,5
DUISBURG-MEIDERICH SCHLEUSE UW,2026-06-30 20:29:00+00:00,18.25,18.547728620660127,-0.29772862066012706,0.29772862066012706,5
DUISBURG-MEIDERICH SCHLEUSE OW,2026-06-30 20:30:00+00:00,24.96,25.260598219744136,-0.3005982197441348,0.3005982197441348,5
DUISBURG-MEIDERICH SCHLEUSE UW,2026-06-30 20:30:00+00:00,18.25,18.547728620660127,-0.29772862066012706,0.29772862066012706,5
DUISBURG-MEIDERICH SCHLEUSE OW,2026-06-30 20:31:00+00:00,24.96,25.260598219744136,-0.3005982197441348,0.3005982197441348,5
DUISBURG-MEIDERICH SCHLEUSE UW,2026-06-30 20:31:00+00:00,18.25,18.547728620660127,-0.29772862066012706,0.29772862066012706,5
DUISBURG-MEIDERICH SCHLEUSE OW,2026-06-30 20:32:00+00:00,24.96,25.260598219744136,-0.3005982197441348,0.3005982197441348,5
DUISBURG-MEIDERICH SCHLEUSE UW,2026-06-30 20:32:00+00:00,18.25,18.547728620660127,-0.29772862066012706,0.29772862066012706,5
DUISBURG-MEIDERICH SCHLEUSE OW,2026-06-30 20:33:00+00:00,24.96,25.260598219744136,-0.3005982197441348,0.3005982197441348,5
DUISBURG-MEIDERICH SCHLEUSE UW,2026-06-30 20:33:00+00:00,18.25,18.547728620660127,-0.29772862066012706,0.29772862066012706,5
DUISBURG-MEIDERICH SCHLEUSE OW,2026-06-30 20:34:00+00:00,24.96,25.260598219744136,-0.3005982197441348,0.3005982197441348,5
DUISBURG-MEIDERICH SCHLEUSE UW,2026-06-30 20:34:00+00:00,18.25,18.547728620660127,-0.29772862066012706,0.29772862066012706,5
DUISBURG-MEIDERICH SCHLEUSE OW,2026-06-30 20:35:00+00:00,24.96,25.260598219744136,-0.3005982197441348,0.3005982197441348,5
DUISBURG-MEIDERICH SCHLEUSE UW,2026-06-30 20:35:00+00:00,18.26,18.547728620660127,-0.2877286206601255,0.2877286206601255,5
DUISBURG-MEIDERICH SCHLEUSE OW,2026-06-30 20:36:00+00:00,25.02,25.260598219744136,-0.2405982197441361,0.2405982197441361,5
DUISBURG-MEIDERICH SCHLEUSE UW,2026-06-30 20:36:00+00:00,17.59,18.547728620660127,-0.9577286206601272,0.9577286206601272,5
DUISBURG-MEIDERICH SCHLEUSE OW,2026-06-30 20:37:00+00:00,24.94,25.255835390528315,-0.31583539052831355,0.31583539052831355,5
DUISBURG-MEIDERICH SCHLEUSE UW,2026-06-30 20:37:00+00:00,17.59,18.547728620660127,-0.9577286206601272,0.9577286206601272,5
