station_name,timestamp_utc,target_value_t_plus_24h,base_prediction,prediction,predicted_residual_adjustment,fold,residual,abs_error
DUISBURG-MEIDERICH SCHLEUSE OW,2026-06-30 00:37:00+00:00,24.99,24.903244446642333,24.91347078988355,0.010226343241218898,1,0.07652921011644764,0.07652921011644764
DUISBURG-MEIDERICH SCHLEUSE UW,2026-06-30 00:37:00+00:00,18.17,18.194118441977356,18.204344785218574,0.010226343241218898,1,-0.03434478521857187,0.03434478521857187
DUISBURG-MEIDERICH SCHLEUSE OW,2026-06-30 00:38:00+00:00,24.99,24.903244446642333,24.91347078988355,0.010226343241218898,1,0.07652921011644764,0.07652921011644764
DUISBURG-MEIDERICH SCHLEUSE UW,2026-06-30 00:38:00+00:00,18.17,18.194118441977356,18.204344785218574,0.010226343241218898,1,-0.03434478521857187,0.03434478521857187
DUISBURG-MEIDERICH SCHLEUSE OW,2026-06-30 00:39:00+00:00,24.99,24.903244446642333,24.91347078988355,0.010226343241218898,1,0.07652921011644764,0.07652921011644764
DUISBURG-MEIDERICH SCHLEUSE UW,2026-06-30 00:39:00+00:00,18.17,18.194118441977356,18.204344785218574,0.010226343241218898,1,-0.03434478521857187,0.03434478521857187
Basel-Rheinhalle,2026-06-30 00:40:00+00:00,517.0,517.1596665225389,517.6359702891466,0.47630376660761037,1,-0.6359702891465986,0.6359702891465986
DUISBURG-MEIDERICH SCHLEUSE OW,2026-06-30 00:40:00+00:00,24.99,24.903244446642333,24.91347078988355,0.010226343241218898,1,0.07652921011644764,0.07652921011644764
DUISBURG-MEIDERICH SCHLEUSE UW,2026-06-30 00:40:00+00:00,18.17,18.194118441977356,18.204344785218574,0.010226343241218898,1,-0.03434478521857187,0.03434478521857187
LOBITH,2026-06-30 00:40:00+00:00,704.0,704.7397785880244,704.698268937369,-0.04150965065534146,1,-0.6982689373689936,0.6982689373689936
DUISBURG-MEIDERICH SCHLEUSE OW,2026-06-30 00:41:00+00:00,24.99,24.903244446642333,24.91347078988355,0.010226343241218898,1,0.07652921011644764,0.07652921011644764
DUISBURG-MEIDERICH SCHLEUSE UW,2026-06-30 00:41:00+00:00,18.17,18.194118441977356,18.204344785218574,0.010226343241218898,1,-0.03434478521857187,0.03434478521857187
DUISBURG-MEIDERICH SCHLEUSE OW,2026-06-30 00:42:00+00:00,24.99,24.903244446642333,24.91347078988355,0.010226343241218898,1,0.07652921011644764,0.07652921011644764
DUISBURG-MEIDERICH SCHLEUSE UW,2026-06-30 00:42:00+00:00,18.17,18.194118441977356,18.204344785218574,0.010226343241218898,1,-0.03434478521857187,0.03434478521857187
DUISBURG-MEIDERICH SCHLEUSE OW,2026-06-30 00:43:00+00:00,24.99,24.903244446642333,24.91347078988355,0.010226343241218898,1,0.07652921011644764,0.07652921011644764
DUISBURG-MEIDERICH SCHLEUSE UW,2026-06-30 00:43:00+00:00,18.17,18.194118441977356,18.204344785218574,0.010226343241218898,1,-0.03434478521857187,0.03434478521857187
DUISBURG-MEIDERICH SCHLEUSE OW,2026-06-30 00:44:00+00:00,24.99,24.903244446642333,24.91347078988355,0.010226343241218898,1,0.07652921011644764,0.07652921011644764
DUISBURG-MEIDERICH SCHLEUSE UW,2026-06-30 00:44:00+00:00,18.17,18.194118441977356,18.204344785218574,0.010226343241218898,1,-0.03434478521857187,0.03434478521857187
BINGEN,2026-06-30 00:45:00+00:00,106.0,105.08525434144126,105.09548068468247,0.010226343241218898,1,0.904519315317529,0.904519315317529
BONN,2026-06-30 00:45:00+00:00,140.0,141.02496408545932,141.03519042870053,0.010226343241218898,1,-1.0351904287005311,1.0351904287005311
BREISACH,2026-06-30 00:45:00+00:00,188.0,188.33033176350972,188.48770875529038,0.15737699178067951,1,-0.4877087552903845,0.4877087552903845
Basel-Rheinhalle,2026-06-30 00:45:00+00:00,519.0,516.0301929255911,516.1148456905845,0.08465276499336112,1,2.8851543094154977,2.8851543094154977
DUISBURG-MEIDERICH SCHLEUSE OW,2026-06-30 00:45:00+00:00,24.99,24.903244446642333,24.91347078988355,0.010226343241218898,1,0.07652921011644764,0.07652921011644764
DUISBURG-MEIDERICH SCHLEUSE UW,2026-06-30 00:45:00+00:00,18.17,18.194118441977356,18.204344785218574,0.010226343241218898,1,-0.03434478521857187,0.03434478521857187
DUISBURG-RUHRORT,2026-06-30 00:45:00+00:00,215.0,213.80111863875152,214.33336816860944,0.5322495298579146,1,0.6666318313905606,0.6666318313905606
DÜSSELDORF,2026-06-30 00:45:00+00:00,81.0,82.08708595666795,82.10461810361357,0.017532146945623515,1,-1.104618103613575,1.104618103613575
EMMERICH,2026-06-30 00:45:00+00:00,53.0,53.94426297120933,53.787631373282515,-0.15663159792681058,1,-0.7876313732825153,0.7876313732825153
IFFEZHEIM,2026-06-30 00:45:00+00:00,151.0,154.09016943408648,153.8618237765732,-0.2283456575132638,1,-2.8618237765732033,2.8618237765732033
KAUB,2026-06-30 00:45:00+00:00,85.0,84.97603374745643,84.99356589440205,0.017532146945623515,1,0.006434105597946882,0.006434105597946882
KOBLENZ,2026-06-30 00:45:00+00:00,82.0,79.55669848836152,79.56692483160273,0.010226343241218898,1,2.4330751683972665,2.4330751683972665
KONSTANZ-RHEIN,2026-06-30 00:45:00+00:00,313.0,314.53498761707266,314.10376238917144,-0.4312252279012293,1,-1.103762389171436,1.103762389171436
Koblenz OP,2026-06-30 00:45:00+00:00,201.0,200.92987950121332,200.12263510377684,-0.8072443974364909,1,0.8773648962231562,0.8773648962231562
Koblenz UP,2026-06-30 00:45:00+00:00,49.0,48.569090630978195,48.58662277792382,0.017532146945623515,1,0.41337722207617844,0.41337722207617844
KÖLN,2026-06-30 00:45:00+00:00,133.0,132.28659122229007,132.3041233692357,0.017532146945623515,1,0.6958766307643032,0.6958766307643032
MAINZ,2026-06-30 00:45:00+00:00,186.0,187.89902074490968,187.92157401399353,0.022553269083845782,1,-1.921574013993535,1.921574013993535
MANNHEIM,2026-06-30 00:45:00+00:00,162.0,160.2435001196946,160.34903214224144,0.1055320225468347,1,1.650967857758559,1.650967857758559
MAXAU,2026-06-30 00:45:00+00:00,411.0,409.25372536414955,409.4889136346403,0.23518827049074156,1,1.511086365359688,1.511086365359688
REES,2026-06-30 00:45:00+00:00,96.0,97.39821916093891,97.05062157166262,-0.3475975892762859,1,-1.0506215716626173,1.0506215716626173
RHEINE UNTERSCHLEUSE,2026-06-30 00:45:00+00:00,204.0,211.44376873429917,212.00232299880375,0.5585542645045811,1,-8.002322998803749,8.002322998803749
RHEINWEILER,2026-06-30 00:45:00+00:00,223.0,224.34130281883193,225.5370296889279,1.195726870095978,1,-2.537029688927902,2.537029688927902
SANKT GOAR,2026-06-30 00:45:00+00:00,174.0,172.62088450363422,172.5859468097053,-0.03493769392893344,1,1.4140531902947089,1.4140531902947089
SPEYER,2026-06-30 00:45:00+00:00,253.0,252.23011977021926,252.31764166829822,0.08752189807897286,1,0.6823583317017778,0.6823583317017778
WESEL,2026-06-30 00:45:00+00:00,150.0,150.821511302837,150.83904344978262,0.017532146945623515,1,-0.839043449782622,0.839043449782622
WORMS,2026-06-30 00:45:00+00:00,73.0,72.89509193000755,72.90531827324877,0.010226343241218898,1,0.09468172675123299,0.09468172675123299
DUISBURG-MEIDERICH SCHLEUSE OW,2026-06-30 00:46:00+00:00,24.99,24.903244446642333,24.91347078988355,0.010226343241218898,1,0.07652921011644764,0.07652921011644764
DUISBURG-MEIDERICH SCHLEUSE UW,2026-06-30 00:46:00+00:00,18.17,18.194118441977356,18.204344785218574,0.010226343241218898,1,-0.03434478521857187,0.03434478521857187
DUISBURG-MEIDERICH SCHLEUSE OW,2026-06-30 00:47:00+00:00,24.99,24.903244446642333,24.91347078988355,0.010226343241218898,1,0.07652921011644764,0.07652921011644764
DUISBURG-MEIDERICH SCHLEUSE UW,2026-06-30 00:47:00+00:00,18.17,18.194118441977356,18.204344785218574,0.010226343241218898,1,-0.03434478521857187,0.03434478521857187
DUISBURG-MEIDERICH SCHLEUSE OW,2026-06-30 00:48:00+00:00,24.99,24.903244446642333,24.91347078988355,0.010226343241218898,1,0.07652921011644764,0.07652921011644764
DUISBURG-MEIDERICH SCHLEUSE UW,2026-06-30 00:48:00+00:00,18.17,18.194118441977356,18.204344785218574,0.010226343241218898,1,-0.03434478521857187,0.03434478521857187
DUISBURG-MEIDERICH SCHLEUSE OW,2026-06-30 00:49:00+00:00,24.99,24.903244446642333,24.91347078988355,0.010226343241218898,1,0.07652921011644764,0.07652921011644764
DUISBURG-MEIDERICH SCHLEUSE UW,2026-06-30 00:49:00+00:00,18.17,18.194118441977356,18.204344785218574,0.010226343241218898,1,-0.03434478521857187,0.03434478521857187
Basel-Rheinhalle,2026-06-30 00:50:00+00:00,519.0,515.8353070077566,516.2385632364086,0.40325622865197097,1,2.761436763591405,2.761436763591405
DUISBURG-MEIDERICH SCHLEUSE OW,2026-06-30 00:50:00+00:00,24.99,24.903244446642333,24.91347078988355,0.010226343241218898,1,0.07652921011644764,0.07652921011644764
DUISBURG-MEIDERICH SCHLEUSE UW,2026-06-30 00:50:00+00:00,18.17,18.194118441977356,18.204344785218574,0.010226343241218898,1,-0.03434478521857187,0.03434478521857187
LOBITH,2026-06-30 00:50:00+00:00,704.0,704.7397785880244,704.698268937369,-0.04150965065534146,1,-0.6982689373689936,0.6982689373689936
DUISBURG-MEIDERICH SCHLEUSE OW,2026-06-30 00:51:00+00:00,24.99,24.903244446642333,24.91347078988355,0.010226343241218898,1,0.07652921011644764,0.07652921011644764
DUISBURG-MEIDERICH SCHLEUSE UW,2026-06-30 00:51:00+00:00,18.17,18.194118441977356,18.204344785218574,0.010226343241218898,1,-0.03434478521857187,0.03434478521857187
DUISBURG-MEIDERICH SCHLEUSE OW,2026-06-30 00:52:00+00:00,24.99,24.903244446642333,24.91347078988355,0.010226343241218898,1,0.07652921011644764,0.07652921011644764
DUISBURG-MEIDERICH SCHLEUSE UW,2026-06-30 00:52:00+00:00,18.17,18.194118441977356,18.204344785218574,0.010226343241218898,1,-0.03434478521857187,0.03434478521857187
DUISBURG-MEIDERICH SCHLEUSE OW,2026-06-30 00:53:00+00:00,24.99,24.903244446642333,24.91347078988355,0.010226343241218898,1,0.07652921011644764,0.07652921011644764
DUISBURG-MEIDERICH SCHLEUSE UW,2026-06-30 00:53:00+00:00,18.17,18.194118441977356,18.204344785218574,0.010226343241218898,1,-0.03434478521857187,0.03434478521857187
DUISBURG-MEIDERICH SCHLEUSE OW,2026-06-30 00:54:00+00:00,24.99,24.903244446642333,24.91347078988355,0.010226343241218898,1,0.07652921011644764,0.07652921011644764
DUISBURG-MEIDERICH SCHLEUSE UW,2026-06-30 00:54:00+00:00,18.17,18.194118441977356,18.204344785218574,0.010226343241218898,1,-0.03434478521857187,0.03434478521857187
Basel-Rheinhalle,2026-06-30 00:55:00+00:00,522.0,515.8353070077566,516.2385632364086,0.40325622865197097,1,5.761436763591405,5.761436763591405
DUISBURG-MEIDERICH SCHLEUSE OW,2026-06-30 00:55:00+00:00,24.99,24.903244446642333,24.91347078988355,0.010226343241218898,1,0.07652921011644764,0.07652921011644764
DUISBURG-MEIDERICH SCHLEUSE UW,2026-06-30 00:55:00+00:00,18.17,18.194118441977356,18.204344785218574,0.010226343241218898,1,-0.03434478521857187,0.03434478521857187
DUISBURG-MEIDERICH SCHLEUSE OW,2026-06-30 00:56:00+00:00,24.99,24.903244446642333,24.91347078988355,0.010226343241218898,1,0.07652921011644764,0.07652921011644764
DUISBURG-MEIDERICH SCHLEUSE UW,2026-06-30 00:56:00+00:00,18.17,18.194118441977356,18.204344785218574,0.010226343241218898,1,-0.03434478521857187,0.03434478521857187
DUISBURG-MEIDERICH SCHLEUSE OW,2026-06-30 00:57:00+00:00,24.99,24.903244446642333,24.91347078988355,0.010226343241218898,1,0.07652921011644764,0.07652921011644764
DUISBURG-MEIDERICH SCHLEUSE UW,2026-06-30 00:57:00+00:00,18.17,18.194118441977356,18.204344785218574,0.010226343241218898,1,-0.03434478521857187,0.03434478521857187
DUISBURG-MEIDERICH SCHLEUSE OW,2026-06-30 00:58:00+00:00,24.99,24.903244446642333,24.91347078988355,0.010226343241218898,1,0.07652921011644764,0.07652921011644764
DUISBURG-MEIDERICH SCHLEUSE UW,2026-06-30 00:58:00+00:00,18.17,18.194118441977356,18.204344785218574,0.010226343241218898,1,-0.03434478521857187,0.03434478521857187
DUISBURG-MEIDERICH SCHLEUSE OW,2026-06-30 00:59:00+00:00,24.99,24.903244446642333,24.91347078988355,0.010226343241218898,1,0.07652921011644764,0.07652921011644764
DUISBURG-MEIDERICH SCHLEUSE UW,2026-06-30 00:59:00+00:00,18.17,18.194118441977356,18.204344785218574,0.010226343241218898,1,-0.03434478521857187,0.03434478521857187
BINGEN,2026-06-30 01:00:00+00:00,106.0,105.21692930976417,105.22715565300538,0.010226343241218898,1,0.7728443469946171,0.7728443469946171
BONN,2026-06-30 01:00:00+00:00,140.0,141.28946241423577,141.29968875747699,0.010226343241218898,1,-1.2996887574769858,1.2996887574769858
BREISACH,2026-06-30 01:00:00+00:00,185.0,194.54578512562267,194.57711098575234,0.03132586012967784,1,-9.577110985752341,9.577110985752341
Basel-Rheinhalle,2026-06-30 01:00:00+00:00,522.0,515.954791404537,516.4994198460943,0.5446284415572243,1,5.50058015390573,5.50058015390573
DUISBURG-MEIDERICH SCHLEUSE OW,2026-06-30 01:00:00+00:00,24.99,24.903244446642333,24.91347078988355,0.010226343241218898,1,0.07652921011644764,0.07652921011644764
DUISBURG-MEIDERICH SCHLEUSE UW,2026-06-30 01:00:00+00:00,18.17,18.194118441977356,18.204344785218574,0.010226343241218898,1,-0.03434478521857187,0.03434478521857187
DUISBURG-RUHRORT,2026-06-30 01:00:00+00:00,214.0,211.86152020935322,212.43279407790723,0.5712738685540122,1,1.5672059220927679,1.5672059220927679
DÜSSELDORF,2026-06-30 01:00:00+00:00,80.0,79.89294206557827,79.90316840881948,0.010226343241218898,1,0.09683159118051776,0.09683159118051776
EMMERICH,2026-06-30 01:00:00+00:00,53.0,53.560247196293865,53.37609569726124,-0.18415149903261965,1,-0.3760956972612419,0.3760956972612419
IFFEZHEIM,2026-06-30 01:00:00+00:00,149.0,156.2789348059929,156.1883897541854,-0.09054505180749438,1,-7.188389754185408,7.188389754185408
KAUB,2026-06-30 01:00:00+00:00,87.0,84.34679028650416,84.35701662974537,0.010226343241218898,1,2.642983370254626,2.642983370254626
KOBLENZ,2026-06-30 01:00:00+00:00,82.0,81.67966567058608,81.6971978175317,0.017532146945623515,1,0.30280218246829804,0.30280218246829804
KONSTANZ-RHEIN,2026-06-30 01:00:00+00:00,313.0,314.8659595847071,314.9807427591734,0.11478317446624912,1,-1.9807427591733813,1.9807427591733813
Koblenz OP,2026-06-30 01:00:00+00:00,201.0,201.69972631584344,201.15315754815975,-0.5465687676836768,1,-0.15315754815975424,0.15315754815975424
Koblenz UP,2026-06-30 01:00:00+00:00,49.0,48.334792900375625,48.35232504732125,0.017532146945623515,1,0.6476749526787486,0.6476749526787486
KÖLN,2026-06-30 01:00:00+00:00,134.0,132.53756749253128,132.5477938357725,0.010226343241218898,1,1.4522061642275048,1.4522061642275048
LOBITH,2026-06-30 01:00:00+00:00,704.0,704.7397785880244,704.7809318151309,0.04115322710649731,1,-0.7809318151308844,0.7809318151308844
MAINZ,2026-06-30 01:00:00+00:00,185.0,187.98578570584183,188.0083389749257,0.022553269083845782,1,-3.0083389749256924,3.0083389749256924
MANNHEIM,2026-06-30 01:00:00+00:00,163.0,160.56883650715505,160.6743685297019,0.1055320225468347,1,2.325631470298106,2.325631470298106
MAXAU,2026-06-30 01:00:00+00:00,411.0,410.0663988441459,410.5701758657344,0.5037770215885093,1,0.42982413426557287,0.42982413426557287
REES,2026-06-30 01:00:00+00:00,96.0,97.5205690859955,97.14545159561341,-0.37511749038209485,1,-1.1454515956134088,1.1454515956134088
RHEINE UNTERSCHLEUSE,2026-06-30 01:00:00+00:00,199.0,209.27663264641586,207.9215715401364,-1.3550611062794675,1,-8.921571540136398,8.921571540136398
RHEINWEILER,2026-06-30 01:00:00+00:00,223.0,224.44166783538458,226.24689363208208,1.8052257966975045,1,-3.2468936320820774,3.2468936320820774
SANKT GOAR,2026-06-30 01:00:00+00:00,174.0,169.8800530996088,169.84511540567988,-0.03493769392893344,1,4.154884594320123,4.154884594320123
SPEYER,2026-06-30 01:00:00+00:00,253.0,251.76312408704848,251.91935060059373,0.15622651354526157,1,1.0806493994062691,1.0806493994062691
WESEL,2026-06-30 01:00:00+00:00,151.0,150.95882201146432,150.97635415840995,0.017532146945623515,1,0.023645841590052896,0.023645841590052896
WORMS,2026-06-30 01:00:00+00:00,73.0,73.27731606367993,73.28754240692115,0.010226343241218898,1,-0.28754240692114763,0.28754240692114763
DUISBURG-MEIDERICH SCHLEUSE OW,2026-06-30 01:01:00+00:00,24.99,24.887568012278027,24.90921611294978,0.021648100671754714,1,0.08078388705021666,0.08078388705021666
DUISBURG-MEIDERICH SCHLEUSE UW,2026-06-30 01:01:00+00:00,18.17,18.17003506140344,18.191683162075194,0.021648100671754714,1,-0.02168316207519183,0.02168316207519183
DUISBURG-MEIDERICH SCHLEUSE OW,2026-06-30 01:02:00+00:00,24.99,24.887568012278027,24.90921611294978,0.021648100671754714,1,0.08078388705021666,0.08078388705021666
DUISBURG-MEIDERICH SCHLEUSE UW,2026-06-30 01:02:00+00:00,18.17,18.175593201051203,18.197241301722958,0.021648100671754714,1,-0.027241301722956024,0.027241301722956024
DUISBURG-MEIDERICH SCHLEUSE OW,2026-06-30 01:03:00+00:00,24.99,24.903244446642333,24.91347078988355,0.010226343241218898,1,0.07652921011644764,0.07652921011644764
DUISBURG-MEIDERICH SCHLEUSE UW,2026-06-30 01:03:00+00:00,18.17,18.19967658162512,18.209902924866338,0.010226343241218898,1,-0.039902924866336065,0.039902924866336065
DUISBURG-MEIDERICH SCHLEUSE OW,2026-06-30 01:04:00+00:00,24.99,24.903244446642333,24.91347078988355,0.010226343241218898,1,0.07652921011644764,0.07652921011644764
DUISBURG-MEIDERICH SCHLEUSE UW,2026-06-30 01:04:00+00:00,18.17,18.194118441977356,18.204344785218574,0.010226343241218898,1,-0.03434478521857187,0.03434478521857187
Basel-Rheinhalle,2026-06-30 01:05:00+00:00,521.0,515.2371081407266,515.4084971461674,0.1713890054407929,1,5.591502853832594,5.591502853832594
DUISBURG-MEIDERICH SCHLEUSE OW,2026-06-30 01:05:00+00:00,25.0,24.903244446642333,24.91347078988355,0.010226343241218898,1,0.0865292101164492,0.0865292101164492
DUISBURG-MEIDERICH SCHLEUSE UW,2026-06-30 01:05:00+00:00,18.16,18.194118441977356,18.204344785218574,0.010226343241218898,1,-0.044344785218573435,0.044344785218573435
DUISBURG-MEIDERICH SCHLEUSE OW,2026-06-30 01:06:00+00:00,25.0,24.904692530440293,24.91491887368151,0.010226343241218898,1,0.08508112631848874,0.08508112631848874
DUISBURG-MEIDERICH SCHLEUSE UW,2026-06-30 01:06:00+00:00,18.16,18.195566525775316,18.205792869016534,0.010226343241218898,1,-0.0457928690165339,0.0457928690165339
DUISBURG-MEIDERICH SCHLEUSE OW,2026-06-30 01:07:00+00:00,25.0,24.904692530440293,24.91491887368151,0.010226343241218898,1,0.08508112631848874,0.08508112631848874
DUISBURG-MEIDERICH SCHLEUSE UW,2026-06-30 01:07:00+00:00,18.16,18.195566525775316,18.205792869016534,0.010226343241218898,1,-0.0457928690165339,0.0457928690165339
DUISBURG-MEIDERICH SCHLEUSE OW,2026-06-30 01:08:00+00:00,25.0,24.904692530440293,24.91491887368151,0.010226343241218898,1,0.08508112631848874,0.08508112631848874
DUISBURG-MEIDERICH SCHLEUSE UW,2026-06-30 01:08:00+00:00,18.16,18.195566525775316,18.205792869016534,0.010226343241218898,1,-0.0457928690165339,0.0457928690165339
DUISBURG-MEIDERICH SCHLEUSE OW,2026-06-30 01:09:00+00:00,25.0,24.904692530440293,24.91491887368151,0.010226343241218898,1,0.08508112631848874,0.08508112631848874
DUISBURG-MEIDERICH SCHLEUSE UW,2026-06-30 01:09:00+00:00,18.16,18.195566525775316,18.205792869016534,0.010226343241218898,1,-0.0457928690165339,0.0457928690165339
Basel-Rheinhalle,2026-06-30 01:10:00+00:00,521.0,513.3858214095922,513.557210415033,0.1713890054407929,1,7.442789584967045,7.442789584967045
DUISBURG-MEIDERICH SCHLEUSE OW,2026-06-30 01:10:00+00:00,25.0,24.904692530440293,24.91491887368151,0.010226343241218898,1,0.08508112631848874,0.08508112631848874
DUISBURG-MEIDERICH SCHLEUSE UW,2026-06-30 01:10:00+00:00,18.16,18.195566525775316,18.205792869016534,0.010226343241218898,1,-0.0457928690165339,0.0457928690165339
LOBITH,2026-06-30 01:10:00+00:00,705.0,703.8066394806965,703.847792707803,0.04115322710649731,1,1.1522072921969766,1.1522072921969766
DUISBURG-MEIDERICH SCHLEUSE OW,2026-06-30 01:11:00+00:00,25.0,24.904692530440293,24.91491887368151,0.010226343241218898,1,0.08508112631848874,0.08508112631848874
DUISBURG-MEIDERICH SCHLEUSE UW,2026-06-30 01:11:00+00:00,18.16,18.195566525775316,18.205792869016534,0.010226343241218898,1,-0.0457928690165339,0.0457928690165339
DUISBURG-MEIDERICH SCHLEUSE OW,2026-06-30 01:12:00+00:00,25.0,24.904692530440293,24.91491887368151,0.010226343241218898,1,0.08508112631848874,0.08508112631848874
DUISBURG-MEIDERICH SCHLEUSE UW,2026-06-30 01:12:00+00:00,18.16,18.195566525775316,18.205792869016534,0.010226343241218898,1,-0.0457928690165339,0.0457928690165339
DUISBURG-MEIDERICH SCHLEUSE OW,2026-06-30 01:13:00+00:00,25.0,24.904692530440293,24.91491887368151,0.010226343241218898,1,0.08508112631848874,0.08508112631848874
DUISBURG-MEIDERICH SCHLEUSE UW,2026-06-30 01:13:00+00:00,18.16,18.195566525775316,18.205792869016534,0.010226343241218898,1,-0.0457928690165339,0.0457928690165339
DUISBURG-MEIDERICH SCHLEUSE OW,2026-06-30 01:14:00+00:00,25.0,24.904692530440293,24.91491887368151,0.010226343241218898,1,0.08508112631848874,0.08508112631848874
DUISBURG-MEIDERICH SCHLEUSE UW,2026-06-30 01:14:00+00:00,18.16,18.195566525775316,18.205792869016534,0.010226343241218898,1,-0.0457928690165339,0.0457928690165339
BINGEN,2026-06-30 01:15:00+00:00,106.0,105.28679970872213,105.30844780939388,0.021648100671754714,1,0.6915521906061173,0.6915521906061173
BONN,2026-06-30 01:15:00+00:00,140.0,141.21748427255883,141.246438176935,0.02895390437615933,1,-1.246438176934987,1.246438176934987
BREISACH,2026-06-30 01:15:00+00:00,184.0,194.30324746058426,194.33569832003624,0.03245085945198589,1,-10.335698320036244,10.335698320036244
Basel-Rheinhalle,2026-06-30 01:15:00+00:00,522.0,521.9003704747686,521.971786354778,0.07141588000950079,1,0.028213645221967454,0.028213645221967454
DUISBURG-MEIDERICH SCHLEUSE OW,2026-06-30 01:15:00+00:00,25.0,24.904692530440293,24.91491887368151,0.010226343241218898,1,0.08508112631848874,0.08508112631848874
DUISBURG-MEIDERICH SCHLEUSE UW,2026-06-30 01:15:00+00:00,18.16,18.195566525775316,18.205792869016534,0.010226343241218898,1,-0.0457928690165339,0.0457928690165339
DUISBURG-RUHRORT,2026-06-30 01:15:00+00:00,214.0,211.83540144963928,212.41809707562382,0.5826956259845479,1,1.5819029243761804,1.5819029243761804
DÜSSELDORF,2026-06-30 01:15:00+00:00,81.0,79.79789474491014,79.8268486492863,0.02895390437615933,1,1.1731513507136953,1.1731513507136953
EMMERICH,2026-06-30 01:15:00+00:00,54.0,54.014267759555835,53.83011626052321,-0.18415149903261965,1,0.1698837394767878,0.1698837394767878
IFFEZHEIM,2026-06-30 01:15:00+00:00,153.0,156.41812144455352,156.33899815017656,-0.07912329437695857,1,-3.3389981501765646,3.3389981501765646
KAUB,2026-06-30 01:15:00+00:00,86.0,84.43065354650491,84.45230164717667,0.021648100671754714,1,1.547698352823332,1.547698352823332
KOBLENZ,2026-06-30 01:15:00+00:00,83.0,79.43467886213575,79.46363276651192,0.02895390437615933,1,3.536367233488079,3.536367233488079
KONSTANZ-RHEIN,2026-06-30 01:15:00+00:00,313.0,314.27900067907603,314.3937838535423,0.11478317446624912,1,-1.3937838535422884,1.3937838535422884
Koblenz OP,2026-06-30 01:15:00+00:00,200.0,203.9799406598039,202.8667816561005,-1.1131590037033994,1,-2.8667816561004997,2.8667816561004997
Koblenz UP,2026-06-30 01:15:00+00:00,50.0,49.39609398667989,49.425047891056046,0.02895390437615933,1,0.574952108943954,0.574952108943954
KÖLN,2026-06-30 01:15:00+00:00,134.0,132.46558935085434,132.4945432552305,0.02895390437615933,1,1.5054567447695035,1.5054567447695035
MAINZ,2026-06-30 01:15:00+00:00,186.0,187.684506064529,187.71848109104337,0.033975026514381564,1,-1.7184810910433725,1.7184810910433725
MANNHEIM,2026-06-30 01:15:00+00:00,162.0,160.03154225723654,160.13707427978338,0.1055320225468347,1,1.862925720216623,1.862925720216623
MAXAU,2026-06-30 01:15:00+00:00,411.0,409.98931856433137,410.4930955859199,0.5037770215885093,1,0.5069044140801111,0.5069044140801111
REES,2026-06-30 01:15:00+00:00,96.0,97.49648570542158,97.12136821503948,-0.37511749038209485,1,-1.1213682150394817,1.1213682150394817
RHEINE UNTERSCHLEUSE,2026-06-30 01:15:00+00:00,197.0,209.01155141107853,207.65649030479906,-1.3550611062794675,1,-10.656490304799064,10.656490304799064
RHEINWEILER,2026-06-30 01:15:00+00:00,224.0,223.911676337967,225.7169021346645,1.8052257966975045,1,-1.7169021346645081,1.7169021346645081
SANKT GOAR,2026-06-30 01:15:00+00:00,174.0,170.01969376266877,169.99617782617037,-0.023515936498397654,1,4.003822173829633,4.003822173829633
SPEYER,2026-06-30 01:15:00+00:00,254.0,252.463558204257,252.95217273394996,0.4886145296929779,1,1.0478272660500352,1.0478272660500352
WESEL,2026-06-30 01:15:00+00:00,151.0,150.92887156824904,150.9578254726252,0.02895390437615933,1,0.04217452737481153,0.04217452737481153
WORMS,2026-06-30 01:15:00+00:00,73.0,72.30974797312703,72.32728012007266,0.017532146945623515,1,0.6727198799273424,0.6727198799273424
DUISBURG-MEIDERICH SCHLEUSE OW,2026-06-30 01:16:00+00:00,25.0,24.904692530440293,24.91491887368151,0.010226343241218898,1,0.08508112631848874,0.08508112631848874
DUISBURG-MEIDERICH SCHLEUSE UW,2026-06-30 01:16:00+00:00,18.16,18.195566525775316,18.205792869016534,0.010226343241218898,1,-0.0457928690165339,0.0457928690165339
DUISBURG-MEIDERICH SCHLEUSE OW,2026-06-30 01:17:00+00:00,25.0,24.904692530440293,24.91491887368151,0.010226343241218898,1,0.08508112631848874,0.08508112631848874
DUISBURG-MEIDERICH SCHLEUSE UW,2026-06-30 01:17:00+00:00,18.16,18.195566525775316,18.205792869016534,0.010226343241218898,1,-0.0457928690165339,0.0457928690165339
DUISBURG-MEIDERICH SCHLEUSE OW,2026-06-30 01:18:00+00:00,25.0,24.904692530440293,24.91491887368151,0.010226343241218898,1,0.08508112631848874,0.08508112631848874
DUISBURG-MEIDERICH SCHLEUSE UW,2026-06-30 01:18:00+00:00,18.16,18.195566525775316,18.205792869016534,0.010226343241218898,1,-0.0457928690165339,0.0457928690165339
DUISBURG-MEIDERICH SCHLEUSE OW,2026-06-30 01:19:00+00:00,25.0,24.904692530440293,24.91491887368151,0.010226343241218898,1,0.08508112631848874,0.08508112631848874
DUISBURG-MEIDERICH SCHLEUSE UW,2026-06-30 01:19:00+00:00,18.16,18.195566525775316,18.205792869016534,0.010226343241218898,1,-0.0457928690165339,0.0457928690165339
Basel-Rheinhalle,2026-06-30 01:20:00+00:00,521.0,520.8386998968153,520.8318639580735,-0.00683593874179238,1,0.16813604192645926,0.16813604192645926
DUISBURG-MEIDERICH SCHLEUSE OW,2026-06-30 01:20:00+00:00,25.0,24.904692530440293,24.91491887368151,0.010226343241218898,1,0.08508112631848874,0.08508112631848874
DUISBURG-MEIDERICH SCHLEUSE UW,2026-06-30 01:20:00+00:00,18.16,18.195566525775316,18.205792869016534,0.010226343241218898,1,-0.0457928690165339,0.0457928690165339
LOBITH,2026-06-30 01:20:00+00:00,704.0,704.5916712205773,704.6328244476838,0.04115322710649731,1,-0.6328244476837881,0.6328244476837881
DUISBURG-MEIDERICH SCHLEUSE OW,2026-06-30 01:21:00+00:00,25.0,24.904692530440293,24.91491887368151,0.010226343241218898,1,0.08508112631848874,0.08508112631848874
DUISBURG-MEIDERICH SCHLEUSE UW,2026-06-30 01:21:00+00:00,18.16,18.195566525775316,18.205792869016534,0.010226343241218898,1,-0.0457928690165339,0.0457928690165339
DUISBURG-MEIDERICH SCHLEUSE OW,2026-06-30 01:22:00+00:00,25.0,24.904692530440293,24.91491887368151,0.010226343241218898,1,0.08508112631848874,0.08508112631848874
DUISBURG-MEIDERICH SCHLEUSE UW,2026-06-30 01:22:00+00:00,18.16,18.195566525775316,18.205792869016534,0.010226343241218898,1,-0.0457928690165339,0.0457928690165339
DUISBURG-MEIDERICH SCHLEUSE OW,2026-06-30 01:23:00+00:00,25.0,24.904692530440293,24.91491887368151,0.010226343241218898,1,0.08508112631848874,0.08508112631848874
DUISBURG-MEIDERICH SCHLEUSE UW,2026-06-30 01:23:00+00:00,18.16,18.195566525775316,18.205792869016534,0.010226343241218898,1,-0.0457928690165339,0.0457928690165339
DUISBURG-MEIDERICH SCHLEUSE OW,2026-06-30 01:24:00+00:00,25.0,24.904692530440293,24.91491887368151,0.010226343241218898,1,0.08508112631848874,0.08508112631848874
DUISBURG-MEIDERICH SCHLEUSE UW,2026-06-30 01:24:00+00:00,18.16,18.195566525775316,18.205792869016534,0.010226343241218898,1,-0.0457928690165339,0.0457928690165339
Basel-Rheinhalle,2026-06-30 01:25:00+00:00,519.0,521.9088656081863,521.9802814881957,0.07141588000950079,1,-2.9802814881957147,2.9802814881957147
DUISBURG-MEIDERICH SCHLEUSE OW,2026-06-30 01:25:00+00:00,25.0,24.904692530440293,24.91491887368151,0.010226343241218898,1,0.08508112631848874,0.08508112631848874
DUISBURG-MEIDERICH SCHLEUSE UW,2026-06-30 01:25:00+00:00,18.16,18.195566525775316,18.205792869016534,0.010226343241218898,1,-0.0457928690165339,0.0457928690165339
DUISBURG-MEIDERICH SCHLEUSE OW,2026-06-30 01:26:00+00:00,25.0,24.904692530440293,24.91491887368151,0.010226343241218898,1,0.08508112631848874,0.08508112631848874
DUISBURG-MEIDERICH SCHLEUSE UW,2026-06-30 01:26:00+00:00,18.16,18.195566525775316,18.205792869016534,0.010226343241218898,1,-0.0457928690165339,0.0457928690165339
DUISBURG-MEIDERICH SCHLEUSE OW,2026-06-30 01:27:00+00:00,25.0,24.904692530440293,24.91491887368151,0.010226343241218898,1,0.08508112631848874,0.08508112631848874
DUISBURG-MEIDERICH SCHLEUSE UW,2026-06-30 01:27:00+00:00,18.16,18.195566525775316,18.205792869016534,0.010226343241218898,1,-0.0457928690165339,0.0457928690165339
DUISBURG-MEIDERICH SCHLEUSE OW,2026-06-30 01:28:00+00:00,25.0,24.904692530440293,24.91491887368151,0.010226343241218898,1,0.08508112631848874,0.08508112631848874
DUISBURG-MEIDERICH SCHLEUSE UW,2026-06-30 01:28:00+00:00,18.16,18.195566525775316,18.205792869016534,0.010226343241218898,1,-0.0457928690165339,0.0457928690165339
DUISBURG-MEIDERICH SCHLEUSE OW,2026-06-30 01:29:00+00:00,25.0,24.515053427605025,24.525279770846243,0.010226343241218898,1,0.4747202291537569,0.4747202291537569
DUISBURG-MEIDERICH SCHLEUSE UW,2026-06-30 01:29:00+00:00,18.16,18.195566525775316,18.205792869016534,0.010226343241218898,1,-0.0457928690165339,0.0457928690165339
BINGEN,2026-06-30 01:30:00+00:00,106.0,105.24108898910335,105.27004289347951,0.02895390437615933,1,0.7299571065204873,0.7299571065204873
BONN,2026-06-30 01:30:00+00:00,139.0,141.21748427255883,141.246438176935,0.02895390437615933,1,-2.246438176934987,2.246438176934987
BREISACH,2026-06-30 01:30:00+00:00,185.0,189.3306803707003,189.28678523313013,-0.043895137570172195,1,-4.286785233130132,4.286785233130132
Basel-Rheinhalle,2026-06-30 01:30:00+00:00,519.0,523.2333956797247,523.1295171934829,-0.10387848624181391,1,-4.129517193482911,4.129517193482911
DUISBURG-MEIDERICH SCHLEUSE OW,2026-06-30 01:30:00+00:00,25.0,24.778876110020338,24.789102453261556,0.010226343241218898,1,0.21089754673844396,0.21089754673844396
DUISBURG-MEIDERICH SCHLEUSE UW,2026-06-30 01:30:00+00:00,18.16,18.20112466542308,18.2113510086643,0.010226343241218898,1,-0.05135100866429809,0.05135100866429809
DUISBURG-RUHRORT,2026-06-30 01:30:00+00:00,213.0,211.83540144963928,212.41809707562382,0.5826956259845479,1,0.5819029243761804,0.5819029243761804
DÜSSELDORF,2026-06-30 01:30:00+00:00,82.0,79.79789474491014,79.8268486492863,0.02895390437615933,1,2.1731513507136953,2.1731513507136953
EMMERICH,2026-06-30 01:30:00+00:00,54.0,54.3982835344713,54.206826231734276,-0.19145730273702424,1,-0.20682623173427572,0.20682623173427572
IFFEZHEIM,2026-06-30 01:30:00+00:00,150.0,156.41812144455352,156.3066056324539,-0.11151581209960884,1,-6.306605632453909,6.306605632453909
KAUB,2026-06-30 01:30:00+00:00,87.0,84.29570619860388,84.31735429927564,0.021648100671754714,1,2.6826457007243647,2.6826457007243647
KOBLENZ,2026-06-30 01:30:00+00:00,83.0,78.45924919941027,78.48820310378643,0.02895390437615933,1,4.511796896213568,4.511796896213568
KONSTANZ-RHEIN,2026-06-30 01:30:00+00:00,313.0,313.18069976624645,313.6278709568604,0.44717119061396543,1,-0.6278709568604199,0.6278709568604199
Koblenz OP,2026-06-30 01:30:00+00:00,201.0,203.85108546894824,202.73792646524484,-1.1131590037033994,1,-1.7379264652448398,1.7379264652448398
Koblenz UP,2026-06-30 01:30:00+00:00,48.0,49.51734373363216,49.54629763800832,0.02895390437615933,1,-1.546297638008319,1.546297638008319
KÖLN,2026-06-30 01:30:00+00:00,134.0,132.4978540030398,132.52680790741596,0.02895390437615933,1,1.4731920925840427,1.4731920925840427
LOBITH,2026-06-30 01:30:00+00:00,704.0,704.7397785880244,704.7809318151309,0.04115322710649731,1,-0.7809318151308844,0.7809318151308844
MAINZ,2026-06-30 01:30:00+00:00,186.0,187.2287222413746,186.69668496041166,-0.5320372809629421,1,-0.696684960411659,0.696684960411659
MANNHEIM,2026-06-30 01:30:00+00:00,162.0,160.56883650715505,160.6743685297019,0.1055320225468347,1,1.3256314702981058,1.3256314702981058
MAXAU,2026-06-30 01:30:00+00:00,411.0,410.12529442868606,410.29668343412686,0.1713890054407929,1,0.7033165658731377,0.7033165658731377
REES,2026-06-30 01:30:00+00:00,96.0,97.48296364688623,97.10054035279974,-0.38242329408649955,1,-1.1005403527997402,1.1005403527997402
RHEINE UNTERSCHLEUSE,2026-06-30 01:30:00+00:00,193.0,206.01163990339202,204.65657879711256,-1.3550611062794675,1,-11.656578797112559,11.656578797112559
RHEINWEILER,2026-06-30 01:30:00+00:00,225.0,222.23923739403605,221.8225120980313,-0.4167252960047519,1,3.1774879019687035,3.1774879019687035
SANKT GOAR,2026-06-30 01:30:00+00:00,175.0,169.92583500960228,169.90231907310388,-0.023515936498397654,1,5.097680926896118,5.097680926896118
SPEYER,2026-06-30 01:30:00+00:00,254.0,251.76312408704848,251.91935060059373,0.15622651354526157,1,2.080649399406269,2.080649399406269
WESEL,2026-06-30 01:30:00+00:00,151.0,150.94302589836497,150.97197980274112,0.02895390437615933,1,0.028020197258882718,0.028020197258882718
WORMS,2026-06-30 01:30:00+00:00,73.0,72.42234055628423,72.43987270322985,0.017532146945623515,1,0.5601272967701476,0.5601272967701476
DUISBURG-MEIDERICH SCHLEUSE OW,2026-06-30 01:31:00+00:00,25.01,24.778876110020338,24.789102453261556,0.010226343241218898,1,0.22089754673844553,0.22089754673844553
DUISBURG-MEIDERICH SCHLEUSE UW,2026-06-30 01:31:00+00:00,18.16,18.20112466542308,18.2113510086643,0.010226343241218898,1,-0.05135100866429809,0.05135100866429809
DUISBURG-MEIDERICH SCHLEUSE OW,2026-06-30 01:32:00+00:00,25.01,24.422708610111282,24.4329349533525,0.010226343241218898,1,0.5770650466475011,0.5770650466475011
DUISBURG-MEIDERICH SCHLEUSE UW,2026-06-30 01:32:00+00:00,18.16,18.195566525775316,18.205792869016534,0.010226343241218898,1,-0.0457928690165339,0.0457928690165339
DUISBURG-MEIDERICH SCHLEUSE OW,2026-06-30 01:33:00+00:00,25.01,24.422708610111282,24.4329349533525,0.010226343241218898,1,0.5770650466475011,0.5770650466475011
DUISBURG-MEIDERICH SCHLEUSE UW,2026-06-30 01:33:00+00:00,18.16,18.195566525775316,18.205792869016534,0.010226343241218898,1,-0.0457928690165339,0.0457928690165339
DUISBURG-MEIDERICH SCHLEUSE OW,2026-06-30 01:34:00+00:00,25.01,24.422708610111282,24.4329349533525,0.010226343241218898,1,0.5770650466475011,0.5770650466475011
DUISBURG-MEIDERICH SCHLEUSE UW,2026-06-30 01:34:00+00:00,18.16,18.195566525775316,18.205792869016534,0.010226343241218898,1,-0.0457928690165339,0.0457928690165339
Basel-Rheinhalle,2026-06-30 01:35:00+00:00,519.0,521.5770002381138,521.6027223304055,0.025722092291728255,1,-2.602722330405527,2.602722330405527
DUISBURG-MEIDERICH SCHLEUSE OW,2026-06-30 01:35:00+00:00,25.01,24.422708610111282,24.4329349533525,0.010226343241218898,1,0.5770650466475011,0.5770650466475011
DUISBURG-MEIDERICH SCHLEUSE UW,2026-06-30 01:35:00+00:00,18.16,18.195566525775316,18.205792869016534,0.010226343241218898,1,-0.0457928690165339,0.0457928690165339
DUISBURG-MEIDERICH SCHLEUSE OW,2026-06-30 01:36:00+00:00,25.01,24.422708610111282,24.4329349533525,0.010226343241218898,1,0.5770650466475011,0.5770650466475011
DUISBURG-MEIDERICH SCHLEUSE UW,2026-06-30 01:36:00+00:00,18.16,18.195566525775316,18.205792869016534,0.010226343241218898,1,-0.0457928690165339,0.0457928690165339
DUISBURG-MEIDERICH SCHLEUSE OW,2026-06-30 01:37:00+00:00,25.01,24.422708610111282,24.4329349533525,0.010226343241218898,1,0.5770650466475011,0.5770650466475011
DUISBURG-MEIDERICH SCHLEUSE UW,2026-06-30 01:37:00+00:00,18.16,18.195566525775316,18.205792869016534,0.010226343241218898,1,-0.0457928690165339,0.0457928690165339
DUISBURG-MEIDERICH SCHLEUSE OW,2026-06-30 01:38:00+00:00,25.01,24.422708610111282,24.4329349533525,0.010226343241218898,1,0.5770650466475011,0.5770650466475011
DUISBURG-MEIDERICH SCHLEUSE UW,2026-06-30 01:38:00+00:00,18.17,18.195566525775316,18.205792869016534,0.010226343241218898,1,-0.035792869016532336,0.035792869016532336
DUISBURG-MEIDERICH SCHLEUSE OW,2026-06-30 01:39:00+00:00,25.01,24.422708610111282,24.4329349533525,0.010226343241218898,1,0.5770650466475011,0.5770650466475011
DUISBURG-MEIDERICH SCHLEUSE UW,2026-06-30 01:39:00+00:00,18.17,18.195566525775316,18.205792869016534,0.010226343241218898,1,-0.035792869016532336,0.035792869016532336
Basel-Rheinhalle,2026-06-30 01:40:00+00:00,519.0,525.1996754749201,525.2569022463693,0.05722677144923514,1,-6.25690224636935,6.25690224636935
DUISBURG-MEIDERICH SCHLEUSE OW,2026-06-30 01:40:00+00:00,25.01,24.422708610111282,24.4329349533525,0.010226343241218898,1,0.5770650466475011,0.5770650466475011
DUISBURG-MEIDERICH SCHLEUSE UW,2026-06-30 01:40:00+00:00,18.17,18.195566525775316,18.205792869016534,0.010226343241218898,1,-0.035792869016532336,0.035792869016532336
LOBITH,2026-06-30 01:40:00+00:00,704.0,704.7397785880244,704.7809318151309,0.04115322710649731,1,-0.7809318151308844,0.7809318151308844
DUISBURG-MEIDERICH SCHLEUSE OW,2026-06-30 01:41:00+00:00,25.01,24.422708610111282,24.4329349533525,0.010226343241218898,1,0.5770650466475011,0.5770650466475011
DUISBURG-MEIDERICH SCHLEUSE UW,2026-06-30 01:41:00+00:00,18.17,18.195566525775316,18.205792869016534,0.010226343241218898,1,-0.035792869016532336,0.035792869016532336
DUISBURG-MEIDERICH SCHLEUSE OW,2026-06-30 01:42:00+00:00,25.01,24.422708610111282,24.4329349533525,0.010226343241218898,1,0.5770650466475011,0.5770650466475011
DUISBURG-MEIDERICH SCHLEUSE UW,2026-06-30 01:42:00+00:00,18.17,18.195566525775316,18.205792869016534,0.010226343241218898,1,-0.035792869016532336,0.035792869016532336
DUISBURG-MEIDERICH SCHLEUSE OW,2026-06-30 01:43:00+00:00,25.01,24.422708610111282,24.4329349533525,0.010226343241218898,1,0.5770650466475011,0.5770650466475011
DUISBURG-MEIDERICH SCHLEUSE UW,2026-06-30 01:43:00+00:00,18.17,18.195566525775316,18.205792869016534,0.010226343241218898,1,-0.035792869016532336,0.035792869016532336
DUISBURG-MEIDERICH SCHLEUSE OW,2026-06-30 01:44:00+00:00,25.01,24.422708610111282,24.4329349533525,0.010226343241218898,1,0.5770650466475011,0.5770650466475011
DUISBURG-MEIDERICH SCHLEUSE UW,2026-06-30 01:44:00+00:00,18.17,18.195566525775316,18.205792869016534,0.010226343241218898,1,-0.035792869016532336,0.035792869016532336
BINGEN,2026-06-30 01:45:00+00:00,105.0,105.17121859014539,105.18875073709101,0.017532146945623515,1,-0.18875073709101287,0.18875073709101287
BONN,2026-06-30 01:45:00+00:00,139.0,141.30298447277102,141.32051661971664,0.017532146945623515,1,-2.320516619716642,2.320516619716642
BREISACH,2026-06-30 01:45:00+00:00,186.0,188.37155112851303,188.67755651150205,0.30600538298899954,1,-2.677556511502047,2.677556511502047
Basel-Rheinhalle,2026-06-30 01:45:00+00:00,516.0,522.4317325367701,522.5031484167796,0.07141588000950079,1,-6.503148416779595,6.503148416779595
DUISBURG-MEIDERICH SCHLEUSE OW,2026-06-30 01:45:00+00:00,25.01,24.422708610111282,24.4329349533525,0.010226343241218898,1,0.5770650466475011,0.5770650466475011
DUISBURG-MEIDERICH SCHLEUSE UW,2026-06-30 01:45:00+00:00,18.17,18.195566525775316,18.205792869016534,0.010226343241218898,1,-0.035792869016532336,0.035792869016532336
DUISBURG-RUHRORT,2026-06-30 01:45:00+00:00,214.0,212.11620758341513,212.68748145196915,0.5712738685540122,1,1.3125185480308517,1.3125185480308517
DÜSSELDORF,2026-06-30 01:45:00+00:00,80.0,79.85247101661304,79.87000316355866,0.017532146945623515,1,0.12999683644133597,0.12999683644133597
EMMERICH,2026-06-30 01:45:00+00:00,53.0,53.8601035355536,53.66864623281658,-0.19145730273702424,1,-0.6686462328165774,0.6686462328165774
IFFEZHEIM,2026-06-30 01:45:00+00:00,149.0,155.60236639089817,155.47942882136803,-0.12293756953014465,1,-6.479428821368032,6.479428821368032
KAUB,2026-06-30 01:45:00+00:00,87.0,84.21184293860313,84.22206928184434,0.010226343241218898,1,2.777930718155659,2.777930718155659
KOBLENZ,2026-06-30 01:45:00+00:00,83.0,78.37538593940951,78.39291808635514,0.017532146945623515,1,4.607081913644862,4.607081913644862
KONSTANZ-RHEIN,2026-06-30 01:45:00+00:00,314.0,313.24210859280737,313.3568917672736,0.11478317446624912,1,0.6431082327263766,0.6431082327263766
Koblenz OP,2026-06-30 01:45:00+00:00,201.0,204.32183422851196,203.19725346737803,-1.124580761133935,1,-2.197253467378033,2.197253467378033
Koblenz UP,2026-06-30 01:45:00+00:00,49.0,49.42507352742177,49.4426056743674,0.017532146945623515,1,-0.4426056743673996,0.4426056743673996
KÖLN,2026-06-30 01:45:00+00:00,134.0,132.55108955106653,132.56862169801215,0.017532146945623515,1,1.4313783019878485,1.4313783019878485
MAINZ,2026-06-30 01:45:00+00:00,185.0,187.53000188268746,186.98654284429398,-0.5434590383934781,1,-1.9865428442939788,1.9865428442939788
MANNHEIM,2026-06-30 01:45:00+00:00,163.0,159.7573706684748,159.87020849472606,0.11283782625123934,1,3.1297915052739427,3.1297915052739427
MAXAU,2026-06-30 01:45:00+00:00,411.0,410.2935386366669,410.4649276421077,0.1713890054407929,1,0.535072357892318,0.535072357892318
REES,2026-06-30 01:45:00+00:00,96.0,97.74650445967639,97.3640811655899,-0.38242329408649955,1,-1.3640811655898943,1.3640811655898943
RHEINE UNTERSCHLEUSE,2026-06-30 01:45:00+00:00,191.0,206.27672113872936,204.9216600324499,-1.3550611062794675,1,-13.921660032449893,13.921660032449893
RHEINWEILER,2026-06-30 01:45:00+00:00,224.0,222.48709828227598,222.0589512288407,-0.42814705343528775,1,1.941048771159302,1.941048771159302
SANKT GOAR,2026-06-30 01:45:00+00:00,175.0,170.60451591658037,170.57688402635583,-0.02763189022452885,1,4.4231159736441725,4.4231159736441725
SPEYER,2026-06-30 01:45:00+00:00,254.0,251.96787001162508,252.12409652517033,0.15622651354526157,1,1.87590347482967,1.87590347482967
WESEL,2026-06-30 01:45:00+00:00,151.0,151.02036417783322,151.03059052107443,0.010226343241218898,1,-0.030590521074429944,0.030590521074429944
WORMS,2026-06-30 01:45:00+00:00,73.0,73.1600389778798,73.17757112482542,0.017532146945623515,1,-0.1775711248254197,0.1775711248254197
DUISBURG-MEIDERICH SCHLEUSE OW,2026-06-30 01:46:00+00:00,25.01,24.422708610111282,24.4329349533525,0.010226343241218898,1,0.5770650466475011,0.5770650466475011
DUISBURG-MEIDERICH SCHLEUSE UW,2026-06-30 01:46:00+00:00,18.17,18.195566525775316,18.205792869016534,0.010226343241218898,1,-0.035792869016532336,0.035792869016532336
DUISBURG-MEIDERICH SCHLEUSE OW,2026-06-30 01:47:00+00:00,25.01,24.422708610111282,24.4329349533525,0.010226343241218898,1,0.5770650466475011,0.5770650466475011
DUISBURG-MEIDERICH SCHLEUSE UW,2026-06-30 01:47:00+00:00,18.17,18.195566525775316,18.205792869016534,0.010226343241218898,1,-0.035792869016532336,0.035792869016532336
DUISBURG-MEIDERICH SCHLEUSE OW,2026-06-30 01:48:00+00:00,25.01,24.422708610111282,24.4329349533525,0.010226343241218898,1,0.5770650466475011,0.5770650466475011
DUISBURG-MEIDERICH SCHLEUSE UW,2026-06-30 01:48:00+00:00,18.17,18.195566525775316,18.205792869016534,0.010226343241218898,1,-0.035792869016532336,0.035792869016532336
DUISBURG-MEIDERICH SCHLEUSE OW,2026-06-30 01:49:00+00:00,25.01,24.422708610111282,24.4329349533525,0.010226343241218898,1,0.5770650466475011,0.5770650466475011
DUISBURG-MEIDERICH SCHLEUSE UW,2026-06-30 01:49:00+00:00,18.17,18.195566525775316,18.205792869016534,0.010226343241218898,1,-0.035792869016532336,0.035792869016532336
Basel-Rheinhalle,2026-06-30 01:50:00+00:00,516.0,526.5706684597427,526.5181387332832,-0.052529726459564816,1,-10.518138733283195,10.518138733283195
DUISBURG-MEIDERICH SCHLEUSE OW,2026-06-30 01:50:00+00:00,25.01,24.422708610111282,24.4329349533525,0.010226343241218898,1,0.5770650466475011,0.5770650466475011
DUISBURG-MEIDERICH SCHLEUSE UW,2026-06-30 01:50:00+00:00,18.17,18.195566525775316,18.205792869016534,0.010226343241218898,1,-0.035792869016532336,0.035792869016532336
LOBITH,2026-06-30 01:50:00+00:00,705.0,704.7397785880244,704.7809318151309,0.04115322710649731,1,0.2190681848691156,0.2190681848691156
DUISBURG-MEIDERICH SCHLEUSE OW,2026-06-30 01:51:00+00:00,25.01,24.422708610111282,24.4329349533525,0.010226343241218898,1,0.5770650466475011,0.5770650466475011
DUISBURG-MEIDERICH SCHLEUSE UW,2026-06-30 01:51:00+00:00,18.17,18.195566525775316,18.205792869016534,0.010226343241218898,1,-0.035792869016532336,0.035792869016532336
DUISBURG-MEIDERICH SCHLEUSE OW,2026-06-30 01:52:00+00:00,25.01,24.422708610111282,24.4329349533525,0.010226343241218898,1,0.5770650466475011,0.5770650466475011
DUISBURG-MEIDERICH SCHLEUSE UW,2026-06-30 01:52:00+00:00,18.17,18.195566525775316,18.205792869016534,0.010226343241218898,1,-0.035792869016532336,0.035792869016532336
DUISBURG-MEIDERICH SCHLEUSE OW,2026-06-30 01:53:00+00:00,25.01,24.422708610111282,24.4329349533525,0.010226343241218898,1,0.5770650466475011,0.5770650466475011
DUISBURG-MEIDERICH SCHLEUSE UW,2026-06-30 01:53:00+00:00,18.17,18.195566525775316,18.205792869016534,0.010226343241218898,1,-0.035792869016532336,0.035792869016532336
DUISBURG-MEIDERICH SCHLEUSE OW,2026-06-30 01:54:00+00:00,25.01,24.422708610111282,24.4329349533525,0.010226343241218898,1,0.5770650466475011,0.5770650466475011
DUISBURG-MEIDERICH SCHLEUSE UW,2026-06-30 01:54:00+00:00,18.17,18.195566525775316,18.205792869016534,0.010226343241218898,1,-0.035792869016532336,0.035792869016532336
Basel-Rheinhalle,2026-06-30 01:55:00+00:00,516.0,530.4700447663737,530.3803553886921,-0.08968937768154829,1,-14.380355388692124,14.380355388692124
DUISBURG-MEIDERICH SCHLEUSE OW,2026-06-30 01:55:00+00:00,25.01,24.919724840873798,24.929951184115016,0.010226343241218898,1,0.08004881588498591,0.08004881588498591
DUISBURG-MEIDERICH SCHLEUSE UW,2026-06-30 01:55:00+00:00,18.17,18.195566525775316,18.205792869016534,0.010226343241218898,1,-0.035792869016532336,0.035792869016532336
DUISBURG-MEIDERICH SCHLEUSE OW,2026-06-30 01:56:00+00:00,25.01,25.89796722243103,25.90819356567225,0.010226343241218898,1,-0.8981935656722477,0.8981935656722477
DUISBURG-MEIDERICH SCHLEUSE UW,2026-06-30 01:56:00+00:00,18.17,18.195566525775316,18.205792869016534,0.010226343241218898,1,-0.035792869016532336,0.035792869016532336
DUISBURG-MEIDERICH SCHLEUSE OW,2026-06-30 01:57:00+00:00,25.01,25.89796722243103,25.90819356567225,0.010226343241218898,1,-0.8981935656722477,0.8981935656722477
DUISBURG-MEIDERICH SCHLEUSE UW,2026-06-30 01:57:00+00:00,18.17,18.195566525775316,18.205792869016534,0.010226343241218898,1,-0.035792869016532336,0.035792869016532336
DUISBURG-MEIDERICH SCHLEUSE OW,2026-06-30 01:58:00+00:00,25.01,25.541799722521976,25.552026065763194,0.010226343241218898,1,-0.5420260657631921,0.5420260657631921
DUISBURG-MEIDERICH SCHLEUSE UW,2026-06-30 01:58:00+00:00,18.17,18.195566525775316,18.205792869016534,0.010226343241218898,1,-0.035792869016532336,0.035792869016532336
DUISBURG-MEIDERICH SCHLEUSE OW,2026-06-30 01:59:00+00:00,25.01,25.541799722521976,25.552026065763194,0.010226343241218898,1,-0.5420260657631921,0.5420260657631921
DUISBURG-MEIDERICH SCHLEUSE UW,2026-06-30 01:59:00+00:00,18.17,18.195566525775316,18.205792869016534,0.010226343241218898,1,-0.035792869016532336,0.035792869016532336
BINGEN,2026-06-30 02:00:00+00:00,107.0,105.27951837848485,105.29705052543048,0.017532146945623515,1,1.7029494745695217,1.7029494745695217
BONN,2026-06-30 02:00:00+00:00,139.0,141.2062941848466,141.22382633179222,0.017532146945623515,1,-2.2238263317922247,2.2238263317922247
BREISACH,2026-06-30 02:00:00+00:00,185.0,189.23808487126027,189.03341655508666,-0.20466831617360312,1,-4.03341655508666,4.03341655508666
Basel-Rheinhalle,2026-06-30 02:00:00+00:00,517.0,531.8279377650956,531.7240592788538,-0.10387848624181391,1,-14.724059278853815,14.724059278853815
DUISBURG-MEIDERICH SCHLEUSE OW,2026-06-30 02:00:00+00:00,25.02,26.18778173016762,26.19800807340884,0.010226343241218898,1,-1.17800807340884,1.17800807340884
DUISBURG-MEIDERICH SCHLEUSE UW,2026-06-30 02:00:00+00:00,18.17,17.488833163698672,17.49905950693989,0.010226343241218898,1,0.6709404930601117,0.6709404930601117
DUISBURG-RUHRORT,2026-06-30 02:00:00+00:00,214.0,211.45613794211744,212.02741181067145,0.5712738685540122,1,1.9725881893285475,1.9725881893285475
DÜSSELDORF,2026-06-30 02:00:00+00:00,81.0,78.16696017623146,78.18449232317708,0.017532146945623515,1,2.815507676822918,2.815507676822918
EMMERICH,2026-06-30 02:00:00+00:00,53.0,53.82334908597911,53.63919758694649,-0.18415149903261965,1,-0.6391975869464872,0.6391975869464872
IFFEZHEIM,2026-06-30 02:00:00+00:00,148.0,156.33249733155256,156.1094141459623,-0.22308318559026213,1,-8.10941414596229,8.10941414596229
KAUB,2026-06-30 02:00:00+00:00,87.0,84.28301495073434,84.29324129397556,0.010226343241218898,1,2.706758706024445,2.706758706024445
KOBLENZ,2026-06-30 02:00:00+00:00,84.0,78.48368572774898,78.5012178746946,0.017532146945623515,1,5.498782125305397,5.498782125305397
KONSTANZ-RHEIN,2026-06-30 02:00:00+00:00,313.0,313.2676990360284,313.38248221049463,0.11478317446624912,1,-0.38248221049462927,0.38248221049462927
Koblenz OP,2026-06-30 02:00:00+00:00,201.0,202.2403947903375,201.11581402920356,-1.124580761133935,1,-0.11581402920356254,0.11581402920356254
Koblenz UP,2026-06-30 02:00:00+00:00,48.0,48.97303000613257,48.98325634937379,0.010226343241218898,1,-0.9832563493737894,0.9832563493737894
KÖLN,2026-06-30 02:00:00+00:00,134.0,132.37841416719905,132.39594631414468,0.017532146945623515,1,1.6040536858553196,1.6040536858553196
LOBITH,2026-06-30 02:00:00+00:00,704.0,708.7317232855384,708.7728765126449,0.04115322710649731,1,-4.772876512644871,4.772876512644871
MAINZ,2026-06-30 02:00:00+00:00,185.0,187.74445800559735,187.41598575479972,-0.3284722507976341,1,-2.4159857547997206,2.4159857547997206
MANNHEIM,2026-06-30 02:00:00+00:00,162.0,159.26632353085066,159.3791613571019,0.11283782625123934,1,2.620838642898093,2.620838642898093
MAXAU,2026-06-30 02:00:00+00:00,410.0,410.85701265952935,411.1312252687162,0.2742126091868394,1,-1.1312252687162072,1.1312252687162072
REES,2026-06-30 02:00:00+00:00,96.0,96.52585915805616,96.15074166767407,-0.37511749038209485,1,-0.15074166767406894,0.15074166767406894
RHEINE UNTERSCHLEUSE,2026-06-30 02:00:00+00:00,191.0,216.39015936351325,216.91388792320762,0.5237285596943676,1,-25.913887923207625,25.913887923207625
RHEINWEILER,2026-06-30 02:00:00+00:00,222.0,222.695355819259,222.57970861255575,-0.1156472067032565,1,-0.5797086125557485,0.5797086125557485
SANKT GOAR,2026-06-30 02:00:00+00:00,176.0,170.74881021321306,170.72117832298852,-0.02763189022452885,1,5.278821677011479,5.278821677011479
SPEYER,2026-06-30 02:00:00+00:00,255.0,252.8575791640826,253.30716935507948,0.4495901909968802,1,1.6928306449205195,1.6928306449205195
WESEL,2026-06-30 02:00:00+00:00,152.0,151.7328328614053,151.74305920464653,0.010226343241218898,1,0.25694079535347214,0.25694079535347214
WORMS,2026-06-30 02:00:00+00:00,73.0,72.39429079475687,72.4118229417025,0.017532146945623515,1,0.5881770582975037,0.5881770582975037
DUISBURG-MEIDERICH SCHLEUSE OW,2026-06-30 02:01:00+00:00,25.02,26.18778173016762,26.19800807340884,0.010226343241218898,1,-1.17800807340884,1.17800807340884
DUISBURG-MEIDERICH SCHLEUSE UW,2026-06-30 02:01:00+00:00,18.17,17.488833163698672,17.49905950693989,0.010226343241218898,1,0.6709404930601117,0.6709404930601117
DUISBURG-MEIDERICH SCHLEUSE OW,2026-06-30 02:02:00+00:00,25.02,26.18778173016762,26.19800807340884,0.010226343241218898,1,-1.17800807340884,1.17800807340884
DUISBURG-MEIDERICH SCHLEUSE UW,2026-06-30 02:02:00+00:00,18.17,17.488833163698672,17.49905950693989,0.010226343241218898,1,0.6709404930601117,0.6709404930601117
DUISBURG-MEIDERICH SCHLEUSE OW,2026-06-30 02:03:00+00:00,25.02,25.541799722521976,25.552026065763194,0.010226343241218898,1,-0.5320260657631941,0.5320260657631941
DUISBURG-MEIDERICH SCHLEUSE UW,2026-06-30 02:03:00+00:00,18.17,18.20112466542308,18.2113510086643,0.010226343241218898,1,-0.04135100866429653,0.04135100866429653
DUISBURG-MEIDERICH SCHLEUSE OW,2026-06-30 02:04:00+00:00,25.02,25.541799722521976,25.552026065763194,0.010226343241218898,1,-0.5320260657631941,0.5320260657631941
DUISBURG-MEIDERICH SCHLEUSE UW,2026-06-30 02:04:00+00:00,18.17,18.20112466542308,18.2113510086643,0.010226343241218898,1,-0.04135100866429653,0.04135100866429653
Basel-Rheinhalle,2026-06-30 02:05:00+00:00,519.0,531.6436319916729,531.5397535054311,-0.10387848624181391,1,-12.539753505431122,12.539753505431122
DUISBURG-MEIDERICH SCHLEUSE OW,2026-06-30 02:05:00+00:00,25.02,25.541799722521976,25.552026065763194,0.010226343241218898,1,-0.5320260657631941,0.5320260657631941
DUISBURG-MEIDERICH SCHLEUSE UW,2026-06-30 02:05:00+00:00,18.17,18.195566525775316,18.205792869016534,0.010226343241218898,1,-0.035792869016532336,0.035792869016532336
DUISBURG-MEIDERICH SCHLEUSE OW,2026-06-30 02:06:00+00:00,25.02,25.541799722521976,25.552026065763194,0.010226343241218898,1,-0.5320260657631941,0.5320260657631941
DUISBURG-MEIDERICH SCHLEUSE UW,2026-06-30 02:06:00+00:00,18.17,18.195566525775316,18.205792869016534,0.010226343241218898,1,-0.035792869016532336,0.035792869016532336
DUISBURG-MEIDERICH SCHLEUSE OW,2026-06-30 02:07:00+00:00,25.02,25.541799722521976,25.552026065763194,0.010226343241218898,1,-0.5320260657631941,0.5320260657631941
DUISBURG-MEIDERICH SCHLEUSE UW,2026-06-30 02:07:00+00:00,18.17,18.195566525775316,18.205792869016534,0.010226343241218898,1,-0.035792869016532336,0.035792869016532336
DUISBURG-MEIDERICH SCHLEUSE OW,2026-06-30 02:08:00+00:00,25.02,25.541799722521976,25.552026065763194,0.010226343241218898,1,-0.5320260657631941,0.5320260657631941
DUISBURG-MEIDERICH SCHLEUSE UW,2026-06-30 02:08:00+00:00,18.17,18.195566525775316,18.205792869016534,0.010226343241218898,1,-0.035792869016532336,0.035792869016532336
DUISBURG-MEIDERICH SCHLEUSE OW,2026-06-30 02:09:00+00:00,25.02,25.541799722521976,25.552026065763194,0.010226343241218898,1,-0.5320260657631941,0.5320260657631941
DUISBURG-MEIDERICH SCHLEUSE UW,2026-06-30 02:09:00+00:00,18.17,18.195566525775316,18.205792869016534,0.010226343241218898,1,-0.035792869016532336,0.035792869016532336
Basel-Rheinhalle,2026-06-30 02:10:00+00:00,520.0,531.7370639109919,531.6331854247501,-0.10387848624181391,1,-11.633185424750081,11.633185424750081
DUISBURG-MEIDERICH SCHLEUSE OW,2026-06-30 02:10:00+00:00,25.02,25.541799722521976,25.552026065763194,0.010226343241218898,1,-0.5320260657631941,0.5320260657631941
DUISBURG-MEIDERICH SCHLEUSE UW,2026-06-30 02:10:00+00:00,18.17,18.195566525775316,18.205792869016534,0.010226343241218898,1,-0.035792869016532336,0.035792869016532336
LOBITH,2026-06-30 02:10:00+00:00,704.0,708.7317232855384,708.7728765126449,0.04115322710649731,1,-4.772876512644871,4.772876512644871
DUISBURG-MEIDERICH SCHLEUSE OW,2026-06-30 02:11:00+00:00,25.02,25.541799722521976,25.552026065763194,0.010226343241218898,1,-0.5320260657631941,0.5320260657631941
DUISBURG-MEIDERICH SCHLEUSE UW,2026-06-30 02:11:00+00:00,18.17,18.195566525775316,18.205792869016534,0.010226343241218898,1,-0.035792869016532336,0.035792869016532336
DUISBURG-MEIDERICH SCHLEUSE OW,2026-06-30 02:12:00+00:00,25.02,25.541799722521976,25.552026065763194,0.010226343241218898,1,-0.5320260657631941,0.5320260657631941
DUISBURG-MEIDERICH SCHLEUSE UW,2026-06-30 02:12:00+00:00,18.16,18.195566525775316,18.205792869016534,0.010226343241218898,1,-0.0457928690165339,0.0457928690165339
DUISBURG-MEIDERICH SCHLEUSE OW,2026-06-30 02:13:00+00:00,25.02,25.541799722521976,25.552026065763194,0.010226343241218898,1,-0.5320260657631941,0.5320260657631941
DUISBURG-MEIDERICH SCHLEUSE UW,2026-06-30 02:13:00+00:00,18.16,18.195566525775316,18.205792869016534,0.010226343241218898,1,-0.0457928690165339,0.0457928690165339
DUISBURG-MEIDERICH SCHLEUSE OW,2026-06-30 02:14:00+00:00,25.02,25.541799722521976,25.552026065763194,0.010226343241218898,1,-0.5320260657631941,0.5320260657631941
DUISBURG-MEIDERICH SCHLEUSE UW,2026-06-30 02:14:00+00:00,18.16,18.195566525775316,18.205792869016534,0.010226343241218898,1,-0.0457928690165339,0.0457928690165339
BINGEN,2026-06-30 02:15:00+00:00,107.0,105.45767610097397,105.4752082479196,0.017532146945623515,1,1.5247917520804037,1.5247917520804037
BONN,2026-06-30 02:15:00+00:00,139.0,141.2062941848466,141.22382633179222,0.017532146945623515,1,-2.2238263317922247,2.2238263317922247
BREISACH,2026-06-30 02:15:00+00:00,186.0,194.0496192139989,193.53325667612572,-0.5163625378731943,1,-7.533256676125717,7.533256676125717
Basel-Rheinhalle,2026-06-30 02:15:00+00:00,522.0,532.8024093897687,532.698530903527,-0.10387848624181391,1,-10.698530903526944,10.698530903526944
DUISBURG-MEIDERICH SCHLEUSE OW,2026-06-30 02:15:00+00:00,25.02,25.541799722521976,25.552026065763194,0.010226343241218898,1,-0.5320260657631941,0.5320260657631941
DUISBURG-MEIDERICH SCHLEUSE UW,2026-06-30 02:15:00+00:00,18.16,18.195566525775316,18.205792869016534,0.010226343241218898,1,-0.0457928690165339,0.0457928690165339
DUISBURG-RUHRORT,2026-06-30 02:15:00+00:00,212.0,211.45613794211744,212.02741181067145,0.5712738685540122,1,-0.027411810671452486,0.027411810671452486
DÜSSELDORF,2026-06-30 02:15:00+00:00,81.0,78.2572190029689,78.26744534621011,0.010226343241218898,1,2.73255465378989,2.73255465378989
EMMERICH,2026-06-30 02:15:00+00:00,53.0,53.337405320094405,53.15325382106178,-0.18415149903261965,1,-0.15325382106178154,0.15325382106178154
IFFEZHEIM,2026-06-30 02:15:00+00:00,146.0,156.33249733155256,156.1094141459623,-0.22308318559026213,1,-10.10941414596229,10.10941414596229
KAUB,2026-06-30 02:15:00+00:00,87.0,84.34931306966295,84.36684521660858,0.017532146945623515,1,2.6331547833914186,2.6331547833914186
KOBLENZ,2026-06-30 02:15:00+00:00,82.0,79.44908777514739,79.4593141183886,0.010226343241218898,1,2.5406858816113953,2.5406858816113953
KONSTANZ-RHEIN,2026-06-30 02:15:00+00:00,313.0,313.1333300523302,313.2481132267965,0.11478317446624912,1,-0.24811322679647674,0.24811322679647674
Koblenz OP,2026-06-30 02:15:00+00:00,200.0,202.2403947903375,201.11581402920356,-1.124580761133935,1,-1.1158140292035625,1.1158140292035625
Koblenz UP,2026-06-30 02:15:00+00:00,48.0,49.655391720618795,49.67292386756442,0.017532146945623515,1,-1.6729238675644211,1.6729238675644211
KÖLN,2026-06-30 02:15:00+00:00,134.0,132.0790282584109,132.0965604053565,0.017532146945623515,1,1.903439594643487,1.903439594643487
MAINZ,2026-06-30 02:15:00+00:00,185.0,187.7989953048262,187.46321725032416,-0.33577805450203874,1,-2.4632172503241634,2.4632172503241634
MANNHEIM,2026-06-30 02:15:00+00:00,163.0,159.26632353085066,159.3791613571019,0.11283782625123934,1,3.620838642898093,3.620838642898093
MAXAU,2026-06-30 02:15:00+00:00,410.0,410.29176069565744,410.2335852886966,-0.058175406960877224,1,-0.23358528869658812,0.23358528869658812
REES,2026-06-30 02:15:00+00:00,96.0,96.60841644600616,96.23329895562406,-0.37511749038209485,1,-0.23329895562406477,0.23329895562406477
RHEINE UNTERSCHLEUSE,2026-06-30 02:15:00+00:00,206.0,216.39015936351325,216.91388792320762,0.5237285596943676,1,-10.913887923207625,10.913887923207625
RHEINWEILER,2026-06-30 02:15:00+00:00,222.0,222.0580294949482,221.64130419894343,-0.4167252960047519,1,0.3586958010565695,0.3586958010565695
SANKT GOAR,2026-06-30 02:15:00+00:00,177.0,170.88630042611697,170.85136273218805,-0.03493769392893344,1,6.148637267811949,6.148637267811949
SPEYER,2026-06-30 02:15:00+00:00,254.0,252.8575791640826,253.30716935507948,0.4495901909968802,1,0.6928306449205195,0.6928306449205195
WESEL,2026-06-30 02:15:00+00:00,151.0,150.41519530492778,150.4327274518734,0.017532146945623515,1,0.5672725481265957,0.5672725481265957
WORMS,2026-06-30 02:15:00+00:00,73.0,72.40269774096649,72.42022988791211,0.017532146945623515,1,0.5797701120878855,0.5797701120878855
DUISBURG-MEIDERICH SCHLEUSE OW,2026-06-30 02:16:00+00:00,25.02,25.541799722521976,25.552026065763194,0.010226343241218898,1,-0.5320260657631941,0.5320260657631941
DUISBURG-MEIDERICH SCHLEUSE UW,2026-06-30 02:16:00+00:00,18.16,18.195566525775316,18.205792869016534,0.010226343241218898,1,-0.0457928690165339,0.0457928690165339
DUISBURG-MEIDERICH SCHLEUSE OW,2026-06-30 02:17:00+00:00,25.02,25.541799722521976,25.552026065763194,0.010226343241218898,1,-0.5320260657631941,0.5320260657631941
DUISBURG-MEIDERICH SCHLEUSE UW,2026-06-30 02:17:00+00:00,18.16,18.195566525775316,18.205792869016534,0.010226343241218898,1,-0.0457928690165339,0.0457928690165339
DUISBURG-MEIDERICH SCHLEUSE OW,2026-06-30 02:18:00+00:00,25.02,25.541799722521976,25.552026065763194,0.010226343241218898,1,-0.5320260657631941,0.5320260657631941
DUISBURG-MEIDERICH SCHLEUSE UW,2026-06-30 02:18:00+00:00,18.16,18.195566525775316,18.205792869016534,0.010226343241218898,1,-0.0457928690165339,0.0457928690165339
DUISBURG-MEIDERICH SCHLEUSE OW,2026-06-30 02:19:00+00:00,25.02,25.541799722521976,25.552026065763194,0.010226343241218898,1,-0.5320260657631941,0.5320260657631941
DUISBURG-MEIDERICH SCHLEUSE UW,2026-06-30 02:19:00+00:00,18.16,18.195566525775316,18.205792869016534,0.010226343241218898,1,-0.0457928690165339,0.0457928690165339
Basel-Rheinhalle,2026-06-30 02:20:00+00:00,524.0,533.0950224568479,532.9911439706061,-0.10387848624181391,1,-8.991143970606117,8.991143970606117
DUISBURG-MEIDERICH SCHLEUSE OW,2026-06-30 02:20:00+00:00,25.02,25.541799722521976,25.552026065763194,0.010226343241218898,1,-0.5320260657631941,0.5320260657631941
DUISBURG-MEIDERICH SCHLEUSE UW,2026-06-30 02:20:00+00:00,18.16,18.195566525775316,18.205792869016534,0.010226343241218898,1,-0.0457928690165339,0.0457928690165339
LOBITH,2026-06-30 02:20:00+00:00,704.0,708.7317232855384,708.7728765126449,0.04115322710649731,1,-4.772876512644871,4.772876512644871
DUISBURG-MEIDERICH SCHLEUSE OW,2026-06-30 02:21:00+00:00,25.02,25.541799722521976,25.552026065763194,0.010226343241218898,1,-0.5320260657631941,0.5320260657631941
DUISBURG-MEIDERICH SCHLEUSE UW,2026-06-30 02:21:00+00:00,18.16,18.195566525775316,18.205792869016534,0.010226343241218898,1,-0.0457928690165339,0.0457928690165339
DUISBURG-MEIDERICH SCHLEUSE OW,2026-06-30 02:22:00+00:00,25.02,25.541799722521976,25.552026065763194,0.010226343241218898,1,-0.5320260657631941,0.5320260657631941
DUISBURG-MEIDERICH SCHLEUSE UW,2026-06-30 02:22:00+00:00,18.16,18.195566525775316,18.205792869016534,0.010226343241218898,1,-0.0457928690165339,0.0457928690165339
DUISBURG-MEIDERICH SCHLEUSE OW,2026-06-30 02:23:00+00:00,25.02,25.541799722521976,25.552026065763194,0.010226343241218898,1,-0.5320260657631941,0.5320260657631941
DUISBURG-MEIDERICH SCHLEUSE UW,2026-06-30 02:23:00+00:00,18.16,18.195566525775316,18.205792869016534,0.010226343241218898,1,-0.0457928690165339,0.0457928690165339
DUISBURG-MEIDERICH SCHLEUSE OW,2026-06-30 02:24:00+00:00,25.02,25.541799722521976,25.552026065763194,0.010226343241218898,1,-0.5320260657631941,0.5320260657631941
DUISBURG-MEIDERICH SCHLEUSE UW,2026-06-30 02:24:00+00:00,18.16,18.195566525775316,18.205792869016534,0.010226343241218898,1,-0.0457928690165339,0.0457928690165339
Basel-Rheinhalle,2026-06-30 02:25:00+00:00,523.0,532.5759238072441,532.4720453210023,-0.10387848624181391,1,-9.47204532100227,9.47204532100227
DUISBURG-MEIDERICH SCHLEUSE OW,2026-06-30 02:25:00+00:00,25.02,25.541799722521976,25.552026065763194,0.010226343241218898,1,-0.5320260657631941,0.5320260657631941
DUISBURG-MEIDERICH SCHLEUSE UW,2026-06-30 02:25:00+00:00,18.16,18.195566525775316,18.205792869016534,0.010226343241218898,1,-0.0457928690165339,0.0457928690165339
DUISBURG-MEIDERICH SCHLEUSE OW,2026-06-30 02:26:00+00:00,25.03,25.541799722521976,25.552026065763194,0.010226343241218898,1,-0.5220260657631925,0.5220260657631925
DUISBURG-MEIDERICH SCHLEUSE UW,2026-06-30 02:26:00+00:00,18.16,18.195566525775316,18.205792869016534,0.010226343241218898,1,-0.0457928690165339,0.0457928690165339
DUISBURG-MEIDERICH SCHLEUSE OW,2026-06-30 02:27:00+00:00,25.03,25.541799722521976,25.552026065763194,0.010226343241218898,1,-0.5220260657631925,0.5220260657631925
DUISBURG-MEIDERICH SCHLEUSE UW,2026-06-30 02:27:00+00:00,18.16,18.195566525775316,18.205792869016534,0.010226343241218898,1,-0.0457928690165339,0.0457928690165339
DUISBURG-MEIDERICH SCHLEUSE OW,2026-06-30 02:28:00+00:00,25.03,25.541799722521976,25.552026065763194,0.010226343241218898,1,-0.5220260657631925,0.5220260657631925
DUISBURG-MEIDERICH SCHLEUSE UW,2026-06-30 02:28:00+00:00,18.16,18.195566525775316,18.205792869016534,0.010226343241218898,1,-0.0457928690165339,0.0457928690165339
DUISBURG-MEIDERICH SCHLEUSE OW,2026-06-30 02:29:00+00:00,25.03,25.541799722521976,25.552026065763194,0.010226343241218898,1,-0.5220260657631925,0.5220260657631925
DUISBURG-MEIDERICH SCHLEUSE UW,2026-06-30 02:29:00+00:00,18.16,18.195566525775316,18.205792869016534,0.010226343241218898,1,-0.0457928690165339,0.0457928690165339
BINGEN,2026-06-30 02:30:00+00:00,107.0,105.42521986796086,105.43544621120208,0.010226343241218898,1,1.564553788797923,1.564553788797923
BONN,2026-06-30 02:30:00+00:00,139.0,143.19424388141988,143.2044702246611,0.010226343241218898,1,-4.204470224661094,4.204470224661094
BREISACH,2026-06-30 02:30:00+00:00,185.0,193.59015915452454,193.23344479593248,-0.3567143585920717,1,-8.233444795932485,8.233444795932485
Basel-Rheinhalle,2026-06-30 02:30:00+00:00,524.0,532.7622845591321,532.6584060728903,-0.10387848624181391,1,-8.65840607289033,8.65840607289033
DUISBURG-MEIDERICH SCHLEUSE OW,2026-06-30 02:30:00+00:00,25.03,25.541799722521976,25.552026065763194,0.010226343241218898,1,-0.5220260657631925,0.5220260657631925
DUISBURG-MEIDERICH SCHLEUSE UW,2026-06-30 02:30:00+00:00,18.16,18.195566525775316,18.205792869016534,0.010226343241218898,1,-0.0457928690165339,0.0457928690165339
DUISBURG-RUHRORT,2026-06-30 02:30:00+00:00,212.0,211.45613794211744,212.02741181067145,0.5712738685540122,1,-0.027411810671452486,0.027411810671452486
DÜSSELDORF,2026-06-30 02:30:00+00:00,82.0,78.2572190029689,78.26744534621011,0.010226343241218898,1,3.73255465378989,3.73255465378989
EMMERICH,2026-06-30 02:30:00+00:00,53.0,56.64636277127052,56.4549054685335,-0.19145730273702424,1,-3.4549054685334966,3.4549054685334966
IFFEZHEIM,2026-06-30 02:30:00+00:00,149.0,156.59034010283574,156.36725691724547,-0.22308318559026213,1,-7.36725691724547,7.36725691724547
KAUB,2026-06-30 02:30:00+00:00,88.0,84.4060934649321,84.42362561187772,0.017532146945623515,1,3.576374388122275,3.576374388122275
KOBLENZ,2026-06-30 02:30:00+00:00,82.0,79.61849438564818,79.6360265325938,0.017532146945623515,1,2.363973467406197,2.363973467406197
KONSTANZ-RHEIN,2026-06-30 02:30:00+00:00,314.0,312.7405691373065,313.1877403279205,0.44717119061396543,1,0.8122596720795059,0.8122596720795059
Koblenz OP,2026-06-30 02:30:00+00:00,200.0,202.2403947903375,201.1255635362908,-1.1148312540466843,1,-1.125563536290798,1.125563536290798
Koblenz UP,2026-06-30 02:30:00+00:00,47.0,49.71217211588794,49.729704262833565,0.017532146945623515,1,-2.7297042628335646,2.7297042628335646
KÖLN,2026-06-30 02:30:00+00:00,134.0,133.0550032951735,133.0652296384147,0.010226343241218898,1,0.9347703615852936,0.9347703615852936
LOBITH,2026-06-30 02:30:00+00:00,704.0,704.7397785880244,704.7809318151309,0.04115322710649731,1,-0.7809318151308844,0.7809318151308844
MAINZ,2026-06-30 02:30:00+00:00,185.0,187.98878753387993,187.6603152830823,-0.3284722507976341,1,-2.660315283082298,2.660315283082298
MANNHEIM,2026-06-30 02:30:00+00:00,163.0,159.0746634525488,159.18750127880006,0.11283782625123934,1,3.812498721199944,3.812498721199944
MAXAU,2026-06-30 02:30:00+00:00,411.0,410.29176069565744,410.2335852886966,-0.058175406960877224,1,0.7664147113034119,0.7664147113034119
REES,2026-06-30 02:30:00+00:00,96.0,96.60841644600616,96.23329895562406,-0.37511749038209485,1,-0.23329895562406477,0.23329895562406477
RHEINE UNTERSCHLEUSE,2026-06-30 02:30:00+00:00,232.0,216.39015936351325,216.91388792320762,0.5237285596943676,1,15.086112076792375,15.086112076792375
RHEINWEILER,2026-06-30 02:30:00+00:00,222.0,222.21999605306465,221.8032707570599,-0.4167252960047519,1,0.1967292429401084,0.1967292429401084
SANKT GOAR,2026-06-30 02:30:00+00:00,178.0,170.9430808213861,170.90814312745718,-0.03493769392893344,1,7.09185687254282,7.09185687254282
SPEYER,2026-06-30 02:30:00+00:00,255.0,252.1571450468741,252.27434722172325,0.11720217484916397,1,2.7256527782767535,2.7256527782767535
WESEL,2026-06-30 02:30:00+00:00,152.0,151.41904416633702,151.43657631328264,0.017532146945623515,1,0.563423686717357,0.563423686717357
WORMS,2026-06-30 02:30:00+00:00,73.0,73.37867277772901,73.38889912097022,0.010226343241218898,1,-0.3888991209702226,0.3888991209702226
DUISBURG-MEIDERICH SCHLEUSE OW,2026-06-30 02:31:00+00:00,25.03,25.541799722521976,25.552026065763194,0.010226343241218898,1,-0.5220260657631925,0.5220260657631925
DUISBURG-MEIDERICH SCHLEUSE UW,2026-06-30 02:31:00+00:00,18.16,18.195566525775316,18.205792869016534,0.010226343241218898,1,-0.0457928690165339,0.0457928690165339
DUISBURG-MEIDERICH SCHLEUSE OW,2026-06-30 02:32:00+00:00,25.03,25.541799722521976,25.552026065763194,0.010226343241218898,1,-0.5220260657631925,0.5220260657631925
DUISBURG-MEIDERICH SCHLEUSE UW,2026-06-30 02:32:00+00:00,18.16,18.195566525775316,18.205792869016534,0.010226343241218898,1,-0.0457928690165339,0.0457928690165339
DUISBURG-MEIDERICH SCHLEUSE OW,2026-06-30 02:33:00+00:00,25.03,25.541799722521976,25.552026065763194,0.010226343241218898,1,-0.5220260657631925,0.5220260657631925
DUISBURG-MEIDERICH SCHLEUSE UW,2026-06-30 02:33:00+00:00,18.16,18.195566525775316,18.205792869016534,0.010226343241218898,1,-0.0457928690165339,0.0457928690165339
DUISBURG-MEIDERICH SCHLEUSE OW,2026-06-30 02:34:00+00:00,25.03,25.541799722521976,25.552026065763194,0.010226343241218898,1,-0.5220260657631925,0.5220260657631925
DUISBURG-MEIDERICH SCHLEUSE UW,2026-06-30 02:34:00+00:00,18.16,18.195566525775316,18.205792869016534,0.010226343241218898,1,-0.0457928690165339,0.0457928690165339
Basel-Rheinhalle,2026-06-30 02:35:00+00:00,524.0,525.9393565197963,525.9137298523058,-0.025626667490520838,1,-1.913729852305778,1.913729852305778
DUISBURG-MEIDERICH SCHLEUSE OW,2026-06-30 02:35:00+00:00,25.03,25.541799722521976,25.552026065763194,0.010226343241218898,1,-0.5220260657631925,0.5220260657631925
DUISBURG-MEIDERICH SCHLEUSE UW,2026-06-30 02:35:00+00:00,18.16,18.195566525775316,18.205792869016534,0.010226343241218898,1,-0.0457928690165339,0.0457928690165339
DUISBURG-MEIDERICH SCHLEUSE OW,2026-06-30 02:36:00+00:00,25.03,25.541799722521976,25.552026065763194,0.010226343241218898,1,-0.5220260657631925,0.5220260657631925
DUISBURG-MEIDERICH SCHLEUSE UW,2026-06-30 02:36:00+00:00,18.16,18.195566525775316,18.205792869016534,0.010226343241218898,1,-0.0457928690165339,0.0457928690165339
DUISBURG-MEIDERICH SCHLEUSE OW,2026-06-30 02:37:00+00:00,25.03,25.541799722521976,25.552026065763194,0.010226343241218898,1,-0.5220260657631925,0.5220260657631925
DUISBURG-MEIDERICH SCHLEUSE UW,2026-06-30 02:37:00+00:00,18.16,18.20112466542308,18.2113510086643,0.010226343241218898,1,-0.05135100866429809,0.05135100866429809
DUISBURG-MEIDERICH SCHLEUSE OW,2026-06-30 02:38:00+00:00,25.03,25.541799722521976,25.552026065763194,0.010226343241218898,1,-0.5220260657631925,0.5220260657631925
DUISBURG-MEIDERICH SCHLEUSE UW,2026-06-30 02:38:00+00:00,18.16,18.20112466542308,18.2113510086643,0.010226343241218898,1,-0.05135100866429809,0.05135100866429809
DUISBURG-MEIDERICH SCHLEUSE OW,2026-06-30 02:39:00+00:00,25.03,25.541799722521976,25.552026065763194,0.010226343241218898,1,-0.5220260657631925,0.5220260657631925
DUISBURG-MEIDERICH SCHLEUSE UW,2026-06-30 02:39:00+00:00,18.16,18.195566525775316,18.205792869016534,0.010226343241218898,1,-0.0457928690165339,0.0457928690165339
Basel-Rheinhalle,2026-06-30 02:40:00+00:00,524.0,525.165364647435,525.1768976311665,0.011532983731462651,1,-1.1768976311665256,1.1768976311665256
DUISBURG-MEIDERICH SCHLEUSE OW,2026-06-30 02:40:00+00:00,25.03,25.541799722521976,25.552026065763194,0.010226343241218898,1,-0.5220260657631925,0.5220260657631925
DUISBURG-MEIDERICH SCHLEUSE UW,2026-06-30 02:40:00+00:00,18.17,18.195566525775316,18.205792869016534,0.010226343241218898,1,-0.035792869016532336,0.035792869016532336
LOBITH,2026-06-30 02:40:00+00:00,705.0,703.9547468481436,703.9959000752501,0.04115322710649731,1,1.0040999247498803,1.0040999247498803
DUISBURG-MEIDERICH SCHLEUSE OW,2026-06-30 02:41:00+00:00,25.03,25.541799722521976,25.552026065763194,0.010226343241218898,1,-0.5220260657631925,0.5220260657631925
DUISBURG-MEIDERICH SCHLEUSE UW,2026-06-30 02:41:00+00:00,18.17,18.195566525775316,18.205792869016534,0.010226343241218898,1,-0.035792869016532336,0.035792869016532336
DUISBURG-MEIDERICH SCHLEUSE OW,2026-06-30 02:42:00+00:00,25.03,25.541799722521976,25.552026065763194,0.010226343241218898,1,-0.5220260657631925,0.5220260657631925
DUISBURG-MEIDERICH SCHLEUSE UW,2026-06-30 02:42:00+00:00,18.17,18.195566525775316,18.205792869016534,0.010226343241218898,1,-0.035792869016532336,0.035792869016532336
DUISBURG-MEIDERICH SCHLEUSE OW,2026-06-30 02:43:00+00:00,25.03,25.541799722521976,25.552026065763194,0.010226343241218898,1,-0.5220260657631925,0.5220260657631925
DUISBURG-MEIDERICH SCHLEUSE UW,2026-06-30 02:43:00+00:00,18.17,18.195566525775316,18.205792869016534,0.010226343241218898,1,-0.035792869016532336,0.035792869016532336
DUISBURG-MEIDERICH SCHLEUSE OW,2026-06-30 02:44:00+00:00,25.03,25.541799722521976,25.552026065763194,0.010226343241218898,1,-0.5220260657631925,0.5220260657631925
DUISBURG-MEIDERICH SCHLEUSE UW,2026-06-30 02:44:00+00:00,18.17,18.195566525775316,18.205792869016534,0.010226343241218898,1,-0.035792869016532336,0.035792869016532336
BINGEN,2026-06-30 02:45:00+00:00,107.0,105.05766417194175,105.06789051518297,0.010226343241218898,1,1.9321094848170333,1.9321094848170333
BONN,2026-06-30 02:45:00+00:00,138.0,142.9280658024389,142.93829214568012,0.010226343241218898,1,-4.938292145680123,4.938292145680123
BREISACH,2026-06-30 02:45:00+00:00,185.0,191.9266042129412,191.56876485502684,-0.3578393579143798,1,-6.568764855026842,6.568764855026842
Basel-Rheinhalle,2026-06-30 02:45:00+00:00,524.0,524.7627759890579,524.8341918690674,0.07141588000950079,1,-0.8341918690673538,0.8341918690673538
DUISBURG-MEIDERICH SCHLEUSE OW,2026-06-30 02:45:00+00:00,25.03,25.541799722521976,25.552026065763194,0.010226343241218898,1,-0.5220260657631925,0.5220260657631925
DUISBURG-MEIDERICH SCHLEUSE UW,2026-06-30 02:45:00+00:00,18.17,18.195566525775316,18.205792869016534,0.010226343241218898,1,-0.035792869016532336,0.035792869016532336
DUISBURG-RUHRORT,2026-06-30 02:45:00+00:00,213.0,212.0914114165013,212.66268528505532,0.5712738685540122,1,0.33731471494468224,0.33731471494468224
DÜSSELDORF,2026-06-30 02:45:00+00:00,82.0,79.84114523154676,79.85867737849239,0.017532146945623515,1,2.141322621507612,2.141322621507612
EMMERICH,2026-06-30 02:45:00+00:00,53.0,53.94447354245558,53.75301623971856,-0.19145730273702424,1,-0.753016239718562,0.753016239718562
IFFEZHEIM,2026-06-30 02:45:00+00:00,146.0,155.30674177001265,155.08365858442238,-0.22308318559026213,1,-9.08365858442238,9.08365858442238
KAUB,2026-06-30 02:45:00+00:00,88.0,84.04932359802497,84.05954994126618,0.010226343241218898,1,3.9404500587338163,3.9404500587338163
KOBLENZ,2026-06-30 02:45:00+00:00,84.0,79.39837024573445,79.41590239268008,0.017532146945623515,1,4.584097607319919,4.584097607319919
KONSTANZ-RHEIN,2026-06-30 02:45:00+00:00,313.0,312.78702732923426,312.9018105037005,0.11478317446624912,1,0.09818949629948293,0.09818949629948293
Koblenz OP,2026-06-30 02:45:00+00:00,202.0,204.22043840496525,203.10560715091856,-1.1148312540466843,1,-1.1056071509185585,1.1056071509185585
Koblenz UP,2026-06-30 02:45:00+00:00,48.0,49.352812649520345,49.37034479646597,0.017532146945623515,1,-1.3703447964659716,1.3703447964659716
KÖLN,2026-06-30 02:45:00+00:00,134.0,132.86481031213557,132.8750366553768,0.010226343241218898,1,1.124963344623211,1.124963344623211
MAINZ,2026-06-30 02:45:00+00:00,185.0,186.81925578555712,186.27579674716364,-0.5434590383934781,1,-1.2757967471636391,1.2757967471636391
MANNHEIM,2026-06-30 02:45:00+00:00,164.0,159.31964528064557,159.43248310689683,0.11283782625123934,1,4.567516893103175,4.567516893103175
MAXAU,2026-06-30 02:45:00+00:00,410.0,410.22961014966444,410.5038227588513,0.2742126091868394,1,-0.5038227588512996,0.5038227588512996
REES,2026-06-30 02:45:00+00:00,96.0,97.5915658066185,97.21644831623641,-0.37511749038209485,1,-1.2164483162364093,1.2164483162364093
RHEINE UNTERSCHLEUSE,2026-06-30 02:45:00+00:00,196.0,206.27672113872936,204.9216600324499,-1.3550611062794675,1,-8.921660032449893,8.921660032449893
RHEINWEILER,2026-06-30 02:45:00+00:00,223.0,222.2461148127786,221.8179677593433,-0.42814705343528775,1,1.1820322406566959,1.1820322406566959
SANKT GOAR,2026-06-30 02:45:00+00:00,176.0,169.8492636428102,169.81432594888128,-0.03493769392893344,1,6.185674051118724,6.185674051118724
SPEYER,2026-06-30 02:45:00+00:00,254.0,252.28916523798358,252.40636741283274,0.11720217484916397,1,1.5936325871672636,1.5936325871672636
WESEL,2026-06-30 02:45:00+00:00,151.0,152.24813981249477,152.25836615573598,0.010226343241218898,1,-1.2583661557359846,1.2583661557359846
WORMS,2026-06-30 02:45:00+00:00,74.0,73.09008130200624,73.10030764524745,0.010226343241218898,1,0.8996923547525455,0.8996923547525455
DUISBURG-MEIDERICH SCHLEUSE OW,2026-06-30 02:46:00+00:00,25.03,25.541799722521976,25.552026065763194,0.010226343241218898,1,-0.5220260657631925,0.5220260657631925
DUISBURG-MEIDERICH SCHLEUSE UW,2026-06-30 02:46:00+00:00,18.17,18.195566525775316,18.205792869016534,0.010226343241218898,1,-0.035792869016532336,0.035792869016532336
DUISBURG-MEIDERICH SCHLEUSE OW,2026-06-30 02:47:00+00:00,25.03,25.541799722521976,25.552026065763194,0.010226343241218898,1,-0.5220260657631925,0.5220260657631925
DUISBURG-MEIDERICH SCHLEUSE UW,2026-06-30 02:47:00+00:00,18.17,18.195566525775316,18.205792869016534,0.010226343241218898,1,-0.035792869016532336,0.035792869016532336
DUISBURG-MEIDERICH SCHLEUSE OW,2026-06-30 02:48:00+00:00,25.04,25.541799722521976,25.552026065763194,0.010226343241218898,1,-0.5120260657631945,0.5120260657631945
DUISBURG-MEIDERICH SCHLEUSE UW,2026-06-30 02:48:00+00:00,18.17,18.195566525775316,18.205792869016534,0.010226343241218898,1,-0.035792869016532336,0.035792869016532336
DUISBURG-MEIDERICH SCHLEUSE OW,2026-06-30 02:49:00+00:00,25.04,25.541799722521976,25.552026065763194,0.010226343241218898,1,-0.5120260657631945,0.5120260657631945
DUISBURG-MEIDERICH SCHLEUSE UW,2026-06-30 02:49:00+00:00,18.17,18.195566525775316,18.205792869016534,0.010226343241218898,1,-0.035792869016532336,0.035792869016532336
Basel-Rheinhalle,2026-06-30 02:50:00+00:00,526.0,523.6498589708323,523.7212748508417,0.07141588000950079,1,2.2787251491582765,2.2787251491582765
DUISBURG-MEIDERICH SCHLEUSE OW,2026-06-30 02:50:00+00:00,25.04,25.541799722521976,25.552026065763194,0.010226343241218898,1,-0.5120260657631945,0.5120260657631945
DUISBURG-MEIDERICH SCHLEUSE UW,2026-06-30 02:50:00+00:00,18.17,18.195566525775316,18.205792869016534,0.010226343241218898,1,-0.035792869016532336,0.035792869016532336
LOBITH,2026-06-30 02:50:00+00:00,704.0,704.7397785880244,704.7809318151309,0.04115322710649731,1,-0.7809318151308844,0.7809318151308844
DUISBURG-MEIDERICH SCHLEUSE OW,2026-06-30 02:51:00+00:00,25.04,25.89796722243103,25.90819356567225,0.010226343241218898,1,-0.8681935656722501,0.8681935656722501
DUISBURG-MEIDERICH SCHLEUSE UW,2026-06-30 02:51:00+00:00,18.17,18.195566525775316,18.205792869016534,0.010226343241218898,1,-0.035792869016532336,0.035792869016532336
DUISBURG-MEIDERICH SCHLEUSE OW,2026-06-30 02:52:00+00:00,25.04,25.89796722243103,25.90819356567225,0.010226343241218898,1,-0.8681935656722501,0.8681935656722501
DUISBURG-MEIDERICH SCHLEUSE UW,2026-06-30 02:52:00+00:00,18.17,18.195566525775316,18.205792869016534,0.010226343241218898,1,-0.035792869016532336,0.035792869016532336
DUISBURG-MEIDERICH SCHLEUSE OW,2026-06-30 02:53:00+00:00,25.04,25.541799722521976,25.552026065763194,0.010226343241218898,1,-0.5120260657631945,0.5120260657631945
DUISBURG-MEIDERICH SCHLEUSE UW,2026-06-30 02:53:00+00:00,18.17,18.195566525775316,18.205792869016534,0.010226343241218898,1,-0.035792869016532336,0.035792869016532336
DUISBURG-MEIDERICH SCHLEUSE OW,2026-06-30 02:54:00+00:00,25.04,25.541799722521976,25.552026065763194,0.010226343241218898,1,-0.5120260657631945,0.5120260657631945
DUISBURG-MEIDERICH SCHLEUSE UW,2026-06-30 02:54:00+00:00,18.17,18.195566525775316,18.205792869016534,0.010226343241218898,1,-0.035792869016532336,0.035792869016532336
Basel-Rheinhalle,2026-06-30 02:55:00+00:00,526.0,522.8021181026759,522.8735339826853,0.07141588000950079,1,3.1264660173146694,3.1264660173146694
DUISBURG-MEIDERICH SCHLEUSE OW,2026-06-30 02:55:00+00:00,25.04,25.541799722521976,25.552026065763194,0.010226343241218898,1,-0.5120260657631945,0.5120260657631945
DUISBURG-MEIDERICH SCHLEUSE UW,2026-06-30 02:55:00+00:00,18.17,18.195566525775316,18.205792869016534,0.010226343241218898,1,-0.035792869016532336,0.035792869016532336
DUISBURG-MEIDERICH SCHLEUSE OW,2026-06-30 02:56:00+00:00,25.04,25.541799722521976,25.552026065763194,0.010226343241218898,1,-0.5120260657631945,0.5120260657631945
DUISBURG-MEIDERICH SCHLEUSE UW,2026-06-30 02:56:00+00:00,18.17,18.195566525775316,18.205792869016534,0.010226343241218898,1,-0.035792869016532336,0.035792869016532336
DUISBURG-MEIDERICH SCHLEUSE OW,2026-06-30 02:57:00+00:00,25.04,25.541799722521976,25.552026065763194,0.010226343241218898,1,-0.5120260657631945,0.5120260657631945
DUISBURG-MEIDERICH SCHLEUSE UW,2026-06-30 02:57:00+00:00,18.17,18.195566525775316,18.205792869016534,0.010226343241218898,1,-0.035792869016532336,0.035792869016532336
DUISBURG-MEIDERICH SCHLEUSE OW,2026-06-30 02:58:00+00:00,25.04,25.541799722521976,25.552026065763194,0.010226343241218898,1,-0.5120260657631945,0.5120260657631945
DUISBURG-MEIDERICH SCHLEUSE UW,2026-06-30 02:58:00+00:00,18.17,18.195566525775316,18.205792869016534,0.010226343241218898,1,-0.035792869016532336,0.035792869016532336
DUISBURG-MEIDERICH SCHLEUSE OW,2026-06-30 02:59:00+00:00,25.04,25.541799722521976,25.552026065763194,0.010226343241218898,1,-0.5120260657631945,0.5120260657631945
DUISBURG-MEIDERICH SCHLEUSE UW,2026-06-30 02:59:00+00:00,18.17,18.195566525775316,18.205792869016534,0.010226343241218898,1,-0.035792869016532336,0.035792869016532336
BINGEN,2026-06-30 03:00:00+00:00,108.0,104.88784666420845,104.89807300744967,0.010226343241218898,1,3.1019269925503323,3.1019269925503323
BONN,2026-06-30 03:00:00+00:00,137.0,142.9280658024389,142.93829214568012,0.010226343241218898,1,-5.938292145680123,5.938292145680123
BREISACH,2026-06-30 03:00:00+00:00,186.0,192.2717604441699,191.79011715163148,-0.48164329253841043,1,-5.7901171516314776,5.7901171516314776
Basel-Rheinhalle,2026-06-30 03:00:00+00:00,527.0,529.8460310301389,529.8082394590633,-0.03779157107558594,1,-2.8082394590633157,2.8082394590633157
DUISBURG-MEIDERICH SCHLEUSE OW,2026-06-30 03:00:00+00:00,25.04,25.541799722521976,25.552026065763194,0.010226343241218898,1,-0.5120260657631945,0.5120260657631945
DUISBURG-MEIDERICH SCHLEUSE UW,2026-06-30 03:00:00+00:00,18.18,18.195566525775316,18.205792869016534,0.010226343241218898,1,-0.025792869016534326,0.025792869016534326
DUISBURG-RUHRORT,2026-06-30 03:00:00+00:00,212.0,211.99491963893155,212.56619350748556,0.5712738685540122,1,-0.5661935074855649,0.5661935074855649
DÜSSELDORF,2026-06-30 03:00:00+00:00,81.0,79.91852792599673,79.93606007294235,0.017532146945623515,1,1.0639399270576462,1.0639399270576462
EMMERICH,2026-06-30 03:00:00+00:00,54.0,52.983916735643994,52.79976523661137,-0.18415149903261965,1,1.2002347633886288,1.2002347633886288
IFFEZHEIM,2026-06-30 03:00:00+00:00,146.0,155.80497353533292,155.68203596580278,-0.12293756953014465,1,-9.682035965802783,9.682035965802783
KAUB,2026-06-30 03:00:00+00:00,89.0,84.03181447857719,84.0420408218184,0.010226343241218898,1,4.957959178181596,4.957959178181596
KOBLENZ,2026-06-30 03:00:00+00:00,84.0,78.56790629960238,78.58543844654801,0.017532146945623515,1,5.414561553451989,5.414561553451989
KONSTANZ-RHEIN,2026-06-30 03:00:00+00:00,313.0,312.7340300313475,312.91751782128006,0.18348778993253761,1,0.08248217871994257,0.08248217871994257
Koblenz OP,2026-06-30 03:00:00+00:00,201.0,204.1239466273955,203.0091153733488,-1.1148312540466843,1,-2.0091153733488056,2.0091153733488056
Koblenz UP,2026-06-30 03:00:00+00:00,47.0,49.352812649520345,49.37034479646597,0.017532146945623515,1,-2.3703447964659716,2.3703447964659716
KÖLN,2026-06-30 03:00:00+00:00,134.0,132.86481031213557,132.8750366553768,0.010226343241218898,1,1.124963344623211,1.124963344623211
LOBITH,2026-06-30 03:00:00+00:00,704.0,704.7397785880244,704.7809318151309,0.04115322710649731,1,-0.7809318151308844,0.7809318151308844
MAINZ,2026-06-30 03:00:00+00:00,185.0,188.2726946126337,187.94422236183607,-0.3284722507976341,1,-2.9442223618360686,2.9442223618360686
MANNHEIM,2026-06-30 03:00:00+00:00,165.0,159.73381326695883,159.84665109321008,0.11283782625123934,1,5.153348906789915,5.153348906789915
MAXAU,2026-06-30 03:00:00+00:00,410.0,410.2462132843194,410.71096596721185,0.46475268289241145,1,-0.7109659672118482,0.7109659672118482
REES,2026-06-30 03:00:00+00:00,97.0,97.56480814849631,97.18238485440982,-0.38242329408649955,1,-0.18238485440981833,0.18238485440981833
RHEINE UNTERSCHLEUSE,2026-06-30 03:00:00+00:00,187.0,206.27672113872936,204.9216600324499,-1.3550611062794675,1,-17.921660032449893,17.921660032449893
RHEINWEILER,2026-06-30 03:00:00+00:00,223.0,222.2248967743934,221.8654543364244,-0.35944243796899905,1,1.134545663575608,1.134545663575608
SANKT GOAR,2026-06-30 03:00:00+00:00,176.0,169.77057000150103,169.7356323075721,-0.03493769392893344,1,6.264367692427896,6.264367692427896
SPEYER,2026-06-30 03:00:00+00:00,255.0,252.46952336703563,252.5180209264185,0.04849755938287525,1,2.481979073581499,2.481979073581499
WESEL,2026-06-30 03:00:00+00:00,152.0,152.3120920291481,152.32962417609372,0.017532146945623515,1,-0.3296241760937164,0.3296241760937164
WORMS,2026-06-30 03:00:00+00:00,74.0,72.90472211892248,72.9149484621637,0.010226343241218898,1,1.085051537836307,1.085051537836307
DUISBURG-MEIDERICH SCHLEUSE OW,2026-06-30 03:01:00+00:00,25.04,25.5833118365375,25.59353817977872,0.010226343241218898,1,-0.5535381797787196,0.5535381797787196
DUISBURG-MEIDERICH SCHLEUSE UW,2026-06-30 03:01:00+00:00,18.18,18.22867169358123,18.238898036822448,0.010226343241218898,1,-0.05889803682244832,0.05889803682244832
DUISBURG-MEIDERICH SCHLEUSE OW,2026-06-30 03:02:00+00:00,25.04,25.5833118365375,25.59353817977872,0.010226343241218898,1,-0.5535381797787196,0.5535381797787196
DUISBURG-MEIDERICH SCHLEUSE UW,2026-06-30 03:02:00+00:00,18.18,18.22867169358123,18.238898036822448,0.010226343241218898,1,-0.05889803682244832,0.05889803682244832
DUISBURG-MEIDERICH SCHLEUSE OW,2026-06-30 03:03:00+00:00,25.04,25.541799722521976,25.552026065763194,0.010226343241218898,1,-0.5120260657631945,0.5120260657631945
DUISBURG-MEIDERICH SCHLEUSE UW,2026-06-30 03:03:00+00:00,18.18,18.195566525775316,18.205792869016534,0.010226343241218898,1,-0.025792869016534326,0.025792869016534326
DUISBURG-MEIDERICH SCHLEUSE OW,2026-06-30 03:04:00+00:00,25.04,25.541799722521976,25.552026065763194,0.010226343241218898,1,-0.5120260657631945,0.5120260657631945
DUISBURG-MEIDERICH SCHLEUSE UW,2026-06-30 03:04:00+00:00,18.18,18.195566525775316,18.205792869016534,0.010226343241218898,1,-0.025792869016534326,0.025792869016534326
Basel-Rheinhalle,2026-06-30 03:05:00+00:00,527.0,528.913081488766,528.8752899176905,-0.03779157107558594,1,-1.875289917690452,1.875289917690452
DUISBURG-MEIDERICH SCHLEUSE OW,2026-06-30 03:05:00+00:00,25.04,25.541799722521976,25.552026065763194,0.010226343241218898,1,-0.5120260657631945,0.5120260657631945
DUISBURG-MEIDERICH SCHLEUSE UW,2026-06-30 03:05:00+00:00,18.18,18.20112466542308,18.2113510086643,0.010226343241218898,1,-0.03135100866429852,0.03135100866429852
DUISBURG-MEIDERICH SCHLEUSE OW,2026-06-30 03:06:00+00:00,25.04,25.541799722521976,25.552026065763194,0.010226343241218898,1,-0.5120260657631945,0.5120260657631945
DUISBURG-MEIDERICH SCHLEUSE UW,2026-06-30 03:06:00+00:00,18.18,18.20112466542308,18.2113510086643,0.010226343241218898,1,-0.03135100866429852,0.03135100866429852
DUISBURG-MEIDERICH SCHLEUSE OW,2026-06-30 03:07:00+00:00,25.04,25.541799722521976,25.552026065763194,0.010226343241218898,1,-0.5120260657631945,0.5120260657631945
DUISBURG-MEIDERICH SCHLEUSE UW,2026-06-30 03:07:00+00:00,18.18,18.195566525775316,18.205792869016534,0.010226343241218898,1,-0.025792869016534326,0.025792869016534326
DUISBURG-MEIDERICH SCHLEUSE OW,2026-06-30 03:08:00+00:00,25.04,25.541799722521976,25.552026065763194,0.010226343241218898,1,-0.5120260657631945,0.5120260657631945
DUISBURG-MEIDERICH SCHLEUSE UW,2026-06-30 03:08:00+00:00,18.18,18.195566525775316,18.205792869016534,0.010226343241218898,1,-0.025792869016534326,0.025792869016534326
DUISBURG-MEIDERICH SCHLEUSE OW,2026-06-30 03:09:00+00:00,25.04,25.541799722521976,25.552026065763194,0.010226343241218898,1,-0.5120260657631945,0.5120260657631945
DUISBURG-MEIDERICH SCHLEUSE UW,2026-06-30 03:09:00+00:00,18.18,18.195566525775316,18.205792869016534,0.010226343241218898,1,-0.025792869016534326,0.025792869016534326
Basel-Rheinhalle,2026-06-30 03:10:00+00:00,526.0,530.9884201430417,530.9364394634058,-0.051980679635851554,1,-4.936439463405804,4.936439463405804
DUISBURG-MEIDERICH SCHLEUSE OW,2026-06-30 03:10:00+00:00,25.04,25.541799722521976,25.552026065763194,0.010226343241218898,1,-0.5120260657631945,0.5120260657631945
DUISBURG-MEIDERICH SCHLEUSE UW,2026-06-30 03:10:00+00:00,18.18,18.195566525775316,18.205792869016534,0.010226343241218898,1,-0.025792869016534326,0.025792869016534326
LOBITH,2026-06-30 03:10:00+00:00,704.0,704.5916712205773,704.6328244476838,0.04115322710649731,1,-0.6328244476837881,0.6328244476837881
DUISBURG-MEIDERICH SCHLEUSE OW,2026-06-30 03:11:00+00:00,25.04,25.541799722521976,25.552026065763194,0.010226343241218898,1,-0.5120260657631945,0.5120260657631945
DUISBURG-MEIDERICH SCHLEUSE UW,2026-06-30 03:11:00+00:00,18.18,18.195566525775316,18.205792869016534,0.010226343241218898,1,-0.025792869016534326,0.025792869016534326
DUISBURG-MEIDERICH SCHLEUSE OW,2026-06-30 03:12:00+00:00,25.04,25.541799722521976,25.552026065763194,0.010226343241218898,1,-0.5120260657631945,0.5120260657631945
DUISBURG-MEIDERICH SCHLEUSE UW,2026-06-30 03:12:00+00:00,18.17,18.195566525775316,18.205792869016534,0.010226343241218898,1,-0.035792869016532336,0.035792869016532336
DUISBURG-MEIDERICH SCHLEUSE OW,2026-06-30 03:13:00+00:00,25.04,25.541799722521976,25.552026065763194,0.010226343241218898,1,-0.5120260657631945,0.5120260657631945
DUISBURG-MEIDERICH SCHLEUSE UW,2026-06-30 03:13:00+00:00,18.17,18.195566525775316,18.205792869016534,0.010226343241218898,1,-0.035792869016532336,0.035792869016532336
DUISBURG-MEIDERICH SCHLEUSE OW,2026-06-30 03:14:00+00:00,25.04,25.541799722521976,25.552026065763194,0.010226343241218898,1,-0.5120260657631945,0.5120260657631945
DUISBURG-MEIDERICH SCHLEUSE UW,2026-06-30 03:14:00+00:00,18.17,18.195566525775316,18.205792869016534,0.010226343241218898,1,-0.035792869016532336,0.035792869016532336
BINGEN,2026-06-30 03:15:00+00:00,106.0,104.78043352081288,104.7979656677585,0.017532146945623515,1,1.202034332241496,1.202034332241496
BONN,2026-06-30 03:15:00+00:00,138.0,142.9068383787861,142.92437052573172,0.017532146945623515,1,-4.924370525731717,4.924370525731717
BREISACH,2026-06-30 03:15:00+00:00,188.0,191.9800069952435,192.06386132938383,0.08385433414030709,1,-4.063861329383826,4.063861329383826
Basel-Rheinhalle,2026-06-30 03:15:00+00:00,526.0,531.8630861421474,531.8111054625115,-0.051980679635851554,1,-5.8111054625114775,5.8111054625114775
DUISBURG-MEIDERICH SCHLEUSE OW,2026-06-30 03:15:00+00:00,25.04,25.541799722521976,25.552026065763194,0.010226343241218898,1,-0.5120260657631945,0.5120260657631945
DUISBURG-MEIDERICH SCHLEUSE UW,2026-06-30 03:15:00+00:00,18.17,18.195566525775316,18.205792869016534,0.010226343241218898,1,-0.035792869016532336,0.035792869016532336
DUISBURG-RUHRORT,2026-06-30 03:15:00+00:00,212.0,211.9688008792176,212.54007474777163,0.5712738685540122,1,-0.5400747477716266,0.5400747477716266
DÜSSELDORF,2026-06-30 03:15:00+00:00,82.0,79.98389774598816,80.00142989293379,0.017532146945623515,1,1.9985701070662145,1.9985701070662145
EMMERICH,2026-06-30 03:15:00+00:00,53.0,49.762204880823056,49.57805338179043,-0.18415149903261965,1,3.4219466182095672,3.4219466182095672
IFFEZHEIM,2026-06-30 03:15:00+00:00,144.0,156.20159996533837,156.12247667096142,-0.07912329437695857,1,-12.122476670961419,12.122476670961419
KAUB,2026-06-30 03:15:00+00:00,89.0,83.33386757842197,83.34409392166319,0.010226343241218898,1,5.6559060783368125,5.6559060783368125
KOBLENZ,2026-06-30 03:15:00+00:00,81.0,78.1017864024272,78.11931854937282,0.017532146945623515,1,2.880681450627179,2.880681450627179
KONSTANZ-RHEIN,2026-06-30 03:15:00+00:00,313.0,312.6112604287813,313.12713623486155,0.515875806080254,1,-0.12713623486155257,0.12713623486155257
Koblenz OP,2026-06-30 03:15:00+00:00,200.0,207.97747773521968,206.6873497835957,-1.2901279516239916,1,-6.6873497835956925,6.6873497835956925
Koblenz UP,2026-06-30 03:15:00+00:00,46.0,49.32343305845217,49.340965205397794,0.017532146945623515,1,-3.3409652053977936,3.3409652053977936
KÖLN,2026-06-30 03:15:00+00:00,134.0,132.84358288848276,132.86111503542838,0.017532146945623515,1,1.1388849645716164,1.1388849645716164
MAINZ,2026-06-30 03:15:00+00:00,184.0,189.31899409605379,188.99052184525615,-0.3284722507976341,1,-4.990521845256154,4.990521845256154
MANNHEIM,2026-06-30 03:15:00+00:00,164.0,159.73381326695883,159.84665109321008,0.11283782625123934,1,4.153348906789915,4.153348906789915
MAXAU,2026-06-30 03:15:00+00:00,409.0,410.0633624896126,410.1957271563573,0.13236466674469524,1,-1.195727156357293,1.195727156357293
REES,2026-06-30 03:15:00+00:00,96.0,97.40437356474033,97.02195027065383,-0.38242329408649955,1,-1.0219502706538321,1.0219502706538321
RHEINE UNTERSCHLEUSE,2026-06-30 03:15:00+00:00,186.0,206.01163990339202,204.65657879711256,-1.3550611062794675,1,-18.65657879711256,18.65657879711256
RHEINWEILER,2026-06-30 03:15:00+00:00,223.0,221.8197779700495,221.47175728951103,-0.3480206805384632,1,1.5282427104889678,1.5282427104889678
SANKT GOAR,2026-06-30 03:15:00+00:00,176.0,170.14617213146923,170.1112344375403,-0.03493769392893344,1,5.888765562459696,5.888765562459696
SPEYER,2026-06-30 03:15:00+00:00,255.0,252.46952336703563,252.5180209264185,0.04849755938287525,1,2.481979073581499,2.481979073581499
WESEL,2026-06-30 03:15:00+00:00,152.0,152.29609351416286,152.3136256611085,0.017532146945623515,1,-0.3136256611084889,0.3136256611084889
WORMS,2026-06-30 03:15:00+00:00,74.0,72.92437647286509,72.94190861981072,0.017532146945623515,1,1.058091380189282,1.058091380189282
DUISBURG-MEIDERICH SCHLEUSE OW,2026-06-30 03:16:00+00:00,25.04,25.541799722521976,25.552026065763194,0.010226343241218898,1,-0.5120260657631945,0.5120260657631945
DUISBURG-MEIDERICH SCHLEUSE UW,2026-06-30 03:16:00+00:00,18.18,18.195566525775316,18.205792869016534,0.010226343241218898,1,-0.025792869016534326,0.025792869016534326
DUISBURG-MEIDERICH SCHLEUSE OW,2026-06-30 03:17:00+00:00,25.04,25.541799722521976,25.552026065763194,0.010226343241218898,1,-0.5120260657631945,0.5120260657631945
DUISBURG-MEIDERICH SCHLEUSE UW,2026-06-30 03:17:00+00:00,18.18,18.195566525775316,18.205792869016534,0.010226343241218898,1,-0.025792869016534326,0.025792869016534326
DUISBURG-MEIDERICH SCHLEUSE OW,2026-06-30 03:18:00+00:00,25.04,25.541799722521976,25.552026065763194,0.010226343241218898,1,-0.5120260657631945,0.5120260657631945
DUISBURG-MEIDERICH SCHLEUSE UW,2026-06-30 03:18:00+00:00,18.18,18.195566525775316,18.205792869016534,0.010226343241218898,1,-0.025792869016534326,0.025792869016534326
DUISBURG-MEIDERICH SCHLEUSE OW,2026-06-30 03:19:00+00:00,25.04,25.541799722521976,25.552026065763194,0.010226343241218898,1,-0.5120260657631945,0.5120260657631945
DUISBURG-MEIDERICH SCHLEUSE UW,2026-06-30 03:19:00+00:00,18.18,18.195566525775316,18.205792869016534,0.010226343241218898,1,-0.025792869016534326,0.025792869016534326
Basel-Rheinhalle,2026-06-30 03:20:00+00:00,526.0,531.8630861421474,531.8111054625115,-0.051980679635851554,1,-5.8111054625114775,5.8111054625114775
DUISBURG-MEIDERICH SCHLEUSE OW,2026-06-30 03:20:00+00:00,25.04,25.541799722521976,25.552026065763194,0.010226343241218898,1,-0.5120260657631945,0.5120260657631945
DUISBURG-MEIDERICH SCHLEUSE UW,2026-06-30 03:20:00+00:00,18.18,18.195566525775316,18.205792869016534,0.010226343241218898,1,-0.025792869016534326,0.025792869016534326
LOBITH,2026-06-30 03:20:00+00:00,704.0,703.8066394806965,703.847792707803,0.04115322710649731,1,0.1522072921969766,0.1522072921969766
DUISBURG-MEIDERICH SCHLEUSE OW,2026-06-30 03:21:00+00:00,25.04,25.541799722521976,25.552026065763194,0.010226343241218898,1,-0.5120260657631945,0.5120260657631945
DUISBURG-MEIDERICH SCHLEUSE UW,2026-06-30 03:21:00+00:00,18.18,18.195566525775316,18.205792869016534,0.010226343241218898,1,-0.025792869016534326,0.025792869016534326
DUISBURG-MEIDERICH SCHLEUSE OW,2026-06-30 03:22:00+00:00,25.04,25.541799722521976,25.552026065763194,0.010226343241218898,1,-0.5120260657631945,0.5120260657631945
DUISBURG-MEIDERICH SCHLEUSE UW,2026-06-30 03:22:00+00:00,18.18,18.195566525775316,18.205792869016534,0.010226343241218898,1,-0.025792869016534326,0.025792869016534326
DUISBURG-MEIDERICH SCHLEUSE OW,2026-06-30 03:23:00+00:00,25.04,25.541799722521976,25.552026065763194,0.010226343241218898,1,-0.5120260657631945,0.5120260657631945
DUISBURG-MEIDERICH SCHLEUSE UW,2026-06-30 03:23:00+00:00,18.18,18.195566525775316,18.205792869016534,0.010226343241218898,1,-0.025792869016534326,0.025792869016534326
DUISBURG-MEIDERICH SCHLEUSE OW,2026-06-30 03:24:00+00:00,25.04,25.541799722521976,25.552026065763194,0.010226343241218898,1,-0.5120260657631945,0.5120260657631945
DUISBURG-MEIDERICH SCHLEUSE UW,2026-06-30 03:24:00+00:00,18.18,18.195566525775316,18.205792869016534,0.010226343241218898,1,-0.025792869016534326,0.025792869016534326
Basel-Rheinhalle,2026-06-30 03:25:00+00:00,526.0,532.9040993830388,532.8521187034029,-0.051980679635851554,1,-6.85211870340288,6.85211870340288
DUISBURG-MEIDERICH SCHLEUSE OW,2026-06-30 03:25:00+00:00,25.04,25.541799722521976,25.552026065763194,0.010226343241218898,1,-0.5120260657631945,0.5120260657631945
DUISBURG-MEIDERICH SCHLEUSE UW,2026-06-30 03:25:00+00:00,18.17,18.20112466542308,18.2113510086643,0.010226343241218898,1,-0.04135100866429653,0.04135100866429653
DUISBURG-MEIDERICH SCHLEUSE OW,2026-06-30 03:26:00+00:00,25.04,25.541799722521976,25.552026065763194,0.010226343241218898,1,-0.5120260657631945,0.5120260657631945
DUISBURG-MEIDERICH SCHLEUSE UW,2026-06-30 03:26:00+00:00,18.17,18.20112466542308,18.2113510086643,0.010226343241218898,1,-0.04135100866429653,0.04135100866429653
DUISBURG-MEIDERICH SCHLEUSE OW,2026-06-30 03:27:00+00:00,25.04,25.541799722521976,25.552026065763194,0.010226343241218898,1,-0.5120260657631945,0.5120260657631945
DUISBURG-MEIDERICH SCHLEUSE UW,2026-06-30 03:27:00+00:00,18.17,18.195566525775316,18.205792869016534,0.010226343241218898,1,-0.035792869016532336,0.035792869016532336
DUISBURG-MEIDERICH SCHLEUSE OW,2026-06-30 03:28:00+00:00,25.04,25.541799722521976,25.552026065763194,0.010226343241218898,1,-0.5120260657631945,0.5120260657631945
DUISBURG-MEIDERICH SCHLEUSE UW,2026-06-30 03:28:00+00:00,18.17,18.195566525775316,18.205792869016534,0.010226343241218898,1,-0.035792869016532336,0.035792869016532336
DUISBURG-MEIDERICH SCHLEUSE OW,2026-06-30 03:29:00+00:00,25.04,25.541799722521976,25.552026065763194,0.010226343241218898,1,-0.5120260657631945,0.5120260657631945
DUISBURG-MEIDERICH SCHLEUSE UW,2026-06-30 03:29:00+00:00,18.17,18.195566525775316,18.205792869016534,0.010226343241218898,1,-0.035792869016532336,0.035792869016532336
BINGEN,2026-06-30 03:30:00+00:00,107.0,104.70911228464084,104.72664443158646,0.017532146945623515,1,2.2733555684135354,2.2733555684135354
BONN,2026-06-30 03:30:00+00:00,137.0,142.9068383787861,142.92437052573172,0.017532146945623515,1,-5.924370525731717,5.924370525731717
BREISACH,2026-06-30 03:30:00+00:00,187.0,191.95583212843616,191.4856105933283,-0.47022153510787457,1,-4.485610593328289,4.485610593328289
Basel-Rheinhalle,2026-06-30 03:30:00+00:00,526.0,533.9084277213025,533.9346988604179,0.02627113911544182,1,-7.934698860417939,7.934698860417939
DUISBURG-MEIDERICH SCHLEUSE OW,2026-06-30 03:30:00+00:00,25.04,25.541799722521976,25.552026065763194,0.010226343241218898,1,-0.5120260657631945,0.5120260657631945
DUISBURG-MEIDERICH SCHLEUSE UW,2026-06-30 03:30:00+00:00,18.17,18.195566525775316,18.205792869016534,0.010226343241218898,1,-0.035792869016532336,0.035792869016532336
DUISBURG-RUHRORT,2026-06-30 03:30:00+00:00,214.0,211.80416745236977,212.37544132092378,0.5712738685540122,1,1.624558679076216,1.624558679076216
DÜSSELDORF,2026-06-30 03:30:00+00:00,83.0,79.09818153596308,79.1157136829087,0.017532146945623515,1,3.884286317091295,3.884286317091295
EMMERICH,2026-06-30 03:30:00+00:00,53.0,49.78414381306058,49.59999231402796,-0.18415149903261965,1,3.4000076859720423,3.4000076859720423
IFFEZHEIM,2026-06-30 03:30:00+00:00,144.0,155.11054781186488,155.03142451748792,-0.07912329437695857,1,-11.03142451748792,11.03142451748792
KAUB,2026-06-30 03:30:00+00:00,88.0,83.25646563322033,83.26669197646154,0.010226343241218898,1,4.733308023538456,4.733308023538456
KOBLENZ,2026-06-30 03:30:00+00:00,84.0,78.91618137628024,78.93371352322586,0.017532146945623515,1,5.066286476774138,5.066286476774138
KONSTANZ-RHEIN,2026-06-30 03:30:00+00:00,313.0,312.6112604287813,313.12713623486155,0.515875806080254,1,-0.12713623486155257,0.12713623486155257
Koblenz OP,2026-06-30 03:30:00+00:00,201.0,204.265356004714,203.13313690487146,-1.1322190998425161,1,-2.1331369048714635,2.1331369048714635
Koblenz UP,2026-06-30 03:30:00+00:00,45.0,49.32343305845217,49.340965205397794,0.017532146945623515,1,-4.340965205397794,4.340965205397794
KÖLN,2026-06-30 03:30:00+00:00,134.0,132.84358288848276,132.86111503542838,0.017532146945623515,1,1.1388849645716164,1.1388849645716164
LOBITH,2026-06-30 03:30:00+00:00,704.0,703.9547468481436,703.9959000752501,0.04115322710649731,1,0.0040999247498803015,0.0040999247498803015
MAINZ,2026-06-30 03:30:00+00:00,184.0,189.07317250493577,188.90434843341924,-0.16882407151651138,1,-4.904348433419244,4.904348433419244
MANNHEIM,2026-06-30 03:30:00+00:00,163.0,159.86087985056102,159.97371767681227,0.11283782625123934,1,3.026282323187729,3.026282323187729
MAXAU,2026-06-30 03:30:00+00:00,409.0,410.0633624896126,410.1957271563573,0.13236466674469524,1,-1.195727156357293,1.195727156357293
REES,2026-06-30 03:30:00+00:00,96.0,97.41145779291998,97.03634030253788,-0.37511749038209485,1,-1.0363403025378801,1.0363403025378801
RHEINE UNTERSCHLEUSE,2026-06-30 03:30:00+00:00,186.0,206.01163990339202,204.65657879711256,-1.3550611062794675,1,-18.65657879711256,18.65657879711256
RHEINWEILER,2026-06-30 03:30:00+00:00,223.0,221.8197779700495,221.47175728951103,-0.3480206805384632,1,1.5282427104889678,1.5282427104889678
SANKT GOAR,2026-06-30 03:30:00+00:00,177.0,170.04645934618839,170.01882745596384,-0.02763189022452885,1,6.981172544036156,6.981172544036156
SPEYER,2026-06-30 03:30:00+00:00,255.0,252.52642812436062,252.5749256837435,0.04849755938287525,1,2.425074316256513,2.425074316256513
WESEL,2026-06-30 03:30:00+00:00,152.0,152.33837012508963,152.35590227203525,0.017532146945623515,1,-0.3559022720352516,0.3559022720352516
WORMS,2026-06-30 03:30:00+00:00,74.0,72.98730163166383,73.00483377860945,0.017532146945623515,1,0.9951662213905479,0.9951662213905479
DUISBURG-MEIDERICH SCHLEUSE OW,2026-06-30 03:31:00+00:00,25.04,25.541799722521976,25.552026065763194,0.010226343241218898,1,-0.5120260657631945,0.5120260657631945
DUISBURG-MEIDERICH SCHLEUSE UW,2026-06-30 03:31:00+00:00,18.17,18.195566525775316,18.205792869016534,0.010226343241218898,1,-0.035792869016532336,0.035792869016532336
DUISBURG-MEIDERICH SCHLEUSE OW,2026-06-30 03:32:00+00:00,25.04,25.541799722521976,25.552026065763194,0.010226343241218898,1,-0.5120260657631945,0.5120260657631945
DUISBURG-MEIDERICH SCHLEUSE UW,2026-06-30 03:32:00+00:00,18.17,18.195566525775316,18.205792869016534,0.010226343241218898,1,-0.035792869016532336,0.035792869016532336
DUISBURG-MEIDERICH SCHLEUSE OW,2026-06-30 03:33:00+00:00,25.04,25.541799722521976,25.552026065763194,0.010226343241218898,1,-0.5120260657631945,0.5120260657631945
DUISBURG-MEIDERICH SCHLEUSE UW,2026-06-30 03:33:00+00:00,18.17,18.195566525775316,18.205792869016534,0.010226343241218898,1,-0.035792869016532336,0.035792869016532336
DUISBURG-MEIDERICH SCHLEUSE OW,2026-06-30 03:34:00+00:00,25.04,25.541799722521976,25.552026065763194,0.010226343241218898,1,-0.5120260657631945,0.5120260657631945
DUISBURG-MEIDERICH SCHLEUSE UW,2026-06-30 03:34:00+00:00,18.17,18.195566525775316,18.205792869016534,0.010226343241218898,1,-0.035792869016532336,0.035792869016532336
Basel-Rheinhalle,2026-06-30 03:35:00+00:00,526.0,534.0034320962825,534.029703235398,0.02627113911544182,1,-8.02970323539796,8.02970323539796
DUISBURG-MEIDERICH SCHLEUSE OW,2026-06-30 03:35:00+00:00,25.04,25.541799722521976,25.552026065763194,0.010226343241218898,1,-0.5120260657631945,0.5120260657631945
DUISBURG-MEIDERICH SCHLEUSE UW,2026-06-30 03:35:00+00:00,18.17,18.195566525775316,18.205792869016534,0.010226343241218898,1,-0.035792869016532336,0.035792869016532336
DUISBURG-MEIDERICH SCHLEUSE OW,2026-06-30 03:36:00+00:00,25.04,25.541799722521976,25.552026065763194,0.010226343241218898,1,-0.5120260657631945,0.5120260657631945
DUISBURG-MEIDERICH SCHLEUSE UW,2026-06-30 03:36:00+00:00,18.18,18.195566525775316,18.205792869016534,0.010226343241218898,1,-0.025792869016534326,0.025792869016534326
DUISBURG-MEIDERICH SCHLEUSE OW,2026-06-30 03:37:00+00:00,25.04,25.541799722521976,25.552026065763194,0.010226343241218898,1,-0.5120260657631945,0.5120260657631945
DUISBURG-MEIDERICH SCHLEUSE UW,2026-06-30 03:37:00+00:00,18.18,18.20112466542308,18.2113510086643,0.010226343241218898,1,-0.03135100866429852,0.03135100866429852
DUISBURG-MEIDERICH SCHLEUSE OW,2026-06-30 03:38:00+00:00,25.04,25.541799722521976,25.552026065763194,0.010226343241218898,1,-0.5120260657631945,0.5120260657631945
DUISBURG-MEIDERICH SCHLEUSE UW,2026-06-30 03:38:00+00:00,18.18,18.20112466542308,18.2113510086643,0.010226343241218898,1,-0.03135100866429852,0.03135100866429852
DUISBURG-MEIDERICH SCHLEUSE OW,2026-06-30 03:39:00+00:00,25.04,25.541799722521976,25.552026065763194,0.010226343241218898,1,-0.5120260657631945,0.5120260657631945
DUISBURG-MEIDERICH SCHLEUSE UW,2026-06-30 03:39:00+00:00,18.18,18.195566525775316,18.205792869016534,0.010226343241218898,1,-0.025792869016534326,0.025792869016534326
Basel-Rheinhalle,2026-06-30 03:40:00+00:00,526.0,531.3299290675176,531.4075489664152,0.07761989889769093,1,-5.40754896641522,5.40754896641522
DUISBURG-MEIDERICH SCHLEUSE OW,2026-06-30 03:40:00+00:00,25.04,25.541799722521976,25.552026065763194,0.010226343241218898,1,-0.5120260657631945,0.5120260657631945
DUISBURG-MEIDERICH SCHLEUSE UW,2026-06-30 03:40:00+00:00,18.18,18.195566525775316,18.205792869016534,0.010226343241218898,1,-0.025792869016534326,0.025792869016534326
LOBITH,2026-06-30 03:40:00+00:00,704.0,703.9547468481436,703.9959000752501,0.04115322710649731,1,0.0040999247498803015,0.0040999247498803015
DUISBURG-MEIDERICH SCHLEUSE OW,2026-06-30 03:41:00+00:00,25.04,25.541799722521976,25.552026065763194,0.010226343241218898,1,-0.5120260657631945,0.5120260657631945
DUISBURG-MEIDERICH SCHLEUSE UW,2026-06-30 03:41:00+00:00,18.18,18.20112466542308,18.2113510086643,0.010226343241218898,1,-0.03135100866429852,0.03135100866429852
DUISBURG-MEIDERICH SCHLEUSE OW,2026-06-30 03:42:00+00:00,25.04,25.541799722521976,25.552026065763194,0.010226343241218898,1,-0.5120260657631945,0.5120260657631945
DUISBURG-MEIDERICH SCHLEUSE UW,2026-06-30 03:42:00+00:00,18.18,18.20112466542308,18.2113510086643,0.010226343241218898,1,-0.03135100866429852,0.03135100866429852
DUISBURG-MEIDERICH SCHLEUSE OW,2026-06-30 03:43:00+00:00,25.04,25.541799722521976,25.552026065763194,0.010226343241218898,1,-0.5120260657631945,0.5120260657631945
DUISBURG-MEIDERICH SCHLEUSE UW,2026-06-30 03:43:00+00:00,18.18,18.195566525775316,18.205792869016534,0.010226343241218898,1,-0.025792869016534326,0.025792869016534326
DUISBURG-MEIDERICH SCHLEUSE OW,2026-06-30 03:44:00+00:00,25.04,25.541799722521976,25.552026065763194,0.010226343241218898,1,-0.5120260657631945,0.5120260657631945
DUISBURG-MEIDERICH SCHLEUSE UW,2026-06-30 03:44:00+00:00,18.18,18.195566525775316,18.205792869016534,0.010226343241218898,1,-0.025792869016534326,0.025792869016534326
BINGEN,2026-06-30 03:45:00+00:00,107.0,104.74718852625756,104.76472067320319,0.017532146945623515,1,2.235279326796814,2.235279326796814
BONN,2026-06-30 03:45:00+00:00,137.0,142.93515003061847,142.9526821775641,0.017532146945623515,1,-5.9526821775641,5.9526821775641
BREISACH,2026-06-30 03:45:00+00:00,187.0,193.4808331112713,192.99918981873287,-0.48164329253841043,1,-5.999189818732873,5.999189818732873
Basel-Rheinhalle,2026-06-30 03:45:00+00:00,528.0,523.3608578660114,523.4384777649091,0.07761989889769093,1,4.5615222350909335,4.5615222350909335
DUISBURG-MEIDERICH SCHLEUSE OW,2026-06-30 03:45:00+00:00,25.04,25.541799722521976,25.552026065763194,0.010226343241218898,1,-0.5120260657631945,0.5120260657631945
DUISBURG-MEIDERICH SCHLEUSE UW,2026-06-30 03:45:00+00:00,18.18,18.195566525775316,18.205792869016534,0.010226343241218898,1,-0.025792869016534326,0.025792869016534326
DUISBURG-RUHRORT,2026-06-30 03:45:00+00:00,214.0,211.92677798965346,212.49805185820748,0.5712738685540122,1,1.501948141792525,1.501948141792525
DÜSSELDORF,2026-06-30 03:45:00+00:00,83.0,79.05248514591419,79.07001729285982,0.017532146945623515,1,3.9299827071401836,3.9299827071401836
EMMERICH,2026-06-30 03:45:00+00:00,53.0,53.55401993718443,53.369868438151805,-0.18415149903261965,1,-0.3698684381518049,0.3698684381518049
IFFEZHEIM,2026-06-30 03:45:00+00:00,148.0,155.38556437480233,155.29501932299485,-0.09054505180749438,1,-7.295019322994847,7.295019322994847
KAUB,2026-06-30 03:45:00+00:00,89.0,83.28054901379426,83.29077535703547,0.010226343241218898,1,5.709224642964529,5.709224642964529
KOBLENZ,2026-06-30 03:45:00+00:00,82.0,81.33390629751221,81.35143844445784,0.017532146945623515,1,0.6485615555421589,0.6485615555421589
KONSTANZ-RHEIN,2026-06-30 03:45:00+00:00,313.0,312.7310154582721,313.24689126435237,0.515875806080254,1,-0.24689126435237085,0.24689126435237085
Koblenz OP,2026-06-30 03:45:00+00:00,201.0,204.17401942266386,203.05918816861717,-1.1148312540466843,1,-2.059188168617169,2.059188168617169
Koblenz UP,2026-06-30 03:45:00+00:00,44.0,49.306844840630966,49.32437698757659,0.017532146945623515,1,-5.324376987576592,5.324376987576592
KÖLN,2026-06-30 03:45:00+00:00,134.0,132.86481031213557,132.8750366553768,0.010226343241218898,1,1.124963344623211,1.124963344623211
MAINZ,2026-06-30 03:45:00+00:00,184.0,189.37445214624861,189.2056280747321,-0.16882407151651138,1,-5.20562807473209,5.20562807473209
MANNHEIM,2026-06-30 03:45:00+00:00,164.0,159.61192250822148,159.71745453076832,0.1055320225468347,1,4.282545469231678,4.282545469231678
MAXAU,2026-06-30 03:45:00+00:00,409.0,410.2911128294955,410.4234774962402,0.13236466674469524,1,-1.4234774962401957,1.4234774962401957
REES,2026-06-30 03:45:00+00:00,95.0,97.5915658066185,97.21644831623641,-0.37511749038209485,1,-2.2164483162364093,2.2164483162364093
RHEINE UNTERSCHLEUSE,2026-06-30 03:45:00+00:00,185.0,206.27672113872936,204.9216600324499,-1.3550611062794675,1,-19.921660032449893,19.921660032449893
RHEINWEILER,2026-06-30 03:45:00+00:00,223.0,222.2248967743934,221.8654543364244,-0.35944243796899905,1,1.134545663575608,1.134545663575608
SANKT GOAR,2026-06-30 03:45:00+00:00,178.0,170.03517746006625,170.0075455698417,-0.02763189022452885,1,7.99245443015829,7.99245443015829
SPEYER,2026-06-30 03:45:00+00:00,256.0,252.54224910050274,252.5907466598856,0.04849755938287525,1,3.4092533401143896,3.4092533401143896
WESEL,2026-06-30 03:45:00+00:00,152.0,152.3866332922603,152.40416543920594,0.017532146945623515,1,-0.40416543920593995,0.40416543920593995
WORMS,2026-06-30 03:45:00+00:00,74.0,72.9550369794783,72.97256912642392,0.017532146945623515,1,1.0274308735760798,1.0274308735760798
DUISBURG-MEIDERICH SCHLEUSE OW,2026-06-30 03:46:00+00:00,25.04,25.541799722521976,25.552026065763194,0.010226343241218898,1,-0.5120260657631945,0.5120260657631945
DUISBURG-MEIDERICH SCHLEUSE UW,2026-06-30 03:46:00+00:00,18.18,18.195566525775316,18.205792869016534,0.010226343241218898,1,-0.025792869016534326,0.025792869016534326
DUISBURG-MEIDERICH SCHLEUSE OW,2026-06-30 03:47:00+00:00,25.04,25.541799722521976,25.552026065763194,0.010226343241218898,1,-0.5120260657631945,0.5120260657631945
DUISBURG-MEIDERICH SCHLEUSE UW,2026-06-30 03:47:00+00:00,18.18,18.195566525775316,18.205792869016534,0.010226343241218898,1,-0.025792869016534326,0.025792869016534326
DUISBURG-MEIDERICH SCHLEUSE OW,2026-06-30 03:48:00+00:00,25.04,25.541799722521976,25.552026065763194,0.010226343241218898,1,-0.5120260657631945,0.5120260657631945
DUISBURG-MEIDERICH SCHLEUSE UW,2026-06-30 03:48:00+00:00,18.18,18.195566525775316,18.205792869016534,0.010226343241218898,1,-0.025792869016534326,0.025792869016534326
DUISBURG-MEIDERICH SCHLEUSE OW,2026-06-30 03:49:00+00:00,25.04,25.541799722521976,25.552026065763194,0.010226343241218898,1,-0.5120260657631945,0.5120260657631945
DUISBURG-MEIDERICH SCHLEUSE UW,2026-06-30 03:49:00+00:00,18.18,18.195566525775316,18.205792869016534,0.010226343241218898,1,-0.025792869016534326,0.025792869016534326
Basel-Rheinhalle,2026-06-30 03:50:00+00:00,529.0,516.3982222324435,517.1413978743265,0.7431756418830221,1,11.858602125673542,11.858602125673542
DUISBURG-MEIDERICH SCHLEUSE OW,2026-06-30 03:50:00+00:00,25.04,25.541799722521976,25.552026065763194,0.010226343241218898,1,-0.5120260657631945,0.5120260657631945
DUISBURG-MEIDERICH SCHLEUSE UW,2026-06-30 03:50:00+00:00,18.18,18.20112466542308,18.2113510086643,0.010226343241218898,1,-0.03135100866429852,0.03135100866429852
LOBITH,2026-06-30 03:50:00+00:00,704.0,705.1498865472381,705.1910397743446,0.04115322710649731,1,-1.191039774344631,1.191039774344631
DUISBURG-MEIDERICH SCHLEUSE OW,2026-06-30 03:51:00+00:00,25.04,25.541799722521976,25.552026065763194,0.010226343241218898,1,-0.5120260657631945,0.5120260657631945
DUISBURG-MEIDERICH SCHLEUSE UW,2026-06-30 03:51:00+00:00,18.19,18.20112466542308,18.2113510086643,0.010226343241218898,1,-0.021351008664296955,0.021351008664296955
DUISBURG-MEIDERICH SCHLEUSE OW,2026-06-30 03:52:00+00:00,25.04,25.541799722521976,25.552026065763194,0.010226343241218898,1,-0.5120260657631945,0.5120260657631945
DUISBURG-MEIDERICH SCHLEUSE UW,2026-06-30 03:52:00+00:00,18.19,18.195566525775316,18.205792869016534,0.010226343241218898,1,-0.015792869016532762,0.015792869016532762
DUISBURG-MEIDERICH SCHLEUSE OW,2026-06-30 03:53:00+00:00,25.04,25.541799722521976,25.552026065763194,0.010226343241218898,1,-0.5120260657631945,0.5120260657631945
DUISBURG-MEIDERICH SCHLEUSE UW,2026-06-30 03:53:00+00:00,18.19,18.195566525775316,18.205792869016534,0.010226343241218898,1,-0.015792869016532762,0.015792869016532762
DUISBURG-MEIDERICH SCHLEUSE OW,2026-06-30 03:54:00+00:00,25.04,25.541799722521976,25.552026065763194,0.010226343241218898,1,-0.5120260657631945,0.5120260657631945
DUISBURG-MEIDERICH SCHLEUSE UW,2026-06-30 03:54:00+00:00,18.19,18.195566525775316,18.205792869016534,0.010226343241218898,1,-0.015792869016532762,0.015792869016532762
Basel-Rheinhalle,2026-06-30 03:55:00+00:00,527.0,515.2620081063963,515.5021017273033,0.2400936209070816,1,11.497898272696716,11.497898272696716
DUISBURG-MEIDERICH SCHLEUSE OW,2026-06-30 03:55:00+00:00,25.04,25.541799722521976,25.552026065763194,0.010226343241218898,1,-0.5120260657631945,0.5120260657631945
DUISBURG-MEIDERICH SCHLEUSE UW,2026-06-30 03:55:00+00:00,18.19,18.195566525775316,18.205792869016534,0.010226343241218898,1,-0.015792869016532762,0.015792869016532762
DUISBURG-MEIDERICH SCHLEUSE OW,2026-06-30 03:56:00+00:00,25.04,25.541799722521976,25.552026065763194,0.010226343241218898,1,-0.5120260657631945,0.5120260657631945
DUISBURG-MEIDERICH SCHLEUSE UW,2026-06-30 03:56:00+00:00,18.19,18.195566525775316,18.205792869016534,0.010226343241218898,1,-0.015792869016532762,0.015792869016532762
DUISBURG-MEIDERICH SCHLEUSE OW,2026-06-30 03:57:00+00:00,25.03,25.541799722521976,25.552026065763194,0.010226343241218898,1,-0.5220260657631925,0.5220260657631925
DUISBURG-MEIDERICH SCHLEUSE UW,2026-06-30 03:57:00+00:00,18.19,18.195566525775316,18.205792869016534,0.010226343241218898,1,-0.015792869016532762,0.015792869016532762
DUISBURG-MEIDERICH SCHLEUSE OW,2026-06-30 03:58:00+00:00,25.03,25.541799722521976,25.552026065763194,0.010226343241218898,1,-0.5220260657631925,0.5220260657631925
DUISBURG-MEIDERICH SCHLEUSE UW,2026-06-30 03:58:00+00:00,18.19,18.195566525775316,18.205792869016534,0.010226343241218898,1,-0.015792869016532762,0.015792869016532762
DUISBURG-MEIDERICH SCHLEUSE OW,2026-06-30 03:59:00+00:00,25.03,25.541799722521976,25.552026065763194,0.010226343241218898,1,-0.5220260657631925,0.5220260657631925
DUISBURG-MEIDERICH SCHLEUSE UW,2026-06-30 03:59:00+00:00,18.2,18.195566525775316,18.205792869016534,0.010226343241218898,1,-0.005792869016534752,0.005792869016534752
BINGEN,2026-06-30 04:00:00+00:00,106.0,104.71413773145932,104.73166987840494,0.017532146945623515,1,1.2683301215950564,1.2683301215950564
BONN,2026-06-30 04:00:00+00:00,137.0,142.86333735786712,142.87356370110834,0.010226343241218898,1,-5.873563701108338,5.873563701108338
BREISACH,2026-06-30 04:00:00+00:00,187.0,194.9168814795408,194.2262084897258,-0.6906729898150095,1,-7.226208489725792,7.226208489725792
Basel-Rheinhalle,2026-06-30 04:00:00+00:00,527.0,513.6471830085425,514.2196646455973,0.5724816370547978,1,12.780335354402723,12.780335354402723
DUISBURG-MEIDERICH SCHLEUSE OW,2026-06-30 04:00:00+00:00,25.03,25.541799722521976,25.552026065763194,0.010226343241218898,1,-0.5220260657631925,0.5220260657631925
DUISBURG-MEIDERICH SCHLEUSE UW,2026-06-30 04:00:00+00:00,18.2,18.195566525775316,18.205792869016534,0.010226343241218898,1,-0.005792869016534752,0.005792869016534752
DUISBURG-RUHRORT,2026-06-30 04:00:00+00:00,213.0,213.90224751175487,214.22809265977213,0.32584514801725845,1,-1.2280926597721304,1.2280926597721304
DÜSSELDORF,2026-06-30 04:00:00+00:00,83.0,79.84114523154676,79.85867737849239,0.017532146945623515,1,3.141322621507612,3.141322621507612
EMMERICH,2026-06-30 04:00:00+00:00,54.0,53.00585566788152,52.85652987365911,-0.14932579422240594,1,1.1434701263408868,1.1434701263408868
IFFEZHEIM,2026-06-30 04:00:00+00:00,146.0,155.55265675694542,155.49783299880224,-0.054823758143188295,1,-9.497832998802238,9.497832998802238
KAUB,2026-06-30 04:00:00+00:00,90.0,83.24749821899601,83.25772456223723,0.010226343241218898,1,6.742275437762771,6.742275437762771
KOBLENZ,2026-06-30 04:00:00+00:00,85.0,78.993450625262,79.01098277220763,0.017532146945623515,1,5.989017227792374,5.989017227792374
KONSTANZ-RHEIN,2026-06-30 04:00:00+00:00,313.0,312.7310154582721,313.24689126435237,0.515875806080254,1,-0.24689126435237085,0.24689126435237085
Koblenz OP,2026-06-30 04:00:00+00:00,203.0,206.01712607449238,204.8632704817496,-1.153855592742782,1,-1.8632704817495949,1.8632704817495949
Koblenz UP,2026-06-30 04:00:00+00:00,45.0,49.30605869801823,49.32359084496385,0.017532146945623515,1,-4.323590844963853,4.323590844963853
KÖLN,2026-06-30 04:00:00+00:00,134.0,132.80716609574336,132.82469824268898,0.017532146945623515,1,1.1753017573110185,1.1753017573110185
LOBITH,2026-06-30 04:00:00+00:00,704.0,704.7397785880244,704.698268937369,-0.04150965065534146,1,-0.6982689373689936,0.6982689373689936
MAINZ,2026-06-30 04:00:00+00:00,184.0,189.2841040874127,189.10797421219178,-0.17612987522091603,1,-5.1079742121917775,5.1079742121917775
MANNHEIM,2026-06-30 04:00:00+00:00,163.0,157.64409459368997,157.58927083554678,-0.054823758143188295,1,5.410729164453215,5.410729164453215
MAXAU,2026-06-30 04:00:00+00:00,409.0,410.2911128294955,410.4234774962402,0.13236466674469524,1,-1.4234774962401957,1.4234774962401957
REES,2026-06-30 04:00:00+00:00,95.0,97.35294042580256,97.01264864023068,-0.3402917855718812,1,-2.0126486402306796,2.0126486402306796
RHEINE UNTERSCHLEUSE,2026-06-30 04:00:00+00:00,186.0,208.1902289800273,206.86999357855805,-1.3202354014692539,1,-20.869993578558052,20.869993578558052
RHEINWEILER,2026-06-30 04:00:00+00:00,223.0,222.2248967743934,221.8654543364244,-0.35944243796899905,1,1.134545663575608,1.134545663575608
SANKT GOAR,2026-06-30 04:00:00+00:00,178.0,169.99911209219277,169.96417439826385,-0.03493769392893344,1,8.03582560173615,8.03582560173615
SPEYER,2026-06-30 04:00:00+00:00,256.0,252.27474068668863,252.3232382460715,0.04849755938287525,1,3.6767617539285027,3.6767617539285027
WESEL,2026-06-30 04:00:00+00:00,152.0,152.2869931661411,152.3045253130867,0.017532146945623515,1,-0.3045253130867138,0.3045253130867138
WORMS,2026-06-30 04:00:00+00:00,74.0,72.9550369794783,72.97256912642392,0.017532146945623515,1,1.0274308735760798,1.0274308735760798
DUISBURG-MEIDERICH SCHLEUSE OW,2026-06-30 04:01:00+00:00,25.03,25.550206668731587,25.560433011972805,0.010226343241218898,1,-0.5304330119728036,0.5304330119728036
DUISBURG-MEIDERICH SCHLEUSE UW,2026-06-30 04:01:00+00:00,18.2,18.20112466542308,18.2113510086643,0.010226343241218898,1,-0.011351008664298945,0.011351008664298945
DUISBURG-MEIDERICH SCHLEUSE OW,2026-06-30 04:02:00+00:00,25.03,25.550206668731587,25.560433011972805,0.010226343241218898,1,-0.5304330119728036,0.5304330119728036
DUISBURG-MEIDERICH SCHLEUSE UW,2026-06-30 04:02:00+00:00,18.2,18.20112466542308,18.2113510086643,0.010226343241218898,1,-0.011351008664298945,0.011351008664298945
DUISBURG-MEIDERICH SCHLEUSE OW,2026-06-30 04:03:00+00:00,25.03,25.541799722521976,25.552026065763194,0.010226343241218898,1,-0.5220260657631925,0.5220260657631925
DUISBURG-MEIDERICH SCHLEUSE UW,2026-06-30 04:03:00+00:00,18.2,18.195566525775316,18.205792869016534,0.010226343241218898,1,-0.005792869016534752,0.005792869016534752
DUISBURG-MEIDERICH SCHLEUSE OW,2026-06-30 04:04:00+00:00,25.03,25.541799722521976,25.552026065763194,0.010226343241218898,1,-0.5220260657631925,0.5220260657631925
DUISBURG-MEIDERICH SCHLEUSE UW,2026-06-30 04:04:00+00:00,18.2,18.195566525775316,18.205792869016534,0.010226343241218898,1,-0.005792869016534752,0.005792869016534752
Basel-Rheinhalle,2026-06-30 04:05:00+00:00,527.0,521.6735514740858,521.7968651607013,0.1233136866154634,1,5.203134839298741,5.203134839298741
DUISBURG-MEIDERICH SCHLEUSE OW,2026-06-30 04:05:00+00:00,25.03,25.541799722521976,25.552026065763194,0.010226343241218898,1,-0.5220260657631925,0.5220260657631925
DUISBURG-MEIDERICH SCHLEUSE UW,2026-06-30 04:05:00+00:00,18.2,18.195566525775316,18.205792869016534,0.010226343241218898,1,-0.005792869016534752,0.005792869016534752
DUISBURG-MEIDERICH SCHLEUSE OW,2026-06-30 04:06:00+00:00,25.03,25.540351638724015,25.550577981965233,0.010226343241218898,1,-0.5205779819652321,0.5205779819652321
DUISBURG-MEIDERICH SCHLEUSE UW,2026-06-30 04:06:00+00:00,18.2,18.194118441977356,18.204344785218574,0.010226343241218898,1,-0.0043447852185742875,0.0043447852185742875
DUISBURG-MEIDERICH SCHLEUSE OW,2026-06-30 04:07:00+00:00,25.03,25.540351638724015,25.550577981965233,0.010226343241218898,1,-0.5205779819652321,0.5205779819652321
DUISBURG-MEIDERICH SCHLEUSE UW,2026-06-30 04:07:00+00:00,18.2,18.194118441977356,18.204344785218574,0.010226343241218898,1,-0.0043447852185742875,0.0043447852185742875
DUISBURG-MEIDERICH SCHLEUSE OW,2026-06-30 04:08:00+00:00,25.03,25.540351638724015,25.550577981965233,0.010226343241218898,1,-0.5205779819652321,0.5205779819652321
DUISBURG-MEIDERICH SCHLEUSE UW,2026-06-30 04:08:00+00:00,18.2,18.194118441977356,18.204344785218574,0.010226343241218898,1,-0.0043447852185742875,0.0043447852185742875
DUISBURG-MEIDERICH SCHLEUSE OW,2026-06-30 04:09:00+00:00,25.02,25.540351638724015,25.550577981965233,0.010226343241218898,1,-0.5305779819652336,0.5305779819652336
DUISBURG-MEIDERICH SCHLEUSE UW,2026-06-30 04:09:00+00:00,18.2,18.194118441977356,18.204344785218574,0.010226343241218898,1,-0.0043447852185742875,0.0043447852185742875
Basel-Rheinhalle,2026-06-30 04:10:00+00:00,527.0,521.5378488068503,521.6611624934658,0.1233136866154634,1,5.338837506534219,5.338837506534219
DUISBURG-MEIDERICH SCHLEUSE OW,2026-06-30 04:10:00+00:00,25.02,25.540351638724015,25.550577981965233,0.010226343241218898,1,-0.5305779819652336,0.5305779819652336
DUISBURG-MEIDERICH SCHLEUSE UW,2026-06-30 04:10:00+00:00,18.2,18.194118441977356,18.204344785218574,0.010226343241218898,1,-0.0043447852185742875,0.0043447852185742875
LOBITH,2026-06-30 04:10:00+00:00,705.0,703.9547468481436,703.9132371974882,-0.04150965065534146,1,1.086762802511771,1.086762802511771
DUISBURG-MEIDERICH SCHLEUSE OW,2026-06-30 04:11:00+00:00,25.02,25.540351638724015,25.550577981965233,0.010226343241218898,1,-0.5305779819652336,0.5305779819652336
DUISBURG-MEIDERICH SCHLEUSE UW,2026-06-30 04:11:00+00:00,18.2,18.185636999303235,18.18814069689207,0.0025036975888370182,2,0.011859303107929264,0.011859303107929264
DUISBURG-MEIDERICH SCHLEUSE OW,2026-06-30 04:12:00+00:00,25.02,25.00174703297707,25.004250730565907,0.0025036975888370182,2,0.015749269434092383,0.015749269434092383
DUISBURG-MEIDERICH SCHLEUSE UW,2026-06-30 04:12:00+00:00,18.2,18.185636999303235,18.18814069689207,0.0025036975888370182,2,0.011859303107929264,0.011859303107929264
DUISBURG-MEIDERICH SCHLEUSE OW,2026-06-30 04:13:00+00:00,25.02,25.00174703297707,25.004250730565907,0.0025036975888370182,2,0.015749269434092383,0.015749269434092383
DUISBURG-MEIDERICH SCHLEUSE UW,2026-06-30 04:13:00+00:00,18.2,18.185636999303235,18.18814069689207,0.0025036975888370182,2,0.011859303107929264,0.011859303107929264
DUISBURG-MEIDERICH SCHLEUSE OW,2026-06-30 04:14:00+00:00,25.02,25.00174703297707,25.004250730565907,0.0025036975888370182,2,0.015749269434092383,0.015749269434092383
DUISBURG-MEIDERICH SCHLEUSE UW,2026-06-30 04:14:00+00:00,18.2,18.185636999303235,18.18814069689207,0.0025036975888370182,2,0.011859303107929264,0.011859303107929264
BINGEN,2026-06-30 04:15:00+00:00,107.0,107.3009128064918,107.30341650408063,0.0025036975888370182,2,-0.30341650408063003,0.30341650408063003
BONN,2026-06-30 04:15:00+00:00,138.0,138.65684172333985,138.65534150852397,-0.0015002148158651614,2,-0.6553415085239749,0.6553415085239749
BREISACH,2026-06-30 04:15:00+00:00,187.0,187.14491262607402,186.60141214474476,-0.5435004813292521,2,0.39858785525524354,0.39858785525524354
Basel-Rheinhalle,2026-06-30 04:15:00+00:00,526.0,527.2307224376922,527.3005661356108,0.06984369791861647,2,-1.3005661356107794,1.3005661356107794
DUISBURG-MEIDERICH SCHLEUSE OW,2026-06-30 04:15:00+00:00,25.02,25.00174703297707,25.004250730565907,0.0025036975888370182,2,0.015749269434092383,0.015749269434092383
DUISBURG-MEIDERICH SCHLEUSE UW,2026-06-30 04:15:00+00:00,18.2,18.185636999303235,18.18814069689207,0.0025036975888370182,2,0.011859303107929264,0.011859303107929264
DUISBURG-RUHRORT,2026-06-30 04:15:00+00:00,214.0,212.91151385545024,211.43974188851467,-1.4717719669355496,2,2.560258111485325,2.560258111485325
DÜSSELDORF,2026-06-30 04:15:00+00:00,83.0,81.75565222487297,81.75815592246181,0.0025036975888370182,2,1.2418440775381896,1.2418440775381896
EMMERICH,2026-06-30 04:15:00+00:00,54.0,53.536135839376286,53.22225597043895,-0.31387986893733255,2,0.7777440295610489,0.7777440295610489
IFFEZHEIM,2026-06-30 04:15:00+00:00,144.0,146.9246653650783,146.97245719450382,0.04779182942551991,2,-2.972457194503818,2.972457194503818
KAUB,2026-06-30 04:15:00+00:00,90.0,87.54089229038628,87.54339598797512,0.0025036975888370182,2,2.456604012024883,2.456604012024883
KOBLENZ,2026-06-30 04:15:00+00:00,84.0,82.77019398389523,82.77543550091112,0.0052415170158886725,2,1.2245644990888849,1.2245644990888849
KONSTANZ-RHEIN,2026-06-30 04:15:00+00:00,313.0,313.0907243601789,313.11371871982885,0.022994359649919655,2,-0.11371871982885295,0.11371871982885295
Koblenz OP,2026-06-30 04:15:00+00:00,201.0,202.5991107161667,201.94549734756993,-0.6536133685967711,2,-0.9454973475699262,0.9454973475699262
Koblenz UP,2026-06-30 04:15:00+00:00,45.0,44.93287971864957,44.93538341623841,0.0025036975888370182,2,0.06461658376159107,0.06461658376159107
KÖLN,2026-06-30 04:15:00+00:00,134.0,133.693565859705,133.69606955729384,0.0025036975888370182,2,0.3039304427061609,0.3039304427061609
MAINZ,2026-06-30 04:15:00+00:00,184.0,185.56046012742473,185.0033857498719,-0.5570743775528321,2,-1.00338574987191,1.00338574987191
MANNHEIM,2026-06-30 04:15:00+00:00,163.0,162.86143466072798,162.9754122060722,0.11397754534421689,2,0.0245877939277932,0.0245877939277932
MAXAU,2026-06-30 04:15:00+00:00,408.0,409.59022196239493,409.40130760116824,-0.18891436122667143,2,-1.4013076011682415,1.4013076011682415
REES,2026-06-30 04:15:00+00:00,96.0,96.1295437782343,96.13204747582313,0.0025036975888370182,2,-0.13204747582312848,0.13204747582312848
RHEINE UNTERSCHLEUSE,2026-06-30 04:15:00+00:00,187.0,190.62489968937774,188.3092346402584,-2.315665049119323,2,-1.3092346402584099,1.3092346402584099
RHEINWEILER,2026-06-30 04:15:00+00:00,223.0,223.10486395545664,223.0214154828815,-0.08344847257513362,2,-0.021415482881508296,0.021415482881508296
SANKT GOAR,2026-06-30 04:15:00+00:00,178.0,177.67959587822784,177.7873829856843,0.10778710745646879,2,0.2126170143156969,0.2126170143156969
SPEYER,2026-06-30 04:15:00+00:00,257.0,255.84088163840687,255.805654792857,-0.035226845549851254,2,1.1943452071429874,1.1943452071429874
WESEL,2026-06-30 04:15:00+00:00,152.0,151.26237852578467,151.30743253578314,0.04505400999846826,2,0.6925674642168644,0.6925674642168644
WORMS,2026-06-30 04:15:00+00:00,74.0,74.45313733085942,74.45564102844826,0.0025036975888370182,2,-0.45564102844825527,0.45564102844825527
DUISBURG-MEIDERICH SCHLEUSE OW,2026-06-30 04:16:00+00:00,25.02,25.00174703297707,25.004250730565907,0.0025036975888370182,2,0.015749269434092383,0.015749269434092383
DUISBURG-MEIDERICH SCHLEUSE UW,2026-06-30 04:16:00+00:00,18.2,18.185636999303235,18.18814069689207,0.0025036975888370182,2,0.011859303107929264,0.011859303107929264
DUISBURG-MEIDERICH SCHLEUSE OW,2026-06-30 04:17:00+00:00,25.02,25.00174703297707,25.004250730565907,0.0025036975888370182,2,0.015749269434092383,0.015749269434092383
DUISBURG-MEIDERICH SCHLEUSE UW,2026-06-30 04:17:00+00:00,18.21,18.185636999303235,18.18814069689207,0.0025036975888370182,2,0.021859303107930828,0.021859303107930828
DUISBURG-MEIDERICH SCHLEUSE OW,2026-06-30 04:18:00+00:00,25.02,25.00174703297707,25.004250730565907,0.0025036975888370182,2,0.015749269434092383,0.015749269434092383
DUISBURG-MEIDERICH SCHLEUSE UW,2026-06-30 04:18:00+00:00,18.2,18.185636999303235,18.18814069689207,0.0025036975888370182,2,0.011859303107929264,0.011859303107929264
DUISBURG-MEIDERICH SCHLEUSE OW,2026-06-30 04:19:00+00:00,25.02,25.00174703297707,25.004250730565907,0.0025036975888370182,2,0.015749269434092383,0.015749269434092383
DUISBURG-MEIDERICH SCHLEUSE UW,2026-06-30 04:19:00+00:00,18.2,18.185636999303235,18.18814069689207,0.0025036975888370182,2,0.011859303107929264,0.011859303107929264
Basel-Rheinhalle,2026-06-30 04:20:00+00:00,526.0,526.9687537307043,527.0385974286229,0.06984369791861647,2,-1.038597428622893,1.038597428622893
DUISBURG-MEIDERICH SCHLEUSE OW,2026-06-30 04:20:00+00:00,25.02,25.00174703297707,25.004250730565907,0.0025036975888370182,2,0.015749269434092383,0.015749269434092383
DUISBURG-MEIDERICH SCHLEUSE UW,2026-06-30 04:20:00+00:00,18.2,18.185636999303235,18.18814069689207,0.0025036975888370182,2,0.011859303107929264,0.011859303107929264
LOBITH,2026-06-30 04:20:00+00:00,704.0,703.9352274987064,704.0687682191046,0.1335407203983054,2,-0.0687682191046406,0.0687682191046406
DUISBURG-MEIDERICH SCHLEUSE OW,2026-06-30 04:21:00+00:00,25.02,25.00174703297707,25.004250730565907,0.0025036975888370182,2,0.015749269434092383,0.015749269434092383
DUISBURG-MEIDERICH SCHLEUSE UW,2026-06-30 04:21:00+00:00,18.2,18.185636999303235,18.18814069689207,0.0025036975888370182,2,0.011859303107929264,0.011859303107929264
DUISBURG-MEIDERICH SCHLEUSE OW,2026-06-30 04:22:00+00:00,25.02,25.00174703297707,25.004250730565907,0.0025036975888370182,2,0.015749269434092383,0.015749269434092383
DUISBURG-MEIDERICH SCHLEUSE UW,2026-06-30 04:22:00+00:00,18.2,18.185636999303235,18.18814069689207,0.0025036975888370182,2,0.011859303107929264,0.011859303107929264
DUISBURG-MEIDERICH SCHLEUSE OW,2026-06-30 04:23:00+00:00,25.02,25.00174703297707,25.004250730565907,0.0025036975888370182,2,0.015749269434092383,0.015749269434092383
DUISBURG-MEIDERICH SCHLEUSE UW,2026-06-30 04:23:00+00:00,18.2,18.185636999303235,18.18814069689207,0.0025036975888370182,2,0.011859303107929264,0.011859303107929264
DUISBURG-MEIDERICH SCHLEUSE OW,2026-06-30 04:24:00+00:00,25.02,25.00174703297707,25.004250730565907,0.0025036975888370182,2,0.015749269434092383,0.015749269434092383
DUISBURG-MEIDERICH SCHLEUSE UW,2026-06-30 04:24:00+00:00,18.2,18.185636999303235,18.18814069689207,0.0025036975888370182,2,0.011859303107929264,0.011859303107929264
Basel-Rheinhalle,2026-06-30 04:25:00+00:00,525.0,526.6265341785873,526.696377876506,0.06984369791861647,2,-1.6963778765059487,1.6963778765059487
DUISBURG-MEIDERICH SCHLEUSE OW,2026-06-30 04:25:00+00:00,25.02,25.00174703297707,25.004250730565907,0.0025036975888370182,2,0.015749269434092383,0.015749269434092383
DUISBURG-MEIDERICH SCHLEUSE UW,2026-06-30 04:25:00+00:00,18.2,18.185636999303235,18.18814069689207,0.0025036975888370182,2,0.011859303107929264,0.011859303107929264
DUISBURG-MEIDERICH SCHLEUSE OW,2026-06-30 04:26:00+00:00,25.02,25.00174703297707,25.004250730565907,0.0025036975888370182,2,0.015749269434092383,0.015749269434092383
DUISBURG-MEIDERICH SCHLEUSE UW,2026-06-30 04:26:00+00:00,18.2,18.185636999303235,18.18814069689207,0.0025036975888370182,2,0.011859303107929264,0.011859303107929264
DUISBURG-MEIDERICH SCHLEUSE OW,2026-06-30 04:27:00+00:00,25.01,25.00174703297707,25.004250730565907,0.0025036975888370182,2,0.005749269434094373,0.005749269434094373
DUISBURG-MEIDERICH SCHLEUSE UW,2026-06-30 04:27:00+00:00,18.2,18.185636999303235,18.18814069689207,0.0025036975888370182,2,0.011859303107929264,0.011859303107929264
DUISBURG-MEIDERICH SCHLEUSE OW,2026-06-30 04:28:00+00:00,25.01,25.00174703297707,25.004250730565907,0.0025036975888370182,2,0.005749269434094373,0.005749269434094373
DUISBURG-MEIDERICH SCHLEUSE UW,2026-06-30 04:28:00+00:00,18.2,18.185636999303235,18.18814069689207,0.0025036975888370182,2,0.011859303107929264,0.011859303107929264
DUISBURG-MEIDERICH SCHLEUSE OW,2026-06-30 04:29:00+00:00,25.01,25.00174703297707,25.004250730565907,0.0025036975888370182,2,0.005749269434094373,0.005749269434094373
DUISBURG-MEIDERICH SCHLEUSE UW,2026-06-30 04:29:00+00:00,18.2,18.185636999303235,18.18814069689207,0.0025036975888370182,2,0.011859303107929264,0.011859303107929264
BINGEN,2026-06-30 04:30:00+00:00,107.0,107.3009128064918,107.30341650408063,0.0025036975888370182,2,-0.30341650408063003,0.30341650408063003
BONN,2026-06-30 04:30:00+00:00,138.0,138.65684172333985,138.65534150852397,-0.0015002148158651614,2,-0.6553415085239749,0.6553415085239749
BREISACH,2026-06-30 04:30:00+00:00,187.0,187.64613404778748,187.28539619177005,-0.3607378560174235,2,-0.2853961917700474,0.2853961917700474
Basel-Rheinhalle,2026-06-30 04:30:00+00:00,524.0,525.9486653705105,526.0185090684291,0.06984369791861647,2,-2.0185090684291254,2.0185090684291254
DUISBURG-MEIDERICH SCHLEUSE OW,2026-06-30 04:30:00+00:00,25.01,25.00174703297707,25.004250730565907,0.0025036975888370182,2,0.005749269434094373,0.005749269434094373
DUISBURG-MEIDERICH SCHLEUSE UW,2026-06-30 04:30:00+00:00,18.2,18.185636999303235,18.18814069689207,0.0025036975888370182,2,0.011859303107929264,0.011859303107929264
DUISBURG-RUHRORT,2026-06-30 04:30:00+00:00,215.0,212.91151385545024,211.43974188851467,-1.4717719669355496,2,3.560258111485325,3.560258111485325
DÜSSELDORF,2026-06-30 04:30:00+00:00,83.0,81.47027012881453,81.47277382640337,0.0025036975888370182,2,1.527226173596631,1.527226173596631
EMMERICH,2026-06-30 04:30:00+00:00,54.0,53.44639997185097,53.12978228348659,-0.31661768836438425,2,0.8702177165134088,0.8702177165134088
IFFEZHEIM,2026-06-30 04:30:00+00:00,147.0,147.23095327809037,147.27874510751587,0.04779182942551991,2,-0.2787451075158742,0.2787451075158742
KAUB,2026-06-30 04:30:00+00:00,90.0,87.54089229038628,87.54339598797512,0.0025036975888370182,2,2.456604012024883,2.456604012024883
KOBLENZ,2026-06-30 04:30:00+00:00,84.0,83.55922183540687,83.56172553299571,0.0025036975888370182,2,0.43827446700429107,0.43827446700429107
KONSTANZ-RHEIN,2026-06-30 04:30:00+00:00,314.0,313.14927484682545,313.1722692064754,0.022994359649919655,2,0.8277307935246085,0.8277307935246085
Koblenz OP,2026-06-30 04:30:00+00:00,201.0,202.4864150767689,201.83280170817213,-0.6536133685967711,2,-0.8328017081721271,0.8328017081721271
Koblenz UP,2026-06-30 04:30:00+00:00,44.0,44.98373281687329,44.98623651446213,0.0025036975888370182,2,-0.9862365144621279,0.9862365144621279
KÖLN,2026-06-30 04:30:00+00:00,134.0,133.52465522198813,133.52715891957698,0.0025036975888370182,2,0.47284108042302364,0.47284108042302364
LOBITH,2026-06-30 04:30:00+00:00,704.0,703.9893548975876,704.3297026659261,0.3403477683384291,2,-0.3297026659261064,0.3297026659261064
MAINZ,2026-06-30 04:30:00+00:00,184.0,186.55487722713377,185.99780284958095,-0.5570743775528321,2,-1.9978028495809497,1.9978028495809497
MANNHEIM,2026-06-30 04:30:00+00:00,164.0,162.8236145041894,162.93759204953363,0.11397754534421689,2,1.0624079504663655,1.0624079504663655
MAXAU,2026-06-30 04:30:00+00:00,409.0,409.7093628545773,409.5204484933506,-0.18891436122667143,2,-0.5204484933506137,0.5204484933506137
REES,2026-06-30 04:30:00+00:00,96.0,96.1295437782343,96.13204747582313,0.0025036975888370182,2,-0.13204747582312848,0.13204747582312848
RHEINE UNTERSCHLEUSE,2026-06-30 04:30:00+00:00,188.0,190.62489968937774,188.3092346402584,-2.315665049119323,2,-0.30923464025840985,0.30923464025840985
RHEINWEILER,2026-06-30 04:30:00+00:00,223.0,223.25597285914608,223.17252438657096,-0.08344847257513362,2,-0.1725243865709558,0.1725243865709558
SANKT GOAR,2026-06-30 04:30:00+00:00,178.0,178.02136525994626,178.12915236740272,0.10778710745646879,2,-0.12915236740272462,0.12915236740272462
SPEYER,2026-06-30 04:30:00+00:00,257.0,255.75543178756024,255.72020494201038,-0.035226845549851254,2,1.2797950579896167,1.2797950579896167
WESEL,2026-06-30 04:30:00+00:00,152.0,151.1209635028423,151.16601751284077,0.04505400999846826,2,0.8339824871592327,0.8339824871592327
WORMS,2026-06-30 04:30:00+00:00,74.0,74.74461591093258,74.74711960852142,0.0025036975888370182,2,-0.747119608521416,0.747119608521416
DUISBURG-MEIDERICH SCHLEUSE OW,2026-06-30 04:31:00+00:00,25.01,25.00174703297707,25.004250730565907,0.0025036975888370182,2,0.005749269434094373,0.005749269434094373
DUISBURG-MEIDERICH SCHLEUSE UW,2026-06-30 04:31:00+00:00,18.21,18.185636999303235,18.18814069689207,0.0025036975888370182,2,0.021859303107930828,0.021859303107930828
DUISBURG-MEIDERICH SCHLEUSE OW,2026-06-30 04:32:00+00:00,25.01,25.00174703297707,25.004250730565907,0.0025036975888370182,2,0.005749269434094373,0.005749269434094373
DUISBURG-MEIDERICH SCHLEUSE UW,2026-06-30 04:32:00+00:00,18.21,18.185636999303235,18.18814069689207,0.0025036975888370182,2,0.021859303107930828,0.021859303107930828
DUISBURG-MEIDERICH SCHLEUSE OW,2026-06-30 04:33:00+00:00,25.01,25.00174703297707,25.004250730565907,0.0025036975888370182,2,0.005749269434094373,0.005749269434094373
DUISBURG-MEIDERICH SCHLEUSE UW,2026-06-30 04:33:00+00:00,18.21,18.185636999303235,18.18814069689207,0.0025036975888370182,2,0.021859303107930828,0.021859303107930828
DUISBURG-MEIDERICH SCHLEUSE OW,2026-06-30 04:34:00+00:00,25.01,25.00174703297707,25.004250730565907,0.0025036975888370182,2,0.005749269434094373,0.005749269434094373
DUISBURG-MEIDERICH SCHLEUSE UW,2026-06-30 04:34:00+00:00,18.21,18.185636999303235,18.18814069689207,0.0025036975888370182,2,0.021859303107930828,0.021859303107930828
Basel-Rheinhalle,2026-06-30 04:35:00+00:00,524.0,525.8965884252549,525.9664321231735,0.06984369791861647,2,-1.9664321231734903,1.9664321231734903
DUISBURG-MEIDERICH SCHLEUSE OW,2026-06-30 04:35:00+00:00,25.01,25.00174703297707,25.004250730565907,0.0025036975888370182,2,0.005749269434094373,0.005749269434094373
DUISBURG-MEIDERICH SCHLEUSE UW,2026-06-30 04:35:00+00:00,18.2,18.185636999303235,18.18814069689207,0.0025036975888370182,2,0.011859303107929264,0.011859303107929264
DUISBURG-MEIDERICH SCHLEUSE OW,2026-06-30 04:36:00+00:00,25.01,25.00174703297707,25.004250730565907,0.0025036975888370182,2,0.005749269434094373,0.005749269434094373
DUISBURG-MEIDERICH SCHLEUSE UW,2026-06-30 04:36:00+00:00,18.2,18.185636999303235,18.18814069689207,0.0025036975888370182,2,0.011859303107929264,0.011859303107929264
DUISBURG-MEIDERICH SCHLEUSE OW,2026-06-30 04:37:00+00:00,25.01,25.00174703297707,25.004250730565907,0.0025036975888370182,2,0.005749269434094373,0.005749269434094373
DUISBURG-MEIDERICH SCHLEUSE UW,2026-06-30 04:37:00+00:00,18.2,18.185636999303235,18.18814069689207,0.0025036975888370182,2,0.011859303107929264,0.011859303107929264
DUISBURG-MEIDERICH SCHLEUSE OW,2026-06-30 04:38:00+00:00,25.01,25.00174703297707,25.004250730565907,0.0025036975888370182,2,0.005749269434094373,0.005749269434094373
DUISBURG-MEIDERICH SCHLEUSE UW,2026-06-30 04:38:00+00:00,18.2,18.185636999303235,18.18814069689207,0.0025036975888370182,2,0.011859303107929264,0.011859303107929264
DUISBURG-MEIDERICH SCHLEUSE OW,2026-06-30 04:39:00+00:00,25.0,25.00174703297707,25.004250730565907,0.0025036975888370182,2,-0.00425073056590719,0.00425073056590719
DUISBURG-MEIDERICH SCHLEUSE UW,2026-06-30 04:39:00+00:00,18.2,18.185636999303235,18.18814069689207,0.0025036975888370182,2,0.011859303107929264,0.011859303107929264
Basel-Rheinhalle,2026-06-30 04:40:00+00:00,524.0,525.4921956939686,525.5620393918872,0.06984369791861647,2,-1.5620393918871969,1.5620393918871969
DUISBURG-MEIDERICH SCHLEUSE OW,2026-06-30 04:40:00+00:00,25.0,25.00174703297707,25.004250730565907,0.0025036975888370182,2,-0.00425073056590719,0.00425073056590719
DUISBURG-MEIDERICH SCHLEUSE UW,2026-06-30 04:40:00+00:00,18.2,18.185636999303235,18.18814069689207,0.0025036975888370182,2,0.011859303107929264,0.011859303107929264
LOBITH,2026-06-30 04:40:00+00:00,705.0,703.8343983621105,704.174746130449,0.3403477683384291,2,0.8252538695510339,0.8252538695510339
DUISBURG-MEIDERICH SCHLEUSE OW,2026-06-30 04:41:00+00:00,25.0,25.00174703297707,25.004250730565907,0.0025036975888370182,2,-0.00425073056590719,0.00425073056590719
DUISBURG-MEIDERICH SCHLEUSE UW,2026-06-30 04:41:00+00:00,18.2,18.185636999303235,18.18814069689207,0.0025036975888370182,2,0.011859303107929264,0.011859303107929264
DUISBURG-MEIDERICH SCHLEUSE OW,2026-06-30 04:42:00+00:00,25.0,25.00174703297707,25.004250730565907,0.0025036975888370182,2,-0.00425073056590719,0.00425073056590719
DUISBURG-MEIDERICH SCHLEUSE UW,2026-06-30 04:42:00+00:00,18.2,18.185636999303235,18.18814069689207,0.0025036975888370182,2,0.011859303107929264,0.011859303107929264
DUISBURG-MEIDERICH SCHLEUSE OW,2026-06-30 04:43:00+00:00,25.0,25.00174703297707,25.004250730565907,0.0025036975888370182,2,-0.00425073056590719,0.00425073056590719
DUISBURG-MEIDERICH SCHLEUSE UW,2026-06-30 04:43:00+00:00,18.2,18.185636999303235,18.18814069689207,0.0025036975888370182,2,0.011859303107929264,0.011859303107929264
DUISBURG-MEIDERICH SCHLEUSE OW,2026-06-30 04:44:00+00:00,25.0,25.00174703297707,25.004250730565907,0.0025036975888370182,2,-0.00425073056590719,0.00425073056590719
DUISBURG-MEIDERICH SCHLEUSE UW,2026-06-30 04:44:00+00:00,18.2,18.185636999303235,18.18814069689207,0.0025036975888370182,2,0.011859303107929264,0.011859303107929264
BINGEN,2026-06-30 04:45:00+00:00,107.0,107.32935816089022,107.33186185847906,0.0025036975888370182,2,-0.33186185847905847,0.33186185847905847
BONN,2026-06-30 04:45:00+00:00,138.0,138.61228839657903,138.61078818176316,-0.0015002148158651614,2,-0.6107881817631551,0.6107881817631551
BREISACH,2026-06-30 04:45:00+00:00,187.0,187.26451607954903,186.72101559821976,-0.5435004813292521,2,0.2789844017802352,0.2789844017802352
Basel-Rheinhalle,2026-06-30 04:45:00+00:00,525.0,525.5185325233653,525.5883762212839,0.06984369791861647,2,-0.5883762212838519,0.5883762212838519
DUISBURG-MEIDERICH SCHLEUSE OW,2026-06-30 04:45:00+00:00,25.0,25.00174703297707,25.004250730565907,0.0025036975888370182,2,-0.00425073056590719,0.00425073056590719
DUISBURG-MEIDERICH SCHLEUSE UW,2026-06-30 04:45:00+00:00,18.2,18.185636999303235,18.18814069689207,0.0025036975888370182,2,0.011859303107929264,0.011859303107929264
DUISBURG-RUHRORT,2026-06-30 04:45:00+00:00,215.0,212.53173975504887,210.94862693384786,-1.5831128212010221,2,4.051373066152138,4.051373066152138
DÜSSELDORF,2026-06-30 04:45:00+00:00,84.0,81.31414139108956,81.3166450886784,0.0025036975888370182,2,2.683354911321601,2.683354911321601
EMMERICH,2026-06-30 04:45:00+00:00,52.0,52.440557734022605,52.12394004565822,-0.31661768836438425,2,-0.12394004565822314,0.12394004565822314
IFFEZHEIM,2026-06-30 04:45:00+00:00,145.0,147.29236136288532,147.34015319231082,0.04779182942551991,2,-2.3401531923108223,2.3401531923108223
KAUB,2026-06-30 04:45:00+00:00,90.0,87.56933764478471,87.57184134237355,0.0025036975888370182,2,2.4281586576264544,2.4281586576264544
KOBLENZ,2026-06-30 04:45:00+00:00,85.0,82.77895545772017,82.78419697473606,0.0052415170158886725,2,2.215803025263938,2.215803025263938
KONSTANZ-RHEIN,2026-06-30 04:45:00+00:00,313.0,313.1684384076135,313.19143276726345,0.022994359649919655,2,-0.19143276726344993,0.19143276726344993
Koblenz OP,2026-06-30 04:45:00+00:00,203.0,202.4489878474107,201.79537447881393,-0.6536133685967711,2,1.204625521186074,1.204625521186074
Koblenz UP,2026-06-30 04:45:00+00:00,35.0,44.88249732188552,44.88500101947436,0.0025036975888370182,2,-9.885001019474359,9.885001019474359
KÖLN,2026-06-30 04:45:00+00:00,134.0,133.4801018952273,133.48260559281616,0.0025036975888370182,2,0.5173944071838434,0.5173944071838434
MAINZ,2026-06-30 04:45:00+00:00,183.0,187.23973335990783,186.717647494821,-0.5220858650868284,2,-3.7176474948209943,3.7176474948209943
MANNHEIM,2026-06-30 04:45:00+00:00,164.0,162.8236145041894,162.93759204953363,0.11397754534421689,2,1.0624079504663655,1.0624079504663655
MAXAU,2026-06-30 04:45:00+00:00,409.0,409.7364925576512,409.70126571210136,-0.035226845549851254,2,-0.7012657121013604,0.7012657121013604
REES,2026-06-30 04:45:00+00:00,96.0,95.92046039310459,95.92296409069343,0.0025036975888370182,2,0.07703590930657356,0.07703590930657356
RHEINE UNTERSCHLEUSE,2026-06-30 04:45:00+00:00,188.0,190.62489968937774,188.3092346402584,-2.315665049119323,2,-0.30923464025840985,0.30923464025840985
RHEINWEILER,2026-06-30 04:45:00+00:00,223.0,223.2751364199341,223.191687947359,-0.08344847257513362,2,-0.19168794735898587,0.19168794735898587
SANKT GOAR,2026-06-30 04:45:00+00:00,179.0,178.0498106143447,178.15759772180115,0.10778710745646879,2,0.8424022781988469,0.8424022781988469
SPEYER,2026-06-30 04:45:00+00:00,256.0,255.78233115176042,255.74710430621056,-0.035226845549851254,2,0.25289569378944066,0.25289569378944066
WESEL,2026-06-30 04:45:00+00:00,152.0,151.4058809222745,151.4536727517,0.04779182942551991,2,0.5463272483000026,0.5463272483000026
WORMS,2026-06-30 04:45:00+00:00,74.0,74.43854286013163,74.44104655772047,0.0025036975888370182,2,-0.44104655772046897,0.44104655772046897
DUISBURG-MEIDERICH SCHLEUSE OW,2026-06-30 04:46:00+00:00,25.0,25.00174703297707,25.004250730565907,0.0025036975888370182,2,-0.00425073056590719,0.00425073056590719
DUISBURG-MEIDERICH SCHLEUSE UW,2026-06-30 04:46:00+00:00,18.2,18.185636999303235,18.18814069689207,0.0025036975888370182,2,0.011859303107929264,0.011859303107929264
DUISBURG-MEIDERICH SCHLEUSE OW,2026-06-30 04:47:00+00:00,25.0,25.00174703297707,25.004250730565907,0.0025036975888370182,2,-0.00425073056590719,0.00425073056590719
DUISBURG-MEIDERICH SCHLEUSE UW,2026-06-30 04:47:00+00:00,18.2,18.185636999303235,18.18814069689207,0.0025036975888370182,2,0.011859303107929264,0.011859303107929264
DUISBURG-MEIDERICH SCHLEUSE OW,2026-06-30 04:48:00+00:00,25.0,25.00174703297707,25.004250730565907,0.0025036975888370182,2,-0.00425073056590719,0.00425073056590719
DUISBURG-MEIDERICH SCHLEUSE UW,2026-06-30 04:48:00+00:00,18.2,18.185636999303235,18.18814069689207,0.0025036975888370182,2,0.011859303107929264,0.011859303107929264
DUISBURG-MEIDERICH SCHLEUSE OW,2026-06-30 04:49:00+00:00,25.0,25.00174703297707,25.004250730565907,0.0025036975888370182,2,-0.00425073056590719,0.00425073056590719
DUISBURG-MEIDERICH SCHLEUSE UW,2026-06-30 04:49:00+00:00,18.2,18.185636999303235,18.18814069689207,0.0025036975888370182,2,0.011859303107929264,0.011859303107929264
Basel-Rheinhalle,2026-06-30 04:50:00+00:00,526.0,526.7566197794081,526.8264634773267,0.06984369791861647,2,-0.8264634773266835,0.8264634773266835
DUISBURG-MEIDERICH SCHLEUSE OW,2026-06-30 04:50:00+00:00,25.0,25.00174703297707,25.004250730565907,0.0025036975888370182,2,-0.00425073056590719,0.00425073056590719
DUISBURG-MEIDERICH SCHLEUSE UW,2026-06-30 04:50:00+00:00,18.2,18.185636999303235,18.18814069689207,0.0025036975888370182,2,0.011859303107929264,0.011859303107929264
LOBITH,2026-06-30 04:50:00+00:00,706.0,703.7857761363514,704.1261239046898,0.3403477683384291,2,1.8738760953101519,1.8738760953101519
DUISBURG-MEIDERICH SCHLEUSE OW,2026-06-30 04:51:00+00:00,25.0,25.00174703297707,25.004250730565907,0.0025036975888370182,2,-0.00425073056590719,0.00425073056590719
DUISBURG-MEIDERICH SCHLEUSE UW,2026-06-30 04:51:00+00:00,18.2,18.185636999303235,18.18814069689207,0.0025036975888370182,2,0.011859303107929264,0.011859303107929264
DUISBURG-MEIDERICH SCHLEUSE OW,2026-06-30 04:52:00+00:00,25.0,25.00174703297707,25.004250730565907,0.0025036975888370182,2,-0.00425073056590719,0.00425073056590719
DUISBURG-MEIDERICH SCHLEUSE UW,2026-06-30 04:52:00+00:00,18.2,18.185636999303235,18.18814069689207,0.0025036975888370182,2,0.011859303107929264,0.011859303107929264
DUISBURG-MEIDERICH SCHLEUSE OW,2026-06-30 04:53:00+00:00,25.0,25.00174703297707,25.004250730565907,0.0025036975888370182,2,-0.00425073056590719,0.00425073056590719
DUISBURG-MEIDERICH SCHLEUSE UW,2026-06-30 04:53:00+00:00,18.2,18.185636999303235,18.18814069689207,0.0025036975888370182,2,0.011859303107929264,0.011859303107929264
DUISBURG-MEIDERICH SCHLEUSE OW,2026-06-30 04:54:00+00:00,25.0,25.00174703297707,25.004250730565907,0.0025036975888370182,2,-0.00425073056590719,0.00425073056590719
DUISBURG-MEIDERICH SCHLEUSE UW,2026-06-30 04:54:00+00:00,18.2,18.185636999303235,18.18814069689207,0.0025036975888370182,2,0.011859303107929264,0.011859303107929264
Basel-Rheinhalle,2026-06-30 04:55:00+00:00,526.0,526.826445832164,526.8962895300826,0.06984369791861647,2,-0.8962895300826403,0.8962895300826403
DUISBURG-MEIDERICH SCHLEUSE OW,2026-06-30 04:55:00+00:00,25.0,25.00174703297707,25.004250730565907,0.0025036975888370182,2,-0.00425073056590719,0.00425073056590719
DUISBURG-MEIDERICH SCHLEUSE UW,2026-06-30 04:55:00+00:00,18.21,18.185636999303235,18.18814069689207,0.0025036975888370182,2,0.021859303107930828,0.021859303107930828
DUISBURG-MEIDERICH SCHLEUSE OW,2026-06-30 04:56:00+00:00,24.99,25.00174703297707,25.004250730565907,0.0025036975888370182,2,-0.014250730565908754,0.014250730565908754
DUISBURG-MEIDERICH SCHLEUSE UW,2026-06-30 04:56:00+00:00,18.21,18.185636999303235,18.18814069689207,0.0025036975888370182,2,0.021859303107930828,0.021859303107930828
DUISBURG-MEIDERICH SCHLEUSE OW,2026-06-30 04:57:00+00:00,24.99,24.990910390501124,24.99341408808996,0.0025036975888370182,2,-0.0034140880899613535,0.0034140880899613535
DUISBURG-MEIDERICH SCHLEUSE UW,2026-06-30 04:57:00+00:00,18.21,18.185636999303235,18.18814069689207,0.0025036975888370182,2,0.021859303107930828,0.021859303107930828
DUISBURG-MEIDERICH SCHLEUSE OW,2026-06-30 04:58:00+00:00,24.99,24.990910390501124,24.99341408808996,0.0025036975888370182,2,-0.0034140880899613535,0.0034140880899613535
DUISBURG-MEIDERICH SCHLEUSE UW,2026-06-30 04:58:00+00:00,18.21,18.185636999303235,18.18814069689207,0.0025036975888370182,2,0.021859303107930828,0.021859303107930828
DUISBURG-MEIDERICH SCHLEUSE OW,2026-06-30 04:59:00+00:00,24.99,24.990910390501124,24.99341408808996,0.0025036975888370182,2,-0.0034140880899613535,0.0034140880899613535
DUISBURG-MEIDERICH SCHLEUSE UW,2026-06-30 04:59:00+00:00,18.21,18.185636999303235,18.18814069689207,0.0025036975888370182,2,0.021859303107930828,0.021859303107930828
BINGEN,2026-06-30 05:00:00+00:00,107.0,107.25719101563077,107.2596947132196,0.0025036975888370182,2,-0.25969471321960214,0.25969471321960214
BONN,2026-06-30 05:00:00+00:00,137.0,139.245942009186,139.24444179437012,-0.0015002148158651614,2,-2.2444417943701183,2.2444417943701183
BREISACH,2026-06-30 05:00:00+00:00,187.0,187.1487798648837,186.6025415641274,-0.5462383007563038,2,0.39745843587260765,0.39745843587260765
Basel-Rheinhalle,2026-06-30 05:00:00+00:00,526.0,527.2473883416272,527.3172320395458,0.06984369791861647,2,-1.3172320395458428,1.3172320395458428
DUISBURG-MEIDERICH SCHLEUSE OW,2026-06-30 05:00:00+00:00,24.99,24.990910390501124,24.99341408808996,0.0025036975888370182,2,-0.0034140880899613535,0.0034140880899613535
DUISBURG-MEIDERICH SCHLEUSE UW,2026-06-30 05:00:00+00:00,18.21,18.185636999303235,18.18814069689207,0.0025036975888370182,2,0.021859303107930828,0.021859303107930828
DUISBURG-RUHRORT,2026-06-30 05:00:00+00:00,215.0,212.77560948422823,211.1924966630272,-1.5831128212010221,2,3.807503336972786,3.807503336972786
DÜSSELDORF,2026-06-30 05:00:00+00:00,84.0,81.31414139108956,81.3166450886784,0.0025036975888370182,2,2.683354911321601,2.683354911321601
EMMERICH,2026-06-30 05:00:00+00:00,54.0,52.45335340725536,52.13673571889098,-0.31661768836438425,2,1.8632642811090179,1.8632642811090179
IFFEZHEIM,2026-06-30 05:00:00+00:00,147.0,147.2231703327285,147.23447087311905,0.011300540390548595,2,-0.2344708731190508,0.2344708731190508
KAUB,2026-06-30 05:00:00+00:00,92.0,87.31876429331507,87.3212679909039,0.0025036975888370182,2,4.678732009096095,4.678732009096095
KOBLENZ,2026-06-30 05:00:00+00:00,83.0,82.49381557296384,82.49905708997973,0.0052415170158886725,2,0.5009429100202709,0.5009429100202709
KONSTANZ-RHEIN,2026-06-30 05:00:00+00:00,314.0,313.36725536220416,313.3902497218541,0.022994359649919655,2,0.6097502781458957,0.6097502781458957
Koblenz OP,2026-06-30 05:00:00+00:00,205.0,202.47566137249544,201.82204800389866,-0.6536133685967711,2,3.177951996101342,3.177951996101342
Koblenz UP,2026-06-30 05:00:00+00:00,21.0,45.71782891637937,45.7203326139682,0.0025036975888370182,2,-24.720332613968203,24.720332613968203
KÖLN,2026-06-30 05:00:00+00:00,133.0,134.11375550783427,134.11625920542312,0.0025036975888370182,2,-1.1162592054231197,1.1162592054231197
LOBITH,2026-06-30 05:00:00+00:00,705.0,703.7243425057563,704.0646902740948,0.3403477683384291,2,0.9353097259051992,0.9353097259051992
MAINZ,2026-06-30 05:00:00+00:00,183.0,187.42352518591758,186.90143932083075,-0.5220858650868284,2,-3.9014393208307467,3.9014393208307467
MANNHEIM,2026-06-30 05:00:00+00:00,164.0,162.5439627588862,162.66067812365748,0.11671536477126854,2,1.3393218763425239,1.3393218763425239
MAXAU,2026-06-30 05:00:00+00:00,408.0,410.1821123599304,410.14688551438053,-0.035226845549851254,2,-2.1468855143805285,2.1468855143805285
REES,2026-06-30 05:00:00+00:00,96.0,95.92046039310459,95.92296409069343,0.0025036975888370182,2,0.07703590930657356,0.07703590930657356
RHEINE UNTERSCHLEUSE,2026-06-30 05:00:00+00:00,189.0,225.08990405503727,225.8994845722523,0.8095805172150373,2,-36.899484572252305,36.899484572252305
RHEINWEILER,2026-06-30 05:00:00+00:00,223.0,223.47395337452468,223.39050490194956,-0.08344847257513362,2,-0.390504901949555,0.390504901949555
SANKT GOAR,2026-06-30 05:00:00+00:00,179.0,178.089605429018,178.19739253647447,0.10778710745646879,2,0.8026074635255327,0.8026074635255327
SPEYER,2026-06-30 05:00:00+00:00,257.0,256.46750215666367,256.4322753111138,-0.035226845549851254,2,0.5677246888861873,0.5677246888861873
WESEL,2026-06-30 05:00:00+00:00,153.0,151.93486155660835,151.98265338603386,0.04779182942551991,2,1.01734661396614,1.01734661396614
WORMS,2026-06-30 05:00:00+00:00,74.0,74.56167858430523,74.56418228189406,0.0025036975888370182,2,-0.5641822818940625,0.5641822818940625
DUISBURG-MEIDERICH SCHLEUSE OW,2026-06-30 05:01:00+00:00,24.99,24.990910390501124,24.99341408808996,0.0025036975888370182,2,-0.0034140880899613535,0.0034140880899613535
DUISBURG-MEIDERICH SCHLEUSE UW,2026-06-30 05:01:00+00:00,18.21,18.185636999303235,18.18814069689207,0.0025036975888370182,2,0.021859303107930828,0.021859303107930828
DUISBURG-MEIDERICH SCHLEUSE OW,2026-06-30 05:02:00+00:00,24.99,24.990910390501124,24.99341408808996,0.0025036975888370182,2,-0.0034140880899613535,0.0034140880899613535
DUISBURG-MEIDERICH SCHLEUSE UW,2026-06-30 05:02:00+00:00,18.21,18.185636999303235,18.18814069689207,0.0025036975888370182,2,0.021859303107930828,0.021859303107930828
DUISBURG-MEIDERICH SCHLEUSE OW,2026-06-30 05:03:00+00:00,24.99,24.990910390501124,24.99341408808996,0.0025036975888370182,2,-0.0034140880899613535,0.0034140880899613535
DUISBURG-MEIDERICH SCHLEUSE UW,2026-06-30 05:03:00+00:00,18.22,18.185636999303235,18.18814069689207,0.0025036975888370182,2,0.03185930310792884,0.03185930310792884
DUISBURG-MEIDERICH SCHLEUSE OW,2026-06-30 05:04:00+00:00,24.99,24.990910390501124,24.99341408808996,0.0025036975888370182,2,-0.0034140880899613535,0.0034140880899613535
DUISBURG-MEIDERICH SCHLEUSE UW,2026-06-30 05:04:00+00:00,18.22,18.185636999303235,18.18814069689207,0.0025036975888370182,2,0.03185930310792884,0.03185930310792884
Basel-Rheinhalle,2026-06-30 05:05:00+00:00,528.0,527.85627183544,527.9261155333586,0.06984369791861647,2,0.07388446664140247,0.07388446664140247
DUISBURG-MEIDERICH SCHLEUSE OW,2026-06-30 05:05:00+00:00,24.99,24.990910390501124,24.99341408808996,0.0025036975888370182,2,-0.0034140880899613535,0.0034140880899613535
DUISBURG-MEIDERICH SCHLEUSE UW,2026-06-30 05:05:00+00:00,18.22,18.185636999303235,18.18814069689207,0.0025036975888370182,2,0.03185930310792884,0.03185930310792884
DUISBURG-MEIDERICH SCHLEUSE OW,2026-06-30 05:06:00+00:00,24.99,24.990910390501124,24.99341408808996,0.0025036975888370182,2,-0.0034140880899613535,0.0034140880899613535
DUISBURG-MEIDERICH SCHLEUSE UW,2026-06-30 05:06:00+00:00,18.22,18.185636999303235,18.18814069689207,0.0025036975888370182,2,0.03185930310792884,0.03185930310792884
DUISBURG-MEIDERICH SCHLEUSE OW,2026-06-30 05:07:00+00:00,24.99,24.986418420991306,24.988922118580142,0.0025036975888370182,2,0.0010778814198566522,0.0010778814198566522
DUISBURG-MEIDERICH SCHLEUSE UW,2026-06-30 05:07:00+00:00,18.22,18.185636999303235,18.18814069689207,0.0025036975888370182,2,0.03185930310792884,0.03185930310792884
DUISBURG-MEIDERICH SCHLEUSE OW,2026-06-30 05:08:00+00:00,24.99,24.986418420991306,24.988922118580142,0.0025036975888370182,2,0.0010778814198566522,0.0010778814198566522
DUISBURG-MEIDERICH SCHLEUSE UW,2026-06-30 05:08:00+00:00,18.22,18.185636999303235,18.18814069689207,0.0025036975888370182,2,0.03185930310792884,0.03185930310792884
DUISBURG-MEIDERICH SCHLEUSE OW,2026-06-30 05:09:00+00:00,24.99,24.986418420991306,24.988922118580142,0.0025036975888370182,2,0.0010778814198566522,0.0010778814198566522
DUISBURG-MEIDERICH SCHLEUSE UW,2026-06-30 05:09:00+00:00,18.22,18.185636999303235,18.18814069689207,0.0025036975888370182,2,0.03185930310792884,0.03185930310792884
Basel-Rheinhalle,2026-06-30 05:10:00+00:00,530.0,527.85627183544,527.9261155333586,0.06984369791861647,2,2.0738844666414025,2.0738844666414025
DUISBURG-MEIDERICH SCHLEUSE OW,2026-06-30 05:10:00+00:00,24.99,24.986418420991306,24.988922118580142,0.0025036975888370182,2,0.0010778814198566522,0.0010778814198566522
DUISBURG-MEIDERICH SCHLEUSE UW,2026-06-30 05:10:00+00:00,18.22,18.185636999303235,18.18814069689207,0.0025036975888370182,2,0.03185930310792884,0.03185930310792884
LOBITH,2026-06-30 05:10:00+00:00,703.0,703.6666582108385,703.8001989312368,0.1335407203983054,2,-0.8001989312367641,0.8001989312367641
DUISBURG-MEIDERICH SCHLEUSE OW,2026-06-30 05:11:00+00:00,24.99,24.986418420991306,24.988922118580142,0.0025036975888370182,2,0.0010778814198566522,0.0010778814198566522
DUISBURG-MEIDERICH SCHLEUSE UW,2026-06-30 05:11:00+00:00,18.22,18.185636999303235,18.18814069689207,0.0025036975888370182,2,0.03185930310792884,0.03185930310792884
DUISBURG-MEIDERICH SCHLEUSE OW,2026-06-30 05:12:00+00:00,24.99,24.986418420991306,24.988922118580142,0.0025036975888370182,2,0.0010778814198566522,0.0010778814198566522
DUISBURG-MEIDERICH SCHLEUSE UW,2026-06-30 05:12:00+00:00,18.22,18.185636999303235,18.18814069689207,0.0025036975888370182,2,0.03185930310792884,0.03185930310792884
DUISBURG-MEIDERICH SCHLEUSE OW,2026-06-30 05:13:00+00:00,24.99,24.986418420991306,24.988922118580142,0.0025036975888370182,2,0.0010778814198566522,0.0010778814198566522
DUISBURG-MEIDERICH SCHLEUSE UW,2026-06-30 05:13:00+00:00,18.22,18.185636999303235,18.18814069689207,0.0025036975888370182,2,0.03185930310792884,0.03185930310792884
DUISBURG-MEIDERICH SCHLEUSE OW,2026-06-30 05:14:00+00:00,24.99,24.986418420991306,24.988922118580142,0.0025036975888370182,2,0.0010778814198566522,0.0010778814198566522
DUISBURG-MEIDERICH SCHLEUSE UW,2026-06-30 05:14:00+00:00,18.22,18.185636999303235,18.18814069689207,0.0025036975888370182,2,0.03185930310792884,0.03185930310792884
BINGEN,2026-06-30 05:15:00+00:00,106.0,107.25719101563077,107.2596947132196,0.0025036975888370182,2,-1.2596947132196021,1.2596947132196021
BONN,2026-06-30 05:15:00+00:00,137.0,139.29341823735083,139.29191802253496,-0.0015002148158651614,2,-2.291918022534958,2.291918022534958
BREISACH,2026-06-30 05:15:00+00:00,188.0,186.7403022521323,185.9092165189673,-0.8310857331649943,2,2.0907834810327017,2.0907834810327017
Basel-Rheinhalle,2026-06-30 05:15:00+00:00,528.0,527.85627183544,527.9261155333586,0.06984369791861647,2,0.07388446664140247,0.07388446664140247
DUISBURG-MEIDERICH SCHLEUSE OW,2026-06-30 05:15:00+00:00,24.98,24.986418420991306,24.988922118580142,0.0025036975888370182,2,-0.008922118580141358,0.008922118580141358
DUISBURG-MEIDERICH SCHLEUSE UW,2026-06-30 05:15:00+00:00,18.22,18.185636999303235,18.18814069689207,0.0025036975888370182,2,0.03185930310792884,0.03185930310792884
DUISBURG-RUHRORT,2026-06-30 05:15:00+00:00,215.0,213.49016501926118,211.90705219806017,-1.5831128212010221,2,3.092947801939829,3.092947801939829
DÜSSELDORF,2026-06-30 05:15:00+00:00,82.0,81.39951316782593,81.40201686541477,0.0025036975888370182,2,0.5979831345852347,0.5979831345852347
EMMERICH,2026-06-30 05:15:00+00:00,53.0,53.07513578562487,52.75851809726049,-0.31661768836438425,2,0.24148190273950831,0.24148190273950831
IFFEZHEIM,2026-06-30 05:15:00+00:00,147.0,147.24122744018243,147.25526580000002,0.014038359817600248,2,-0.25526580000001786,0.25526580000001786
KAUB,2026-06-30 05:15:00+00:00,90.0,87.31876429331507,87.3212679909039,0.0025036975888370182,2,2.6787320090960947,2.6787320090960947
KOBLENZ,2026-06-30 05:15:00+00:00,81.0,82.60820361772699,82.61344513474288,0.0052415170158886725,2,-1.613445134742875,1.613445134742875
KONSTANZ-RHEIN,2026-06-30 05:15:00+00:00,313.0,313.36725536220416,313.3902497218541,0.022994359649919655,2,-0.39024972185410434,0.39024972185410434
Koblenz OP,2026-06-30 05:15:00+00:00,205.0,203.21433701617957,202.5607236475828,-0.6536133685967711,2,2.4392763524172096,2.4392763524172096
Koblenz UP,2026-06-30 05:15:00+00:00,30.0,45.71782891637937,45.7203326139682,0.0025036975888370182,2,-15.720332613968203,15.720332613968203
KÖLN,2026-06-30 05:15:00+00:00,133.0,134.11375550783427,134.11625920542312,0.0025036975888370182,2,-1.1162592054231197,1.1162592054231197
MAINZ,2026-06-30 05:15:00+00:00,182.0,187.3966063165564,186.95409856185344,-0.442507754702945,2,-4.954098561853442,4.954098561853442
MANNHEIM,2026-06-30 05:15:00+00:00,165.0,162.5439627588862,162.66067812365748,0.11671536477126854,2,2.339321876342524,2.339321876342524
MAXAU,2026-06-30 05:15:00+00:00,408.0,410.1357698675817,410.10054302203184,-0.035226845549851254,2,-2.100543022031843,2.100543022031843
REES,2026-06-30 05:15:00+00:00,96.0,95.97221360867971,95.97471730626854,0.0025036975888370182,2,0.025282693731455197,0.025282693731455197
RHEINE UNTERSCHLEUSE,2026-06-30 05:15:00+00:00,190.0,231.29172148577996,231.86571071912556,0.5739892333456087,2,-41.86571071912556,41.86571071912556
RHEINWEILER,2026-06-30 05:15:00+00:00,223.0,223.47395337452468,223.39050490194956,-0.08344847257513362,2,-0.390504901949555,0.390504901949555
SANKT GOAR,2026-06-30 05:15:00+00:00,179.0,178.089605429018,178.19739253647447,0.10778710745646879,2,0.8026074635255327,0.8026074635255327
SPEYER,2026-06-30 05:15:00+00:00,258.0,256.46750215666367,256.4322753111138,-0.035226845549851254,2,1.5677246888861873,1.5677246888861873
WESEL,2026-06-30 05:15:00+00:00,151.0,151.79475272135107,151.83980673134954,0.04505400999846826,2,-0.8398067313495403,0.8398067313495403
WORMS,2026-06-30 05:15:00+00:00,74.0,74.54818716799018,74.55069086557901,0.0025036975888370182,2,-0.5506908655790141,0.5506908655790141
DUISBURG-MEIDERICH SCHLEUSE OW,2026-06-30 05:16:00+00:00,24.98,24.986418420991306,24.988922118580142,0.0025036975888370182,2,-0.008922118580141358,0.008922118580141358
DUISBURG-MEIDERICH SCHLEUSE UW,2026-06-30 05:16:00+00:00,18.22,18.185636999303235,18.18814069689207,0.0025036975888370182,2,0.03185930310792884,0.03185930310792884
DUISBURG-MEIDERICH SCHLEUSE OW,2026-06-30 05:17:00+00:00,24.98,24.986418420991306,24.988922118580142,0.0025036975888370182,2,-0.008922118580141358,0.008922118580141358
DUISBURG-MEIDERICH SCHLEUSE UW,2026-06-30 05:17:00+00:00,18.22,18.185636999303235,18.18814069689207,0.0025036975888370182,2,0.03185930310792884,0.03185930310792884
DUISBURG-MEIDERICH SCHLEUSE OW,2026-06-30 05:18:00+00:00,24.98,24.986418420991306,24.988922118580142,0.0025036975888370182,2,-0.008922118580141358,0.008922118580141358
DUISBURG-MEIDERICH SCHLEUSE UW,2026-06-30 05:18:00+00:00,18.22,18.185636999303235,18.18814069689207,0.0025036975888370182,2,0.03185930310792884,0.03185930310792884
DUISBURG-MEIDERICH SCHLEUSE OW,2026-06-30 05:19:00+00:00,24.98,24.986418420991306,24.988922118580142,0.0025036975888370182,2,-0.008922118580141358,0.008922118580141358
DUISBURG-MEIDERICH SCHLEUSE UW,2026-06-30 05:19:00+00:00,18.22,18.185636999303235,18.18814069689207,0.0025036975888370182,2,0.03185930310792884,0.03185930310792884
Basel-Rheinhalle,2026-06-30 05:20:00+00:00,527.0,527.85627183544,527.9261155333586,0.06984369791861647,2,-0.9261155333585975,0.9261155333585975
DUISBURG-MEIDERICH SCHLEUSE OW,2026-06-30 05:20:00+00:00,24.98,24.98075945088031,24.983263148469145,0.0025036975888370182,2,-0.003263148469144994,0.003263148469144994
DUISBURG-MEIDERICH SCHLEUSE UW,2026-06-30 05:20:00+00:00,18.22,18.185636999303235,18.18814069689207,0.0025036975888370182,2,0.03185930310792884,0.03185930310792884
LOBITH,2026-06-30 05:20:00+00:00,705.0,704.3278530128277,704.6547119521534,0.3268589393257379,2,0.34528804784656586,0.34528804784656586
DUISBURG-MEIDERICH SCHLEUSE OW,2026-06-30 05:21:00+00:00,24.98,24.98075945088031,24.983263148469145,0.0025036975888370182,2,-0.003263148469144994,0.003263148469144994
DUISBURG-MEIDERICH SCHLEUSE UW,2026-06-30 05:21:00+00:00,18.23,18.185636999303235,18.18814069689207,0.0025036975888370182,2,0.0418593031079304,0.0418593031079304
DUISBURG-MEIDERICH SCHLEUSE OW,2026-06-30 05:22:00+00:00,24.98,24.98075945088031,24.983263148469145,0.0025036975888370182,2,-0.003263148469144994,0.003263148469144994
DUISBURG-MEIDERICH SCHLEUSE UW,2026-06-30 05:22:00+00:00,18.23,18.185636999303235,18.18814069689207,0.0025036975888370182,2,0.0418593031079304,0.0418593031079304
DUISBURG-MEIDERICH SCHLEUSE OW,2026-06-30 05:23:00+00:00,24.98,24.98075945088031,24.983263148469145,0.0025036975888370182,2,-0.003263148469144994,0.003263148469144994
DUISBURG-MEIDERICH SCHLEUSE UW,2026-06-30 05:23:00+00:00,18.22,18.185636999303235,18.18814069689207,0.0025036975888370182,2,0.03185930310792884,0.03185930310792884
DUISBURG-MEIDERICH SCHLEUSE OW,2026-06-30 05:24:00+00:00,24.98,24.98075945088031,24.983263148469145,0.0025036975888370182,2,-0.003263148469144994,0.003263148469144994
DUISBURG-MEIDERICH SCHLEUSE UW,2026-06-30 05:24:00+00:00,18.22,18.185636999303235,18.18814069689207,0.0025036975888370182,2,0.03185930310792884,0.03185930310792884
Basel-Rheinhalle,2026-06-30 05:25:00+00:00,526.0,527.85627183544,527.9261155333586,0.06984369791861647,2,-1.9261155333585975,1.9261155333585975
DUISBURG-MEIDERICH SCHLEUSE OW,2026-06-30 05:25:00+00:00,24.98,24.98075945088031,24.983263148469145,0.0025036975888370182,2,-0.003263148469144994,0.003263148469144994
DUISBURG-MEIDERICH SCHLEUSE UW,2026-06-30 05:25:00+00:00,18.22,18.185636999303235,18.18814069689207,0.0025036975888370182,2,0.03185930310792884,0.03185930310792884
DUISBURG-MEIDERICH SCHLEUSE OW,2026-06-30 05:26:00+00:00,24.98,24.98075945088031,24.983263148469145,0.0025036975888370182,2,-0.003263148469144994,0.003263148469144994
DUISBURG-MEIDERICH SCHLEUSE UW,2026-06-30 05:26:00+00:00,18.22,18.185636999303235,18.18814069689207,0.0025036975888370182,2,0.03185930310792884,0.03185930310792884
DUISBURG-MEIDERICH SCHLEUSE OW,2026-06-30 05:27:00+00:00,24.98,24.98075945088031,24.983263148469145,0.0025036975888370182,2,-0.003263148469144994,0.003263148469144994
DUISBURG-MEIDERICH SCHLEUSE UW,2026-06-30 05:27:00+00:00,18.22,18.185636999303235,18.18814069689207,0.0025036975888370182,2,0.03185930310792884,0.03185930310792884
DUISBURG-MEIDERICH SCHLEUSE OW,2026-06-30 05:28:00+00:00,24.98,24.98075945088031,24.983263148469145,0.0025036975888370182,2,-0.003263148469144994,0.003263148469144994
DUISBURG-MEIDERICH SCHLEUSE UW,2026-06-30 05:28:00+00:00,18.22,18.185636999303235,18.18814069689207,0.0025036975888370182,2,0.03185930310792884,0.03185930310792884
DUISBURG-MEIDERICH SCHLEUSE OW,2026-06-30 05:29:00+00:00,24.97,24.98075945088031,24.983263148469145,0.0025036975888370182,2,-0.013263148469146557,0.013263148469146557
DUISBURG-MEIDERICH SCHLEUSE UW,2026-06-30 05:29:00+00:00,18.22,18.185636999303235,18.18814069689207,0.0025036975888370182,2,0.03185930310792884,0.03185930310792884
BINGEN,2026-06-30 05:30:00+00:00,107.0,107.25719101563077,107.2596947132196,0.0025036975888370182,2,-0.25969471321960214,0.25969471321960214
BONN,2026-06-30 05:30:00+00:00,137.0,139.29341823735083,139.29191802253496,-0.0015002148158651614,2,-2.291918022534958,2.291918022534958
BREISACH,2026-06-30 05:30:00+00:00,187.0,188.23803000785293,187.56072220277952,-0.6773078050734145,2,-0.560722202779516,0.560722202779516
Basel-Rheinhalle,2026-06-30 05:30:00+00:00,526.0,527.7404340210833,527.8102777190019,0.06984369791861647,2,-1.8102777190018742,1.8102777190018742
DUISBURG-MEIDERICH SCHLEUSE OW,2026-06-30 05:30:00+00:00,24.97,24.98075945088031,24.983263148469145,0.0025036975888370182,2,-0.013263148469146557,0.013263148469146557
DUISBURG-MEIDERICH SCHLEUSE UW,2026-06-30 05:30:00+00:00,18.22,18.185636999303235,18.18814069689207,0.0025036975888370182,2,0.03185930310792884,0.03185930310792884
DUISBURG-RUHRORT,2026-06-30 05:30:00+00:00,215.0,213.9173149458405,212.3342021246395,-1.5831128212010221,2,2.6657978753605107,2.6657978753605107
DÜSSELDORF,2026-06-30 05:30:00+00:00,84.0,81.33942199879908,81.34192569638792,0.0025036975888370182,2,2.658074303612082,2.658074303612082
EMMERICH,2026-06-30 05:30:00+00:00,53.0,53.00878993182434,52.69217224345996,-0.31661768836438425,2,0.3078277565400427,0.3078277565400427
IFFEZHEIM,2026-06-30 05:30:00+00:00,146.0,145.43715706490713,145.45119542472472,0.014038359817600248,2,0.5488045752752839,0.5488045752752839
KAUB,2026-06-30 05:30:00+00:00,91.0,87.3679345937674,87.37317611078329,0.0052415170158886725,2,3.626823889216709,3.626823889216709
KOBLENZ,2026-06-30 05:30:00+00:00,83.0,82.32386949309164,82.32637319068047,0.0025036975888370182,2,0.6736268093195292,0.6736268093195292
KONSTANZ-RHEIN,2026-06-30 05:30:00+00:00,313.0,313.36725536220416,313.3902497218541,0.022994359649919655,2,-0.39024972185410434,0.39024972185410434
Koblenz OP,2026-06-30 05:30:00+00:00,203.0,203.26175646558667,202.6081430969899,-0.6536133685967711,2,0.3918569030101082,0.3918569030101082
Koblenz UP,2026-06-30 05:30:00+00:00,40.0,45.76868201460309,45.77118571219192,0.0025036975888370182,2,-5.771185712191922,5.771185712191922
KÖLN,2026-06-30 05:30:00+00:00,133.0,134.11375550783427,134.11625920542312,0.0025036975888370182,2,-1.1162592054231197,1.1162592054231197
LOBITH,2026-06-30 05:30:00+00:00,706.0,704.1615673697999,704.4884263091255,0.3268589393257379,2,1.5115736908744566,1.5115736908744566
MAINZ,2026-06-30 05:30:00+00:00,182.0,187.5030616052999,187.23210749421955,-0.2709541110803691,2,-5.232107494219548,5.232107494219548
MANNHEIM,2026-06-30 05:30:00+00:00,163.0,162.53223998728413,162.6489553520554,0.11671536477126854,2,0.35104464794460455,0.35104464794460455
MAXAU,2026-06-30 05:30:00+00:00,408.0,409.712042762537,409.67681591698715,-0.035226845549851254,2,-1.6768159169871524,1.6768159169871524
REES,2026-06-30 05:30:00+00:00,96.0,95.9087757161109,95.91127941369973,0.0025036975888370182,2,0.08872058630026913,0.08872058630026913
RHEINE UNTERSCHLEUSE,2026-06-30 05:30:00+00:00,190.0,230.17291967852788,230.74690891187348,0.5739892333456087,2,-40.746908911873476,40.746908911873476
RHEINWEILER,2026-06-30 05:30:00+00:00,223.0,223.47395337452468,223.39050490194956,-0.08344847257513362,2,-0.390504901949555,0.390504901949555
SANKT GOAR,2026-06-30 05:30:00+00:00,181.0,178.089605429018,178.19739253647447,0.10778710745646879,2,2.8026074635255327,2.8026074635255327
SPEYER,2026-06-30 05:30:00+00:00,258.0,256.46750215666367,256.4322753111138,-0.035226845549851254,2,1.5677246888861873,1.5677246888861873
WESEL,2026-06-30 05:30:00+00:00,153.0,151.78306804435738,151.82812205435584,0.04505400999846826,2,1.1718779456441553,1.1718779456441553
WORMS,2026-06-30 05:30:00+00:00,75.0,74.54818716799018,74.55069086557901,0.0025036975888370182,2,0.44930913442098586,0.44930913442098586
DUISBURG-MEIDERICH SCHLEUSE OW,2026-06-30 05:31:00+00:00,24.97,24.98075945088031,24.983263148469145,0.0025036975888370182,2,-0.013263148469146557,0.013263148469146557
DUISBURG-MEIDERICH SCHLEUSE UW,2026-06-30 05:31:00+00:00,18.22,18.185636999303235,18.18814069689207,0.0025036975888370182,2,0.03185930310792884,0.03185930310792884
DUISBURG-MEIDERICH SCHLEUSE OW,2026-06-30 05:32:00+00:00,24.97,24.98075945088031,24.983263148469145,0.0025036975888370182,2,-0.013263148469146557,0.013263148469146557
DUISBURG-MEIDERICH SCHLEUSE UW,2026-06-30 05:32:00+00:00,18.22,18.185636999303235,18.18814069689207,0.0025036975888370182,2,0.03185930310792884,0.03185930310792884
DUISBURG-MEIDERICH SCHLEUSE OW,2026-06-30 05:33:00+00:00,24.97,24.98075945088031,24.983263148469145,0.0025036975888370182,2,-0.013263148469146557,0.013263148469146557
DUISBURG-MEIDERICH SCHLEUSE UW,2026-06-30 05:33:00+00:00,18.22,18.185636999303235,18.18814069689207,0.0025036975888370182,2,0.03185930310792884,0.03185930310792884
DUISBURG-MEIDERICH SCHLEUSE OW,2026-06-30 05:34:00+00:00,24.97,24.98075945088031,24.983263148469145,0.0025036975888370182,2,-0.013263148469146557,0.013263148469146557
DUISBURG-MEIDERICH SCHLEUSE UW,2026-06-30 05:34:00+00:00,18.22,18.185636999303235,18.18814069689207,0.0025036975888370182,2,0.03185930310792884,0.03185930310792884
Basel-Rheinhalle,2026-06-30 05:35:00+00:00,525.0,527.7404340210833,527.8102777190019,0.06984369791861647,2,-2.810277719001874,2.810277719001874
DUISBURG-MEIDERICH SCHLEUSE OW,2026-06-30 05:35:00+00:00,24.97,24.98075945088031,24.983263148469145,0.0025036975888370182,2,-0.013263148469146557,0.013263148469146557
DUISBURG-MEIDERICH SCHLEUSE UW,2026-06-30 05:35:00+00:00,18.22,18.185636999303235,18.18814069689207,0.0025036975888370182,2,0.03185930310792884,0.03185930310792884
DUISBURG-MEIDERICH SCHLEUSE OW,2026-06-30 05:36:00+00:00,24.97,24.98075945088031,24.983263148469145,0.0025036975888370182,2,-0.013263148469146557,0.013263148469146557
DUISBURG-MEIDERICH SCHLEUSE UW,2026-06-30 05:36:00+00:00,18.23,18.185636999303235,18.18814069689207,0.0025036975888370182,2,0.0418593031079304,0.0418593031079304
DUISBURG-MEIDERICH SCHLEUSE OW,2026-06-30 05:37:00+00:00,24.97,24.98075945088031,24.983263148469145,0.0025036975888370182,2,-0.013263148469146557,0.013263148469146557
DUISBURG-MEIDERICH SCHLEUSE UW,2026-06-30 05:37:00+00:00,18.23,18.185636999303235,18.18814069689207,0.0025036975888370182,2,0.0418593031079304,0.0418593031079304
DUISBURG-MEIDERICH SCHLEUSE OW,2026-06-30 05:38:00+00:00,24.97,24.98075945088031,24.983263148469145,0.0025036975888370182,2,-0.013263148469146557,0.013263148469146557
DUISBURG-MEIDERICH SCHLEUSE UW,2026-06-30 05:38:00+00:00,18.23,18.185636999303235,18.18814069689207,0.0025036975888370182,2,0.0418593031079304,0.0418593031079304
DUISBURG-MEIDERICH SCHLEUSE OW,2026-06-30 05:39:00+00:00,24.97,24.975187323783363,24.9776910213722,0.0025036975888370182,2,-0.007691021372199458,0.007691021372199458
DUISBURG-MEIDERICH SCHLEUSE UW,2026-06-30 05:39:00+00:00,18.23,18.185636999303235,18.18814069689207,0.0025036975888370182,2,0.0418593031079304,0.0418593031079304
Basel-Rheinhalle,2026-06-30 05:40:00+00:00,525.0,527.5751253322691,527.6449690301877,0.06984369791861647,2,-2.644969030187667,2.644969030187667
DUISBURG-MEIDERICH SCHLEUSE OW,2026-06-30 05:40:00+00:00,24.97,24.975187323783363,24.9776910213722,0.0025036975888370182,2,-0.007691021372199458,0.007691021372199458
DUISBURG-MEIDERICH SCHLEUSE UW,2026-06-30 05:40:00+00:00,18.23,18.185636999303235,18.18814069689207,0.0025036975888370182,2,0.0418593031079304,0.0418593031079304
LOBITH,2026-06-30 05:40:00+00:00,703.0,704.0680283909369,704.3948873302626,0.3268589393257379,2,-1.394887330262577,1.394887330262577
DUISBURG-MEIDERICH SCHLEUSE OW,2026-06-30 05:41:00+00:00,24.97,24.975187323783363,24.9776910213722,0.0025036975888370182,2,-0.007691021372199458,0.007691021372199458
DUISBURG-MEIDERICH SCHLEUSE UW,2026-06-30 05:41:00+00:00,18.23,18.185636999303235,18.18814069689207,0.0025036975888370182,2,0.0418593031079304,0.0418593031079304
DUISBURG-MEIDERICH SCHLEUSE OW,2026-06-30 05:42:00+00:00,24.97,24.975187323783363,24.9776910213722,0.0025036975888370182,2,-0.007691021372199458,0.007691021372199458
DUISBURG-MEIDERICH SCHLEUSE UW,2026-06-30 05:42:00+00:00,18.23,18.185636999303235,18.18814069689207,0.0025036975888370182,2,0.0418593031079304,0.0418593031079304
DUISBURG-MEIDERICH SCHLEUSE OW,2026-06-30 05:43:00+00:00,24.96,24.975187323783363,24.9776910213722,0.0025036975888370182,2,-0.01769102137219747,0.01769102137219747
DUISBURG-MEIDERICH SCHLEUSE UW,2026-06-30 05:43:00+00:00,18.23,18.185636999303235,18.18814069689207,0.0025036975888370182,2,0.0418593031079304,0.0418593031079304
DUISBURG-MEIDERICH SCHLEUSE OW,2026-06-30 05:44:00+00:00,24.96,24.975187323783363,24.9776910213722,0.0025036975888370182,2,-0.01769102137219747,0.01769102137219747
DUISBURG-MEIDERICH SCHLEUSE UW,2026-06-30 05:44:00+00:00,18.23,18.185636999303235,18.18814069689207,0.0025036975888370182,2,0.0418593031079304,0.0418593031079304
BINGEN,2026-06-30 05:45:00+00:00,106.0,107.25719101563077,107.2596947132196,0.0025036975888370182,2,-1.2596947132196021,1.2596947132196021
BONN,2026-06-30 05:45:00+00:00,138.0,139.29341823735083,139.29191802253496,-0.0015002148158651614,2,-1.2919180225349578,1.2919180225349578
BREISACH,2026-06-30 05:45:00+00:00,186.0,187.56712858535658,187.20639072933915,-0.3607378560174235,2,-1.206390729339148,1.206390729339148
Basel-Rheinhalle,2026-06-30 05:45:00+00:00,525.0,527.3993146977675,527.437442409005,0.0381277112375544,2,-2.4374424090050297,2.4374424090050297
DUISBURG-MEIDERICH SCHLEUSE OW,2026-06-30 05:45:00+00:00,24.96,24.975187323783363,24.9776910213722,0.0025036975888370182,2,-0.01769102137219747,0.01769102137219747
DUISBURG-MEIDERICH SCHLEUSE UW,2026-06-30 05:45:00+00:00,18.23,18.185636999303235,18.18814069689207,0.0025036975888370182,2,0.0418593031079304,0.0418593031079304
DUISBURG-RUHRORT,2026-06-30 05:45:00+00:00,216.0,213.9173149458405,212.3342021246395,-1.5831128212010221,2,3.6657978753605107,3.6657978753605107
DÜSSELDORF,2026-06-30 05:45:00+00:00,84.0,81.37142238238656,81.37392607997539,0.0025036975888370182,2,2.6260739200246093,2.6260739200246093
EMMERICH,2026-06-30 05:45:00+00:00,53.0,52.34810182448429,52.03148413611991,-0.31661768836438425,2,0.9685158638800928,0.9685158638800928
IFFEZHEIM,2026-06-30 05:45:00+00:00,148.0,145.25899551320418,145.27303387302177,0.014038359817600248,2,2.726966126978226,2.726966126978226
KAUB,2026-06-30 05:45:00+00:00,90.0,87.3679345937674,87.37317611078329,0.0052415170158886725,2,2.626823889216709,2.626823889216709
KOBLENZ,2026-06-30 05:45:00+00:00,81.0,82.2927698114865,82.29527350907533,0.0025036975888370182,2,-1.2952735090753293,1.2952735090753293
KONSTANZ-RHEIN,2026-06-30 05:45:00+00:00,314.0,313.36725536220416,313.3902497218541,0.022994359649919655,2,0.6097502781458957,0.6097502781458957
Koblenz OP,2026-06-30 05:45:00+00:00,207.0,203.1744583815844,202.52084501298762,-0.6536133685967711,2,4.479154987012379,4.479154987012379
Koblenz UP,2026-06-30 05:45:00+00:00,40.0,45.71782891637937,45.7203326139682,0.0025036975888370182,2,-5.720332613968203,5.720332613968203
KÖLN,2026-06-30 05:45:00+00:00,133.0,134.11375550783427,134.11625920542312,0.0025036975888370182,2,-1.1162592054231197,1.1162592054231197
MAINZ,2026-06-30 05:45:00+00:00,183.0,188.1101510488048,188.31642216883984,0.20627112003503573,2,-5.316422168839836,5.316422168839836
MANNHEIM,2026-06-30 05:45:00+00:00,165.0,162.53223998728413,162.6489553520554,0.11671536477126854,2,2.3510446479446045,2.3510446479446045
MAXAU,2026-06-30 05:45:00+00:00,408.0,409.2580283132176,409.22280146766775,-0.035226845549851254,2,-1.2228014676677503,1.2228014676677503
REES,2026-06-30 05:45:00+00:00,99.0,96.35873307485154,96.36123677244038,0.0025036975888370182,2,2.638763227559622,2.638763227559622
RHEINE UNTERSCHLEUSE,2026-06-30 05:45:00+00:00,191.0,229.83787731214346,230.41186654548906,0.5739892333456087,2,-39.41186654548906,39.41186654548906
RHEINWEILER,2026-06-30 05:45:00+00:00,223.0,223.47395337452468,223.39050490194956,-0.08344847257513362,2,-0.390504901949555,0.390504901949555
SANKT GOAR,2026-06-30 05:45:00+00:00,180.0,178.089605429018,178.19739253647447,0.10778710745646879,2,1.8026074635255327,1.8026074635255327
SPEYER,2026-06-30 05:45:00+00:00,259.0,256.4558061319697,256.42057928641987,-0.035226845549851254,2,2.5794207135801344,2.5794207135801344
WESEL,2026-06-30 05:45:00+00:00,153.0,151.78306804435738,151.82812205435584,0.04505400999846826,2,1.1718779456441553,1.1718779456441553
WORMS,2026-06-30 05:45:00+00:00,74.0,74.54818716799018,74.55069086557901,0.0025036975888370182,2,-0.5506908655790141,0.5506908655790141
DUISBURG-MEIDERICH SCHLEUSE OW,2026-06-30 05:46:00+00:00,24.96,24.975187323783363,24.9776910213722,0.0025036975888370182,2,-0.01769102137219747,0.01769102137219747
DUISBURG-MEIDERICH SCHLEUSE UW,2026-06-30 05:46:00+00:00,18.23,18.185636999303235,18.18814069689207,0.0025036975888370182,2,0.0418593031079304,0.0418593031079304
DUISBURG-MEIDERICH SCHLEUSE OW,2026-06-30 05:47:00+00:00,24.96,24.975187323783363,24.9776910213722,0.0025036975888370182,2,-0.01769102137219747,0.01769102137219747
DUISBURG-MEIDERICH SCHLEUSE UW,2026-06-30 05:47:00+00:00,18.22,18.185636999303235,18.18814069689207,0.0025036975888370182,2,0.03185930310792884,0.03185930310792884
DUISBURG-MEIDERICH SCHLEUSE OW,2026-06-30 05:48:00+00:00,24.96,24.975187323783363,24.9776910213722,0.0025036975888370182,2,-0.01769102137219747,0.01769102137219747
DUISBURG-MEIDERICH SCHLEUSE UW,2026-06-30 05:48:00+00:00,18.22,18.185636999303235,18.18814069689207,0.0025036975888370182,2,0.03185930310792884,0.03185930310792884
DUISBURG-MEIDERICH SCHLEUSE OW,2026-06-30 05:49:00+00:00,24.96,24.975187323783363,24.9776910213722,0.0025036975888370182,2,-0.01769102137219747,0.01769102137219747
DUISBURG-MEIDERICH SCHLEUSE UW,2026-06-30 05:49:00+00:00,18.22,18.185636999303235,18.18814069689207,0.0025036975888370182,2,0.03185930310792884,0.03185930310792884
Basel-Rheinhalle,2026-06-30 05:50:00+00:00,524.0,527.2382236740269,527.2763513852644,0.0381277112375544,2,-3.2763513852644337,3.2763513852644337
DUISBURG-MEIDERICH SCHLEUSE OW,2026-06-30 05:50:00+00:00,24.96,24.975187323783363,24.9776910213722,0.0025036975888370182,2,-0.01769102137219747,0.01769102137219747
DUISBURG-MEIDERICH SCHLEUSE UW,2026-06-30 05:50:00+00:00,18.23,18.185636999303235,18.18814069689207,0.0025036975888370182,2,0.0418593031079304,0.0418593031079304
LOBITH,2026-06-30 05:50:00+00:00,704.0,704.010344096019,704.1438848164173,0.1335407203983054,2,-0.14388481641731232,0.14388481641731232
DUISBURG-MEIDERICH SCHLEUSE OW,2026-06-30 05:51:00+00:00,24.96,24.975187323783363,24.9776910213722,0.0025036975888370182,2,-0.01769102137219747,0.01769102137219747
DUISBURG-MEIDERICH SCHLEUSE UW,2026-06-30 05:51:00+00:00,18.23,18.185636999303235,18.18814069689207,0.0025036975888370182,2,0.0418593031079304,0.0418593031079304
DUISBURG-MEIDERICH SCHLEUSE OW,2026-06-30 05:52:00+00:00,24.96,24.975187323783363,24.9776910213722,0.0025036975888370182,2,-0.01769102137219747,0.01769102137219747
DUISBURG-MEIDERICH SCHLEUSE UW,2026-06-30 05:52:00+00:00,18.23,18.185636999303235,18.18814069689207,0.0025036975888370182,2,0.0418593031079304,0.0418593031079304
DUISBURG-MEIDERICH SCHLEUSE OW,2026-06-30 05:53:00+00:00,24.96,24.967589298436618,24.970092996025453,0.0025036975888370182,2,-0.01009299602545255,0.01009299602545255
DUISBURG-MEIDERICH SCHLEUSE UW,2026-06-30 05:53:00+00:00,18.23,18.185636999303235,18.18814069689207,0.0025036975888370182,2,0.0418593031079304,0.0418593031079304
DUISBURG-MEIDERICH SCHLEUSE OW,2026-06-30 05:54:00+00:00,24.96,24.967589298436618,24.970092996025453,0.0025036975888370182,2,-0.01009299602545255,0.01009299602545255
DUISBURG-MEIDERICH SCHLEUSE UW,2026-06-30 05:54:00+00:00,18.23,18.185636999303235,18.18814069689207,0.0025036975888370182,2,0.0418593031079304,0.0418593031079304
Basel-Rheinhalle,2026-06-30 05:55:00+00:00,524.0,527.3628170052366,527.4326607031552,0.06984369791861647,2,-3.432660703155193,3.432660703155193
DUISBURG-MEIDERICH SCHLEUSE OW,2026-06-30 05:55:00+00:00,24.96,24.967589298436618,24.970092996025453,0.0025036975888370182,2,-0.01009299602545255,0.01009299602545255
DUISBURG-MEIDERICH SCHLEUSE UW,2026-06-30 05:55:00+00:00,18.23,18.185636999303235,18.18814069689207,0.0025036975888370182,2,0.0418593031079304,0.0418593031079304
DUISBURG-MEIDERICH SCHLEUSE OW,2026-06-30 05:56:00+00:00,24.95,24.967589298436618,24.970092996025453,0.0025036975888370182,2,-0.020092996025454113,0.020092996025454113
DUISBURG-MEIDERICH SCHLEUSE UW,2026-06-30 05:56:00+00:00,18.23,18.185636999303235,18.18814069689207,0.0025036975888370182,2,0.0418593031079304,0.0418593031079304
DUISBURG-MEIDERICH SCHLEUSE OW,2026-06-30 05:57:00+00:00,24.95,24.967589298436618,24.970092996025453,0.0025036975888370182,2,-0.020092996025454113,0.020092996025454113
DUISBURG-MEIDERICH SCHLEUSE UW,2026-06-30 05:57:00+00:00,18.23,18.185636999303235,18.18814069689207,0.0025036975888370182,2,0.0418593031079304,0.0418593031079304
DUISBURG-MEIDERICH SCHLEUSE OW,2026-06-30 05:58:00+00:00,24.95,24.967589298436618,24.970092996025453,0.0025036975888370182,2,-0.020092996025454113,0.020092996025454113
DUISBURG-MEIDERICH SCHLEUSE UW,2026-06-30 05:58:00+00:00,18.23,18.185636999303235,18.18814069689207,0.0025036975888370182,2,0.0418593031079304,0.0418593031079304
DUISBURG-MEIDERICH SCHLEUSE OW,2026-06-30 05:59:00+00:00,24.95,24.967589298436618,24.970092996025453,0.0025036975888370182,2,-0.020092996025454113,0.020092996025454113
DUISBURG-MEIDERICH SCHLEUSE UW,2026-06-30 05:59:00+00:00,18.23,18.185636999303235,18.18814069689207,0.0025036975888370182,2,0.0418593031079304,0.0418593031079304
BINGEN,2026-06-30 06:00:00+00:00,106.0,107.00040848039181,106.96915870837273,-0.031249772019082633,2,-0.9691587083727313,0.9691587083727313
BONN,2026-06-30 06:00:00+00:00,137.0,139.56806897982665,139.56656876501077,-0.0015002148158651614,2,-2.5665687650107714,2.5665687650107714
BREISACH,2026-06-30 06:00:00+00:00,187.0,187.19877543500806,186.6552749536788,-0.5435004813292521,2,0.3447250463212015,0.3447250463212015
Basel-Rheinhalle,2026-06-30 06:00:00+00:00,525.0,527.4910986101223,527.6091639350662,0.11806532494389894,2,-2.609163935066249,2.609163935066249
DUISBURG-MEIDERICH SCHLEUSE OW,2026-06-30 06:00:00+00:00,24.95,24.38341780184071,24.385921499429546,0.0025036975888370182,2,0.564078500570453,0.564078500570453
DUISBURG-MEIDERICH SCHLEUSE UW,2026-06-30 06:00:00+00:00,18.23,17.603319455055157,17.605823152643993,0.0025036975888370182,2,0.6241768473560079,0.6241768473560079
DUISBURG-RUHRORT,2026-06-30 06:00:00+00:00,215.0,213.82033614190615,212.41595657591859,-1.404379565987556,2,2.5840434240814147,2.5840434240814147
DÜSSELDORF,2026-06-30 06:00:00+00:00,85.0,80.95064083138656,80.9531445289754,0.0025036975888370182,2,4.0468554710246,4.0468554710246
EMMERICH,2026-06-30 06:00:00+00:00,54.0,53.15373286516946,52.83711517680508,-0.31661768836438425,2,1.162884823194922,1.162884823194922
IFFEZHEIM,2026-06-30 06:00:00+00:00,146.0,146.91131403990104,146.92535239971863,0.014038359817600248,2,-0.9253523997186335,0.9253523997186335
KAUB,2026-06-30 06:00:00+00:00,91.0,86.46599215538436,86.43748020279233,-0.028511952592030987,2,4.5625197972076705,4.5625197972076705
KOBLENZ,2026-06-30 06:00:00+00:00,82.0,82.46483344915777,82.43358367713869,-0.031249772019082633,2,-0.4335836771386852,0.4335836771386852
KONSTANZ-RHEIN,2026-06-30 06:00:00+00:00,313.0,313.4493296267283,313.5205456134035,0.07121598667520211,2,-0.5205456134034989,0.5205456134034989
Koblenz OP,2026-06-30 06:00:00+00:00,206.0,201.0909887207164,200.32304286673,-0.7679458539864092,2,5.676957133270008,5.676957133270008
Koblenz UP,2026-06-30 06:00:00+00:00,41.0,45.967203983999504,45.93595421198042,-0.031249772019082633,2,-4.935954211980423,4.935954211980423
KÖLN,2026-06-30 06:00:00+00:00,133.0,134.1246927812488,134.12719647883765,0.0025036975888370182,2,-1.1271964788376465,1.1271964788376465
LOBITH,2026-06-30 06:00:00+00:00,704.0,702.9647494468549,703.2657545463245,0.30100509946966303,2,0.7342454536754985,0.7342454536754985
MAINZ,2026-06-30 06:00:00+00:00,182.0,187.76674086335115,187.54161139304674,-0.22512947030440578,2,-5.541611393046736,5.541611393046736
MANNHEIM,2026-06-30 06:00:00+00:00,166.0,161.38974179935505,161.4010423397456,0.011300540390548595,2,4.598957660254399,4.598957660254399
MAXAU,2026-06-30 06:00:00+00:00,407.0,409.6174637295619,409.58223688401205,-0.035226845549851254,2,-2.5822368840120475,2.5822368840120475
REES,2026-06-30 06:00:00+00:00,96.0,96.4597455440925,96.46498706110839,0.0052415170158886725,2,-0.4649870611083884,0.4649870611083884
RHEINE UNTERSCHLEUSE,2026-06-30 06:00:00+00:00,191.0,223.34267057170328,223.9361805584724,0.5935099867691139,2,-32.93618055847239,32.93618055847239
RHEINWEILER,2026-06-30 06:00:00+00:00,223.0,223.6975162740495,223.66228942849963,-0.035226845549851254,2,-0.6622894284996335,0.6622894284996335
SANKT GOAR,2026-06-30 06:00:00+00:00,180.0,177.99720891770596,178.0712425555545,0.07403363784854917,2,1.9287574444454947,1.9287574444454947
SPEYER,2026-06-30 06:00:00+00:00,258.0,255.9401215467636,255.90489470121375,-0.035226845549851254,2,2.095105298786251,2.095105298786251
WESEL,2026-06-30 06:00:00+00:00,152.0,150.72156053099243,150.7666145409909,0.04505400999846826,2,1.2333854590090993,1.2333854590090993
WORMS,2026-06-30 06:00:00+00:00,74.0,74.43409539434477,74.40284562232569,-0.031249772019082633,2,-0.4028456223256853,0.4028456223256853
DUISBURG-MEIDERICH SCHLEUSE OW,2026-06-30 06:01:00+00:00,24.95,24.32767301061258,24.330176708201414,0.0025036975888370182,2,0.6198232917985855,0.6198232917985855
DUISBURG-MEIDERICH SCHLEUSE UW,2026-06-30 06:01:00+00:00,18.23,17.16275743215509,17.165261129743925,0.0025036975888370182,2,1.0647388702560754,1.0647388702560754
DUISBURG-MEIDERICH SCHLEUSE OW,2026-06-30 06:02:00+00:00,24.95,24.32767301061258,24.330176708201414,0.0025036975888370182,2,0.6198232917985855,0.6198232917985855
DUISBURG-MEIDERICH SCHLEUSE UW,2026-06-30 06:02:00+00:00,18.23,17.16275743215509,17.165261129743925,0.0025036975888370182,2,1.0647388702560754,1.0647388702560754
DUISBURG-MEIDERICH SCHLEUSE OW,2026-06-30 06:03:00+00:00,24.95,24.967589298436618,24.970092996025453,0.0025036975888370182,2,-0.020092996025454113,0.020092996025454113
DUISBURG-MEIDERICH SCHLEUSE UW,2026-06-30 06:03:00+00:00,18.23,18.185636999303235,18.18814069689207,0.0025036975888370182,2,0.0418593031079304,0.0418593031079304
DUISBURG-MEIDERICH SCHLEUSE OW,2026-06-30 06:04:00+00:00,24.94,24.967589298436618,24.970092996025453,0.0025036975888370182,2,-0.030092996025452123,0.030092996025452123
DUISBURG-MEIDERICH SCHLEUSE UW,2026-06-30 06:04:00+00:00,18.23,18.185636999303235,18.18814069689207,0.0025036975888370182,2,0.0418593031079304,0.0418593031079304
Basel-Rheinhalle,2026-06-30 06:05:00+00:00,527.0,527.3140526246411,527.4321179495851,0.11806532494389894,2,-0.4321179495850629,0.4321179495850629
DUISBURG-MEIDERICH SCHLEUSE OW,2026-06-30 06:05:00+00:00,24.94,24.967589298436618,24.970092996025453,0.0025036975888370182,2,-0.030092996025452123,0.030092996025452123
DUISBURG-MEIDERICH SCHLEUSE UW,2026-06-30 06:05:00+00:00,18.23,18.185636999303235,18.18814069689207,0.0025036975888370182,2,0.0418593031079304,0.0418593031079304
DUISBURG-MEIDERICH SCHLEUSE OW,2026-06-30 06:06:00+00:00,24.94,24.967589298436618,24.970092996025453,0.0025036975888370182,2,-0.030092996025452123,0.030092996025452123
DUISBURG-MEIDERICH SCHLEUSE UW,2026-06-30 06:06:00+00:00,18.23,18.185636999303235,18.18814069689207,0.0025036975888370182,2,0.0418593031079304,0.0418593031079304
DUISBURG-MEIDERICH SCHLEUSE OW,2026-06-30 06:07:00+00:00,24.94,24.960026465077153,24.96253016266599,0.0025036975888370182,2,-0.022530162665987064,0.022530162665987064
DUISBURG-MEIDERICH SCHLEUSE UW,2026-06-30 06:07:00+00:00,18.23,18.185636999303235,18.18814069689207,0.0025036975888370182,2,0.0418593031079304,0.0418593031079304
DUISBURG-MEIDERICH SCHLEUSE OW,2026-06-30 06:08:00+00:00,24.94,24.960026465077153,24.96253016266599,0.0025036975888370182,2,-0.022530162665987064,0.022530162665987064
DUISBURG-MEIDERICH SCHLEUSE UW,2026-06-30 06:08:00+00:00,18.23,18.185636999303235,18.18814069689207,0.0025036975888370182,2,0.0418593031079304,0.0418593031079304
DUISBURG-MEIDERICH SCHLEUSE OW,2026-06-30 06:09:00+00:00,24.94,24.960026465077153,24.96253016266599,0.0025036975888370182,2,-0.022530162665987064,0.022530162665987064
DUISBURG-MEIDERICH SCHLEUSE UW,2026-06-30 06:09:00+00:00,18.23,18.185636999303235,18.18814069689207,0.0025036975888370182,2,0.0418593031079304,0.0418593031079304
Basel-Rheinhalle,2026-06-30 06:10:00+00:00,525.0,525.0208550844046,525.1389204093485,0.11806532494389894,2,-0.13892040934854322,0.13892040934854322
DUISBURG-MEIDERICH SCHLEUSE OW,2026-06-30 06:10:00+00:00,24.94,24.960026465077153,24.96253016266599,0.0025036975888370182,2,-0.022530162665987064,0.022530162665987064
DUISBURG-MEIDERICH SCHLEUSE UW,2026-06-30 06:10:00+00:00,18.23,18.185636999303235,18.18814069689207,0.0025036975888370182,2,0.0418593031079304,0.0418593031079304
LOBITH,2026-06-30 06:10:00+00:00,705.0,703.2651127466253,703.5661178460949,0.30100509946966303,2,1.4338821539050741,1.4338821539050741
DUISBURG-MEIDERICH SCHLEUSE OW,2026-06-30 06:11:00+00:00,24.94,24.960026465077153,24.96253016266599,0.0025036975888370182,2,-0.022530162665987064,0.022530162665987064
DUISBURG-MEIDERICH SCHLEUSE UW,2026-06-30 06:11:00+00:00,18.23,18.185636999303235,18.18814069689207,0.0025036975888370182,2,0.0418593031079304,0.0418593031079304
DUISBURG-MEIDERICH SCHLEUSE OW,2026-06-30 06:12:00+00:00,24.94,24.960026465077153,24.96253016266599,0.0025036975888370182,2,-0.022530162665987064,0.022530162665987064
DUISBURG-MEIDERICH SCHLEUSE UW,2026-06-30 06:12:00+00:00,18.23,18.185636999303235,18.18814069689207,0.0025036975888370182,2,0.0418593031079304,0.0418593031079304
DUISBURG-MEIDERICH SCHLEUSE OW,2026-06-30 06:13:00+00:00,24.94,24.960026465077153,24.96253016266599,0.0025036975888370182,2,-0.022530162665987064,0.022530162665987064
DUISBURG-MEIDERICH SCHLEUSE UW,2026-06-30 06:13:00+00:00,18.23,18.185636999303235,18.18814069689207,0.0025036975888370182,2,0.0418593031079304,0.0418593031079304
DUISBURG-MEIDERICH SCHLEUSE OW,2026-06-30 06:14:00+00:00,24.94,24.960026465077153,24.96253016266599,0.0025036975888370182,2,-0.022530162665987064,0.022530162665987064
DUISBURG-MEIDERICH SCHLEUSE UW,2026-06-30 06:14:00+00:00,18.24,18.185636999303235,18.18814069689207,0.0025036975888370182,2,0.05185930310792841,0.05185930310792841
BINGEN,2026-06-30 06:15:00+00:00,106.0,107.01993925725684,106.98868948523776,-0.031249772019082633,2,-0.9886894852377566,0.9886894852377566
BONN,2026-06-30 06:15:00+00:00,137.0,139.37012762182977,139.3686274070139,-0.0015002148158651614,2,-2.3686274070138893,2.3686274070138893
BREISACH,2026-06-30 06:15:00+00:00,190.0,187.19877543500806,186.6552749536788,-0.5435004813292521,2,3.3447250463212015,3.3447250463212015
Basel-Rheinhalle,2026-06-30 06:15:00+00:00,523.0,524.8360412083025,524.9541065332464,0.11806532494389894,2,-1.9541065332464314,1.9541065332464314
DUISBURG-MEIDERICH SCHLEUSE OW,2026-06-30 06:15:00+00:00,24.94,24.960026465077153,24.96253016266599,0.0025036975888370182,2,-0.022530162665987064,0.022530162665987064
DUISBURG-MEIDERICH SCHLEUSE UW,2026-06-30 06:15:00+00:00,18.24,18.185636999303235,18.18814069689207,0.0025036975888370182,2,0.05185930310792841,0.05185930310792841
DUISBURG-RUHRORT,2026-06-30 06:15:00+00:00,215.0,213.5683567777589,212.16397721177134,-1.404379565987556,2,2.836022788228661,2.836022788228661
DÜSSELDORF,2026-06-30 06:15:00+00:00,84.0,81.98694718093314,81.99218869794903,0.0052415170158886725,2,2.0078113020509676,2.0078113020509676
EMMERICH,2026-06-30 06:15:00+00:00,52.0,53.79736659875695,53.48074891039257,-0.31661768836438425,2,-1.4807489103925704,1.4807489103925704
IFFEZHEIM,2026-06-30 06:15:00+00:00,144.0,146.96880269215453,146.98284105197212,0.014038359817600248,2,-2.982841051972116,2.982841051972116
KAUB,2026-06-30 06:15:00+00:00,90.0,86.41241427877685,86.38390232618482,-0.028511952592030987,2,3.616097673815176,3.616097673815176
KOBLENZ,2026-06-30 06:15:00+00:00,82.0,81.52790229939285,81.49665252737377,-0.031249772019082633,2,0.5033474726262313,0.5033474726262313
KONSTANZ-RHEIN,2026-06-30 06:15:00+00:00,314.0,313.3509428438706,313.4221588305458,0.07121598667520211,2,0.5778411694541887,0.5778411694541887
Koblenz OP,2026-06-30 06:15:00+00:00,207.0,200.65436850432576,199.88642265033934,-0.7679458539864092,2,7.113577349660659,7.113577349660659
Koblenz UP,2026-06-30 06:15:00+00:00,41.0,48.36893441642366,48.34042246383163,-0.028511952592030987,2,-7.340422463831629,7.340422463831629
KÖLN,2026-06-30 06:15:00+00:00,134.0,134.01547033893385,134.0179740365227,0.0025036975888370182,2,-0.01797403652270191,0.01797403652270191
MAINZ,2026-06-30 06:15:00+00:00,181.0,187.71613734398815,187.83468843896466,0.11855109497649965,2,-6.834688438964662,6.834688438964662
MANNHEIM,2026-06-30 06:15:00+00:00,165.0,161.28573627330226,161.2970368136928,0.011300540390548595,2,3.702963186307187,3.702963186307187
MAXAU,2026-06-30 06:15:00+00:00,406.0,409.98564951139707,409.9504226658472,-0.035226845549851254,2,-3.9504226658472135,3.9504226658472135
REES,2026-06-30 06:15:00+00:00,97.0,95.9299955334391,95.93249923102793,0.0025036975888370182,2,1.0675007689720672,1.0675007689720672
RHEINE UNTERSCHLEUSE,2026-06-30 06:15:00+00:00,192.0,223.18501185169362,222.85609763916162,-0.3289142125320091,2,-30.856097639161618,30.856097639161618
RHEINWEILER,2026-06-30 06:15:00+00:00,223.0,223.59912949119186,223.563902645642,-0.035226845549851254,2,-0.5639026456420027,0.5639026456420027
SANKT GOAR,2026-06-30 06:15:00+00:00,181.0,178.016739694571,178.09077333241953,0.07403363784854917,2,2.9092266675804694,2.9092266675804694
SPEYER,2026-06-30 06:15:00+00:00,258.0,255.931574600636,255.89634775508614,-0.035226845549851254,2,2.10365224491386,2.10365224491386
WESEL,2026-06-30 06:15:00+00:00,152.0,150.82623350926553,150.871287519264,0.04505400999846826,2,1.1287124807359987,1.1287124807359987
WORMS,2026-06-30 06:15:00+00:00,74.0,74.4255484482171,74.39429867619802,-0.031249772019082633,2,-0.3942986761980194,0.3942986761980194
DUISBURG-MEIDERICH SCHLEUSE OW,2026-06-30 06:16:00+00:00,24.94,24.960026465077153,24.96253016266599,0.0025036975888370182,2,-0.022530162665987064,0.022530162665987064
DUISBURG-MEIDERICH SCHLEUSE UW,2026-06-30 06:16:00+00:00,18.24,18.185636999303235,18.18814069689207,0.0025036975888370182,2,0.05185930310792841,0.05185930310792841
DUISBURG-MEIDERICH SCHLEUSE OW,2026-06-30 06:17:00+00:00,24.94,24.960026465077153,24.96253016266599,0.0025036975888370182,2,-0.022530162665987064,0.022530162665987064
DUISBURG-MEIDERICH SCHLEUSE UW,2026-06-30 06:17:00+00:00,18.24,18.185636999303235,18.18814069689207,0.0025036975888370182,2,0.05185930310792841,0.05185930310792841
DUISBURG-MEIDERICH SCHLEUSE OW,2026-06-30 06:18:00+00:00,24.94,24.960026465077153,24.96253016266599,0.0025036975888370182,2,-0.022530162665987064,0.022530162665987064
DUISBURG-MEIDERICH SCHLEUSE UW,2026-06-30 06:18:00+00:00,18.24,18.185636999303235,18.18814069689207,0.0025036975888370182,2,0.05185930310792841,0.05185930310792841
DUISBURG-MEIDERICH SCHLEUSE OW,2026-06-30 06:19:00+00:00,24.94,24.960026465077153,24.96253016266599,0.0025036975888370182,2,-0.022530162665987064,0.022530162665987064
DUISBURG-MEIDERICH SCHLEUSE UW,2026-06-30 06:19:00+00:00,18.24,18.185636999303235,18.18814069689207,0.0025036975888370182,2,0.05185930310792841,0.05185930310792841
Basel-Rheinhalle,2026-06-30 06:20:00+00:00,520.0,525.1532939609898,525.2713592859337,0.11806532494389894,2,-5.271359285933727,5.271359285933727
DUISBURG-MEIDERICH SCHLEUSE OW,2026-06-30 06:20:00+00:00,24.93,24.958172512729323,24.96067621031816,0.0025036975888370182,2,-0.030676210318159036,0.030676210318159036
DUISBURG-MEIDERICH SCHLEUSE UW,2026-06-30 06:20:00+00:00,18.23,18.185636999303235,18.18814069689207,0.0025036975888370182,2,0.0418593031079304,0.0418593031079304
LOBITH,2026-06-30 06:20:00+00:00,704.0,703.2651127466253,703.5661178460949,0.30100509946966303,2,0.4338821539050741,0.4338821539050741
DUISBURG-MEIDERICH SCHLEUSE OW,2026-06-30 06:21:00+00:00,24.93,24.958172512729323,24.96067621031816,0.0025036975888370182,2,-0.030676210318159036,0.030676210318159036
DUISBURG-MEIDERICH SCHLEUSE UW,2026-06-30 06:21:00+00:00,18.23,18.185636999303235,18.18814069689207,0.0025036975888370182,2,0.0418593031079304,0.0418593031079304
DUISBURG-MEIDERICH SCHLEUSE OW,2026-06-30 06:22:00+00:00,24.93,24.958172512729323,24.96067621031816,0.0025036975888370182,2,-0.030676210318159036,0.030676210318159036
DUISBURG-MEIDERICH SCHLEUSE UW,2026-06-30 06:22:00+00:00,18.23,18.185636999303235,18.18814069689207,0.0025036975888370182,2,0.0418593031079304,0.0418593031079304
DUISBURG-MEIDERICH SCHLEUSE OW,2026-06-30 06:23:00+00:00,24.93,24.958172512729323,24.96067621031816,0.0025036975888370182,2,-0.030676210318159036,0.030676210318159036
DUISBURG-MEIDERICH SCHLEUSE UW,2026-06-30 06:23:00+00:00,18.23,18.185636999303235,18.18814069689207,0.0025036975888370182,2,0.0418593031079304,0.0418593031079304
DUISBURG-MEIDERICH SCHLEUSE OW,2026-06-30 06:24:00+00:00,24.93,24.958172512729323,24.96067621031816,0.0025036975888370182,2,-0.030676210318159036,0.030676210318159036
DUISBURG-MEIDERICH SCHLEUSE UW,2026-06-30 06:24:00+00:00,18.23,18.185636999303235,18.18814069689207,0.0025036975888370182,2,0.0418593031079304,0.0418593031079304
Basel-Rheinhalle,2026-06-30 06:25:00+00:00,519.0,524.7801061297815,524.8981714547255,0.11806532494389894,2,-5.898171454725457,5.898171454725457
DUISBURG-MEIDERICH SCHLEUSE OW,2026-06-30 06:25:00+00:00,24.93,24.958172512729323,24.96067621031816,0.0025036975888370182,2,-0.030676210318159036,0.030676210318159036
DUISBURG-MEIDERICH SCHLEUSE UW,2026-06-30 06:25:00+00:00,18.23,18.185636999303235,18.18814069689207,0.0025036975888370182,2,0.0418593031079304,0.0418593031079304
DUISBURG-MEIDERICH SCHLEUSE OW,2026-06-30 06:26:00+00:00,24.93,24.958172512729323,24.96067621031816,0.0025036975888370182,2,-0.030676210318159036,0.030676210318159036
DUISBURG-MEIDERICH SCHLEUSE UW,2026-06-30 06:26:00+00:00,18.23,18.185636999303235,18.18814069689207,0.0025036975888370182,2,0.0418593031079304,0.0418593031079304
DUISBURG-MEIDERICH SCHLEUSE OW,2026-06-30 06:27:00+00:00,24.92,24.958172512729323,24.96067621031816,0.0025036975888370182,2,-0.04067621031815705,0.04067621031815705
DUISBURG-MEIDERICH SCHLEUSE UW,2026-06-30 06:27:00+00:00,18.23,18.185636999303235,18.18814069689207,0.0025036975888370182,2,0.0418593031079304,0.0418593031079304
DUISBURG-MEIDERICH SCHLEUSE OW,2026-06-30 06:28:00+00:00,24.92,24.958172512729323,24.96067621031816,0.0025036975888370182,2,-0.04067621031815705,0.04067621031815705
DUISBURG-MEIDERICH SCHLEUSE UW,2026-06-30 06:28:00+00:00,18.23,18.185636999303235,18.18814069689207,0.0025036975888370182,2,0.0418593031079304,0.0418593031079304
DUISBURG-MEIDERICH SCHLEUSE OW,2026-06-30 06:29:00+00:00,24.92,24.958172512729323,24.96067621031816,0.0025036975888370182,2,-0.04067621031815705,0.04067621031815705
DUISBURG-MEIDERICH SCHLEUSE UW,2026-06-30 06:29:00+00:00,18.23,18.185636999303235,18.18814069689207,0.0025036975888370182,2,0.0418593031079304,0.0418593031079304
BINGEN,2026-06-30 06:30:00+00:00,106.0,107.04124797428126,107.00999820226218,-0.031249772019082633,2,-1.0099982022621816,1.0099982022621816
BONN,2026-06-30 06:30:00+00:00,137.0,139.83846145503952,139.84096515262837,0.0025036975888370182,2,-2.840965152628371,2.840965152628371
BREISACH,2026-06-30 06:30:00+00:00,194.0,185.57467030180212,185.02033374367633,-0.5543365581257804,2,8.979666256323668,8.979666256323668
Basel-Rheinhalle,2026-06-30 06:30:00+00:00,519.0,522.8240227268755,522.9420880518194,0.11806532494389894,2,-3.9420880518193826,3.9420880518193826
DUISBURG-MEIDERICH SCHLEUSE OW,2026-06-30 06:30:00+00:00,24.92,24.958172512729323,24.96067621031816,0.0025036975888370182,2,-0.04067621031815705,0.04067621031815705
DUISBURG-MEIDERICH SCHLEUSE UW,2026-06-30 06:30:00+00:00,18.23,18.185636999303235,18.18814069689207,0.0025036975888370182,2,0.0418593031079304,0.0418593031079304
DUISBURG-RUHRORT,2026-06-30 06:30:00+00:00,215.0,214.32987852455972,212.92549895857215,-1.404379565987556,2,2.074501041427851,2.074501041427851
DÜSSELDORF,2026-06-30 06:30:00+00:00,84.0,80.94321019064999,80.94845170766588,0.0052415170158886725,2,3.051548292334118,3.051548292334118
EMMERICH,2026-06-30 06:30:00+00:00,54.0,53.14924089565964,52.832623207295256,-0.31661768836438425,2,1.1673767927047436,1.1673767927047436
IFFEZHEIM,2026-06-30 06:30:00+00:00,147.0,146.92052312049998,146.93182366089053,0.011300540390548595,2,0.06817633910947052,0.06817633910947052
KAUB,2026-06-30 06:30:00+00:00,91.0,86.1027911898819,86.07154141786282,-0.031249772019082633,2,4.928458582137182,4.928458582137182
KOBLENZ,2026-06-30 06:30:00+00:00,83.0,82.44825909620808,82.417009324189,-0.031249772019082633,2,0.5829906758110042,0.5829906758110042
KONSTANZ-RHEIN,2026-06-30 06:30:00+00:00,314.0,313.2838454110964,313.35506139777164,0.07121598667520211,2,0.6449386022283647,0.6449386022283647
Koblenz OP,2026-06-30 06:30:00+00:00,207.0,200.65436850432576,199.88642265033934,-0.7679458539864092,2,7.113577349660659,7.113577349660659
Koblenz UP,2026-06-30 06:30:00+00:00,44.0,48.35854388792781,48.32729411590873,-0.031249772019082633,2,-4.327294115908728,4.327294115908728
KÖLN,2026-06-30 06:30:00+00:00,133.0,134.18368250928103,134.18618620686988,0.0025036975888370182,2,-1.186186206869877,1.186186206869877
LOBITH,2026-06-30 06:30:00+00:00,705.0,704.3348834455538,704.5219872547692,0.1871038092154175,2,0.4780127452307852,0.4780127452307852
MAINZ,2026-06-30 06:30:00+00:00,181.0,185.50122662531297,185.04584367083032,-0.4553829544826479,2,-4.0458436708303225,4.0458436708303225
MANNHEIM,2026-06-30 06:30:00+00:00,165.0,161.33485236087876,161.3461529012693,0.011300540390548595,2,3.6538470987306937,3.6538470987306937
MAXAU,2026-06-30 06:30:00+00:00,406.0,409.8281750605916,409.79294821504175,-0.035226845549851254,2,-3.792948215041747,3.792948215041747
REES,2026-06-30 06:30:00+00:00,97.0,95.9299955334391,95.93249923102793,0.0025036975888370182,2,1.0675007689720672,1.0675007689720672
RHEINE UNTERSCHLEUSE,2026-06-30 06:30:00+00:00,192.0,213.39721556292344,215.92727163204134,2.5300560691178915,2,-23.92727163204134,23.92727163204134
RHEINWEILER,2026-06-30 06:30:00+00:00,223.0,223.43947364137478,223.40424679582492,-0.035226845549851254,2,-0.4042467958249176,0.4042467958249176
SANKT GOAR,2026-06-30 06:30:00+00:00,180.0,177.67497031285257,177.7490039507011,0.07403363784854917,2,2.250996049298891,2.250996049298891
SPEYER,2026-06-30 06:30:00+00:00,260.0,255.931574600636,255.89634775508614,-0.035226845549851254,2,4.10365224491386,4.10365224491386
WESEL,2026-06-30 06:30:00+00:00,151.0,150.61215829873433,150.6572123087328,0.04505400999846826,2,0.34278769126720476,0.34278769126720476
WORMS,2026-06-30 06:30:00+00:00,74.0,74.35248945555206,74.32123968353298,-0.031249772019082633,2,-0.3212396835329798,0.3212396835329798
DUISBURG-MEIDERICH SCHLEUSE OW,2026-06-30 06:31:00+00:00,24.92,24.958172512729323,24.96067621031816,0.0025036975888370182,2,-0.04067621031815705,0.04067621031815705
DUISBURG-MEIDERICH SCHLEUSE UW,2026-06-30 06:31:00+00:00,18.23,18.185636999303235,18.18814069689207,0.0025036975888370182,2,0.0418593031079304,0.0418593031079304
DUISBURG-MEIDERICH SCHLEUSE OW,2026-06-30 06:32:00+00:00,24.92,24.958172512729323,24.96067621031816,0.0025036975888370182,2,-0.04067621031815705,0.04067621031815705
DUISBURG-MEIDERICH SCHLEUSE UW,2026-06-30 06:32:00+00:00,18.23,18.185636999303235,18.18814069689207,0.0025036975888370182,2,0.0418593031079304,0.0418593031079304
DUISBURG-MEIDERICH SCHLEUSE OW,2026-06-30 06:33:00+00:00,24.92,24.958172512729323,24.96067621031816,0.0025036975888370182,2,-0.04067621031815705,0.04067621031815705
DUISBURG-MEIDERICH SCHLEUSE UW,2026-06-30 06:33:00+00:00,18.23,18.185636999303235,18.18814069689207,0.0025036975888370182,2,0.0418593031079304,0.0418593031079304
DUISBURG-MEIDERICH SCHLEUSE OW,2026-06-30 06:34:00+00:00,24.92,24.958172512729323,24.96067621031816,0.0025036975888370182,2,-0.04067621031815705,0.04067621031815705
DUISBURG-MEIDERICH SCHLEUSE UW,2026-06-30 06:34:00+00:00,18.23,18.185636999303235,18.18814069689207,0.0025036975888370182,2,0.0418593031079304,0.0418593031079304
Basel-Rheinhalle,2026-06-30 06:35:00+00:00,520.0,522.4507637501988,522.5688290751427,0.11806532494389894,2,-2.5688290751427303,2.5688290751427303
DUISBURG-MEIDERICH SCHLEUSE OW,2026-06-30 06:35:00+00:00,24.92,24.958172512729323,24.96067621031816,0.0025036975888370182,2,-0.04067621031815705,0.04067621031815705
DUISBURG-MEIDERICH SCHLEUSE UW,2026-06-30 06:35:00+00:00,18.23,18.185636999303235,18.18814069689207,0.0025036975888370182,2,0.0418593031079304,0.0418593031079304
DUISBURG-MEIDERICH SCHLEUSE OW,2026-06-30 06:36:00+00:00,24.92,24.958172512729323,24.96067621031816,0.0025036975888370182,2,-0.04067621031815705,0.04067621031815705
DUISBURG-MEIDERICH SCHLEUSE UW,2026-06-30 06:36:00+00:00,18.23,18.185636999303235,18.18814069689207,0.0025036975888370182,2,0.0418593031079304,0.0418593031079304
DUISBURG-MEIDERICH SCHLEUSE OW,2026-06-30 06:37:00+00:00,24.92,24.958172512729323,24.96067621031816,0.0025036975888370182,2,-0.04067621031815705,0.04067621031815705
DUISBURG-MEIDERICH SCHLEUSE UW,2026-06-30 06:37:00+00:00,18.23,18.185636999303235,18.18814069689207,0.0025036975888370182,2,0.0418593031079304,0.0418593031079304
DUISBURG-MEIDERICH SCHLEUSE OW,2026-06-30 06:38:00+00:00,24.92,24.958172512729323,24.96067621031816,0.0025036975888370182,2,-0.04067621031815705,0.04067621031815705
DUISBURG-MEIDERICH SCHLEUSE UW,2026-06-30 06:38:00+00:00,18.23,18.185636999303235,18.18814069689207,0.0025036975888370182,2,0.0418593031079304,0.0418593031079304
DUISBURG-MEIDERICH SCHLEUSE OW,2026-06-30 06:39:00+00:00,24.92,24.958172512729323,24.96067621031816,0.0025036975888370182,2,-0.04067621031815705,0.04067621031815705
DUISBURG-MEIDERICH SCHLEUSE UW,2026-06-30 06:39:00+00:00,18.23,18.185636999303235,18.18814069689207,0.0025036975888370182,2,0.0418593031079304,0.0418593031079304
Basel-Rheinhalle,2026-06-30 06:40:00+00:00,520.0,522.4801587467491,522.598224071693,0.11806532494389894,2,-2.598224071693039,2.598224071693039
DUISBURG-MEIDERICH SCHLEUSE OW,2026-06-30 06:40:00+00:00,24.91,24.958172512729323,24.96067621031816,0.0025036975888370182,2,-0.05067621031815861,0.05067621031815861
DUISBURG-MEIDERICH SCHLEUSE UW,2026-06-30 06:40:00+00:00,18.23,18.185636999303235,18.18814069689207,0.0025036975888370182,2,0.0418593031079304,0.0418593031079304
LOBITH,2026-06-30 06:40:00+00:00,705.0,704.48418959741,704.4644863586853,-0.019703238724706175,2,0.5355136413146511,0.5355136413146511
DUISBURG-MEIDERICH SCHLEUSE OW,2026-06-30 06:41:00+00:00,24.91,24.958172512729323,24.96067621031816,0.0025036975888370182,2,-0.05067621031815861,0.05067621031815861
DUISBURG-MEIDERICH SCHLEUSE UW,2026-06-30 06:41:00+00:00,18.22,18.185636999303235,18.18814069689207,0.0025036975888370182,2,0.03185930310792884,0.03185930310792884
DUISBURG-MEIDERICH SCHLEUSE OW,2026-06-30 06:42:00+00:00,24.91,24.958172512729323,24.96067621031816,0.0025036975888370182,2,-0.05067621031815861,0.05067621031815861
DUISBURG-MEIDERICH SCHLEUSE UW,2026-06-30 06:42:00+00:00,18.22,18.185636999303235,18.18814069689207,0.0025036975888370182,2,0.03185930310792884,0.03185930310792884
DUISBURG-MEIDERICH SCHLEUSE OW,2026-06-30 06:43:00+00:00,24.91,24.958172512729323,24.96067621031816,0.0025036975888370182,2,-0.05067621031815861,0.05067621031815861
DUISBURG-MEIDERICH SCHLEUSE UW,2026-06-30 06:43:00+00:00,18.22,18.185636999303235,18.18814069689207,0.0025036975888370182,2,0.03185930310792884,0.03185930310792884
DUISBURG-MEIDERICH SCHLEUSE OW,2026-06-30 06:44:00+00:00,24.91,24.958172512729323,24.96067621031816,0.0025036975888370182,2,-0.05067621031815861,0.05067621031815861
DUISBURG-MEIDERICH SCHLEUSE UW,2026-06-30 06:44:00+00:00,18.22,18.185636999303235,18.18814069689207,0.0025036975888370182,2,0.03185930310792884,0.03185930310792884
BINGEN,2026-06-30 06:45:00+00:00,106.0,107.10178298058175,107.07327102798972,-0.028511952592030987,2,-1.073271027989719,1.073271027989719
BONN,2026-06-30 06:45:00+00:00,137.0,139.99136298224968,140.02005124387466,0.02868826162497292,2,-3.0200512438746614,3.0200512438746614
BREISACH,2026-06-30 06:45:00+00:00,192.0,184.50727097902066,183.95293442089488,-0.5543365581257804,2,8.047065579105123,8.047065579105123
Basel-Rheinhalle,2026-06-30 06:45:00+00:00,520.0,522.7578674352385,522.8759327601824,0.11806532494389894,2,-2.8759327601824225,2.8759327601824225
DUISBURG-MEIDERICH SCHLEUSE OW,2026-06-30 06:45:00+00:00,24.91,24.958172512729323,24.96067621031816,0.0025036975888370182,2,-0.05067621031815861,0.05067621031815861
DUISBURG-MEIDERICH SCHLEUSE UW,2026-06-30 06:45:00+00:00,18.22,18.185636999303235,18.18814069689207,0.0025036975888370182,2,0.03185930310792884,0.03185930310792884
DUISBURG-RUHRORT,2026-06-30 06:45:00+00:00,215.0,213.95840874773248,212.26432899307952,-1.6940797546529582,2,2.7356710069204837,2.7356710069204837
DÜSSELDORF,2026-06-30 06:45:00+00:00,83.0,81.20329698706804,81.20580068465688,0.0025036975888370182,2,1.7941993153431213,1.7941993153431213
EMMERICH,2026-06-30 06:45:00+00:00,53.0,52.652675945613886,52.336058257249505,-0.31661768836438425,2,0.6639417427504952,0.6639417427504952
IFFEZHEIM,2026-06-30 06:45:00+00:00,144.0,146.68490159614825,146.69893995596584,0.014038359817600248,2,-2.698939955965841,2.698939955965841
KAUB,2026-06-30 06:45:00+00:00,91.0,86.12197624992172,86.09346429732969,-0.028511952592030987,2,4.906535702670311,4.906535702670311
KOBLENZ,2026-06-30 06:45:00+00:00,83.0,82.37035024424348,82.3391004722244,-0.031249772019082633,2,0.660899527775598,0.660899527775598
KONSTANZ-RHEIN,2026-06-30 06:45:00+00:00,313.0,313.25159207585153,313.32280806252675,0.07121598667520211,2,-0.32280806252674665,0.32280806252674665
Koblenz OP,2026-06-30 06:45:00+00:00,207.0,201.8891227660223,201.12117691203588,-0.7679458539864092,2,5.878823087964122,5.878823087964122
Koblenz UP,2026-06-30 06:45:00+00:00,57.0,48.35854388792781,48.32729411590873,-0.031249772019082633,2,8.672705884091272,8.672705884091272
KÖLN,2026-06-30 06:45:00+00:00,133.0,134.47636600224178,134.47886969983062,0.0025036975888370182,2,-1.478869699830625,1.478869699830625
MAINZ,2026-06-30 06:45:00+00:00,183.0,186.29215331135373,186.18318874157904,-0.10896456977469116,2,-3.1831887415790447,3.1831887415790447
MANNHEIM,2026-06-30 06:45:00+00:00,166.0,161.23541027418108,161.24671081457163,0.011300540390548595,2,4.753289185428372,4.753289185428372
MAXAU,2026-06-30 06:45:00+00:00,405.0,409.8410392576521,409.8058124121022,-0.035226845549851254,2,-4.805812412102227,4.805812412102227
REES,2026-06-30 06:45:00+00:00,96.0,96.00726250522787,96.0097662028167,0.0025036975888370182,2,-0.009766202816706482,0.009766202816706482
RHEINE UNTERSCHLEUSE,2026-06-30 06:45:00+00:00,192.0,201.02958388690845,199.83660515637453,-1.1929787305339117,2,-7.836605156374532,7.836605156374532
RHEINWEILER,2026-06-30 06:45:00+00:00,223.0,223.4072203061299,223.37199346058003,-0.035226845549851254,2,-0.371993460580029,0.371993460580029
SANKT GOAR,2026-06-30 06:45:00+00:00,181.0,177.6792817517863,177.75605320906192,0.07677145727560082,2,3.2439467909380824,3.2439467909380824
SPEYER,2026-06-30 06:45:00+00:00,258.0,255.90457497811644,255.86934813256659,-0.035226845549851254,2,2.1306518674334143,2.1306518674334143
WESEL,2026-06-30 06:45:00+00:00,152.0,150.76246754252458,150.81025937195008,0.04779182942551991,2,1.1897406280499183,1.1897406280499183
WORMS,2026-06-30 06:45:00+00:00,74.0,74.30216345643089,74.27091368441181,-0.031249772019082633,2,-0.2709136844118092,0.2709136844118092
DUISBURG-MEIDERICH SCHLEUSE OW,2026-06-30 06:46:00+00:00,24.91,24.958172512729323,24.96067621031816,0.0025036975888370182,2,-0.05067621031815861,0.05067621031815861
DUISBURG-MEIDERICH SCHLEUSE UW,2026-06-30 06:46:00+00:00,18.21,18.185636999303235,18.18814069689207,0.0025036975888370182,2,0.021859303107930828,0.021859303107930828
DUISBURG-MEIDERICH SCHLEUSE OW,2026-06-30 06:47:00+00:00,24.91,24.958172512729323,24.96067621031816,0.0025036975888370182,2,-0.05067621031815861,0.05067621031815861
DUISBURG-MEIDERICH SCHLEUSE UW,2026-06-30 06:47:00+00:00,18.21,18.185636999303235,18.18814069689207,0.0025036975888370182,2,0.021859303107930828,0.021859303107930828
DUISBURG-MEIDERICH SCHLEUSE OW,2026-06-30 06:48:00+00:00,24.91,24.958172512729323,24.96067621031816,0.0025036975888370182,2,-0.05067621031815861,0.05067621031815861
DUISBURG-MEIDERICH SCHLEUSE UW,2026-06-30 06:48:00+00:00,18.22,18.185636999303235,18.18814069689207,0.0025036975888370182,2,0.03185930310792884,0.03185930310792884
DUISBURG-MEIDERICH SCHLEUSE OW,2026-06-30 06:49:00+00:00,24.91,24.958172512729323,24.96067621031816,0.0025036975888370182,2,-0.05067621031815861,0.05067621031815861
DUISBURG-MEIDERICH SCHLEUSE UW,2026-06-30 06:49:00+00:00,18.22,18.185636999303235,18.18814069689207,0.0025036975888370182,2,0.03185930310792884,0.03185930310792884
Basel-Rheinhalle,2026-06-30 06:50:00+00:00,519.0,522.9735808156412,523.0916461405851,0.11806532494389894,2,-4.091646140585112,4.091646140585112
DUISBURG-MEIDERICH SCHLEUSE OW,2026-06-30 06:50:00+00:00,24.91,24.958172512729323,24.96067621031816,0.0025036975888370182,2,-0.05067621031815861,0.05067621031815861
DUISBURG-MEIDERICH SCHLEUSE UW,2026-06-30 06:50:00+00:00,18.22,18.185636999303235,18.18814069689207,0.0025036975888370182,2,0.03185930310792884,0.03185930310792884
LOBITH,2026-06-30 06:50:00+00:00,705.0,704.1705371455345,704.3576409547499,0.1871038092154175,2,0.6423590452501458,0.6423590452501458
DUISBURG-MEIDERICH SCHLEUSE OW,2026-06-30 06:51:00+00:00,24.91,24.958172512729323,24.96067621031816,0.0025036975888370182,2,-0.05067621031815861,0.05067621031815861
DUISBURG-MEIDERICH SCHLEUSE UW,2026-06-30 06:51:00+00:00,18.22,18.185636999303235,18.18814069689207,0.0025036975888370182,2,0.03185930310792884,0.03185930310792884
DUISBURG-MEIDERICH SCHLEUSE OW,2026-06-30 06:52:00+00:00,24.91,24.958172512729323,24.96067621031816,0.0025036975888370182,2,-0.05067621031815861,0.05067621031815861
DUISBURG-MEIDERICH SCHLEUSE UW,2026-06-30 06:52:00+00:00,18.22,18.185636999303235,18.18814069689207,0.0025036975888370182,2,0.03185930310792884,0.03185930310792884
DUISBURG-MEIDERICH SCHLEUSE OW,2026-06-30 06:53:00+00:00,24.91,24.958172512729323,24.96067621031816,0.0025036975888370182,2,-0.05067621031815861,0.05067621031815861
DUISBURG-MEIDERICH SCHLEUSE UW,2026-06-30 06:53:00+00:00,18.22,18.185636999303235,18.18814069689207,0.0025036975888370182,2,0.03185930310792884,0.03185930310792884
DUISBURG-MEIDERICH SCHLEUSE OW,2026-06-30 06:54:00+00:00,24.91,24.958172512729323,24.96067621031816,0.0025036975888370182,2,-0.05067621031815861,0.05067621031815861
DUISBURG-MEIDERICH SCHLEUSE UW,2026-06-30 06:54:00+00:00,18.22,18.185636999303235,18.18814069689207,0.0025036975888370182,2,0.03185930310792884,0.03185930310792884
Basel-Rheinhalle,2026-06-30 06:55:00+00:00,519.0,521.0816505623741,521.199715887318,0.11806532494389894,2,-2.199715887318007,2.199715887318007
DUISBURG-MEIDERICH SCHLEUSE OW,2026-06-30 06:55:00+00:00,24.91,24.958172512729323,24.96067621031816,0.0025036975888370182,2,-0.05067621031815861,0.05067621031815861
DUISBURG-MEIDERICH SCHLEUSE UW,2026-06-30 06:55:00+00:00,18.22,18.185636999303235,18.18814069689207,0.0025036975888370182,2,0.03185930310792884,0.03185930310792884
DUISBURG-MEIDERICH SCHLEUSE OW,2026-06-30 06:56:00+00:00,24.91,24.958172512729323,24.96067621031816,0.0025036975888370182,2,-0.05067621031815861,0.05067621031815861
DUISBURG-MEIDERICH SCHLEUSE UW,2026-06-30 06:56:00+00:00,18.22,18.185636999303235,18.18814069689207,0.0025036975888370182,2,0.03185930310792884,0.03185930310792884
DUISBURG-MEIDERICH SCHLEUSE OW,2026-06-30 06:57:00+00:00,24.91,24.958172512729323,24.96067621031816,0.0025036975888370182,2,-0.05067621031815861,0.05067621031815861
DUISBURG-MEIDERICH SCHLEUSE UW,2026-06-30 06:57:00+00:00,18.22,18.185636999303235,18.18814069689207,0.0025036975888370182,2,0.03185930310792884,0.03185930310792884
DUISBURG-MEIDERICH SCHLEUSE OW,2026-06-30 06:58:00+00:00,24.91,24.958172512729323,24.96067621031816,0.0025036975888370182,2,-0.05067621031815861,0.05067621031815861
DUISBURG-MEIDERICH SCHLEUSE UW,2026-06-30 06:58:00+00:00,18.22,18.185636999303235,18.18814069689207,0.0025036975888370182,2,0.03185930310792884,0.03185930310792884
DUISBURG-MEIDERICH SCHLEUSE OW,2026-06-30 06:59:00+00:00,24.91,24.958172512729323,24.96067621031816,0.0025036975888370182,2,-0.05067621031815861,0.05067621031815861
DUISBURG-MEIDERICH SCHLEUSE UW,2026-06-30 06:59:00+00:00,18.22,18.185636999303235,18.18814069689207,0.0025036975888370182,2,0.03185930310792884,0.03185930310792884
BINGEN,2026-06-30 07:00:00+00:00,106.0,107.26024713321381,107.23173518062178,-0.028511952592030987,2,-1.2317351806217829,1.2317351806217829
BONN,2026-06-30 07:00:00+00:00,137.0,140.01287582770007,140.04156408932505,0.02868826162497292,2,-3.0415640893250497,3.0415640893250497
BREISACH,2026-06-30 07:00:00+00:00,190.0,186.46835063126474,186.3621238809171,-0.10622675034763951,2,3.637876119082904,3.637876119082904
Basel-Rheinhalle,2026-06-30 07:00:00+00:00,518.0,519.9728929927254,520.0909583176693,0.11806532494389894,2,-2.090958317669333,2.090958317669333
DUISBURG-MEIDERICH SCHLEUSE OW,2026-06-30 07:00:00+00:00,24.91,25.846732000707874,25.84923569829671,0.0025036975888370182,2,-0.9392356982967094,0.9392356982967094
DUISBURG-MEIDERICH SCHLEUSE UW,2026-06-30 07:00:00+00:00,18.21,19.30627500393466,19.308778701523494,0.0025036975888370182,2,-1.0987787015234929,1.0987787015234929
DUISBURG-RUHRORT,2026-06-30 07:00:00+00:00,215.0,213.97090356105358,212.43601236687783,-1.5348911941757397,2,2.563987633122167,2.563987633122167
DÜSSELDORF,2026-06-30 07:00:00+00:00,83.0,81.22480983251845,81.22731353010728,0.0025036975888370182,2,1.7726864698927187,1.7726864698927187
EMMERICH,2026-06-30 07:00:00+00:00,54.0,52.743677994882994,52.42706030651861,-0.31661768836438425,2,1.5729396934813877,1.5729396934813877
IFFEZHEIM,2026-06-30 07:00:00+00:00,145.0,146.2988243561089,146.31286271592649,0.014038359817600248,2,-1.3128627159264852,1.3128627159264852
KAUB,2026-06-30 07:00:00+00:00,92.0,86.14943571146225,86.12092375887022,-0.028511952592030987,2,5.8790762411297806,5.8790762411297806
KOBLENZ,2026-06-30 07:00:00+00:00,85.0,82.28614925844664,82.25489948642756,-0.031249772019082633,2,2.7451005135724387,2.7451005135724387
KONSTANZ-RHEIN,2026-06-30 07:00:00+00:00,314.0,313.4258252015556,313.4970411882308,0.07121598667520211,2,0.5029588117691901,0.5029588117691901
Koblenz OP,2026-06-30 07:00:00+00:00,206.0,201.9856982034902,201.21775234950377,-0.7679458539864092,2,4.782247650496231,4.782247650496231
Koblenz UP,2026-06-30 07:00:00+00:00,64.0,48.27434290213097,48.24309313011189,-0.031249772019082633,2,15.756906869888113,15.756906869888113
KÖLN,2026-06-30 07:00:00+00:00,133.0,134.49787884769216,134.500382545281,0.0025036975888370182,2,-1.5003825452810133,1.5003825452810133
LOBITH,2026-06-30 07:00:00+00:00,705.0,703.8789387486472,704.2675081440109,0.3885693953637117,2,0.7324918559891103,0.7324918559891103
MAINZ,2026-06-30 07:00:00+00:00,182.0,185.86427377837035,185.75530920859566,-0.10896456977469116,2,-3.755309208595662,3.755309208595662
MANNHEIM,2026-06-30 07:00:00+00:00,166.0,163.15443259320713,163.23465666894344,0.08022407573629727,2,2.765343331056556,2.765343331056556
MAXAU,2026-06-30 07:00:00+00:00,405.0,410.1525855826237,410.11735873707386,-0.035226845549851254,2,-5.117358737073857,5.117358737073857
REES,2026-06-30 07:00:00+00:00,97.0,96.02877535067827,96.03127904826711,0.0025036975888370182,2,0.968720951732891,0.968720951732891
RHEINE UNTERSCHLEUSE,2026-06-30 07:00:00+00:00,192.0,196.74881576663049,195.47266754883205,-1.2761482177984222,2,-3.4726675488320495,3.4726675488320495
RHEINWEILER,2026-06-30 07:00:00+00:00,223.0,223.90295137206968,223.86772452651982,-0.035226845549851254,2,-0.8677245265198223,0.8677245265198223
SANKT GOAR,2026-06-30 07:00:00+00:00,181.0,177.67609714981424,177.75286860708985,0.07677145727560082,2,3.2471313929101484,3.2471313929101484
SPEYER,2026-06-30 07:00:00+00:00,259.0,255.68528165751874,255.6500548119689,-0.035226845549851254,2,3.349945188031114,3.349945188031114
WESEL,2026-06-30 07:00:00+00:00,153.0,152.36076349791668,152.40855532734219,0.04779182942551991,2,0.5914446726578149,0.5914446726578149
WORMS,2026-06-30 07:00:00+00:00,74.0,74.67866891682435,74.64741914480527,-0.031249772019082633,2,-0.6474191448052693,0.6474191448052693
DUISBURG-MEIDERICH SCHLEUSE OW,2026-06-30 07:01:00+00:00,24.91,25.846732000707874,25.84923569829671,0.0025036975888370182,2,-0.9392356982967094,0.9392356982967094
DUISBURG-MEIDERICH SCHLEUSE UW,2026-06-30 07:01:00+00:00,18.21,19.30627500393466,19.308778701523494,0.0025036975888370182,2,-1.0987787015234929,1.0987787015234929
DUISBURG-MEIDERICH SCHLEUSE OW,2026-06-30 07:02:00+00:00,24.91,25.846732000707874,25.84923569829671,0.0025036975888370182,2,-0.9392356982967094,0.9392356982967094
DUISBURG-MEIDERICH SCHLEUSE UW,2026-06-30 07:02:00+00:00,18.21,19.30627500393466,19.308778701523494,0.0025036975888370182,2,-1.0987787015234929,1.0987787015234929
DUISBURG-MEIDERICH SCHLEUSE OW,2026-06-30 07:03:00+00:00,24.91,25.846732000707874,25.84923569829671,0.0025036975888370182,2,-0.9392356982967094,0.9392356982967094
DUISBURG-MEIDERICH SCHLEUSE UW,2026-06-30 07:03:00+00:00,18.21,19.30627500393466,19.308778701523494,0.0025036975888370182,2,-1.0987787015234929,1.0987787015234929
DUISBURG-MEIDERICH SCHLEUSE OW,2026-06-30 07:04:00+00:00,24.91,26.8035521106874,26.806055808276234,0.0025036975888370182,2,-1.896055808276234,1.896055808276234
DUISBURG-MEIDERICH SCHLEUSE UW,2026-06-30 07:04:00+00:00,18.21,20.528453775052842,20.530957472641678,0.0025036975888370182,2,-2.320957472641677,2.320957472641677
Basel-Rheinhalle,2026-06-30 07:05:00+00:00,518.0,519.8153423306505,519.9016916689134,0.08634933826283687,2,-1.9016916689133723,1.9016916689133723
DUISBURG-MEIDERICH SCHLEUSE OW,2026-06-30 07:05:00+00:00,24.91,27.926841304822403,27.92934500241124,0.0025036975888370182,2,-3.0193450024112387,3.0193450024112387
DUISBURG-MEIDERICH SCHLEUSE UW,2026-06-30 07:05:00+00:00,18.21,21.952268968008898,21.954772665597734,0.0025036975888370182,2,-3.7447726655977327,3.7447726655977327
DUISBURG-MEIDERICH SCHLEUSE OW,2026-06-30 07:06:00+00:00,24.91,28.215259162637363,28.2177628602262,0.0025036975888370182,2,-3.307762860226198,3.307762860226198
DUISBURG-MEIDERICH SCHLEUSE UW,2026-06-30 07:06:00+00:00,18.21,22.313323855203027,22.315827552791863,0.0025036975888370182,2,-4.105827552791862,4.105827552791862
DUISBURG-MEIDERICH SCHLEUSE OW,2026-06-30 07:07:00+00:00,24.91,28.215259162637363,28.2177628602262,0.0025036975888370182,2,-3.307762860226198,3.307762860226198
DUISBURG-MEIDERICH SCHLEUSE UW,2026-06-30 07:07:00+00:00,18.21,22.313323855203027,22.315827552791863,0.0025036975888370182,2,-4.105827552791862,4.105827552791862
DUISBURG-MEIDERICH SCHLEUSE OW,2026-06-30 07:08:00+00:00,24.91,28.212710610388317,28.215214307977153,0.0025036975888370182,2,-3.3052143079771525,3.3052143079771525
DUISBURG-MEIDERICH SCHLEUSE UW,2026-06-30 07:08:00+00:00,18.21,22.31077530295398,22.313279000542817,0.0025036975888370182,2,-4.103279000542816,4.103279000542816
DUISBURG-MEIDERICH SCHLEUSE OW,2026-06-30 07:09:00+00:00,24.91,28.212710610388317,28.215214307977153,0.0025036975888370182,2,-3.3052143079771525,3.3052143079771525
DUISBURG-MEIDERICH SCHLEUSE UW,2026-06-30 07:09:00+00:00,18.21,22.31077530295398,22.313279000542817,0.0025036975888370182,2,-4.103279000542816,4.103279000542816
Basel-Rheinhalle,2026-06-30 07:10:00+00:00,519.0,519.6625162189672,519.74886555723,0.08634933826283687,2,-0.7488655572300331,0.7488655572300331
DUISBURG-MEIDERICH SCHLEUSE OW,2026-06-30 07:10:00+00:00,24.91,28.212710610388317,28.215214307977153,0.0025036975888370182,2,-3.3052143079771525,3.3052143079771525
DUISBURG-MEIDERICH SCHLEUSE UW,2026-06-30 07:10:00+00:00,18.21,22.31077530295398,22.313279000542817,0.0025036975888370182,2,-4.103279000542816,4.103279000542816
LOBITH,2026-06-30 07:10:00+00:00,704.0,703.9450038299143,704.333573225278,0.3885693953637117,2,-0.3335732252779735,0.3335732252779735
DUISBURG-MEIDERICH SCHLEUSE OW,2026-06-30 07:11:00+00:00,24.91,28.212710610388317,28.215214307977153,0.0025036975888370182,2,-3.3052143079771525,3.3052143079771525
DUISBURG-MEIDERICH SCHLEUSE UW,2026-06-30 07:11:00+00:00,18.22,22.31077530295398,22.313279000542817,0.0025036975888370182,2,-4.093279000542818,4.093279000542818
DUISBURG-MEIDERICH SCHLEUSE OW,2026-06-30 07:12:00+00:00,24.91,28.227931460625477,28.230435158214313,0.0025036975888370182,2,-3.3204351582143126,3.3204351582143126
DUISBURG-MEIDERICH SCHLEUSE UW,2026-06-30 07:12:00+00:00,18.22,22.32599615319114,22.328499850779977,0.0025036975888370182,2,-4.108499850779978,4.108499850779978
DUISBURG-MEIDERICH SCHLEUSE OW,2026-06-30 07:13:00+00:00,24.91,28.227931460625477,28.230435158214313,0.0025036975888370182,2,-3.3204351582143126,3.3204351582143126
DUISBURG-MEIDERICH SCHLEUSE UW,2026-06-30 07:13:00+00:00,18.21,22.32599615319114,22.328499850779977,0.0025036975888370182,2,-4.118499850779976,4.118499850779976
DUISBURG-MEIDERICH SCHLEUSE OW,2026-06-30 07:14:00+00:00,24.91,28.227931460625477,28.230435158214313,0.0025036975888370182,2,-3.3204351582143126,3.3204351582143126
DUISBURG-MEIDERICH SCHLEUSE UW,2026-06-30 07:14:00+00:00,18.21,22.32599615319114,22.328499850779977,0.0025036975888370182,2,-4.118499850779976,4.118499850779976
BINGEN,2026-06-30 07:15:00+00:00,105.0,106.72516050581538,106.6939107337963,-0.031249772019082633,2,-1.6939107337963009,1.6939107337963009
BONN,2026-06-30 07:15:00+00:00,137.0,140.01287582770007,140.04156408932505,0.02868826162497292,2,-3.0415640893250497,3.0415640893250497
BREISACH,2026-06-30 07:15:00+00:00,189.0,187.64581248617614,187.87309093171578,0.2272784455396496,2,1.1269090682842204,1.1269090682842204
Basel-Rheinhalle,2026-06-30 07:15:00+00:00,521.0,519.6891135924892,519.775462930752,0.08634933826283687,2,1.2245370692479582,1.2245370692479582
DUISBURG-MEIDERICH SCHLEUSE OW,2026-06-30 07:15:00+00:00,24.91,28.227931460625477,28.230435158214313,0.0025036975888370182,2,-3.3204351582143126,3.3204351582143126
DUISBURG-MEIDERICH SCHLEUSE UW,2026-06-30 07:15:00+00:00,18.21,22.32599615319114,22.328499850779977,0.0025036975888370182,2,-4.118499850779976,4.118499850779976
DUISBURG-RUHRORT,2026-06-30 07:15:00+00:00,215.0,213.93924518694445,212.4043539927687,-1.5348911941757397,2,2.595646007231295,2.595646007231295
DÜSSELDORF,2026-06-30 07:15:00+00:00,84.0,81.36093484424948,81.36343854183832,0.0025036975888370182,2,2.6365614581616796,2.6365614581616796
EMMERICH,2026-06-30 07:15:00+00:00,51.0,53.41539434986209,53.09877666149771,-0.31661768836438425,2,-2.098776661497709,2.098776661497709
IFFEZHEIM,2026-06-30 07:15:00+00:00,144.0,147.9276515333782,147.9416898931958,0.014038359817600248,2,-3.941689893195786,3.941689893195786
KAUB,2026-06-30 07:15:00+00:00,92.0,85.84669684875904,85.81818489616701,-0.028511952592030987,2,6.181815103832989,6.181815103832989
KOBLENZ,2026-06-30 07:15:00+00:00,86.0,82.27434884929562,82.24309907727654,-0.031249772019082633,2,3.75690092272346,3.75690092272346
KONSTANZ-RHEIN,2026-06-30 07:15:00+00:00,314.0,313.350255056148,313.4214710428232,0.07121598667520211,2,0.5785289571767862,0.5785289571767862
Koblenz OP,2026-06-30 07:15:00+00:00,205.0,201.94915219881452,201.1812063448281,-0.7679458539864092,2,3.818793655171902,3.818793655171902
Koblenz UP,2026-06-30 07:15:00+00:00,65.0,48.30659363439903,48.27534386237995,-0.031249772019082633,2,16.72465613762005,16.72465613762005
KÖLN,2026-06-30 07:15:00+00:00,133.0,134.49787884769216,134.500382545281,0.0025036975888370182,2,-1.5003825452810133,1.5003825452810133
MAINZ,2026-06-30 07:15:00+00:00,183.0,186.18346036333287,186.22414603501036,0.04068567167750151,2,-3.2241460350103637,3.2241460350103637
MANNHEIM,2026-06-30 07:15:00+00:00,167.0,163.12441125786478,163.20737315302813,0.08296189516334891,2,3.7926268469718707,3.7926268469718707
MAXAU,2026-06-30 07:15:00+00:00,405.0,410.17218239438256,410.1369555488327,-0.035226845549851254,2,-5.136955548832702,5.136955548832702
REES,2026-06-30 07:15:00+00:00,96.0,96.13128180124806,96.1337854988369,0.0025036975888370182,2,-0.13378549883690027,0.13378549883690027
RHEINE UNTERSCHLEUSE,2026-06-30 07:15:00+00:00,192.0,196.17883175797533,194.9026835401769,-1.2761482177984222,2,-2.902683540176895,2.902683540176895
RHEINWEILER,2026-06-30 07:15:00+00:00,223.0,223.82037447173482,223.78514762618497,-0.035226845549851254,2,-0.7851476261849655,0.7851476261849655
SANKT GOAR,2026-06-30 07:15:00+00:00,181.0,177.73162210357097,177.8056557414195,0.07403363784854917,2,3.194344258580486,3.194344258580486
SPEYER,2026-06-30 07:15:00+00:00,259.0,255.0879655040002,255.05273865845035,-0.035226845549851254,2,3.9472613415496483,3.9472613415496483
WESEL,2026-06-30 07:15:00+00:00,152.0,152.15210909682435,152.1971631068228,0.04505400999846826,2,-0.19716310682281346,0.19716310682281346
WORMS,2026-06-30 07:15:00+00:00,74.0,74.69246952804302,74.66121975602394,-0.031249772019082633,2,-0.6612197560239395,0.6612197560239395
DUISBURG-MEIDERICH SCHLEUSE OW,2026-06-30 07:16:00+00:00,24.91,28.227931460625477,28.230435158214313,0.0025036975888370182,2,-3.3204351582143126,3.3204351582143126
DUISBURG-MEIDERICH SCHLEUSE UW,2026-06-30 07:16:00+00:00,18.21,22.32599615319114,22.328499850779977,0.0025036975888370182,2,-4.118499850779976,4.118499850779976
DUISBURG-MEIDERICH SCHLEUSE OW,2026-06-30 07:17:00+00:00,24.91,28.227931460625477,28.230435158214313,0.0025036975888370182,2,-3.3204351582143126,3.3204351582143126
DUISBURG-MEIDERICH SCHLEUSE UW,2026-06-30 07:17:00+00:00,18.21,22.32599615319114,22.328499850779977,0.0025036975888370182,2,-4.118499850779976,4.118499850779976
DUISBURG-MEIDERICH SCHLEUSE OW,2026-06-30 07:18:00+00:00,24.91,28.227931460625477,28.230435158214313,0.0025036975888370182,2,-3.3204351582143126,3.3204351582143126
DUISBURG-MEIDERICH SCHLEUSE UW,2026-06-30 07:18:00+00:00,18.21,22.32599615319114,22.328499850779977,0.0025036975888370182,2,-4.118499850779976,4.118499850779976
DUISBURG-MEIDERICH SCHLEUSE OW,2026-06-30 07:19:00+00:00,24.91,28.227931460625477,28.230435158214313,0.0025036975888370182,2,-3.3204351582143126,3.3204351582143126
DUISBURG-MEIDERICH SCHLEUSE UW,2026-06-30 07:19:00+00:00,18.21,22.32599615319114,22.328499850779977,0.0025036975888370182,2,-4.118499850779976,4.118499850779976
Basel-Rheinhalle,2026-06-30 07:20:00+00:00,521.0,519.999427268702,520.1174925936459,0.11806532494389894,2,0.8825074063540796,0.8825074063540796
DUISBURG-MEIDERICH SCHLEUSE OW,2026-06-30 07:20:00+00:00,24.91,28.227931460625477,28.230435158214313,0.0025036975888370182,2,-3.3204351582143126,3.3204351582143126
DUISBURG-MEIDERICH SCHLEUSE UW,2026-06-30 07:20:00+00:00,18.21,22.32599615319114,22.328499850779977,0.0025036975888370182,2,-4.118499850779976,4.118499850779976
LOBITH,2026-06-30 07:20:00+00:00,705.0,703.880885857478,704.2694552528417,0.3885693953637117,2,0.7305447471583193,0.7305447471583193
DUISBURG-MEIDERICH SCHLEUSE OW,2026-06-30 07:21:00+00:00,24.91,28.227931460625477,28.230435158214313,0.0025036975888370182,2,-3.3204351582143126,3.3204351582143126
DUISBURG-MEIDERICH SCHLEUSE UW,2026-06-30 07:21:00+00:00,18.21,22.32599615319114,22.328499850779977,0.0025036975888370182,2,-4.118499850779976,4.118499850779976
DUISBURG-MEIDERICH SCHLEUSE OW,2026-06-30 07:22:00+00:00,24.91,28.227931460625477,28.230435158214313,0.0025036975888370182,2,-3.3204351582143126,3.3204351582143126
DUISBURG-MEIDERICH SCHLEUSE UW,2026-06-30 07:22:00+00:00,18.21,22.32599615319114,22.328499850779977,0.0025036975888370182,2,-4.118499850779976,4.118499850779976
DUISBURG-MEIDERICH SCHLEUSE OW,2026-06-30 07:23:00+00:00,24.91,28.227931460625477,28.230435158214313,0.0025036975888370182,2,-3.3204351582143126,3.3204351582143126
DUISBURG-MEIDERICH SCHLEUSE UW,2026-06-30 07:23:00+00:00,18.21,22.32599615319114,22.328499850779977,0.0025036975888370182,2,-4.118499850779976,4.118499850779976
DUISBURG-MEIDERICH SCHLEUSE OW,2026-06-30 07:24:00+00:00,24.91,28.227931460625477,28.230435158214313,0.0025036975888370182,2,-3.3204351582143126,3.3204351582143126
DUISBURG-MEIDERICH SCHLEUSE UW,2026-06-30 07:24:00+00:00,18.21,22.32599615319114,22.328499850779977,0.0025036975888370182,2,-4.118499850779976,4.118499850779976
Basel-Rheinhalle,2026-06-30 07:25:00+00:00,519.0,520.2770652751148,520.3951306000587,0.11806532494389894,2,-1.3951306000586783,1.3951306000586783
DUISBURG-MEIDERICH SCHLEUSE OW,2026-06-30 07:25:00+00:00,24.92,28.227931460625477,28.230435158214313,0.0025036975888370182,2,-3.310435158214311,3.310435158214311
DUISBURG-MEIDERICH SCHLEUSE UW,2026-06-30 07:25:00+00:00,18.21,22.32599615319114,22.328499850779977,0.0025036975888370182,2,-4.118499850779976,4.118499850779976
DUISBURG-MEIDERICH SCHLEUSE OW,2026-06-30 07:26:00+00:00,24.92,28.227931460625477,28.230435158214313,0.0025036975888370182,2,-3.310435158214311,3.310435158214311
DUISBURG-MEIDERICH SCHLEUSE UW,2026-06-30 07:26:00+00:00,18.21,22.32599615319114,22.328499850779977,0.0025036975888370182,2,-4.118499850779976,4.118499850779976
DUISBURG-MEIDERICH SCHLEUSE OW,2026-06-30 07:27:00+00:00,24.92,28.227931460625477,28.230435158214313,0.0025036975888370182,2,-3.310435158214311,3.310435158214311
DUISBURG-MEIDERICH SCHLEUSE UW,2026-06-30 07:27:00+00:00,18.21,22.32599615319114,22.328499850779977,0.0025036975888370182,2,-4.118499850779976,4.118499850779976
DUISBURG-MEIDERICH SCHLEUSE OW,2026-06-30 07:28:00+00:00,24.92,28.227931460625477,28.230435158214313,0.0025036975888370182,2,-3.310435158214311,3.310435158214311
DUISBURG-MEIDERICH SCHLEUSE UW,2026-06-30 07:28:00+00:00,18.21,22.32599615319114,22.328499850779977,0.0025036975888370182,2,-4.118499850779976,4.118499850779976
DUISBURG-MEIDERICH SCHLEUSE OW,2026-06-30 07:29:00+00:00,24.92,28.227931460625477,28.230435158214313,0.0025036975888370182,2,-3.310435158214311,3.310435158214311
DUISBURG-MEIDERICH SCHLEUSE UW,2026-06-30 07:29:00+00:00,18.21,22.32599615319114,22.328499850779977,0.0025036975888370182,2,-4.118499850779976,4.118499850779976
BINGEN,2026-06-30 07:30:00+00:00,106.0,106.68123806161252,106.64998828959344,-0.031249772019082633,2,-0.6499882895934377,0.6499882895934377
BONN,2026-06-30 07:30:00+00:00,137.0,140.01287582770007,140.04156408932505,0.02868826162497292,2,-3.0415640893250497,3.0415640893250497
BREISACH,2026-06-30 07:30:00+00:00,191.0,186.45943690814042,186.4931166515717,0.033679743431293145,2,4.506883348428289,4.506883348428289
Basel-Rheinhalle,2026-06-30 07:30:00+00:00,519.0,520.4867364621725,520.6048017871165,0.11806532494389894,2,-1.6048017871164575,1.6048017871164575
DUISBURG-MEIDERICH SCHLEUSE OW,2026-06-30 07:30:00+00:00,24.92,28.227931460625477,28.230435158214313,0.0025036975888370182,2,-3.310435158214311,3.310435158214311
DUISBURG-MEIDERICH SCHLEUSE UW,2026-06-30 07:30:00+00:00,18.21,22.32599615319114,22.328499850779977,0.0025036975888370182,2,-4.118499850779976,4.118499850779976
DUISBURG-RUHRORT,2026-06-30 07:30:00+00:00,216.0,214.0727328664637,212.53784167228795,-1.5348911941757397,2,3.4621583277120465,3.4621583277120465
DÜSSELDORF,2026-06-30 07:30:00+00:00,83.0,82.5226750372295,82.52517873481834,0.0025036975888370182,2,0.4748212651816601,0.4748212651816601
EMMERICH,2026-06-30 07:30:00+00:00,54.0,53.42317571077782,53.10655802241344,-0.31661768836438425,2,0.8934419775865621,0.8934419775865621
IFFEZHEIM,2026-06-30 07:30:00+00:00,143.0,146.48110597801548,146.49514433783307,0.014038359817600248,2,-3.495144337833068,3.495144337833068
KAUB,2026-06-30 07:30:00+00:00,90.0,85.69140940618593,85.6628974535939,-0.028511952592030987,2,4.337102546406101,4.337102546406101
KOBLENZ,2026-06-30 07:30:00+00:00,86.0,82.23042640509276,82.19917663307368,-0.031249772019082633,2,3.8008233669263234,3.8008233669263234
KONSTANZ-RHEIN,2026-06-30 07:30:00+00:00,314.0,313.2731166807913,313.3443326674665,0.07121598667520211,2,0.6556673325334827,0.6556673325334827
Koblenz OP,2026-06-30 07:30:00+00:00,205.0,202.25001243576216,201.48206658177574,-0.7679458539864092,2,3.51793341822426,3.51793341822426
Koblenz UP,2026-06-30 07:30:00+00:00,67.0,48.290067801510794,48.258818029491714,-0.031249772019082633,2,18.741181970508286,18.741181970508286
KÖLN,2026-06-30 07:30:00+00:00,133.0,134.49787884769216,134.500382545281,0.0025036975888370182,2,-1.5003825452810133,1.5003825452810133
LOBITH,2026-06-30 07:30:00+00:00,704.0,703.9201830633405,704.3087524587041,0.3885693953637117,2,-0.30875245870413437,0.30875245870413437
MAINZ,2026-06-30 07:30:00+00:00,185.0,185.99383973080907,186.02478165481332,0.030941924004241485,2,-1.0247816548133244,1.0247816548133244
MANNHEIM,2026-06-30 07:30:00+00:00,166.0,163.21111072196018,163.2913347976965,0.08022407573629727,2,2.708665202303507,2.708665202303507
MAXAU,2026-06-30 07:30:00+00:00,405.0,410.17218239438256,410.1369555488327,-0.035226845549851254,2,-5.136955548832702,5.136955548832702
REES,2026-06-30 07:30:00+00:00,97.0,96.0274828648673,96.02998656245613,0.0025036975888370182,2,0.9700134375438694,0.9700134375438694
RHEINE UNTERSCHLEUSE,2026-06-30 07:30:00+00:00,193.0,185.60824935005482,183.2925843009355,-2.315665049119323,2,9.707415699064512,9.707415699064512
RHEINWEILER,2026-06-30 07:30:00+00:00,223.0,223.61388092416036,223.5786540786105,-0.035226845549851254,2,-0.5786540786104979,0.5786540786104979
SANKT GOAR,2026-06-30 07:30:00+00:00,181.0,177.69956216821245,177.773595806061,0.07403363784854917,2,3.226404193939004,3.226404193939004
SPEYER,2026-06-30 07:30:00+00:00,261.0,255.1420001188865,255.10677327333664,-0.035226845549851254,2,5.893226726663357,5.893226726663357
WESEL,2026-06-30 07:30:00+00:00,153.0,152.16379377381804,152.2088477838165,0.04505400999846826,2,0.791152216183491,0.791152216183491
WORMS,2026-06-30 07:30:00+00:00,75.0,74.73493411648204,74.70368434446296,-0.031249772019082633,2,0.2963156555370432,0.2963156555370432
DUISBURG-MEIDERICH SCHLEUSE OW,2026-06-30 07:31:00+00:00,24.92,28.227931460625477,28.230435158214313,0.0025036975888370182,2,-3.310435158214311,3.310435158214311
DUISBURG-MEIDERICH SCHLEUSE UW,2026-06-30 07:31:00+00:00,18.21,22.32599615319114,22.328499850779977,0.0025036975888370182,2,-4.118499850779976,4.118499850779976
DUISBURG-MEIDERICH SCHLEUSE OW,2026-06-30 07:32:00+00:00,24.93,28.227931460625477,28.230435158214313,0.0025036975888370182,2,-3.300435158214313,3.300435158214313
DUISBURG-MEIDERICH SCHLEUSE UW,2026-06-30 07:32:00+00:00,18.21,22.32599615319114,22.328499850779977,0.0025036975888370182,2,-4.118499850779976,4.118499850779976
DUISBURG-MEIDERICH SCHLEUSE OW,2026-06-30 07:33:00+00:00,24.93,28.227931460625477,28.230435158214313,0.0025036975888370182,2,-3.300435158214313,3.300435158214313
DUISBURG-MEIDERICH SCHLEUSE UW,2026-06-30 07:33:00+00:00,18.21,22.32599615319114,22.328499850779977,0.0025036975888370182,2,-4.118499850779976,4.118499850779976
DUISBURG-MEIDERICH SCHLEUSE OW,2026-06-30 07:34:00+00:00,24.93,28.227931460625477,28.230435158214313,0.0025036975888370182,2,-3.300435158214313,3.300435158214313
DUISBURG-MEIDERICH SCHLEUSE UW,2026-06-30 07:34:00+00:00,18.21,22.32599615319114,22.328499850779977,0.0025036975888370182,2,-4.118499850779976,4.118499850779976
Basel-Rheinhalle,2026-06-30 07:35:00+00:00,520.0,520.5040767587631,520.622142083707,0.11806532494389894,2,-0.62214208370699,0.62214208370699
DUISBURG-MEIDERICH SCHLEUSE OW,2026-06-30 07:35:00+00:00,24.93,28.227931460625477,28.230435158214313,0.0025036975888370182,2,-3.300435158214313,3.300435158214313
DUISBURG-MEIDERICH SCHLEUSE UW,2026-06-30 07:35:00+00:00,18.21,22.32599615319114,22.328499850779977,0.0025036975888370182,2,-4.118499850779976,4.118499850779976
DUISBURG-MEIDERICH SCHLEUSE OW,2026-06-30 07:36:00+00:00,24.93,28.227931460625477,28.230435158214313,0.0025036975888370182,2,-3.300435158214313,3.300435158214313
DUISBURG-MEIDERICH SCHLEUSE UW,2026-06-30 07:36:00+00:00,18.21,22.32599615319114,22.328499850779977,0.0025036975888370182,2,-4.118499850779976,4.118499850779976
DUISBURG-MEIDERICH SCHLEUSE OW,2026-06-30 07:37:00+00:00,24.93,28.227931460625477,28.230435158214313,0.0025036975888370182,2,-3.300435158214313,3.300435158214313
DUISBURG-MEIDERICH SCHLEUSE UW,2026-06-30 07:37:00+00:00,18.21,22.32599615319114,22.328499850779977,0.0025036975888370182,2,-4.118499850779976,4.118499850779976
DUISBURG-MEIDERICH SCHLEUSE OW,2026-06-30 07:38:00+00:00,24.93,28.227931460625477,28.230435158214313,0.0025036975888370182,2,-3.300435158214313,3.300435158214313
DUISBURG-MEIDERICH SCHLEUSE UW,2026-06-30 07:38:00+00:00,18.21,22.32599615319114,22.328499850779977,0.0025036975888370182,2,-4.118499850779976,4.118499850779976
DUISBURG-MEIDERICH SCHLEUSE OW,2026-06-30 07:39:00+00:00,24.93,28.227931460625477,28.230435158214313,0.0025036975888370182,2,-3.300435158214313,3.300435158214313
DUISBURG-MEIDERICH SCHLEUSE UW,2026-06-30 07:39:00+00:00,18.21,22.32599615319114,22.328499850779977,0.0025036975888370182,2,-4.118499850779976,4.118499850779976
Basel-Rheinhalle,2026-06-30 07:40:00+00:00,519.0,520.4368670656579,520.5549323906018,0.11806532494389894,2,-1.5549323906018344,1.5549323906018344
DUISBURG-MEIDERICH SCHLEUSE OW,2026-06-30 07:40:00+00:00,24.93,28.227931460625477,28.230435158214313,0.0025036975888370182,2,-3.300435158214313,3.300435158214313
DUISBURG-MEIDERICH SCHLEUSE UW,2026-06-30 07:40:00+00:00,18.21,22.32599615319114,22.328499850779977,0.0025036975888370182,2,-4.118499850779976,4.118499850779976
LOBITH,2026-06-30 07:40:00+00:00,703.0,703.925211482164,704.3137808775276,0.3885693953637117,2,-1.3137808775276199,1.3137808775276199
DUISBURG-MEIDERICH SCHLEUSE OW,2026-06-30 07:41:00+00:00,24.93,28.227931460625477,28.230435158214313,0.0025036975888370182,2,-3.300435158214313,3.300435158214313
DUISBURG-MEIDERICH SCHLEUSE UW,2026-06-30 07:41:00+00:00,18.21,22.32599615319114,22.328499850779977,0.0025036975888370182,2,-4.118499850779976,4.118499850779976
DUISBURG-MEIDERICH SCHLEUSE OW,2026-06-30 07:42:00+00:00,24.93,28.227931460625477,28.230435158214313,0.0025036975888370182,2,-3.300435158214313,3.300435158214313
DUISBURG-MEIDERICH SCHLEUSE UW,2026-06-30 07:42:00+00:00,18.2,22.32599615319114,22.328499850779977,0.0025036975888370182,2,-4.128499850779978,4.128499850779978
DUISBURG-MEIDERICH SCHLEUSE OW,2026-06-30 07:43:00+00:00,24.93,28.227931460625477,28.230435158214313,0.0025036975888370182,2,-3.300435158214313,3.300435158214313
DUISBURG-MEIDERICH SCHLEUSE UW,2026-06-30 07:43:00+00:00,18.2,22.32599615319114,22.328499850779977,0.0025036975888370182,2,-4.128499850779978,4.128499850779978
DUISBURG-MEIDERICH SCHLEUSE OW,2026-06-30 07:44:00+00:00,24.93,28.227931460625477,28.230435158214313,0.0025036975888370182,2,-3.300435158214313,3.300435158214313
DUISBURG-MEIDERICH SCHLEUSE UW,2026-06-30 07:44:00+00:00,18.21,22.32599615319114,22.328499850779977,0.0025036975888370182,2,-4.118499850779976,4.118499850779976
BINGEN,2026-06-30 07:45:00+00:00,106.0,106.585013099321,106.55376332730192,-0.031249772019082633,2,-0.5537633273019225,0.5537633273019225
BONN,2026-06-30 07:45:00+00:00,136.0,140.06995740262565,140.09864566425063,0.02868826162497292,2,-4.0986456642506255,4.0986456642506255
BREISACH,2026-06-30 07:45:00+00:00,193.0,186.64193310429522,186.67287502829947,0.030941924004241485,2,6.327124971700528,6.327124971700528
Basel-Rheinhalle,2026-06-30 07:45:00+00:00,517.0,520.0804379175811,520.198503242525,0.11806532494389894,2,-3.198503242525021,3.198503242525021
DUISBURG-MEIDERICH SCHLEUSE OW,2026-06-30 07:45:00+00:00,24.93,25.01039566081844,24.960652529378432,-0.04974313144000515,3,-0.030652529378432547,0.030652529378432547
DUISBURG-MEIDERICH SCHLEUSE UW,2026-06-30 07:45:00+00:00,18.21,18.32631217621006,18.276569044770053,-0.04974313144000515,3,-0.06656904477005199,0.06656904477005199
DUISBURG-RUHRORT,2026-06-30 07:45:00+00:00,215.0,215.13397451697648,215.2690028673848,0.13502835040832548,3,-0.26900286738481327,0.26900286738481327
DÜSSELDORF,2026-06-30 07:45:00+00:00,85.0,82.9997659740991,82.98973636557854,-0.01002960852057133,3,2.010263634421463,2.010263634421463
EMMERICH,2026-06-30 07:45:00+00:00,53.0,52.29526527911011,52.24552214767011,-0.04974313144000515,3,0.7544778523298916,0.7544778523298916
IFFEZHEIM,2026-06-30 07:45:00+00:00,141.0,141.27571940404547,141.28357475916337,0.007855355117901862,3,-0.28357475916337194,0.28357475916337194
KAUB,2026-06-30 07:45:00+00:00,91.0,92.30575210913447,92.37685461171452,0.07110250258005166,3,-1.3768546117145206,1.3768546117145206
KOBLENZ,2026-06-30 07:45:00+00:00,87.0,85.15915536585304,85.1741578956328,0.015002529779757962,3,1.8258421043671973,1.8258421043671973
KONSTANZ-RHEIN,2026-06-30 07:45:00+00:00,314.0,313.6839958010083,313.6459963504534,-0.03799945055489254,3,0.35400364954659835,0.35400364954659835
Koblenz OP,2026-06-30 07:45:00+00:00,205.0,205.06713637199383,205.19522767027132,0.1280912982774929,3,-0.19522767027132204,0.19522767027132204
Koblenz UP,2026-06-30 07:45:00+00:00,67.0,58.879480164802196,58.89448269458195,0.015002529779757962,3,8.105517305418047,8.105517305418047
KÖLN,2026-06-30 07:45:00+00:00,133.0,133.3762304211405,133.36620081261992,-0.01002960852057133,3,-0.36620081261992254,0.36620081261992254
MAINZ,2026-06-30 07:45:00+00:00,185.0,184.89034535822188,184.91520210200292,0.024856743781047217,3,0.0847978979970776,0.0847978979970776
MANNHEIM,2026-06-30 07:45:00+00:00,166.0,165.95815361977003,165.98301036355107,0.024856743781047217,3,0.01698963644892615,0.01698963644892615
MAXAU,2026-06-30 07:45:00+00:00,404.0,405.62550745535685,405.5602265547331,-0.06528090062376163,3,-1.5602265547331058,1.5602265547331058
REES,2026-06-30 07:45:00+00:00,97.0,96.37852086015022,96.36849125162965,-0.01002960852057133,3,0.6315087483703508,0.6315087483703508
RHEINE UNTERSCHLEUSE,2026-06-30 07:45:00+00:00,193.0,185.18816926970965,185.31891408934845,0.13074481963881962,3,7.6810859106515466,7.6810859106515466
RHEINWEILER,2026-06-30 07:45:00+00:00,223.0,222.92034810663336,222.94450335403468,0.024155247401338006,3,0.05549664596532011,0.05549664596532011
SANKT GOAR,2026-06-30 07:45:00+00:00,182.0,181.05815990842544,181.08301665220648,0.024856743781047217,3,0.9169833477935185,0.9169833477935185
SPEYER,2026-06-30 07:45:00+00:00,260.0,260.71249083544484,261.04667276276996,0.3341819273251,3,-1.0466727627699584,1.0466727627699584
WESEL,2026-06-30 07:45:00+00:00,155.0,151.42160536055425,151.4236408743337,0.002035513779438725,3,3.5763591256663005,3.5763591256663005
WORMS,2026-06-30 07:45:00+00:00,74.0,73.74144349995288,73.75644602973264,0.015002529779757962,3,0.2435539702673566,0.2435539702673566
DUISBURG-MEIDERICH SCHLEUSE OW,2026-06-30 07:46:00+00:00,24.93,25.01039566081844,24.960652529378432,-0.04974313144000515,3,-0.030652529378432547,0.030652529378432547
DUISBURG-MEIDERICH SCHLEUSE UW,2026-06-30 07:46:00+00:00,18.21,18.32631217621006,18.276569044770053,-0.04974313144000515,3,-0.06656904477005199,0.06656904477005199
DUISBURG-MEIDERICH SCHLEUSE OW,2026-06-30 07:47:00+00:00,24.93,25.01039566081844,24.960652529378432,-0.04974313144000515,3,-0.030652529378432547,0.030652529378432547
DUISBURG-MEIDERICH SCHLEUSE UW,2026-06-30 07:47:00+00:00,18.21,18.32631217621006,18.276569044770053,-0.04974313144000515,3,-0.06656904477005199,0.06656904477005199
DUISBURG-MEIDERICH SCHLEUSE OW,2026-06-30 07:48:00+00:00,24.93,25.01039566081844,24.960652529378432,-0.04974313144000515,3,-0.030652529378432547,0.030652529378432547
DUISBURG-MEIDERICH SCHLEUSE UW,2026-06-30 07:48:00+00:00,18.21,18.32631217621006,18.276569044770053,-0.04974313144000515,3,-0.06656904477005199,0.06656904477005199
DUISBURG-MEIDERICH SCHLEUSE OW,2026-06-30 07:49:00+00:00,24.94,25.01039566081844,24.960652529378432,-0.04974313144000515,3,-0.020652529378430984,0.020652529378430984
DUISBURG-MEIDERICH SCHLEUSE UW,2026-06-30 07:49:00+00:00,18.21,18.32631217621006,18.276569044770053,-0.04974313144000515,3,-0.06656904477005199,0.06656904477005199
Basel-Rheinhalle,2026-06-30 07:50:00+00:00,517.0,518.8292999274372,518.6864848124487,-0.14281511498851987,3,-1.6864848124487253,1.6864848124487253
DUISBURG-MEIDERICH SCHLEUSE OW,2026-06-30 07:50:00+00:00,24.94,25.149303589179144,25.099560457739138,-0.04974313144000515,3,-0.1595604577391363,0.1595604577391363
DUISBURG-MEIDERICH SCHLEUSE UW,2026-06-30 07:50:00+00:00,18.21,18.32631217621006,18.276569044770053,-0.04974313144000515,3,-0.06656904477005199,0.06656904477005199
LOBITH,2026-06-30 07:50:00+00:00,705.0,703.4216862639358,703.3951807611942,-0.02650550274167268,3,1.604819238805817,1.604819238805817
DUISBURG-MEIDERICH SCHLEUSE OW,2026-06-30 07:51:00+00:00,24.94,25.149303589179144,25.099560457739138,-0.04974313144000515,3,-0.1595604577391363,0.1595604577391363
DUISBURG-MEIDERICH SCHLEUSE UW,2026-06-30 07:51:00+00:00,18.21,18.32631217621006,18.276569044770053,-0.04974313144000515,3,-0.06656904477005199,0.06656904477005199
DUISBURG-MEIDERICH SCHLEUSE OW,2026-06-30 07:52:00+00:00,24.94,25.10175503848611,25.052011907046104,-0.04974313144000515,3,-0.11201190704610298,0.11201190704610298
DUISBURG-MEIDERICH SCHLEUSE UW,2026-06-30 07:52:00+00:00,18.21,18.32631217621006,18.276569044770053,-0.04974313144000515,3,-0.06656904477005199,0.06656904477005199
DUISBURG-MEIDERICH SCHLEUSE OW,2026-06-30 07:53:00+00:00,24.94,25.10175503848611,25.052011907046104,-0.04974313144000515,3,-0.11201190704610298,0.11201190704610298
DUISBURG-MEIDERICH SCHLEUSE UW,2026-06-30 07:53:00+00:00,18.21,18.32631217621006,18.276569044770053,-0.04974313144000515,3,-0.06656904477005199,0.06656904477005199
DUISBURG-MEIDERICH SCHLEUSE OW,2026-06-30 07:54:00+00:00,24.94,25.10175503848611,25.052011907046104,-0.04974313144000515,3,-0.11201190704610298,0.11201190704610298
DUISBURG-MEIDERICH SCHLEUSE UW,2026-06-30 07:54:00+00:00,18.21,18.32631217621006,18.276569044770053,-0.04974313144000515,3,-0.06656904477005199,0.06656904477005199
Basel-Rheinhalle,2026-06-30 07:55:00+00:00,519.0,518.4286410346481,518.2858259196596,-0.14281511498851987,3,0.7141740803403991,0.7141740803403991
DUISBURG-MEIDERICH SCHLEUSE OW,2026-06-30 07:55:00+00:00,24.94,25.10175503848611,25.052011907046104,-0.04974313144000515,3,-0.11201190704610298,0.11201190704610298
DUISBURG-MEIDERICH SCHLEUSE UW,2026-06-30 07:55:00+00:00,18.21,18.32631217621006,18.276569044770053,-0.04974313144000515,3,-0.06656904477005199,0.06656904477005199
DUISBURG-MEIDERICH SCHLEUSE OW,2026-06-30 07:56:00+00:00,24.95,25.10175503848611,25.052011907046104,-0.04974313144000515,3,-0.10201190704610497,0.10201190704610497
DUISBURG-MEIDERICH SCHLEUSE UW,2026-06-30 07:56:00+00:00,18.21,18.32631217621006,18.276569044770053,-0.04974313144000515,3,-0.06656904477005199,0.06656904477005199
DUISBURG-MEIDERICH SCHLEUSE OW,2026-06-30 07:57:00+00:00,24.95,25.149303589179144,25.099560457739138,-0.04974313144000515,3,-0.14956045773913829,0.14956045773913829
DUISBURG-MEIDERICH SCHLEUSE UW,2026-06-30 07:57:00+00:00,18.21,18.32631217621006,18.276569044770053,-0.04974313144000515,3,-0.06656904477005199,0.06656904477005199
DUISBURG-MEIDERICH SCHLEUSE OW,2026-06-30 07:58:00+00:00,24.95,25.149303589179144,25.099560457739138,-0.04974313144000515,3,-0.14956045773913829,0.14956045773913829
DUISBURG-MEIDERICH SCHLEUSE UW,2026-06-30 07:58:00+00:00,18.21,18.32631217621006,18.276569044770053,-0.04974313144000515,3,-0.06656904477005199,0.06656904477005199
DUISBURG-MEIDERICH SCHLEUSE OW,2026-06-30 07:59:00+00:00,24.95,25.10175503848611,25.052011907046104,-0.04974313144000515,3,-0.10201190704610497,0.10201190704610497
DUISBURG-MEIDERICH SCHLEUSE UW,2026-06-30 07:59:00+00:00,18.21,18.32631217621006,18.276569044770053,-0.04974313144000515,3,-0.06656904477005199,0.06656904477005199
BINGEN,2026-06-30 08:00:00+00:00,106.0,106.27905633375094,106.29405886353071,0.015002529779757962,3,-0.294058863530708,0.294058863530708
BONN,2026-06-30 08:00:00+00:00,137.0,138.38852724772087,138.40352977750064,0.015002529779757962,3,-1.403529777500637,1.403529777500637
BREISACH,2026-06-30 08:00:00+00:00,190.0,193.89758669039534,193.66020319947435,-0.2373834909209834,3,-3.6602031994743527,3.6602031994743527
Basel-Rheinhalle,2026-06-30 08:00:00+00:00,520.0,518.4286410346481,518.2858259196596,-0.14281511498851987,3,1.714174080340399,1.714174080340399
DUISBURG-MEIDERICH SCHLEUSE OW,2026-06-30 08:00:00+00:00,24.95,25.788444594764165,25.76373360162449,-0.024710993139675844,3,-0.8137336016244916,0.8137336016244916
DUISBURG-MEIDERICH SCHLEUSE UW,2026-06-30 08:00:00+00:00,18.21,18.7399890886903,18.715278095550627,-0.024710993139675844,3,-0.5052780955506257,0.5052780955506257
DUISBURG-RUHRORT,2026-06-30 08:00:00+00:00,215.0,215.2183371088009,215.51906901684407,0.3007319080431501,3,-0.519069016844071,0.519069016844071
DÜSSELDORF,2026-06-30 08:00:00+00:00,85.0,82.74003269209972,82.75503522187948,0.015002529779757962,3,2.2449647781205186,2.2449647781205186
EMMERICH,2026-06-30 08:00:00+00:00,54.0,53.34291568991128,53.3182046967716,-0.024710993139675844,3,0.6817953032283981,0.6817953032283981
IFFEZHEIM,2026-06-30 08:00:00+00:00,140.0,141.59736155764443,141.60521691276233,0.007855355117901862,3,-1.6052169127623301,1.6052169127623301
KAUB,2026-06-30 08:00:00+00:00,91.0,92.34826698032562,92.41936948290567,0.07110250258005166,3,-1.4193694829056653,1.4193694829056653
KOBLENZ,2026-06-30 08:00:00+00:00,88.0,84.86008944197802,84.87509197175778,0.015002529779757962,3,3.124908028242217,3.124908028242217
KONSTANZ-RHEIN,2026-06-30 08:00:00+00:00,314.0,313.52104647124224,313.48304702068737,-0.03799945055489254,3,0.5169529793126344,0.5169529793126344
Koblenz OP,2026-06-30 08:00:00+00:00,207.0,204.82857986863652,204.98170330521435,0.15312343657782224,3,2.018296694785647,2.018296694785647
Koblenz UP,2026-06-30 08:00:00+00:00,67.0,54.78843374697235,54.80343627675211,0.015002529779757962,3,12.196563723247891,12.196563723247891
KÖLN,2026-06-30 08:00:00+00:00,132.0,133.57361816161844,133.5886206913982,0.015002529779757962,3,-1.588620691398205,1.588620691398205
LOBITH,2026-06-30 08:00:00+00:00,704.0,705.9219508769947,705.8069528522226,-0.1149980247721622,3,-1.8069528522225937,1.8069528522225937
MAINZ,2026-06-30 08:00:00+00:00,184.0,186.25867644439805,186.2835331881791,0.024856743781047217,3,-2.283533188179092,2.283533188179092
MANNHEIM,2026-06-30 08:00:00+00:00,167.0,165.58061274459178,165.57795232501456,-0.002660419577224793,3,1.4220476749854356,1.4220476749854356
MAXAU,2026-06-30 08:00:00+00:00,404.0,405.8863176849968,405.9966937997038,0.11037611470697736,3,-1.9966937997037917,1.9966937997037917
REES,2026-06-30 08:00:00+00:00,97.0,96.00464527077101,96.01964780055077,0.015002529779757962,3,0.9803521994492286,0.9803521994492286
RHEINE UNTERSCHLEUSE,2026-06-30 08:00:00+00:00,193.0,192.5851995827139,192.50973551247907,-0.07546407023483112,3,0.4902644875209319,0.4902644875209319
RHEINWEILER,2026-06-30 08:00:00+00:00,223.0,223.743660863966,223.9209938428323,0.17733297886631177,3,-0.9209938428323028,0.9209938428323028
SANKT GOAR,2026-06-30 08:00:00+00:00,183.0,182.5567538986462,182.58161064242725,0.024856743781047217,3,0.41838935757274953,0.41838935757274953
SPEYER,2026-06-30 08:00:00+00:00,260.0,260.59093963787194,261.0707954439665,0.4798558060945993,3,-1.0707954439665173,1.0707954439665173
WESEL,2026-06-30 08:00:00+00:00,155.0,151.5262129341969,151.55328058627668,0.027067652079768,3,3.446719413723315,3.446719413723315
WORMS,2026-06-30 08:00:00+00:00,75.0,73.45766291445892,73.4451482808804,-0.012514633578514067,3,1.554851719119597,1.554851719119597
DUISBURG-MEIDERICH SCHLEUSE OW,2026-06-30 08:01:00+00:00,24.95,29.674787897214422,29.650571500357294,-0.024216396857128685,3,-4.700571500357295,4.700571500357295
DUISBURG-MEIDERICH SCHLEUSE UW,2026-06-30 08:01:00+00:00,18.21,23.469177597994992,23.444961201137865,-0.024216396857128685,3,-5.234961201137864,5.234961201137864
DUISBURG-MEIDERICH SCHLEUSE OW,2026-06-30 08:02:00+00:00,24.95,30.538650706878375,30.514434310021247,-0.024216396857128685,3,-5.564434310021248,5.564434310021248
DUISBURG-MEIDERICH SCHLEUSE UW,2026-06-30 08:02:00+00:00,18.21,24.333040407658945,24.308824010801818,-0.024216396857128685,3,-6.098824010801817,6.098824010801817
DUISBURG-MEIDERICH SCHLEUSE OW,2026-06-30 08:03:00+00:00,24.95,31.318290309960624,31.29357931682095,-0.024710993139675844,3,-6.34357931682095,6.34357931682095
DUISBURG-MEIDERICH SCHLEUSE UW,2026-06-30 08:03:00+00:00,18.21,25.352904471611907,25.328193478472233,-0.024710993139675844,3,-7.118193478472232,7.118193478472232
DUISBURG-MEIDERICH SCHLEUSE OW,2026-06-30 08:04:00+00:00,24.95,31.318290309960624,31.29357931682095,-0.024710993139675844,3,-6.34357931682095,6.34357931682095
DUISBURG-MEIDERICH SCHLEUSE UW,2026-06-30 08:04:00+00:00,18.21,25.352904471611907,25.328193478472233,-0.024710993139675844,3,-7.118193478472232,7.118193478472232
Basel-Rheinhalle,2026-06-30 08:05:00+00:00,521.0,518.1454721399849,517.9507705643839,-0.19470157560096446,3,3.0492294356160983,3.0492294356160983
DUISBURG-MEIDERICH SCHLEUSE OW,2026-06-30 08:05:00+00:00,24.95,31.167683604337924,31.14297261119825,-0.024710993139675844,3,-6.19297261119825,6.19297261119825
DUISBURG-MEIDERICH SCHLEUSE UW,2026-06-30 08:05:00+00:00,18.21,25.202297765989208,25.177586772849534,-0.024710993139675844,3,-6.967586772849533,6.967586772849533
DUISBURG-MEIDERICH SCHLEUSE OW,2026-06-30 08:06:00+00:00,24.95,30.79607969550443,30.771368702364757,-0.024710993139675844,3,-5.821368702364758,5.821368702364758
DUISBURG-MEIDERICH SCHLEUSE UW,2026-06-30 08:06:00+00:00,18.21,24.838215568332725,24.81350457519305,-0.024710993139675844,3,-6.60350457519305,6.60350457519305
DUISBURG-MEIDERICH SCHLEUSE OW,2026-06-30 08:07:00+00:00,24.96,30.79607969550443,30.771368702364757,-0.024710993139675844,3,-5.8113687023647564,5.8113687023647564
DUISBURG-MEIDERICH SCHLEUSE UW,2026-06-30 08:07:00+00:00,18.21,24.885764119025758,24.861053125886084,-0.024710993139675844,3,-6.651053125886083,6.651053125886083
DUISBURG-MEIDERICH SCHLEUSE OW,2026-06-30 08:08:00+00:00,24.96,29.923935332974636,29.899224339834962,-0.024710993139675844,3,-4.939224339834961,4.939224339834961
DUISBURG-MEIDERICH SCHLEUSE UW,2026-06-30 08:08:00+00:00,18.21,24.013619756495963,23.98890876335629,-0.024710993139675844,3,-5.778908763356288,5.778908763356288
DUISBURG-MEIDERICH SCHLEUSE OW,2026-06-30 08:09:00+00:00,24.96,29.923935332974636,29.899224339834962,-0.024710993139675844,3,-4.939224339834961,4.939224339834961
DUISBURG-MEIDERICH SCHLEUSE UW,2026-06-30 08:09:00+00:00,18.21,24.013619756495963,23.98890876335629,-0.024710993139675844,3,-5.778908763356288,5.778908763356288
Basel-Rheinhalle,2026-06-30 08:10:00+00:00,525.0,517.6758838353642,517.4617191225102,-0.21416471285401179,3,7.538280877489797,7.538280877489797
DUISBURG-MEIDERICH SCHLEUSE OW,2026-06-30 08:10:00+00:00,24.96,29.923935332974636,29.899224339834962,-0.024710993139675844,3,-4.939224339834961,4.939224339834961
DUISBURG-MEIDERICH SCHLEUSE UW,2026-06-30 08:10:00+00:00,18.21,24.013619756495963,23.98890876335629,-0.024710993139675844,3,-5.778908763356288,5.778908763356288
LOBITH,2026-06-30 08:10:00+00:00,705.0,705.6986783503827,705.5317938649981,-0.16688448538460673,3,-0.5317938649981215,0.5317938649981215
DUISBURG-MEIDERICH SCHLEUSE OW,2026-06-30 08:11:00+00:00,24.96,29.923935332974636,29.899224339834962,-0.024710993139675844,3,-4.939224339834961,4.939224339834961
DUISBURG-MEIDERICH SCHLEUSE UW,2026-06-30 08:11:00+00:00,18.21,23.96607120580293,23.941360212663255,-0.024710993139675844,3,-5.731360212663255,5.731360212663255
DUISBURG-MEIDERICH SCHLEUSE OW,2026-06-30 08:12:00+00:00,24.97,29.759296737716248,29.734585744576574,-0.024710993139675844,3,-4.764585744576575,4.764585744576575
DUISBURG-MEIDERICH SCHLEUSE UW,2026-06-30 08:12:00+00:00,18.21,23.80143261054454,23.776721617404867,-0.024710993139675844,3,-5.566721617404866,5.566721617404866
DUISBURG-MEIDERICH SCHLEUSE OW,2026-06-30 08:13:00+00:00,24.97,29.759296737716248,29.734585744576574,-0.024710993139675844,3,-4.764585744576575,4.764585744576575
DUISBURG-MEIDERICH SCHLEUSE UW,2026-06-30 08:13:00+00:00,18.21,23.80143261054454,23.776721617404867,-0.024710993139675844,3,-5.566721617404866,5.566721617404866
DUISBURG-MEIDERICH SCHLEUSE OW,2026-06-30 08:14:00+00:00,24.97,29.80684528840928,29.782134295269607,-0.024710993139675844,3,-4.812134295269608,4.812134295269608
DUISBURG-MEIDERICH SCHLEUSE UW,2026-06-30 08:14:00+00:00,18.21,23.80143261054454,23.776721617404867,-0.024710993139675844,3,-5.566721617404866,5.566721617404866
BINGEN,2026-06-30 08:15:00+00:00,105.0,106.2362932530422,106.25603171033852,0.0197384572963152,3,-1.2560317103385188,1.2560317103385188
BONN,2026-06-30 08:15:00+00:00,137.0,138.1215048007265,138.13700192678883,0.015497126062305126,3,-1.1370019267888267,1.1370019267888267
BREISACH,2026-06-30 08:15:00+00:00,189.0,190.7037694203898,190.67317197465874,-0.030597445731046505,3,-1.673171974658743,1.673171974658743
Basel-Rheinhalle,2026-06-30 08:15:00+00:00,524.0,517.8365872769685,517.6937721619801,-0.14281511498851987,3,6.306227838019936,6.306227838019936
DUISBURG-MEIDERICH SCHLEUSE OW,2026-06-30 08:15:00+00:00,24.97,29.80684528840928,29.782134295269607,-0.024710993139675844,3,-4.812134295269608,4.812134295269608
DUISBURG-MEIDERICH SCHLEUSE UW,2026-06-30 08:15:00+00:00,18.21,23.80143261054454,23.776721617404867,-0.024710993139675844,3,-5.566721617404866,5.566721617404866
DUISBURG-RUHRORT,2026-06-30 08:15:00+00:00,215.0,215.10261955647078,215.32586760500962,0.2232480485388252,3,-0.32586760500961987,0.32586760500961987
DÜSSELDORF,2026-06-30 08:15:00+00:00,86.0,82.57394754279083,82.58944466885313,0.015497126062305126,3,3.410555331146867,3.410555331146867
EMMERICH,2026-06-30 08:15:00+00:00,53.0,52.965819552937916,52.94160315608079,-0.024216396857128685,3,0.05839684391921196,0.05839684391921196
IFFEZHEIM,2026-06-30 08:15:00+00:00,142.0,141.7192281357831,141.7467903841454,0.02756224836231516,3,0.2532096158545869,0.2532096158545869
KAUB,2026-06-30 08:15:00+00:00,91.0,92.36195816487987,92.43779659497648,0.0758384300966089,3,-1.4377965949764757,1.4377965949764757
KOBLENZ,2026-06-30 08:15:00+00:00,89.0,83.82002848849326,83.83976694578958,0.0197384572963152,3,5.160233054210423,5.160233054210423
KONSTANZ-RHEIN,2026-06-30 08:15:00+00:00,314.0,312.713386522954,312.62350061178665,-0.0898859111673371,3,1.3764993882133467,1.3764993882133467
Koblenz OP,2026-06-30 08:15:00+00:00,206.0,205.4510958313186,205.5267354083921,0.07563957707349757,3,0.4732645916078866,0.4732645916078866
Koblenz UP,2026-06-30 08:15:00+00:00,67.0,53.37483769275249,53.35486262712937,-0.019975065623118606,3,13.645137372870629,13.645137372870629
KÖLN,2026-06-30 08:15:00+00:00,133.0,133.28076979646048,133.2962669225228,0.015497126062305126,3,-0.29626692252278986,0.29626692252278986
MAINZ,2026-06-30 08:15:00+00:00,185.0,186.2658434151727,186.2954360864703,0.029592671297604456,3,-1.2954360864702892,1.2954360864702892
MANNHEIM,2026-06-30 08:15:00+00:00,166.0,165.11760433344895,165.11543851015426,-0.002165823294677631,3,0.884561489845737,0.884561489845737
MAXAU,2026-06-30 08:15:00+00:00,404.0,405.34161363188986,405.4001032859844,0.058489654094532856,3,-1.4001032859844145,1.4001032859844145
REES,2026-06-30 08:15:00+00:00,97.0,95.97793438529088,95.99343151135318,0.015497126062305126,3,1.0065684886468205,1.0065684886468205
RHEINE UNTERSCHLEUSE,2026-06-30 08:15:00+00:00,193.0,206.03169465549888,207.19776671919706,1.1660720636981752,3,-14.197766719197062,14.197766719197062
RHEINWEILER,2026-06-30 08:15:00+00:00,223.0,222.4385315118648,222.16835024555476,-0.27018126631002704,3,0.8316497544452375,0.8316497544452375
SANKT GOAR,2026-06-30 08:15:00+00:00,181.0,182.48209469691287,182.51168736821046,0.029592671297604456,3,-1.5116873682104597,1.5116873682104597
SPEYER,2026-06-30 08:15:00+00:00,260.0,259.97177379651276,260.4772270014992,0.5054532049864794,3,-0.47722700149921593,0.47722700149921593
WESEL,2026-06-30 08:15:00+00:00,154.0,150.8407548805038,150.8683171288661,0.02756224836231516,3,3.131682871133904,3.131682871133904
WORMS,2026-06-30 08:15:00+00:00,75.0,72.99332524952462,72.98130521222865,-0.012020037295966901,3,2.018694787771352,2.018694787771352
DUISBURG-MEIDERICH SCHLEUSE OW,2026-06-30 08:16:00+00:00,24.97,29.759296737716248,29.734585744576574,-0.024710993139675844,3,-4.764585744576575,4.764585744576575
DUISBURG-MEIDERICH SCHLEUSE UW,2026-06-30 08:16:00+00:00,18.2,23.80143261054454,23.776721617404867,-0.024710993139675844,3,-5.576721617404868,5.576721617404868
DUISBURG-MEIDERICH SCHLEUSE OW,2026-06-30 08:17:00+00:00,24.97,29.759296737716248,29.734585744576574,-0.024710993139675844,3,-4.764585744576575,4.764585744576575
DUISBURG-MEIDERICH SCHLEUSE UW,2026-06-30 08:17:00+00:00,18.2,23.80143261054454,23.776721617404867,-0.024710993139675844,3,-5.576721617404868,5.576721617404868
DUISBURG-MEIDERICH SCHLEUSE OW,2026-06-30 08:18:00+00:00,24.97,29.759296737716248,29.734585744576574,-0.024710993139675844,3,-4.764585744576575,4.764585744576575
DUISBURG-MEIDERICH SCHLEUSE UW,2026-06-30 08:18:00+00:00,18.2,23.80143261054454,23.776721617404867,-0.024710993139675844,3,-5.576721617404868,5.576721617404868
DUISBURG-MEIDERICH SCHLEUSE OW,2026-06-30 08:19:00+00:00,24.97,29.759296737716248,29.734585744576574,-0.024710993139675844,3,-4.764585744576575,4.764585744576575
DUISBURG-MEIDERICH SCHLEUSE UW,2026-06-30 08:19:00+00:00,18.2,23.80143261054454,23.776721617404867,-0.024710993139675844,3,-5.576721617404868,5.576721617404868
Basel-Rheinhalle,2026-06-30 08:20:00+00:00,522.0,517.9881935253044,517.8235690593465,-0.1646244659578437,3,4.176430940653518,4.176430940653518
DUISBURG-MEIDERICH SCHLEUSE OW,2026-06-30 08:20:00+00:00,24.97,29.759296737716248,29.734585744576574,-0.024710993139675844,3,-4.764585744576575,4.764585744576575
DUISBURG-MEIDERICH SCHLEUSE UW,2026-06-30 08:20:00+00:00,18.2,23.80143261054454,23.776721617404867,-0.024710993139675844,3,-5.576721617404868,5.576721617404868
LOBITH,2026-06-30 08:20:00+00:00,706.0,704.522808122057,704.3559236366724,-0.16688448538460673,3,1.6440763633275992,1.6440763633275992
DUISBURG-MEIDERICH SCHLEUSE OW,2026-06-30 08:21:00+00:00,24.97,29.80684528840928,29.782134295269607,-0.024710993139675844,3,-4.812134295269608,4.812134295269608
DUISBURG-MEIDERICH SCHLEUSE UW,2026-06-30 08:21:00+00:00,18.2,23.80143261054454,23.776721617404867,-0.024710993139675844,3,-5.576721617404868,5.576721617404868
DUISBURG-MEIDERICH SCHLEUSE OW,2026-06-30 08:22:00+00:00,24.97,29.80684528840928,29.782134295269607,-0.024710993139675844,3,-4.812134295269608,4.812134295269608
DUISBURG-MEIDERICH SCHLEUSE UW,2026-06-30 08:22:00+00:00,18.19,23.80143261054454,23.776721617404867,-0.024710993139675844,3,-5.586721617404866,5.586721617404866
DUISBURG-MEIDERICH SCHLEUSE OW,2026-06-30 08:23:00+00:00,24.98,29.759296737716248,29.734585744576574,-0.024710993139675844,3,-4.754585744576573,4.754585744576573
DUISBURG-MEIDERICH SCHLEUSE UW,2026-06-30 08:23:00+00:00,18.19,23.80143261054454,23.776721617404867,-0.024710993139675844,3,-5.586721617404866,5.586721617404866
DUISBURG-MEIDERICH SCHLEUSE OW,2026-06-30 08:24:00+00:00,24.98,29.759296737716248,29.734585744576574,-0.024710993139675844,3,-4.754585744576573,4.754585744576573
DUISBURG-MEIDERICH SCHLEUSE UW,2026-06-30 08:24:00+00:00,18.19,23.80143261054454,23.776721617404867,-0.024710993139675844,3,-5.586721617404866,5.586721617404866
Basel-Rheinhalle,2026-06-30 08:25:00+00:00,522.0,517.7549297665141,517.620156137017,-0.13477362949709987,3,4.379843862982966,4.379843862982966
DUISBURG-MEIDERICH SCHLEUSE OW,2026-06-30 08:25:00+00:00,24.98,29.759296737716248,29.734585744576574,-0.024710993139675844,3,-4.754585744576573,4.754585744576573
DUISBURG-MEIDERICH SCHLEUSE UW,2026-06-30 08:25:00+00:00,18.19,23.80143261054454,23.776721617404867,-0.024710993139675844,3,-5.586721617404866,5.586721617404866
DUISBURG-MEIDERICH SCHLEUSE OW,2026-06-30 08:26:00+00:00,24.98,29.759296737716248,29.734585744576574,-0.024710993139675844,3,-4.754585744576573,4.754585744576573
DUISBURG-MEIDERICH SCHLEUSE UW,2026-06-30 08:26:00+00:00,18.19,23.80143261054454,23.776721617404867,-0.024710993139675844,3,-5.586721617404866,5.586721617404866
DUISBURG-MEIDERICH SCHLEUSE OW,2026-06-30 08:27:00+00:00,24.98,29.759296737716248,29.734585744576574,-0.024710993139675844,3,-4.754585744576573,4.754585744576573
DUISBURG-MEIDERICH SCHLEUSE UW,2026-06-30 08:27:00+00:00,18.19,23.80143261054454,23.776721617404867,-0.024710993139675844,3,-5.586721617404866,5.586721617404866
DUISBURG-MEIDERICH SCHLEUSE OW,2026-06-30 08:28:00+00:00,24.98,29.759296737716248,29.734585744576574,-0.024710993139675844,3,-4.754585744576573,4.754585744576573
DUISBURG-MEIDERICH SCHLEUSE UW,2026-06-30 08:28:00+00:00,18.19,23.80143261054454,23.776721617404867,-0.024710993139675844,3,-5.586721617404866,5.586721617404866
DUISBURG-MEIDERICH SCHLEUSE OW,2026-06-30 08:29:00+00:00,24.98,29.759296737716248,29.734585744576574,-0.024710993139675844,3,-4.754585744576573,4.754585744576573
DUISBURG-MEIDERICH SCHLEUSE UW,2026-06-30 08:29:00+00:00,18.19,23.80143261054454,23.776721617404867,-0.024710993139675844,3,-5.586721617404866,5.586721617404866
BINGEN,2026-06-30 08:30:00+00:00,105.0,106.28697561036496,106.30671406766128,0.0197384572963152,3,-1.3067140676612752,1.3067140676612752
BONN,2026-06-30 08:30:00+00:00,136.0,138.8420446282988,138.8575417543611,0.015497126062305126,3,-2.857541754361108,2.857541754361108
BREISACH,2026-06-30 08:30:00+00:00,190.0,190.51860063163073,190.4880031858997,-0.030597445731046505,3,-0.48800318589968583,0.48800318589968583
Basel-Rheinhalle,2026-06-30 08:30:00+00:00,522.0,517.3831682778184,517.177921616993,-0.20524666082542767,3,4.82207838300701,4.82207838300701
DUISBURG-MEIDERICH SCHLEUSE OW,2026-06-30 08:30:00+00:00,24.98,29.759296737716248,29.734585744576574,-0.024710993139675844,3,-4.754585744576573,4.754585744576573
DUISBURG-MEIDERICH SCHLEUSE UW,2026-06-30 08:30:00+00:00,18.19,23.80143261054454,23.776721617404867,-0.024710993139675844,3,-5.586721617404866,5.586721617404866
DUISBURG-RUHRORT,2026-06-30 08:30:00+00:00,216.0,214.99774055672717,215.25856401937875,0.26082346265159284,3,0.7414359806212474,0.7414359806212474
DÜSSELDORF,2026-06-30 08:30:00+00:00,84.0,84.20522294735261,84.22072007341491,0.015497126062305126,3,-0.22072007341490973,0.22072007341490973
EMMERICH,2026-06-30 08:30:00+00:00,52.0,56.62733403580555,56.64283116186786,0.015497126062305126,3,-4.642831161867861,4.642831161867861
IFFEZHEIM,2026-06-30 08:30:00+00:00,140.0,142.07810625202166,142.08620536313092,0.008099111109267804,3,-2.086205363130915,2.086205363130915
KAUB,2026-06-30 08:30:00+00:00,90.0,92.41264052220262,92.48847895229923,0.0758384300966089,3,-2.488478952299232,2.488478952299232
KOBLENZ,2026-06-30 08:30:00+00:00,90.0,83.88542797965853,83.90516643695484,0.0197384572963152,3,6.094833563045157,6.094833563045157
KONSTANZ-RHEIN,2026-06-30 08:30:00+00:00,314.0,312.15829421043946,312.0684082992721,-0.0898859111673371,3,1.9315917007278927,1.9315917007278927
Koblenz OP,2026-06-30 08:30:00+00:00,206.0,205.38711791274585,205.46275748981935,0.07563957707349757,3,0.5372425101806471,0.5372425101806471
Koblenz UP,2026-06-30 08:30:00+00:00,67.0,53.399803495389406,53.379828429766285,-0.019975065623118606,3,13.620171570233715,13.620171570233715
KÖLN,2026-06-30 08:30:00+00:00,132.0,134.00130962403276,134.01680675009507,0.015497126062305126,3,-2.0168067500950713,2.0168067500950713
LOBITH,2026-06-30 08:30:00+00:00,703.0,703.6148477904219,703.5759004582883,-0.03894733213365075,3,-0.5759004582882881,0.5759004582882881
MAINZ,2026-06-30 08:30:00+00:00,184.0,187.09335718410188,187.12294985539947,0.029592671297604456,3,-3.122949855399469,3.122949855399469
MANNHEIM,2026-06-30 08:30:00+00:00,166.0,164.97283370392086,164.97066788062617,-0.002165823294677631,3,1.0293321193738336,1.0293321193738336
MAXAU,2026-06-30 08:30:00+00:00,404.0,405.3921514552718,405.4233596592975,0.03120820402566381,3,-1.423359659297489,1.423359659297489
REES,2026-06-30 08:30:00+00:00,97.0,96.09870354964659,96.11420067570889,0.015497126062305126,3,0.8857993242911135,0.8857993242911135
RHEINE UNTERSCHLEUSE,2026-06-30 08:30:00+00:00,194.0,203.1167272431969,201.19707564319825,-1.9196515999986363,3,-7.1970756431982466,7.1970756431982466
RHEINWEILER,2026-06-30 08:30:00+00:00,223.0,222.0783236519677,221.82760552291072,-0.25071812905697977,3,1.1723944770892842,1.1723944770892842
SANKT GOAR,2026-06-30 08:30:00+00:00,182.0,188.39145692472277,188.4430792660126,0.051622341289835325,3,-6.443079266012603,6.443079266012603
SPEYER,2026-06-30 08:30:00+00:00,260.0,259.97177379651276,260.4772270014992,0.5054532049864794,3,-0.47722700149921593,0.47722700149921593
WESEL,2026-06-30 08:30:00+00:00,153.0,151.59414090439398,151.62170315275628,0.02756224836231516,3,1.3782968472437176,1.3782968472437176
WORMS,2026-06-30 08:30:00+00:00,75.0,72.5562367293003,72.54421669200433,-0.012020037295966901,3,2.4557833079956737,2.4557833079956737
DUISBURG-MEIDERICH SCHLEUSE OW,2026-06-30 08:31:00+00:00,24.98,29.759296737716248,29.734585744576574,-0.024710993139675844,3,-4.754585744576573,4.754585744576573
DUISBURG-MEIDERICH SCHLEUSE UW,2026-06-30 08:31:00+00:00,18.19,23.80143261054454,23.776721617404867,-0.024710993139675844,3,-5.586721617404866,5.586721617404866
DUISBURG-MEIDERICH SCHLEUSE OW,2026-06-30 08:32:00+00:00,24.98,29.80684528840928,29.782134295269607,-0.024710993139675844,3,-4.802134295269607,4.802134295269607
DUISBURG-MEIDERICH SCHLEUSE UW,2026-06-30 08:32:00+00:00,18.19,23.80143261054454,23.776721617404867,-0.024710993139675844,3,-5.586721617404866,5.586721617404866
DUISBURG-MEIDERICH SCHLEUSE OW,2026-06-30 08:33:00+00:00,24.99,29.80684528840928,29.782134295269607,-0.024710993139675844,3,-4.792134295269609,4.792134295269609
DUISBURG-MEIDERICH SCHLEUSE UW,2026-06-30 08:33:00+00:00,18.19,23.80143261054454,23.776721617404867,-0.024710993139675844,3,-5.586721617404866,5.586721617404866
DUISBURG-MEIDERICH SCHLEUSE OW,2026-06-30 08:34:00+00:00,24.99,29.759296737716248,29.734585744576574,-0.024710993139675844,3,-4.744585744576575,4.744585744576575
DUISBURG-MEIDERICH SCHLEUSE UW,2026-06-30 08:34:00+00:00,18.18,23.80143261054454,23.776721617404867,-0.024710993139675844,3,-5.596721617404867,5.596721617404867
Basel-Rheinhalle,2026-06-30 08:35:00+00:00,522.0,517.8211194896305,517.6759581609257,-0.14516132870479634,3,4.324041839074312,4.324041839074312
DUISBURG-MEIDERICH SCHLEUSE OW,2026-06-30 08:35:00+00:00,24.99,29.759296737716248,29.734585744576574,-0.024710993139675844,3,-4.744585744576575,4.744585744576575
DUISBURG-MEIDERICH SCHLEUSE UW,2026-06-30 08:35:00+00:00,18.18,23.80143261054454,23.776721617404867,-0.024710993139675844,3,-5.596721617404867,5.596721617404867
DUISBURG-MEIDERICH SCHLEUSE OW,2026-06-30 08:36:00+00:00,24.99,29.759296737716248,29.734585744576574,-0.024710993139675844,3,-4.744585744576575,4.744585744576575
DUISBURG-MEIDERICH SCHLEUSE UW,2026-06-30 08:36:00+00:00,18.18,23.80143261054454,23.776721617404867,-0.024710993139675844,3,-5.596721617404867,5.596721617404867
DUISBURG-MEIDERICH SCHLEUSE OW,2026-06-30 08:37:00+00:00,24.99,29.80684528840928,29.782134295269607,-0.024710993139675844,3,-4.792134295269609,4.792134295269609
DUISBURG-MEIDERICH SCHLEUSE UW,2026-06-30 08:37:00+00:00,18.18,23.80143261054454,23.776721617404867,-0.024710993139675844,3,-5.596721617404867,5.596721617404867
DUISBURG-MEIDERICH SCHLEUSE OW,2026-06-30 08:38:00+00:00,24.99,29.80684528840928,29.782134295269607,-0.024710993139675844,3,-4.792134295269609,4.792134295269609
DUISBURG-MEIDERICH SCHLEUSE UW,2026-06-30 08:38:00+00:00,18.18,23.80143261054454,23.776721617404867,-0.024710993139675844,3,-5.596721617404867,5.596721617404867
DUISBURG-MEIDERICH SCHLEUSE OW,2026-06-30 08:39:00+00:00,24.99,29.759296737716248,29.734585744576574,-0.024710993139675844,3,-4.744585744576575,4.744585744576575
DUISBURG-MEIDERICH SCHLEUSE UW,2026-06-30 08:39:00+00:00,18.18,23.80143261054454,23.776721617404867,-0.024710993139675844,3,-5.596721617404867,5.596721617404867
Basel-Rheinhalle,2026-06-30 08:40:00+00:00,523.0,517.5979772477087,517.4528159190039,-0.14516132870479634,3,5.5471840809960895,5.5471840809960895
DUISBURG-MEIDERICH SCHLEUSE OW,2026-06-30 08:40:00+00:00,24.99,29.759296737716248,29.734585744576574,-0.024710993139675844,3,-4.744585744576575,4.744585744576575
DUISBURG-MEIDERICH SCHLEUSE UW,2026-06-30 08:40:00+00:00,18.18,23.80143261054454,23.776721617404867,-0.024710993139675844,3,-5.596721617404867,5.596721617404867
LOBITH,2026-06-30 08:40:00+00:00,703.0,703.6148477904219,703.5759004582883,-0.03894733213365075,3,-0.5759004582882881,0.5759004582882881
DUISBURG-MEIDERICH SCHLEUSE OW,2026-06-30 08:41:00+00:00,24.99,29.759296737716248,29.734585744576574,-0.024710993139675844,3,-4.744585744576575,4.744585744576575
DUISBURG-MEIDERICH SCHLEUSE UW,2026-06-30 08:41:00+00:00,18.18,23.848981161237575,23.8242701680979,-0.024710993139675844,3,-5.644270168097901,5.644270168097901
DUISBURG-MEIDERICH SCHLEUSE OW,2026-06-30 08:42:00+00:00,24.99,29.759296737716248,29.734585744576574,-0.024710993139675844,3,-4.744585744576575,4.744585744576575
DUISBURG-MEIDERICH SCHLEUSE UW,2026-06-30 08:42:00+00:00,18.18,23.848981161237575,23.8242701680979,-0.024710993139675844,3,-5.644270168097901,5.644270168097901
DUISBURG-MEIDERICH SCHLEUSE OW,2026-06-30 08:43:00+00:00,24.99,29.759296737716248,29.734585744576574,-0.024710993139675844,3,-4.744585744576575,4.744585744576575
DUISBURG-MEIDERICH SCHLEUSE UW,2026-06-30 08:43:00+00:00,18.18,23.80143261054454,23.776721617404867,-0.024710993139675844,3,-5.596721617404867,5.596721617404867
DUISBURG-MEIDERICH SCHLEUSE OW,2026-06-30 08:44:00+00:00,24.99,29.759296737716248,29.734585744576574,-0.024710993139675844,3,-4.744585744576575,4.744585744576575
DUISBURG-MEIDERICH SCHLEUSE UW,2026-06-30 08:44:00+00:00,18.18,23.80143261054454,23.776721617404867,-0.024710993139675844,3,-5.596721617404867,5.596721617404867
BINGEN,2026-06-30 08:45:00+00:00,105.0,106.3209329065926,106.33593543637237,0.015002529779757962,3,-1.3359354363723668,1.3359354363723668
BONN,2026-06-30 08:45:00+00:00,137.0,139.2780086363168,139.30507628839658,0.027067652079768,3,-2.3050762883965774,2.3050762883965774
BREISACH,2026-06-30 08:45:00+00:00,193.0,189.244330229548,189.2912166433213,0.04688641377327809,3,3.7087833566787083,3.7087833566787083
Basel-Rheinhalle,2026-06-30 08:45:00+00:00,521.0,517.9057280141166,517.7605666854117,-0.14516132870479634,3,3.2394333145882683,3.2394333145882683
DUISBURG-MEIDERICH SCHLEUSE OW,2026-06-30 08:45:00+00:00,25.0,29.759296737716248,29.734585744576574,-0.024710993139675844,3,-4.734585744576574,4.734585744576574
DUISBURG-MEIDERICH SCHLEUSE UW,2026-06-30 08:45:00+00:00,18.18,23.80143261054454,23.776721617404867,-0.024710993139675844,3,-5.596721617404867,5.596721617404867
DUISBURG-RUHRORT,2026-06-30 08:45:00+00:00,215.0,214.83747608077934,214.99488765286958,0.15741157209023912,3,0.005112347130420858,0.005112347130420858
DÜSSELDORF,2026-06-30 08:45:00+00:00,82.0,84.87245131916718,84.88745384894695,0.015002529779757962,3,-2.8874538489469472,2.8874538489469472
EMMERICH,2026-06-30 08:45:00+00:00,53.0,56.624920474063565,56.63992300384332,0.015002529779757962,3,-3.6399230038433217,3.6399230038433217
IFFEZHEIM,2026-06-30 08:45:00+00:00,138.0,141.55038764907405,141.55799216390076,0.007604514826720641,3,-3.5579921639007637,3.5579921639007637
KAUB,2026-06-30 08:45:00+00:00,90.0,92.37949311220734,92.45059561478739,0.07110250258005166,3,-2.450595614787389,2.450595614787389
KOBLENZ,2026-06-30 08:45:00+00:00,90.0,84.80925535880036,84.82425788858012,0.015002529779757962,3,5.175742111419879,5.175742111419879
KONSTANZ-RHEIN,2026-06-30 08:45:00+00:00,314.0,312.9004827418916,312.86248329133673,-0.03799945055489254,3,1.13751670866327,1.13751670866327
Koblenz OP,2026-06-30 08:45:00+00:00,206.0,205.0875338922439,204.8924015891248,-0.19513230311909313,3,1.1075984108751982,1.1075984108751982
Koblenz UP,2026-06-30 08:45:00+00:00,68.0,53.62336129877013,53.638363828549885,0.015002529779757962,3,14.361636171450115,14.361636171450115
KÖLN,2026-06-30 08:45:00+00:00,132.0,134.4247567971473,134.43975932692706,0.015002529779757962,3,-2.43975932692706,2.43975932692706
MAINZ,2026-06-30 08:45:00+00:00,184.0,186.94031076164168,186.96516750542273,0.024856743781047217,3,-2.965167505422727,2.965167505422727
MANNHEIM,2026-06-30 08:45:00+00:00,167.0,165.5600175504701,165.55735713089288,-0.002660419577224793,3,1.442642869107118,1.442642869107118
MAXAU,2026-06-30 08:45:00+00:00,403.0,405.626146848863,405.58814739830814,-0.03799945055489254,3,-2.588147398308138,2.588147398308138
REES,2026-06-30 08:45:00+00:00,98.0,96.31991746820593,96.3349199979857,0.015002529779757962,3,1.6650800020143066,1.6650800020143066
RHEINE UNTERSCHLEUSE,2026-06-30 08:45:00+00:00,194.0,194.50032546588437,194.73448772140688,0.234162255522492,3,-0.7344877214068788,0.7344877214068788
RHEINWEILER,2026-06-30 08:45:00+00:00,223.0,223.20620356823616,223.19334890894578,-0.012854659290378382,3,-0.19334890894577939,0.19334890894577939
SANKT GOAR,2026-06-30 08:45:00+00:00,181.0,182.61945787834813,182.64431462212917,0.024856743781047217,3,-1.6443146221291727,1.6443146221291727
SPEYER,2026-06-30 08:45:00+00:00,261.0,260.3691233090242,260.7006035498569,0.3314802408327292,3,0.29939645014309235,0.29939645014309235
WESEL,2026-06-30 08:45:00+00:00,154.0,152.11116845335337,152.13823610543315,0.027067652079768,3,1.8617638945668489,1.8617638945668489
WORMS,2026-06-30 08:45:00+00:00,75.0,72.90730053806051,72.89478590448199,-0.012514633578514067,3,2.105214095518008,2.105214095518008
DUISBURG-MEIDERICH SCHLEUSE OW,2026-06-30 08:46:00+00:00,25.0,29.759296737716248,29.734585744576574,-0.024710993139675844,3,-4.734585744576574,4.734585744576574
DUISBURG-MEIDERICH SCHLEUSE UW,2026-06-30 08:46:00+00:00,18.19,23.80143261054454,23.776721617404867,-0.024710993139675844,3,-5.586721617404866,5.586721617404866
DUISBURG-MEIDERICH SCHLEUSE OW,2026-06-30 08:47:00+00:00,25.0,29.775531617230506,29.75082062409083,-0.024710993139675844,3,-4.7508206240908315,4.7508206240908315
DUISBURG-MEIDERICH SCHLEUSE UW,2026-06-30 08:47:00+00:00,18.19,23.848981161237575,23.8242701680979,-0.024710993139675844,3,-5.634270168097899,5.634270168097899
DUISBURG-MEIDERICH SCHLEUSE OW,2026-06-30 08:48:00+00:00,25.0,29.82308016792354,29.798369174783865,-0.024710993139675844,3,-4.798369174783865,4.798369174783865
DUISBURG-MEIDERICH SCHLEUSE UW,2026-06-30 08:48:00+00:00,18.19,23.848981161237575,23.8242701680979,-0.024710993139675844,3,-5.634270168097899,5.634270168097899
DUISBURG-MEIDERICH SCHLEUSE OW,2026-06-30 08:49:00+00:00,25.0,29.82308016792354,29.798369174783865,-0.024710993139675844,3,-4.798369174783865,4.798369174783865
DUISBURG-MEIDERICH SCHLEUSE UW,2026-06-30 08:49:00+00:00,18.19,23.80143261054454,23.776721617404867,-0.024710993139675844,3,-5.586721617404866,5.586721617404866
Basel-Rheinhalle,2026-06-30 08:50:00+00:00,520.0,517.5887909058888,517.4207612823863,-0.1680296235025613,3,2.579238717613748,2.579238717613748
DUISBURG-MEIDERICH SCHLEUSE OW,2026-06-30 08:50:00+00:00,25.0,29.775531617230506,29.75082062409083,-0.024710993139675844,3,-4.7508206240908315,4.7508206240908315
DUISBURG-MEIDERICH SCHLEUSE UW,2026-06-30 08:50:00+00:00,18.19,23.80143261054454,23.776721617404867,-0.024710993139675844,3,-5.586721617404866,5.586721617404866
LOBITH,2026-06-30 08:50:00+00:00,704.0,703.6148477904219,703.5759004582883,-0.03894733213365075,3,0.42409954171171194,0.42409954171171194
DUISBURG-MEIDERICH SCHLEUSE OW,2026-06-30 08:51:00+00:00,25.0,29.775531617230506,29.75082062409083,-0.024710993139675844,3,-4.7508206240908315,4.7508206240908315
DUISBURG-MEIDERICH SCHLEUSE UW,2026-06-30 08:51:00+00:00,18.19,23.80143261054454,23.776721617404867,-0.024710993139675844,3,-5.586721617404866,5.586721617404866
DUISBURG-MEIDERICH SCHLEUSE OW,2026-06-30 08:52:00+00:00,25.0,29.775531617230506,29.75082062409083,-0.024710993139675844,3,-4.7508206240908315,4.7508206240908315
DUISBURG-MEIDERICH SCHLEUSE UW,2026-06-30 08:52:00+00:00,18.19,23.80143261054454,23.776721617404867,-0.024710993139675844,3,-5.586721617404866,5.586721617404866
DUISBURG-MEIDERICH SCHLEUSE OW,2026-06-30 08:53:00+00:00,25.0,29.775531617230506,29.75082062409083,-0.024710993139675844,3,-4.7508206240908315,4.7508206240908315
DUISBURG-MEIDERICH SCHLEUSE UW,2026-06-30 08:53:00+00:00,18.19,23.80143261054454,23.776721617404867,-0.024710993139675844,3,-5.586721617404866,5.586721617404866
DUISBURG-MEIDERICH SCHLEUSE OW,2026-06-30 08:54:00+00:00,25.0,29.775531617230506,29.75082062409083,-0.024710993139675844,3,-4.7508206240908315,4.7508206240908315
DUISBURG-MEIDERICH SCHLEUSE UW,2026-06-30 08:54:00+00:00,18.2,23.80143261054454,23.776721617404867,-0.024710993139675844,3,-5.576721617404868,5.576721617404868
Basel-Rheinhalle,2026-06-30 08:55:00+00:00,520.0,517.8938212611636,517.725791637661,-0.1680296235025613,3,2.2742083623389817,2.2742083623389817
DUISBURG-MEIDERICH SCHLEUSE OW,2026-06-30 08:55:00+00:00,25.0,29.775531617230506,29.75082062409083,-0.024710993139675844,3,-4.7508206240908315,4.7508206240908315
DUISBURG-MEIDERICH SCHLEUSE UW,2026-06-30 08:55:00+00:00,18.2,23.80143261054454,23.776721617404867,-0.024710993139675844,3,-5.576721617404868,5.576721617404868
DUISBURG-MEIDERICH SCHLEUSE OW,2026-06-30 08:56:00+00:00,25.0,29.775531617230506,29.75082062409083,-0.024710993139675844,3,-4.7508206240908315,4.7508206240908315
DUISBURG-MEIDERICH SCHLEUSE UW,2026-06-30 08:56:00+00:00,18.2,23.80143261054454,23.776721617404867,-0.024710993139675844,3,-5.576721617404868,5.576721617404868
DUISBURG-MEIDERICH SCHLEUSE OW,2026-06-30 08:57:00+00:00,25.0,29.78270231428274,29.757991321143066,-0.024710993139675844,3,-4.757991321143066,4.757991321143066
DUISBURG-MEIDERICH SCHLEUSE UW,2026-06-30 08:57:00+00:00,18.2,23.80143261054454,23.776721617404867,-0.024710993139675844,3,-5.576721617404868,5.576721617404868
DUISBURG-MEIDERICH SCHLEUSE OW,2026-06-30 08:58:00+00:00,25.0,29.830250864975774,29.8055398718361,-0.024710993139675844,3,-4.8055398718361,4.8055398718361
DUISBURG-MEIDERICH SCHLEUSE UW,2026-06-30 08:58:00+00:00,18.2,23.80143261054454,23.776721617404867,-0.024710993139675844,3,-5.576721617404868,5.576721617404868
DUISBURG-MEIDERICH SCHLEUSE OW,2026-06-30 08:59:00+00:00,25.0,29.830250864975774,29.8055398718361,-0.024710993139675844,3,-4.8055398718361,4.8055398718361
DUISBURG-MEIDERICH SCHLEUSE UW,2026-06-30 08:59:00+00:00,18.2,23.848981161237575,23.8242701680979,-0.024710993139675844,3,-5.624270168097901,5.624270168097901
BINGEN,2026-06-30 09:00:00+00:00,104.0,106.56175925688774,106.54924462330922,-0.012514633578514067,3,-2.549244623309221,2.549244623309221
BONN,2026-06-30 09:00:00+00:00,136.0,140.16819755738607,140.16774804610756,-0.0004495112785040116,3,-4.167748046107562,4.167748046107562
BREISACH,2026-06-30 09:00:00+00:00,194.0,189.72433267561252,189.7437019260275,0.019369250415006093,3,4.256298073972488,4.256298073972488
Basel-Rheinhalle,2026-06-30 09:00:00+00:00,521.0,517.8382242938909,517.6372951669993,-0.20092912689168943,3,3.3627048330007483,3.3627048330007483
DUISBURG-MEIDERICH SCHLEUSE OW,2026-06-30 09:00:00+00:00,25.0,27.206898109202893,27.042486099991216,-0.16441200921167648,3,-2.0424860999912156,2.0424860999912156
DUISBURG-MEIDERICH SCHLEUSE UW,2026-06-30 09:00:00+00:00,18.2,21.181082007538393,21.016669998326716,-0.16441200921167648,3,-2.8166699983267165,2.8166699983267165
DUISBURG-RUHRORT,2026-06-30 09:00:00+00:00,215.0,215.46216123212136,215.6977012812604,0.23554004913905552,3,-0.6977012812604073,0.6977012812604073
DÜSSELDORF,2026-06-30 09:00:00+00:00,83.0,82.58510161504279,82.46040312875054,-0.12469848629224264,3,0.5395968712494579,0.5395968712494579
EMMERICH,2026-06-30 09:00:00+00:00,52.0,54.48754864655994,54.36285016026769,-0.12469848629224264,3,-2.3628501602676906,2.3628501602676906
IFFEZHEIM,2026-06-30 09:00:00+00:00,141.0,142.111504554754,142.09159190622245,-0.019912648531551374,3,-1.0915919062224475,1.0915919062224475
KAUB,2026-06-30 09:00:00+00:00,91.0,92.64605251752097,92.62388287650049,-0.022169641020489333,3,-1.6238828765004882,1.6238828765004882
KOBLENZ,2026-06-30 09:00:00+00:00,90.0,83.07749029441398,82.95279180812173,-0.12469848629224264,3,7.047208191878269,7.047208191878269
KONSTANZ-RHEIN,2026-06-30 09:00:00+00:00,314.0,312.36688527121214,312.1838024645544,-0.18308280665774945,3,1.8161975354456104,1.8161975354456104
Koblenz OP,2026-06-30 09:00:00+00:00,205.0,202.73065412123321,202.78749321998194,0.0568390987487345,3,2.2125067800180602,2.2125067800180602
Koblenz UP,2026-06-30 09:00:00+00:00,69.0,50.68612275002632,50.52171074081465,-0.16441200921167648,3,18.478289259185352,18.478289259185352
KÖLN,2026-06-30 09:00:00+00:00,132.0,135.06626357172573,135.0537489381472,-0.012514633578514067,3,-3.0537489381472085,3.0537489381472085
LOBITH,2026-06-30 09:00:00+00:00,703.0,704.7283200275997,704.4806804761166,-0.24763955148304087,3,-1.4806804761166177,1.4806804761166177
MAINZ,2026-06-30 09:00:00+00:00,185.0,187.4496677720384,187.44700735246118,-0.002660419577224793,3,-2.447007352461185,2.447007352461185
MANNHEIM,2026-06-30 09:00:00+00:00,166.0,164.48023015066738,164.47756973109017,-0.002660419577224793,3,1.5224302689098295,1.5224302689098295
MAXAU,2026-06-30 09:00:00+00:00,403.0,405.16992589736446,405.24740250868234,0.07747661131784925,3,-2.2474025086823417,2.2474025086823417
REES,2026-06-30 09:00:00+00:00,97.0,94.55721138263324,94.432512896341,-0.12469848629224264,3,2.567487103659005,2.567487103659005
RHEINE UNTERSCHLEUSE,2026-06-30 09:00:00+00:00,194.0,192.5253370552493,192.72840906240955,0.2030720071602364,3,1.271590937590446,1.271590937590446
RHEINWEILER,2026-06-30 09:00:00+00:00,223.0,223.42461986072578,223.40426643668653,-0.020353424039247104,3,-0.40426643668652673,0.40426643668652673
SANKT GOAR,2026-06-30 09:00:00+00:00,182.0,181.34146424698716,181.2266199746962,-0.11484427229095337,3,0.7733800253037941,0.7733800253037941
SPEYER,2026-06-30 09:00:00+00:00,260.0,259.1124896991379,259.59234550523246,0.4798558060945993,3,0.40765449476754156,0.40765449476754156
WESEL,2026-06-30 09:00:00+00:00,154.0,151.52460170883273,151.4119683448405,-0.11263336399223259,3,2.5880316551595115,2.5880316551595115
WORMS,2026-06-30 09:00:00+00:00,75.0,72.42669169141995,72.41417705784143,-0.012514633578514067,3,2.585822942158572,2.585822942158572
DUISBURG-MEIDERICH SCHLEUSE OW,2026-06-30 09:01:00+00:00,25.0,26.855443211524484,26.691525798595354,-0.16391741292912934,3,-1.6915257985953538,1.6915257985953538
DUISBURG-MEIDERICH SCHLEUSE UW,2026-06-30 09:01:00+00:00,18.2,20.63791727936711,20.47399986643798,-0.16391741292912934,3,-2.273999866437979,2.273999866437979
DUISBURG-MEIDERICH SCHLEUSE OW,2026-06-30 09:02:00+00:00,25.0,26.755473786303885,26.591556373374754,-0.16391741292912934,3,-1.591556373374754,1.591556373374754
DUISBURG-MEIDERICH SCHLEUSE UW,2026-06-30 09:02:00+00:00,18.2,20.53794785414651,20.37403044121738,-0.16391741292912934,3,-2.174030441217379,2.174030441217379
DUISBURG-MEIDERICH SCHLEUSE OW,2026-06-30 09:03:00+00:00,25.0,27.221869675984955,27.057457666773278,-0.16441200921167648,3,-2.057457666773278,2.057457666773278
DUISBURG-MEIDERICH SCHLEUSE UW,2026-06-30 09:03:00+00:00,18.2,21.252410322682564,21.087998313470887,-0.16441200921167648,3,-2.887998313470888,2.887998313470888
DUISBURG-MEIDERICH SCHLEUSE OW,2026-06-30 09:04:00+00:00,25.0,27.257628526261332,27.093216517049655,-0.16441200921167648,3,-2.0932165170496546,2.0932165170496546
DUISBURG-MEIDERICH SCHLEUSE UW,2026-06-30 09:04:00+00:00,18.21,21.28816917295894,21.123757163747264,-0.16441200921167648,3,-2.9137571637472632,2.9137571637472632
Basel-Rheinhalle,2026-06-30 09:05:00+00:00,516.0,517.3589148077066,517.1060992202024,-0.2528155875041339,3,-1.1060992202023954,1.1060992202023954
DUISBURG-MEIDERICH SCHLEUSE OW,2026-06-30 09:05:00+00:00,25.0,27.257628526261332,27.093216517049655,-0.16441200921167648,3,-2.0932165170496546,2.0932165170496546
DUISBURG-MEIDERICH SCHLEUSE UW,2026-06-30 09:05:00+00:00,18.21,21.28816917295894,21.123757163747264,-0.16441200921167648,3,-2.9137571637472632,2.9137571637472632
DUISBURG-MEIDERICH SCHLEUSE OW,2026-06-30 09:06:00+00:00,25.0,27.25457536881868,27.090163359607004,-0.16441200921167648,3,-2.090163359607004,2.090163359607004
DUISBURG-MEIDERICH SCHLEUSE UW,2026-06-30 09:06:00+00:00,18.21,21.28511601551629,21.120704006304614,-0.16441200921167648,3,-2.910704006304613,2.910704006304613
DUISBURG-MEIDERICH SCHLEUSE OW,2026-06-30 09:07:00+00:00,25.0,27.25457536881868,27.090163359607004,-0.16441200921167648,3,-2.090163359607004,2.090163359607004
DUISBURG-MEIDERICH SCHLEUSE UW,2026-06-30 09:07:00+00:00,18.21,21.28511601551629,21.120704006304614,-0.16441200921167648,3,-2.910704006304613,2.910704006304613
DUISBURG-MEIDERICH SCHLEUSE OW,2026-06-30 09:08:00+00:00,25.0,27.25457536881868,27.090163359607004,-0.16441200921167648,3,-2.090163359607004,2.090163359607004
DUISBURG-MEIDERICH SCHLEUSE UW,2026-06-30 09:08:00+00:00,18.21,21.28511601551629,21.120704006304614,-0.16441200921167648,3,-2.910704006304613,2.910704006304613
DUISBURG-MEIDERICH SCHLEUSE OW,2026-06-30 09:09:00+00:00,25.01,27.180870456099928,27.01645844688825,-0.16441200921167648,3,-2.0064584468882494,2.0064584468882494
DUISBURG-MEIDERICH SCHLEUSE UW,2026-06-30 09:09:00+00:00,18.21,21.211411102797538,21.04699909358586,-0.16441200921167648,3,-2.8369990935858596,2.8369990935858596
Basel-Rheinhalle,2026-06-30 09:10:00+00:00,514.0,517.3589148077066,517.1060992202024,-0.2528155875041339,3,-3.1060992202023954,3.1060992202023954
DUISBURG-MEIDERICH SCHLEUSE OW,2026-06-30 09:10:00+00:00,25.01,27.22841900679296,27.064006997581284,-0.16441200921167648,3,-2.0540069975812827,2.0540069975812827
DUISBURG-MEIDERICH SCHLEUSE UW,2026-06-30 09:10:00+00:00,18.21,21.211411102797538,21.04699909358586,-0.16441200921167648,3,-2.8369990935858596,2.8369990935858596
LOBITH,2026-06-30 09:10:00+00:00,704.0,704.2710628768967,703.9891055489485,-0.2819573279482356,3,0.010894451051512988,0.010894451051512988
DUISBURG-MEIDERICH SCHLEUSE OW,2026-06-30 09:11:00+00:00,25.01,27.22841900679296,27.064006997581284,-0.16441200921167648,3,-2.0540069975812827,2.0540069975812827
DUISBURG-MEIDERICH SCHLEUSE UW,2026-06-30 09:11:00+00:00,18.21,21.25895965349057,21.094547644278894,-0.16441200921167648,3,-2.884547644278893,2.884547644278893
DUISBURG-MEIDERICH SCHLEUSE OW,2026-06-30 09:12:00+00:00,25.01,27.180870456099928,27.01645844688825,-0.16441200921167648,3,-2.0064584468882494,2.0064584468882494
DUISBURG-MEIDERICH SCHLEUSE UW,2026-06-30 09:12:00+00:00,18.21,21.25895965349057,21.094547644278894,-0.16441200921167648,3,-2.884547644278893,2.884547644278893
DUISBURG-MEIDERICH SCHLEUSE OW,2026-06-30 09:13:00+00:00,25.01,27.180870456099928,27.01645844688825,-0.16441200921167648,3,-2.0064584468882494,2.0064584468882494
DUISBURG-MEIDERICH SCHLEUSE UW,2026-06-30 09:13:00+00:00,18.21,21.211411102797538,21.04699909358586,-0.16441200921167648,3,-2.8369990935858596,2.8369990935858596
DUISBURG-MEIDERICH SCHLEUSE OW,2026-06-30 09:14:00+00:00,25.01,27.180870456099928,27.01645844688825,-0.16441200921167648,3,-2.0064584468882494,2.0064584468882494
DUISBURG-MEIDERICH SCHLEUSE UW,2026-06-30 09:14:00+00:00,18.21,21.211411102797538,21.04699909358586,-0.16441200921167648,3,-2.8369990935858596,2.8369990935858596
BINGEN,2026-06-30 09:15:00+00:00,105.0,106.17094004457665,106.15892000728068,-0.012020037295966901,3,-1.1589200072806847,1.1589200072806847
BONN,2026-06-30 09:15:00+00:00,137.0,139.62937668108293,139.62942176608698,4.5085004043149895e-05,3,-2.6294217660869776,2.6294217660869776
BREISACH,2026-06-30 09:15:00+00:00,195.0,189.0556256461283,188.99751103703898,-0.0581146090893185,3,6.002488962961024,6.002488962961024
Basel-Rheinhalle,2026-06-30 09:15:00+00:00,516.0,517.4679321548224,517.2670030279307,-0.20092912689168943,3,-1.2670030279307412,1.2670030279307412
DUISBURG-MEIDERICH SCHLEUSE OW,2026-06-30 09:15:00+00:00,25.01,27.180870456099928,27.01645844688825,-0.16441200921167648,3,-2.0064584468882494,2.0064584468882494
DUISBURG-MEIDERICH SCHLEUSE UW,2026-06-30 09:15:00+00:00,18.21,21.211411102797538,21.04699909358586,-0.16441200921167648,3,-2.8369990935858596,2.8369990935858596
DUISBURG-RUHRORT,2026-06-30 09:15:00+00:00,216.0,215.41664960985187,215.5747057994866,0.15805618963473098,3,0.42529420051340594,0.42529420051340594
DÜSSELDORF,2026-06-30 09:15:00+00:00,86.0,82.43379688416765,82.30959299415795,-0.12420389000969548,3,3.6904070058420473,3.6904070058420473
EMMERICH,2026-06-30 09:15:00+00:00,53.0,53.45923745108045,53.33503356107075,-0.12420389000969548,3,-0.3350335610707518,0.3350335610707518
IFFEZHEIM,2026-06-30 09:15:00+00:00,138.0,137.6315798555084,137.60009668095938,-0.03148317454901427,3,0.39990331904061804,0.39990331904061804
KAUB,2026-06-30 09:15:00+00:00,91.0,91.98210353726469,91.96042849252675,-0.021675044737942177,3,-0.960428492526745,0.960428492526745
KOBLENZ,2026-06-30 09:15:00+00:00,91.0,80.66881655665925,80.54461266664956,-0.12420389000969548,3,10.455387333350444,10.455387333350444
KONSTANZ-RHEIN,2026-06-30 09:15:00+00:00,314.0,311.7484576763994,311.51348840912925,-0.234969267270194,3,2.486511590870748,2.486511590870748
Koblenz OP,2026-06-30 09:15:00+00:00,205.0,202.8255470815899,202.8049023208343,-0.02064476075559006,3,2.1950976791657126,2.1950976791657126
Koblenz UP,2026-06-30 09:15:00+00:00,69.0,49.724446022007974,49.560528609078844,-0.16391741292912934,3,19.439471390921156,19.439471390921156
KÖLN,2026-06-30 09:15:00+00:00,131.0,134.64399892219035,134.63197888489438,-0.012020037295966901,3,-3.63197888489438,3.63197888489438
MAINZ,2026-06-30 09:15:00+00:00,184.0,187.25149248687146,187.17134820778992,-0.08014427908154938,3,-3.1713482077899187,3.1713482077899187
MANNHEIM,2026-06-30 09:15:00+00:00,166.0,164.25412124514037,164.25195542184568,-0.002165823294677631,3,1.748044578154321,1.748044578154321
MAXAU,2026-06-30 09:15:00+00:00,403.0,404.7097809958543,404.7353711465597,0.025590150705404647,3,-1.7353711465597144,1.7353711465597144
REES,2026-06-30 09:15:00+00:00,97.0,94.01222727500249,93.88802338499279,-0.12420389000969548,3,3.111976615007208,3.111976615007208
RHEINE UNTERSCHLEUSE,2026-06-30 09:15:00+00:00,194.0,188.99612873556035,189.28115574660367,0.2850270110433351,3,4.718844253396327,4.718844253396327
RHEINWEILER,2026-06-30 09:15:00+00:00,223.0,223.09131845828466,222.99348117474108,-0.09783728354357174,3,0.006518825258922334,0.006518825258922334
SANKT GOAR,2026-06-30 09:15:00+00:00,182.0,180.94256658124124,180.75023844944596,-0.19232813179527794,3,1.249761550554041,1.249761550554041
SPEYER,2026-06-30 09:15:00+00:00,261.0,259.0267869144218,259.53224011940824,0.5054532049864794,3,1.4677598805917569,1.4677598805917569
WESEL,2026-06-30 09:15:00+00:00,153.0,151.0311261504002,150.91898738269052,-0.11213876770968542,3,2.081012617309483,2.081012617309483
WORMS,2026-06-30 09:15:00+00:00,75.0,72.07886405489346,72.06684401759749,-0.012020037295966901,3,2.9331559824025106,2.9331559824025106
DUISBURG-MEIDERICH SCHLEUSE OW,2026-06-30 09:16:00+00:00,25.01,27.180870456099928,27.01645844688825,-0.16441200921167648,3,-2.0064584468882494,2.0064584468882494
DUISBURG-MEIDERICH SCHLEUSE UW,2026-06-30 09:16:00+00:00,18.21,21.211411102797538,21.04699909358586,-0.16441200921167648,3,-2.8369990935858596,2.8369990935858596
DUISBURG-MEIDERICH SCHLEUSE OW,2026-06-30 09:17:00+00:00,25.01,27.180870456099928,27.01645844688825,-0.16441200921167648,3,-2.0064584468882494,2.0064584468882494
DUISBURG-MEIDERICH SCHLEUSE UW,2026-06-30 09:17:00+00:00,18.21,21.211411102797538,21.04699909358586,-0.16441200921167648,3,-2.8369990935858596,2.8369990935858596
DUISBURG-MEIDERICH SCHLEUSE OW,2026-06-30 09:18:00+00:00,25.01,27.180870456099928,27.01645844688825,-0.16441200921167648,3,-2.0064584468882494,2.0064584468882494
DUISBURG-MEIDERICH SCHLEUSE UW,2026-06-30 09:18:00+00:00,18.21,21.211411102797538,21.04699909358586,-0.16441200921167648,3,-2.8369990935858596,2.8369990935858596
DUISBURG-MEIDERICH SCHLEUSE OW,2026-06-30 09:19:00+00:00,25.01,27.180870456099928,27.01645844688825,-0.16441200921167648,3,-2.0064584468882494,2.0064584468882494
DUISBURG-MEIDERICH SCHLEUSE UW,2026-06-30 09:19:00+00:00,18.21,21.25895965349057,21.094547644278894,-0.16441200921167648,3,-2.884547644278893,2.884547644278893
Basel-Rheinhalle,2026-06-30 09:20:00+00:00,518.0,517.6559134579949,517.4355211938501,-0.22039226414473678,3,0.5644788061498502,0.5644788061498502
DUISBURG-MEIDERICH SCHLEUSE OW,2026-06-30 09:20:00+00:00,25.01,27.180870456099928,27.01645844688825,-0.16441200921167648,3,-2.0064584468882494,2.0064584468882494
DUISBURG-MEIDERICH SCHLEUSE UW,2026-06-30 09:20:00+00:00,18.21,21.25895965349057,21.094547644278894,-0.16441200921167648,3,-2.884547644278893,2.884547644278893
LOBITH,2026-06-30 09:20:00+00:00,704.0,704.1622744412705,703.8190858850335,-0.34318855623704003,3,0.18091411496652654,0.18091411496652654
DUISBURG-MEIDERICH SCHLEUSE OW,2026-06-30 09:21:00+00:00,25.01,27.180870456099928,27.01645844688825,-0.16441200921167648,3,-2.0064584468882494,2.0064584468882494
DUISBURG-MEIDERICH SCHLEUSE UW,2026-06-30 09:21:00+00:00,18.21,21.211411102797538,21.04699909358586,-0.16441200921167648,3,-2.8369990935858596,2.8369990935858596
DUISBURG-MEIDERICH SCHLEUSE OW,2026-06-30 09:22:00+00:00,25.01,27.180870456099928,27.01645844688825,-0.16441200921167648,3,-2.0064584468882494,2.0064584468882494
DUISBURG-MEIDERICH SCHLEUSE UW,2026-06-30 09:22:00+00:00,18.21,21.211411102797538,21.04699909358586,-0.16441200921167648,3,-2.8369990935858596,2.8369990935858596
DUISBURG-MEIDERICH SCHLEUSE OW,2026-06-30 09:23:00+00:00,25.01,27.180870456099928,27.01645844688825,-0.16441200921167648,3,-2.0064584468882494,2.0064584468882494
DUISBURG-MEIDERICH SCHLEUSE UW,2026-06-30 09:23:00+00:00,18.21,21.211411102797538,21.04699909358586,-0.16441200921167648,3,-2.8369990935858596,2.8369990935858596
DUISBURG-MEIDERICH SCHLEUSE OW,2026-06-30 09:24:00+00:00,25.01,27.180870456099928,27.01645844688825,-0.16441200921167648,3,-2.0064584468882494,2.0064584468882494
DUISBURG-MEIDERICH SCHLEUSE UW,2026-06-30 09:24:00+00:00,18.21,21.211411102797538,21.04699909358586,-0.16441200921167648,3,-2.8369990935858596,2.8369990935858596
Basel-Rheinhalle,2026-06-30 09:25:00+00:00,519.0,517.5777947833908,517.3768656564991,-0.20092912689168943,3,1.6231343435008512,1.6231343435008512
DUISBURG-MEIDERICH SCHLEUSE OW,2026-06-30 09:25:00+00:00,25.01,27.180870456099928,27.01645844688825,-0.16441200921167648,3,-2.0064584468882494,2.0064584468882494
DUISBURG-MEIDERICH SCHLEUSE UW,2026-06-30 09:25:00+00:00,18.2,21.211411102797538,21.04699909358586,-0.16441200921167648,3,-2.846999093585861,2.846999093585861
DUISBURG-MEIDERICH SCHLEUSE OW,2026-06-30 09:26:00+00:00,25.01,27.180870456099928,27.01645844688825,-0.16441200921167648,3,-2.0064584468882494,2.0064584468882494
DUISBURG-MEIDERICH SCHLEUSE UW,2026-06-30 09:26:00+00:00,18.2,21.211411102797538,21.04699909358586,-0.16441200921167648,3,-2.846999093585861,2.846999093585861
DUISBURG-MEIDERICH SCHLEUSE OW,2026-06-30 09:27:00+00:00,25.01,27.180870456099928,27.01645844688825,-0.16441200921167648,3,-2.0064584468882494,2.0064584468882494
DUISBURG-MEIDERICH SCHLEUSE UW,2026-06-30 09:27:00+00:00,18.21,21.211411102797538,21.04699909358586,-0.16441200921167648,3,-2.8369990935858596,2.8369990935858596
DUISBURG-MEIDERICH SCHLEUSE OW,2026-06-30 09:28:00+00:00,25.01,27.180870456099928,27.01645844688825,-0.16441200921167648,3,-2.0064584468882494,2.0064584468882494
DUISBURG-MEIDERICH SCHLEUSE UW,2026-06-30 09:28:00+00:00,18.21,21.211411102797538,21.04699909358586,-0.16441200921167648,3,-2.8369990935858596,2.8369990935858596
DUISBURG-MEIDERICH SCHLEUSE OW,2026-06-30 09:29:00+00:00,25.01,27.180870456099928,27.01645844688825,-0.16441200921167648,3,-2.0064584468882494,2.0064584468882494
DUISBURG-MEIDERICH SCHLEUSE UW,2026-06-30 09:29:00+00:00,18.21,21.25895965349057,21.094547644278894,-0.16441200921167648,3,-2.884547644278893,2.884547644278893
BINGEN,2026-06-30 09:30:00+00:00,105.0,105.9899862963302,105.97796625903423,-0.012020037295966901,3,-0.9779662590342326,0.9779662590342326
BONN,2026-06-30 09:30:00+00:00,136.0,139.37679704542927,139.37684213043332,4.5085004043149895e-05,3,-3.3768421304333174,3.3768421304333174
BREISACH,2026-06-30 09:30:00+00:00,195.0,188.93612257607057,188.84656493709775,-0.0895576389728298,3,6.153435062902247,6.153435062902247
Basel-Rheinhalle,2026-06-30 09:30:00+00:00,522.0,517.7261258711761,517.5251967442845,-0.20092912689168943,3,4.474803255715528,4.474803255715528
DUISBURG-MEIDERICH SCHLEUSE OW,2026-06-30 09:30:00+00:00,25.01,27.180870456099928,27.01645844688825,-0.16441200921167648,3,-2.0064584468882494,2.0064584468882494
DUISBURG-MEIDERICH SCHLEUSE UW,2026-06-30 09:30:00+00:00,18.21,21.25895965349057,21.094547644278894,-0.16441200921167648,3,-2.884547644278893,2.884547644278893
DUISBURG-RUHRORT,2026-06-30 09:30:00+00:00,216.0,215.36394236048397,215.5219985501187,0.15805618963473098,3,0.47800144988130455,0.47800144988130455
DÜSSELDORF,2026-06-30 09:30:00+00:00,86.0,83.41553842915731,83.29133453914761,-0.12420389000969548,3,2.7086654608523872,2.7086654608523872
EMMERICH,2026-06-30 09:30:00+00:00,52.0,52.813233841432485,52.649316428503354,-0.16391741292912934,3,-0.6493164285033544,0.6493164285033544
IFFEZHEIM,2026-06-30 09:30:00+00:00,136.0,137.70363735423666,137.6916173169407,-0.012020037295966901,3,-1.6916173169406932,1.6916173169406932
KAUB,2026-06-30 09:30:00+00:00,91.0,91.80114978901824,91.7794747442803,-0.021675044737942177,3,-0.779474744280293,0.779474744280293
KOBLENZ,2026-06-30 09:30:00+00:00,91.0,81.76822092207492,81.62455389481218,-0.1436670272627428,3,9.37544610518782,9.37544610518782
KONSTANZ-RHEIN,2026-06-30 09:30:00+00:00,314.0,312.2379224739467,312.0029532066765,-0.234969267270194,3,1.9970467933234772,1.9970467933234772
Koblenz OP,2026-06-30 09:30:00+00:00,206.0,203.35415295000544,203.33350818924984,-0.02064476075559006,3,2.666491810750159,2.666491810750159
Koblenz UP,2026-06-30 09:30:00+00:00,70.0,46.19852848693145,46.03461107400232,-0.16391741292912934,3,23.96538892599768,23.96538892599768
KÖLN,2026-06-30 09:30:00+00:00,131.0,134.41465497383808,134.4026349365421,-0.012020037295966901,3,-3.402634936542114,3.402634936542114
LOBITH,2026-06-30 09:30:00+00:00,703.0,703.0496741971259,702.8780853382814,-0.1715888588445295,3,0.12191466171861975,0.12191466171861975
MAINZ,2026-06-30 09:30:00+00:00,182.0,187.90550322959186,187.82535895051032,-0.08014427908154938,3,-5.825358950510321,5.825358950510321
MANNHEIM,2026-06-30 09:30:00+00:00,166.0,164.885911295166,164.88374547187132,-0.002165823294677631,3,1.1162545281286782,1.1162545281286782
MAXAU,2026-06-30 09:30:00+00:00,403.0,404.6963181520931,404.7219083027985,0.025590150705404647,3,-1.7219083027985107,1.7219083027985107
REES,2026-06-30 09:30:00+00:00,96.0,93.6381246770662,93.5139207870565,-0.12420389000969548,3,2.486079212943494,2.486079212943494
RHEINE UNTERSCHLEUSE,2026-06-30 09:30:00+00:00,194.0,189.71733231987892,189.56543981167854,-0.15189250820037445,3,4.434560188321456,4.434560188321456
RHEINWEILER,2026-06-30 09:30:00+00:00,223.0,223.50595383712033,223.45433765878684,-0.051616178333494855,3,-0.45433765878684085,0.45433765878684085
SANKT GOAR,2026-06-30 09:30:00+00:00,181.0,180.99303043448882,180.80070230269354,-0.19232813179527794,3,0.19929769730646285,0.19929769730646285
SPEYER,2026-06-30 09:30:00+00:00,261.0,259.17255612969547,259.6780093346819,0.5054532049864794,3,1.3219906653180828,1.3219906653180828
WESEL,2026-06-30 09:30:00+00:00,154.0,151.16347085020934,151.05133208249964,-0.11213876770968542,3,2.9486679175003587,2.9486679175003587
WORMS,2026-06-30 09:30:00+00:00,75.0,72.17676294748276,72.16474291018679,-0.012020037295966901,3,2.8352570898132115,2.8352570898132115
DUISBURG-MEIDERICH SCHLEUSE OW,2026-06-30 09:31:00+00:00,25.01,27.180870456099928,27.01645844688825,-0.16441200921167648,3,-2.0064584468882494,2.0064584468882494
DUISBURG-MEIDERICH SCHLEUSE UW,2026-06-30 09:31:00+00:00,18.2,21.211411102797538,21.04699909358586,-0.16441200921167648,3,-2.846999093585861,2.846999093585861
DUISBURG-MEIDERICH SCHLEUSE OW,2026-06-30 09:32:00+00:00,25.01,27.180870456099928,27.01645844688825,-0.16441200921167648,3,-2.0064584468882494,2.0064584468882494
DUISBURG-MEIDERICH SCHLEUSE UW,2026-06-30 09:32:00+00:00,18.2,21.211411102797538,21.04699909358586,-0.16441200921167648,3,-2.846999093585861,2.846999093585861
DUISBURG-MEIDERICH SCHLEUSE OW,2026-06-30 09:33:00+00:00,25.01,27.180870456099928,27.01645844688825,-0.16441200921167648,3,-2.0064584468882494,2.0064584468882494
DUISBURG-MEIDERICH SCHLEUSE UW,2026-06-30 09:33:00+00:00,18.2,21.211411102797538,21.04699909358586,-0.16441200921167648,3,-2.846999093585861,2.846999093585861
DUISBURG-MEIDERICH SCHLEUSE OW,2026-06-30 09:34:00+00:00,25.01,27.22841900679296,27.064006997581284,-0.16441200921167648,3,-2.0540069975812827,2.0540069975812827
DUISBURG-MEIDERICH SCHLEUSE UW,2026-06-30 09:34:00+00:00,18.2,21.211411102797538,21.04699909358586,-0.16441200921167648,3,-2.846999093585861,2.846999093585861
Basel-Rheinhalle,2026-06-30 09:35:00+00:00,519.0,517.9304809569769,517.7295518300853,-0.20092912689168943,3,1.2704481699147436,1.2704481699147436
DUISBURG-MEIDERICH SCHLEUSE OW,2026-06-30 09:35:00+00:00,25.01,27.22841900679296,27.064006997581284,-0.16441200921167648,3,-2.0540069975812827,2.0540069975812827
DUISBURG-MEIDERICH SCHLEUSE UW,2026-06-30 09:35:00+00:00,18.2,21.211411102797538,21.04699909358586,-0.16441200921167648,3,-2.846999093585861,2.846999093585861
DUISBURG-MEIDERICH SCHLEUSE OW,2026-06-30 09:36:00+00:00,25.01,27.180870456099928,27.01645844688825,-0.16441200921167648,3,-2.0064584468882494,2.0064584468882494
DUISBURG-MEIDERICH SCHLEUSE UW,2026-06-30 09:36:00+00:00,18.2,21.211411102797538,21.04699909358586,-0.16441200921167648,3,-2.846999093585861,2.846999093585861
DUISBURG-MEIDERICH SCHLEUSE OW,2026-06-30 09:37:00+00:00,25.01,27.180870456099928,27.01645844688825,-0.16441200921167648,3,-2.0064584468882494,2.0064584468882494
DUISBURG-MEIDERICH SCHLEUSE UW,2026-06-30 09:37:00+00:00,18.2,21.211411102797538,21.04699909358586,-0.16441200921167648,3,-2.846999093585861,2.846999093585861
DUISBURG-MEIDERICH SCHLEUSE OW,2026-06-30 09:38:00+00:00,25.01,27.180870456099928,27.01645844688825,-0.16441200921167648,3,-2.0064584468882494,2.0064584468882494
DUISBURG-MEIDERICH SCHLEUSE UW,2026-06-30 09:38:00+00:00,18.19,21.211411102797538,21.04699909358586,-0.16441200921167648,3,-2.856999093585859,2.856999093585859
DUISBURG-MEIDERICH SCHLEUSE OW,2026-06-30 09:39:00+00:00,25.01,27.180870456099928,27.01645844688825,-0.16441200921167648,3,-2.0064584468882494,2.0064584468882494
DUISBURG-MEIDERICH SCHLEUSE UW,2026-06-30 09:39:00+00:00,18.19,21.211411102797538,21.04699909358586,-0.16441200921167648,3,-2.856999093585859,2.856999093585859
Basel-Rheinhalle,2026-06-30 09:40:00+00:00,519.0,517.8991989212939,517.6982697944022,-0.20092912689168943,3,1.301730205597778,1.301730205597778
DUISBURG-MEIDERICH SCHLEUSE OW,2026-06-30 09:40:00+00:00,25.01,27.180870456099928,27.01645844688825,-0.16441200921167648,3,-2.0064584468882494,2.0064584468882494
DUISBURG-MEIDERICH SCHLEUSE UW,2026-06-30 09:40:00+00:00,18.19,21.211411102797538,21.04699909358586,-0.16441200921167648,3,-2.856999093585859,2.856999093585859
LOBITH,2026-06-30 09:40:00+00:00,704.0,703.1741177331756,703.0248338281139,-0.14928390506181968,3,0.9751661718861442,0.9751661718861442
DUISBURG-MEIDERICH SCHLEUSE OW,2026-06-30 09:41:00+00:00,25.0,27.180870456099928,27.01645844688825,-0.16441200921167648,3,-2.016458446888251,2.016458446888251
DUISBURG-MEIDERICH SCHLEUSE UW,2026-06-30 09:41:00+00:00,18.19,21.211411102797538,21.04699909358586,-0.16441200921167648,3,-2.856999093585859,2.856999093585859
DUISBURG-MEIDERICH SCHLEUSE OW,2026-06-30 09:42:00+00:00,25.0,27.180870456099928,27.01645844688825,-0.16441200921167648,3,-2.016458446888251,2.016458446888251
DUISBURG-MEIDERICH SCHLEUSE UW,2026-06-30 09:42:00+00:00,18.19,21.211411102797538,21.04699909358586,-0.16441200921167648,3,-2.856999093585859,2.856999093585859
DUISBURG-MEIDERICH SCHLEUSE OW,2026-06-30 09:43:00+00:00,25.0,27.180870456099928,27.01645844688825,-0.16441200921167648,3,-2.016458446888251,2.016458446888251
DUISBURG-MEIDERICH SCHLEUSE UW,2026-06-30 09:43:00+00:00,18.19,21.211411102797538,21.04699909358586,-0.16441200921167648,3,-2.856999093585859,2.856999093585859
DUISBURG-MEIDERICH SCHLEUSE OW,2026-06-30 09:44:00+00:00,25.0,27.180870456099928,27.01645844688825,-0.16441200921167648,3,-2.016458446888251,2.016458446888251
DUISBURG-MEIDERICH SCHLEUSE UW,2026-06-30 09:44:00+00:00,18.2,21.211411102797538,21.04699909358586,-0.16441200921167648,3,-2.846999093585861,2.846999093585861
BINGEN,2026-06-30 09:45:00+00:00,105.0,106.39591119658962,106.3833965630111,-0.012514633578514067,3,-1.3833965630111038,1.3833965630111038
BONN,2026-06-30 09:45:00+00:00,137.0,140.34472772597806,140.34427821469956,-0.0004495112785040116,3,-3.344278214699557,3.344278214699557
BREISACH,2026-06-30 09:45:00+00:00,195.0,187.680286871462,187.6656465592543,-0.014640312207688702,3,7.334353440745701,7.334353440745701
Basel-Rheinhalle,2026-06-30 09:45:00+00:00,522.0,517.5941685660191,517.3932394391275,-0.20092912689168943,3,4.606760560872544,4.606760560872544
DUISBURG-MEIDERICH SCHLEUSE OW,2026-06-30 09:45:00+00:00,25.0,27.180870456099928,27.01645844688825,-0.16441200921167648,3,-2.016458446888251,2.016458446888251
DUISBURG-MEIDERICH SCHLEUSE UW,2026-06-30 09:45:00+00:00,18.2,21.211411102797538,21.04699909358586,-0.16441200921167648,3,-2.846999093585861,2.846999093585861
DUISBURG-RUHRORT,2026-06-30 09:45:00+00:00,215.0,214.986046251,215.0732107348772,0.08716448387718531,3,-0.07321073487719332,0.07321073487719332
DÜSSELDORF,2026-06-30 09:45:00+00:00,87.0,83.89067370491537,83.76597521862313,-0.12469848629224264,3,3.234024781376874,3.234024781376874
EMMERICH,2026-06-30 09:45:00+00:00,54.0,51.78974250637813,51.62533049716646,-0.16441200921167648,3,2.374669502833541,2.374669502833541
IFFEZHEIM,2026-06-30 09:45:00+00:00,138.0,142.8053291056524,142.8048795943739,-0.0004495112785040116,3,-4.804879594373887,4.804879594373887
KAUB,2026-06-30 09:45:00+00:00,89.0,92.20707468927766,92.18490504825718,-0.022169641020489333,3,-3.1849050482571784,3.1849050482571784
KOBLENZ,2026-06-30 09:45:00+00:00,91.0,81.5570109277521,81.41284930420682,-0.14416162354529,3,9.587150695793184,9.587150695793184
KONSTANZ-RHEIN,2026-06-30 09:45:00+00:00,314.0,312.7512105908071,312.56812778414934,-0.18308280665774945,3,1.4318722158506603,1.4318722158506603
Koblenz OP,2026-06-30 09:45:00+00:00,205.0,204.80479227903743,204.86163137778615,0.0568390987487345,3,0.1383686222138465,0.1383686222138465
Koblenz UP,2026-06-30 09:45:00+00:00,70.0,46.68256402609766,46.518152016885985,-0.16441200921167648,3,23.481847983114015,23.481847983114015
KÖLN,2026-06-30 09:45:00+00:00,133.0,135.28031413661196,135.26779950303344,-0.012514633578514067,3,-2.2677995030334444,2.2677995030334444
MAINZ,2026-06-30 09:45:00+00:00,181.0,188.31901466251827,188.33838391293327,0.019369250415006093,3,-7.338383912933267,7.338383912933267
MANNHEIM,2026-06-30 09:45:00+00:00,167.0,165.51195044029902,165.5092900207218,-0.002660419577224793,3,1.4907099792781935,1.4907099792781935
MAXAU,2026-06-30 09:45:00+00:00,402.0,405.96369672387465,405.8927977699306,-0.07089895394402071,3,-3.8927977699306098,3.8927977699306098
REES,2026-06-30 09:45:00+00:00,96.0,94.65048151927537,94.52578303298313,-0.12469848629224264,3,1.474216967016872,1.474216967016872
RHEINE UNTERSCHLEUSE,2026-06-30 09:45:00+00:00,194.0,187.16568228231571,187.00007438224748,-0.1656079000682439,3,6.999925617752524,6.999925617752524
RHEINWEILER,2026-06-30 09:45:00+00:00,223.0,223.79219422778692,223.81806190895776,0.025867681170829743,3,-0.818061908957759,0.818061908957759
SANKT GOAR,2026-06-30 09:45:00+00:00,182.0,187.22482692864148,187.10998265635052,-0.11484427229095337,3,-5.109982656350525,5.109982656350525
SPEYER,2026-06-30 09:45:00+00:00,261.0,261.0568821503289,261.3883623911616,0.3314802408327292,3,-0.38836239116159277,0.38836239116159277
WESEL,2026-06-30 09:45:00+00:00,154.0,151.4317950881265,151.31916172413426,-0.11263336399223259,3,2.6808382758657388,2.6808382758657388
WORMS,2026-06-30 09:45:00+00:00,76.0,73.65210876527806,73.63959413169954,-0.012514633578514067,3,2.360405868300461,2.360405868300461
DUISBURG-MEIDERICH SCHLEUSE OW,2026-06-30 09:46:00+00:00,25.0,27.180870456099928,27.01645844688825,-0.16441200921167648,3,-2.016458446888251,2.016458446888251
DUISBURG-MEIDERICH SCHLEUSE UW,2026-06-30 09:46:00+00:00,18.2,21.211411102797538,21.04699909358586,-0.16441200921167648,3,-2.846999093585861,2.846999093585861
DUISBURG-MEIDERICH SCHLEUSE OW,2026-06-30 09:47:00+00:00,25.0,27.180870456099928,27.01645844688825,-0.16441200921167648,3,-2.016458446888251,2.016458446888251
DUISBURG-MEIDERICH SCHLEUSE UW,2026-06-30 09:47:00+00:00,18.2,21.211411102797538,21.04699909358586,-0.16441200921167648,3,-2.846999093585861,2.846999093585861
DUISBURG-MEIDERICH SCHLEUSE OW,2026-06-30 09:48:00+00:00,25.0,27.180870456099928,27.01645844688825,-0.16441200921167648,3,-2.016458446888251,2.016458446888251
DUISBURG-MEIDERICH SCHLEUSE UW,2026-06-30 09:48:00+00:00,18.2,21.211411102797538,21.04699909358586,-0.16441200921167648,3,-2.846999093585861,2.846999093585861
DUISBURG-MEIDERICH SCHLEUSE OW,2026-06-30 09:49:00+00:00,25.0,27.180870456099928,27.01645844688825,-0.16441200921167648,3,-2.016458446888251,2.016458446888251
DUISBURG-MEIDERICH SCHLEUSE UW,2026-06-30 09:49:00+00:00,18.2,21.211411102797538,21.04699909358586,-0.16441200921167648,3,-2.846999093585861,2.846999093585861
Basel-Rheinhalle,2026-06-30 09:50:00+00:00,519.0,517.6783890245381,517.4579967603934,-0.22039226414473678,3,1.542003239606629,1.542003239606629
DUISBURG-MEIDERICH SCHLEUSE OW,2026-06-30 09:50:00+00:00,25.0,27.180870456099928,27.01645844688825,-0.16441200921167648,3,-2.016458446888251,2.016458446888251
DUISBURG-MEIDERICH SCHLEUSE UW,2026-06-30 09:50:00+00:00,18.2,21.25895965349057,21.094547644278894,-0.16441200921167648,3,-2.8945476442788944,2.8945476442788944
LOBITH,2026-06-30 09:50:00+00:00,704.0,703.2350923605786,703.0858084555168,-0.14928390506181968,3,0.9141915444831739,0.9141915444831739
DUISBURG-MEIDERICH SCHLEUSE OW,2026-06-30 09:51:00+00:00,25.0,27.180870456099928,27.01645844688825,-0.16441200921167648,3,-2.016458446888251,2.016458446888251
DUISBURG-MEIDERICH SCHLEUSE UW,2026-06-30 09:51:00+00:00,18.2,21.25895965349057,21.094547644278894,-0.16441200921167648,3,-2.8945476442788944,2.8945476442788944
DUISBURG-MEIDERICH SCHLEUSE OW,2026-06-30 09:52:00+00:00,25.0,27.180870456099928,27.01645844688825,-0.16441200921167648,3,-2.016458446888251,2.016458446888251
DUISBURG-MEIDERICH SCHLEUSE UW,2026-06-30 09:52:00+00:00,18.2,21.25895965349057,21.094547644278894,-0.16441200921167648,3,-2.8945476442788944,2.8945476442788944
DUISBURG-MEIDERICH SCHLEUSE OW,2026-06-30 09:53:00+00:00,25.0,27.180870456099928,27.01645844688825,-0.16441200921167648,3,-2.016458446888251,2.016458446888251
DUISBURG-MEIDERICH SCHLEUSE UW,2026-06-30 09:53:00+00:00,18.2,21.25895965349057,21.094547644278894,-0.16441200921167648,3,-2.8945476442788944,2.8945476442788944
DUISBURG-MEIDERICH SCHLEUSE OW,2026-06-30 09:54:00+00:00,25.0,27.180870456099928,27.01645844688825,-0.16441200921167648,3,-2.016458446888251,2.016458446888251
DUISBURG-MEIDERICH SCHLEUSE UW,2026-06-30 09:54:00+00:00,18.2,21.211411102797538,21.04699909358586,-0.16441200921167648,3,-2.846999093585861,2.846999093585861
Basel-Rheinhalle,2026-06-30 09:55:00+00:00,519.0,517.9834193798129,517.7824902529212,-0.20092912689168943,3,1.2175097470787932,1.2175097470787932
DUISBURG-MEIDERICH SCHLEUSE OW,2026-06-30 09:55:00+00:00,25.0,27.180870456099928,27.01645844688825,-0.16441200921167648,3,-2.016458446888251,2.016458446888251
DUISBURG-MEIDERICH SCHLEUSE UW,2026-06-30 09:55:00+00:00,18.2,21.211411102797538,21.04699909358586,-0.16441200921167648,3,-2.846999093585861,2.846999093585861
DUISBURG-MEIDERICH SCHLEUSE OW,2026-06-30 09:56:00+00:00,25.0,27.180870456099928,27.01645844688825,-0.16441200921167648,3,-2.016458446888251,2.016458446888251
DUISBURG-MEIDERICH SCHLEUSE UW,2026-06-30 09:56:00+00:00,18.2,21.25895965349057,21.094547644278894,-0.16441200921167648,3,-2.8945476442788944,2.8945476442788944
DUISBURG-MEIDERICH SCHLEUSE OW,2026-06-30 09:57:00+00:00,25.0,27.180870456099928,27.01645844688825,-0.16441200921167648,3,-2.016458446888251,2.016458446888251
DUISBURG-MEIDERICH SCHLEUSE UW,2026-06-30 09:57:00+00:00,18.2,21.25895965349057,21.094547644278894,-0.16441200921167648,3,-2.8945476442788944,2.8945476442788944
DUISBURG-MEIDERICH SCHLEUSE OW,2026-06-30 09:58:00+00:00,25.0,27.180870456099928,27.01645844688825,-0.16441200921167648,3,-2.016458446888251,2.016458446888251
DUISBURG-MEIDERICH SCHLEUSE UW,2026-06-30 09:58:00+00:00,18.2,21.211411102797538,21.04699909358586,-0.16441200921167648,3,-2.846999093585861,2.846999093585861
DUISBURG-MEIDERICH SCHLEUSE OW,2026-06-30 09:59:00+00:00,25.0,27.180870456099928,27.01645844688825,-0.16441200921167648,3,-2.016458446888251,2.016458446888251
DUISBURG-MEIDERICH SCHLEUSE UW,2026-06-30 09:59:00+00:00,18.2,21.211411102797538,21.04699909358586,-0.16441200921167648,3,-2.846999093585861,2.846999093585861
BINGEN,2026-06-30 10:00:00+00:00,105.0,106.39591119658962,106.3833965630111,-0.012514633578514067,3,-1.3833965630111038,1.3833965630111038
BONN,2026-06-30 10:00:00+00:00,137.0,140.12495331773485,140.12450380645635,-0.0004495112785040116,3,-3.124503806456346,3.124503806456346
BREISACH,2026-06-30 10:00:00+00:00,193.0,189.22985181303937,189.25960787892393,0.02975606588455255,3,3.74039212107607,3.74039212107607
Basel-Rheinhalle,2026-06-30 10:00:00+00:00,519.0,517.8042445457802,517.6033154188885,-0.20092912689168943,3,1.396684581111458,1.396684581111458
DUISBURG-MEIDERICH SCHLEUSE OW,2026-06-30 10:00:00+00:00,25.0,27.175438166121822,27.011026156910145,-0.16441200921167648,3,-2.0110261569101446,2.0110261569101446
DUISBURG-MEIDERICH SCHLEUSE UW,2026-06-30 10:00:00+00:00,18.21,20.957912233964446,20.79350022475277,-0.16441200921167648,3,-2.5835002247527683,2.5835002247527683
DUISBURG-RUHRORT,2026-06-30 10:00:00+00:00,217.0,214.69938471821374,214.93492476735278,0.23554004913905552,3,2.0650752326472173,2.0650752326472173
DÜSSELDORF,2026-06-30 10:00:00+00:00,86.0,83.82966019669792,83.70496171040567,-0.12469848629224264,3,2.2950382895943306,2.2950382895943306
EMMERICH,2026-06-30 10:00:00+00:00,53.0,50.60249828920321,50.43808627999154,-0.16441200921167648,3,2.5619137200084623,2.5619137200084623
IFFEZHEIM,2026-06-30 10:00:00+00:00,137.0,142.27311120606717,142.42615512478324,0.15304391871607353,3,-5.426155124783236,5.426155124783236
KAUB,2026-06-30 10:00:00+00:00,90.0,92.20707468927766,92.18490504825718,-0.022169641020489333,3,-2.1849050482571784,2.1849050482571784
KOBLENZ,2026-06-30 10:00:00+00:00,92.0,82.60043148018607,82.45626985664079,-0.14416162354529,3,9.543730143359213,9.543730143359213
KONSTANZ-RHEIN,2026-06-30 10:00:00+00:00,313.0,312.8121852182101,312.62910241155237,-0.18308280665774945,3,0.3708975884476331,0.3708975884476331
Koblenz OP,2026-06-30 10:00:00+00:00,205.0,203.92595685383398,203.24475824726903,-0.6811986065649565,3,1.7552417527309672,1.7552417527309672
Koblenz UP,2026-06-30 10:00:00+00:00,70.0,46.68256402609766,46.518152016885985,-0.16441200921167648,3,23.481847983114015,23.481847983114015
KÖLN,2026-06-30 10:00:00+00:00,131.0,134.91613184390636,134.90361721032784,-0.012514633578514067,3,-3.9036172103278375,3.9036172103278375
LOBITH,2026-06-30 10:00:00+00:00,704.0,705.2018144651943,704.9764798674939,-0.22533459770033107,3,-0.9764798674939357,0.9764798674939357
MAINZ,2026-06-30 10:00:00+00:00,182.0,188.28665865371494,188.30602790412993,0.019369250415006093,3,-6.306027904129934,6.306027904129934
MANNHEIM,2026-06-30 10:00:00+00:00,167.0,164.99317444323088,164.99051402365367,-0.002660419577224793,3,2.009485976346326,2.009485976346326
MAXAU,2026-06-30 10:00:00+00:00,402.0,405.6718470184407,405.7493236297586,0.07747661131784925,3,-3.749323629758578,3.749323629758578
REES,2026-06-30 10:00:00+00:00,96.0,94.17530169402654,94.0506032077343,-0.12469848629224264,3,1.949396792265702,1.949396792265702
RHEINE UNTERSCHLEUSE,2026-06-30 10:00:00+00:00,194.0,198.5510400966449,198.23040289964237,-0.32063719700253507,3,-4.230402899642371,4.230402899642371
RHEINWEILER,2026-06-30 10:00:00+00:00,223.0,223.79219422778692,223.81806190895776,0.025867681170829743,3,-0.818061908957759,0.818061908957759
SANKT GOAR,2026-06-30 10:00:00+00:00,181.0,187.22482692864148,187.10998265635052,-0.11484427229095337,3,-6.109982656350525,6.109982656350525
SPEYER,2026-06-30 10:00:00+00:00,261.0,259.41490198343683,259.8947577895314,0.4798558060945993,3,1.1052422104685888,1.1052422104685888
WESEL,2026-06-30 10:00:00+00:00,154.0,152.0120562091385,151.89942284514626,-0.11263336399223259,3,2.100577154853738,2.100577154853738
WORMS,2026-06-30 10:00:00+00:00,75.0,72.71777929810862,72.7052646645301,-0.012514633578514067,3,2.2947353354698947,2.2947353354698947
DUISBURG-MEIDERICH SCHLEUSE OW,2026-06-30 10:01:00+00:00,25.0,26.823983268443413,26.660065855514283,-0.16391741292912934,3,-1.6600658555142829,1.6600658555142829
DUISBURG-MEIDERICH SCHLEUSE UW,2026-06-30 10:01:00+00:00,18.21,20.606457336286038,20.442539923356907,-0.16391741292912934,3,-2.2325399233569065,2.2325399233569065
DUISBURG-MEIDERICH SCHLEUSE OW,2026-06-30 10:02:00+00:00,25.0,26.56661695249479,26.40269953956566,-0.16391741292912934,3,-1.4026995395656598,1.4026995395656598
DUISBURG-MEIDERICH SCHLEUSE UW,2026-06-30 10:02:00+00:00,18.21,20.349091020337415,20.185173607408284,-0.16391741292912934,3,-1.9751736074082835,1.9751736074082835
DUISBURG-MEIDERICH SCHLEUSE OW,2026-06-30 10:03:00+00:00,25.0,26.973861100929838,26.80944909171816,-0.16441200921167648,3,-1.809449091718161,1.809449091718161
DUISBURG-MEIDERICH SCHLEUSE UW,2026-06-30 10:03:00+00:00,18.21,21.05195029832048,20.887538289108804,-0.16441200921167648,3,-2.677538289108803,2.677538289108803
DUISBURG-MEIDERICH SCHLEUSE OW,2026-06-30 10:04:00+00:00,25.0,27.001098264277186,26.83668625506551,-0.16441200921167648,3,-1.8366862550655085,1.8366862550655085
DUISBURG-MEIDERICH SCHLEUSE UW,2026-06-30 10:04:00+00:00,18.21,21.07918746166783,20.91477545245615,-0.16441200921167648,3,-2.7047754524561505,2.7047754524561505
Basel-Rheinhalle,2026-06-30 10:05:00+00:00,519.0,517.211022009357,516.9387432845998,-0.27227872475718135,3,2.061256715400191,2.061256715400191
DUISBURG-MEIDERICH SCHLEUSE OW,2026-06-30 10:05:00+00:00,24.99,26.923546534033445,26.759134524821768,-0.16441200921167648,3,-1.7691345248217694,1.7691345248217694
DUISBURG-MEIDERICH SCHLEUSE UW,2026-06-30 10:05:00+00:00,18.22,20.954087180731054,20.789675171519377,-0.16441200921167648,3,-2.5696751715193784,2.5696751715193784
DUISBURG-MEIDERICH SCHLEUSE OW,2026-06-30 10:06:00+00:00,24.99,27.376095559750414,27.211683550538737,-0.16441200921167648,3,-2.2216835505387387,2.2216835505387387
DUISBURG-MEIDERICH SCHLEUSE UW,2026-06-30 10:06:00+00:00,18.22,21.35908765575499,21.194675646543313,-0.16441200921167648,3,-2.9746756465433144,2.9746756465433144
DUISBURG-MEIDERICH SCHLEUSE OW,2026-06-30 10:07:00+00:00,24.99,27.376095559750414,27.211683550538737,-0.16441200921167648,3,-2.2216835505387387,2.2216835505387387
DUISBURG-MEIDERICH SCHLEUSE UW,2026-06-30 10:07:00+00:00,18.22,21.35908765575499,21.194675646543313,-0.16441200921167648,3,-2.9746756465433144,2.9746756465433144
DUISBURG-MEIDERICH SCHLEUSE OW,2026-06-30 10:08:00+00:00,24.99,27.32854700905738,27.164134999845704,-0.16441200921167648,3,-2.1741349998457054,2.1741349998457054
DUISBURG-MEIDERICH SCHLEUSE UW,2026-06-30 10:08:00+00:00,18.22,21.35908765575499,21.194675646543313,-0.16441200921167648,3,-2.9746756465433144,2.9746756465433144
DUISBURG-MEIDERICH SCHLEUSE OW,2026-06-30 10:09:00+00:00,24.99,27.32854700905738,27.164134999845704,-0.16441200921167648,3,-2.1741349998457054,2.1741349998457054
DUISBURG-MEIDERICH SCHLEUSE UW,2026-06-30 10:09:00+00:00,18.22,21.406636206448024,21.242224197236347,-0.16441200921167648,3,-3.0222241972363477,3.0222241972363477
Basel-Rheinhalle,2026-06-30 10:10:00+00:00,519.0,517.3057844297485,517.0553150559607,-0.2504693737878575,3,1.9446849440392953,1.9446849440392953
DUISBURG-MEIDERICH SCHLEUSE OW,2026-06-30 10:10:00+00:00,24.99,27.32854700905738,27.164134999845704,-0.16441200921167648,3,-2.1741349998457054,2.1741349998457054
DUISBURG-MEIDERICH SCHLEUSE UW,2026-06-30 10:10:00+00:00,18.22,21.406636206448024,21.242224197236347,-0.16441200921167648,3,-3.0222241972363477,3.0222241972363477
LOBITH,2026-06-30 10:10:00+00:00,705.0,704.7194353682365,704.419909356141,-0.29952601209548546,3,0.5800906438589664,0.5800906438589664
DUISBURG-MEIDERICH SCHLEUSE OW,2026-06-30 10:11:00+00:00,24.99,27.32854700905738,27.164134999845704,-0.16441200921167648,3,-2.1741349998457054,2.1741349998457054
DUISBURG-MEIDERICH SCHLEUSE UW,2026-06-30 10:11:00+00:00,18.22,21.35908765575499,21.194675646543313,-0.16441200921167648,3,-2.9746756465433144,2.9746756465433144
DUISBURG-MEIDERICH SCHLEUSE OW,2026-06-30 10:12:00+00:00,24.99,27.32854700905738,27.164134999845704,-0.16441200921167648,3,-2.1741349998457054,2.1741349998457054
DUISBURG-MEIDERICH SCHLEUSE UW,2026-06-30 10:12:00+00:00,18.22,21.35908765575499,21.194675646543313,-0.16441200921167648,3,-2.9746756465433144,2.9746756465433144
DUISBURG-MEIDERICH SCHLEUSE OW,2026-06-30 10:13:00+00:00,24.99,27.32854700905738,27.164134999845704,-0.16441200921167648,3,-2.1741349998457054,2.1741349998457054
DUISBURG-MEIDERICH SCHLEUSE UW,2026-06-30 10:13:00+00:00,18.22,21.35908765575499,21.194675646543313,-0.16441200921167648,3,-2.9746756465433144,2.9746756465433144
DUISBURG-MEIDERICH SCHLEUSE OW,2026-06-30 10:14:00+00:00,24.99,27.32854700905738,27.164134999845704,-0.16441200921167648,3,-2.1741349998457054,2.1741349998457054
DUISBURG-MEIDERICH SCHLEUSE UW,2026-06-30 10:14:00+00:00,18.23,21.35908765575499,21.194675646543313,-0.16441200921167648,3,-2.964675646543313,2.964675646543313
BINGEN,2026-06-30 10:15:00+00:00,105.0,106.35788720747941,106.35010850141745,-0.007778706061956828,3,-1.350108501417452,1.350108501417452
BONN,2026-06-30 10:15:00+00:00,137.0,139.69463962717364,139.6946847121777,4.5085004043149895e-05,3,-2.69468471217769,2.69468471217769
BREISACH,2026-06-30 10:15:00+00:00,193.0,189.35092406164736,189.28082955992758,-0.0700945017197824,3,3.7191704400724177,3.7191704400724177
Basel-Rheinhalle,2026-06-30 10:15:00+00:00,514.0,516.5499410707693,516.414704764722,-0.13523630604718886,3,-2.414704764722046,2.414704764722046
DUISBURG-MEIDERICH SCHLEUSE OW,2026-06-30 10:15:00+00:00,24.99,27.32854700905738,27.164134999845704,-0.16441200921167648,3,-2.1741349998457054,2.1741349998457054
DUISBURG-MEIDERICH SCHLEUSE UW,2026-06-30 10:15:00+00:00,18.22,21.35908765575499,21.194675646543313,-0.16441200921167648,3,-2.9746756465433144,2.9746756465433144
DUISBURG-RUHRORT,2026-06-30 10:15:00+00:00,217.0,215.47891343129325,215.63696962092797,0.15805618963473098,3,1.363030379072029,1.363030379072029
DÜSSELDORF,2026-06-30 10:15:00+00:00,87.0,82.7768502874965,82.6526463974868,-0.12420389000969548,3,4.347353602513195,4.347353602513195
EMMERICH,2026-06-30 10:15:00+00:00,53.0,49.22305959246427,49.05914217953514,-0.16391741292912934,3,3.9408578204648634,3.9408578204648634
IFFEZHEIM,2026-06-30 10:15:00+00:00,135.0,138.4228844772776,138.39564263396258,-0.027241843315004198,3,-3.3956426339625807,3.3956426339625807
KAUB,2026-06-30 10:15:00+00:00,89.0,92.16905070016745,92.15161698666351,-0.017433713503932094,3,-3.1516169866635124,3.1516169866635124
KOBLENZ,2026-06-30 10:15:00+00:00,93.0,82.40922902109345,82.26980332506471,-0.13942569602873278,3,10.730196674935286,10.730196674935286
KONSTANZ-RHEIN,2026-06-30 10:15:00+00:00,313.0,312.2988971013497,312.06392783407955,-0.234969267270194,3,0.9360721659204501,0.9360721659204501
Koblenz OP,2026-06-30 10:15:00+00:00,204.0,202.77551712820474,202.75487236744914,-0.02064476075559006,3,1.2451276325508616,1.2451276325508616
Koblenz UP,2026-06-30 10:15:00+00:00,72.0,46.45900622271694,46.29933014102182,-0.15967608169511927,3,25.70066985897818,25.70066985897818
KÖLN,2026-06-30 10:15:00+00:00,132.0,134.49386719437098,134.481847157075,-0.012020037295966901,3,-2.481847157075009,2.481847157075009
MAINZ,2026-06-30 10:15:00+00:00,181.0,188.2706117160076,188.29471689393918,0.024105177931563335,3,-7.2947168939391815,7.2947168939391815
MANNHEIM,2026-06-30 10:15:00+00:00,167.0,164.56865131556734,164.57072682350667,0.002075507939332445,3,2.429273176493325,2.429273176493325
MAXAU,2026-06-30 10:15:00+00:00,402.0,405.6846272897747,405.792437227501,0.10780993772628647,3,-3.7924372275010114,3.7924372275010114
REES,2026-06-30 10:15:00+00:00,96.0,93.72854861562413,93.60434472561444,-0.12420389000969548,3,2.395655274385561,2.395655274385561
RHEINE UNTERSCHLEUSE,2026-06-30 10:15:00+00:00,194.0,196.79809459641885,195.98903768614704,-0.8090569102718054,3,-1.989037686147043,1.989037686147043
RHEINWEILER,2026-06-30 10:15:00+00:00,223.0,223.62347720048248,223.571861022149,-0.051616178333494855,3,-0.5718610221489939,0.5718610221489939
SANKT GOAR,2026-06-30 10:15:00+00:00,182.0,187.20877999093415,187.09867164615974,-0.11010834477439613,3,-5.098671646159744,5.098671646159744
SPEYER,2026-06-30 10:15:00+00:00,262.0,259.47587661083986,259.9813298158263,0.5054532049864794,3,2.0186701841736863,2.0186701841736863
WESEL,2026-06-30 10:15:00+00:00,154.0,151.21746870574947,151.10532993803977,-0.11213876770968542,3,2.894670061960227,2.894670061960227
WORMS,2026-06-30 10:15:00+00:00,76.0,72.54093373848168,72.53315503241973,-0.007778706061956828,3,3.466844967580272,3.466844967580272
DUISBURG-MEIDERICH SCHLEUSE OW,2026-06-30 10:16:00+00:00,24.99,27.32854700905738,27.164134999845704,-0.16441200921167648,3,-2.1741349998457054,2.1741349998457054
DUISBURG-MEIDERICH SCHLEUSE UW,2026-06-30 10:16:00+00:00,18.22,21.35908765575499,21.194675646543313,-0.16441200921167648,3,-2.9746756465433144,2.9746756465433144
DUISBURG-MEIDERICH SCHLEUSE OW,2026-06-30 10:17:00+00:00,24.99,27.32854700905738,27.164134999845704,-0.16441200921167648,3,-2.1741349998457054,2.1741349998457054
DUISBURG-MEIDERICH SCHLEUSE UW,2026-06-30 10:17:00+00:00,18.22,21.35908765575499,21.194675646543313,-0.16441200921167648,3,-2.9746756465433144,2.9746756465433144
DUISBURG-MEIDERICH SCHLEUSE OW,2026-06-30 10:18:00+00:00,24.99,27.32854700905738,27.164134999845704,-0.16441200921167648,3,-2.1741349998457054,2.1741349998457054
DUISBURG-MEIDERICH SCHLEUSE UW,2026-06-30 10:18:00+00:00,18.22,21.35908765575499,21.194675646543313,-0.16441200921167648,3,-2.9746756465433144,2.9746756465433144
DUISBURG-MEIDERICH SCHLEUSE OW,2026-06-30 10:19:00+00:00,24.98,27.32854700905738,27.164134999845704,-0.16441200921167648,3,-2.1841349998457034,2.1841349998457034
DUISBURG-MEIDERICH SCHLEUSE UW,2026-06-30 10:19:00+00:00,18.22,21.35908765575499,21.194675646543313,-0.16441200921167648,3,-2.9746756465433144,2.9746756465433144
Basel-Rheinhalle,2026-06-30 10:20:00+00:00,513.0,517.0783060713311,516.8702505202393,-0.20805555109179313,3,-3.870250520239324,3.870250520239324
DUISBURG-MEIDERICH SCHLEUSE OW,2026-06-30 10:20:00+00:00,24.98,27.32854700905738,27.164134999845704,-0.16441200921167648,3,-2.1841349998457034,2.1841349998457034
DUISBURG-MEIDERICH SCHLEUSE UW,2026-06-30 10:20:00+00:00,18.23,21.35908765575499,21.194675646543313,-0.16441200921167648,3,-2.964675646543313,2.964675646543313
LOBITH,2026-06-30 10:20:00+00:00,704.0,704.332223359799,704.0502660318507,-0.2819573279482356,3,-0.05026603185069689,0.05026603185069689
DUISBURG-MEIDERICH SCHLEUSE OW,2026-06-30 10:21:00+00:00,24.98,27.32854700905738,27.164134999845704,-0.16441200921167648,3,-2.1841349998457034,2.1841349998457034
DUISBURG-MEIDERICH SCHLEUSE UW,2026-06-30 10:21:00+00:00,18.23,21.35908765575499,21.194675646543313,-0.16441200921167648,3,-2.964675646543313,2.964675646543313
DUISBURG-MEIDERICH SCHLEUSE OW,2026-06-30 10:22:00+00:00,24.98,27.32854700905738,27.164134999845704,-0.16441200921167648,3,-2.1841349998457034,2.1841349998457034
DUISBURG-MEIDERICH SCHLEUSE UW,2026-06-30 10:22:00+00:00,18.23,21.35908765575499,21.194675646543313,-0.16441200921167648,3,-2.964675646543313,2.964675646543313
DUISBURG-MEIDERICH SCHLEUSE OW,2026-06-30 10:23:00+00:00,24.98,27.32854700905738,27.164134999845704,-0.16441200921167648,3,-2.1841349998457034,2.1841349998457034
DUISBURG-MEIDERICH SCHLEUSE UW,2026-06-30 10:23:00+00:00,18.23,21.35908765575499,21.194675646543313,-0.16441200921167648,3,-2.964675646543313,2.964675646543313
DUISBURG-MEIDERICH SCHLEUSE OW,2026-06-30 10:24:00+00:00,24.98,27.32854700905738,27.164134999845704,-0.16441200921167648,3,-2.1841349998457034,2.1841349998457034
DUISBURG-MEIDERICH SCHLEUSE UW,2026-06-30 10:24:00+00:00,18.23,21.35908765575499,21.194675646543313,-0.16441200921167648,3,-2.964675646543313,2.964675646543313
Basel-Rheinhalle,2026-06-30 10:25:00+00:00,513.0,516.9565251953688,516.7361329312241,-0.22039226414473678,3,-3.7361329312241196,3.7361329312241196
DUISBURG-MEIDERICH SCHLEUSE OW,2026-06-30 10:25:00+00:00,24.98,27.32854700905738,27.164134999845704,-0.16441200921167648,3,-2.1841349998457034,2.1841349998457034
DUISBURG-MEIDERICH SCHLEUSE UW,2026-06-30 10:25:00+00:00,18.23,21.406636206448024,21.242224197236347,-0.16441200921167648,3,-3.012224197236346,3.012224197236346
DUISBURG-MEIDERICH SCHLEUSE OW,2026-06-30 10:26:00+00:00,24.98,27.32854700905738,27.164134999845704,-0.16441200921167648,3,-2.1841349998457034,2.1841349998457034
DUISBURG-MEIDERICH SCHLEUSE UW,2026-06-30 10:26:00+00:00,18.23,21.406636206448024,21.242224197236347,-0.16441200921167648,3,-3.012224197236346,3.012224197236346
DUISBURG-MEIDERICH SCHLEUSE OW,2026-06-30 10:27:00+00:00,24.98,27.32854700905738,27.164134999845704,-0.16441200921167648,3,-2.1841349998457034,2.1841349998457034
DUISBURG-MEIDERICH SCHLEUSE UW,2026-06-30 10:27:00+00:00,18.23,21.35908765575499,21.194675646543313,-0.16441200921167648,3,-2.964675646543313,2.964675646543313
DUISBURG-MEIDERICH SCHLEUSE OW,2026-06-30 10:28:00+00:00,24.98,27.32854700905738,27.164134999845704,-0.16441200921167648,3,-2.1841349998457034,2.1841349998457034
DUISBURG-MEIDERICH SCHLEUSE UW,2026-06-30 10:28:00+00:00,18.23,21.35908765575499,21.194675646543313,-0.16441200921167648,3,-2.964675646543313,2.964675646543313
DUISBURG-MEIDERICH SCHLEUSE OW,2026-06-30 10:29:00+00:00,24.98,27.32854700905738,27.164134999845704,-0.16441200921167648,3,-2.1841349998457034,2.1841349998457034
DUISBURG-MEIDERICH SCHLEUSE UW,2026-06-30 10:29:00+00:00,18.23,21.35908765575499,21.194675646543313,-0.16441200921167648,3,-2.964675646543313,2.964675646543313
BINGEN,2026-06-30 10:30:00+00:00,104.0,106.02485314908093,106.01707444301897,-0.007778706061956828,3,-2.01707444301897,2.01707444301897
BONN,2026-06-30 10:30:00+00:00,137.0,139.39859238317462,139.39863746817866,4.5085004043149895e-05,3,-2.398637468178663,2.398637468178663
BREISACH,2026-06-30 10:30:00+00:00,196.0,189.88170037825967,189.8116058765399,-0.0700945017197824,3,6.188394123460114,6.188394123460114
Basel-Rheinhalle,2026-06-30 10:30:00+00:00,513.0,516.6514948400941,516.4505657132024,-0.20092912689168943,3,-3.4505657132024226,3.4505657132024226
DUISBURG-MEIDERICH SCHLEUSE OW,2026-06-30 10:30:00+00:00,24.98,27.376095559750414,27.211683550538737,-0.16441200921167648,3,-2.2316835505387367,2.2316835505387367
DUISBURG-MEIDERICH SCHLEUSE UW,2026-06-30 10:30:00+00:00,18.23,21.406636206448024,21.242224197236347,-0.16441200921167648,3,-3.012224197236346,3.012224197236346
DUISBURG-RUHRORT,2026-06-30 10:30:00+00:00,217.0,215.13983308240236,215.29788927203708,0.15805618963473098,3,1.7021107279629177,1.7021107279629177
DÜSSELDORF,2026-06-30 10:30:00+00:00,88.0,82.51643081410522,82.39222692409552,-0.12420389000969548,3,5.6077730759044755,5.6077730759044755
EMMERICH,2026-06-30 10:30:00+00:00,53.0,48.96264011907301,48.79872270614388,-0.16391741292912934,3,4.201277293856123,4.201277293856123
IFFEZHEIM,2026-06-30 10:30:00+00:00,136.0,142.59234577834965,142.57716905733466,-0.015176721014994132,3,-6.5771690573346575,6.5771690573346575
KAUB,2026-06-30 10:30:00+00:00,90.0,91.83601664176896,91.81858292826503,-0.017433713503932094,3,-1.8185829282650303,1.8185829282650303
KOBLENZ,2026-06-30 10:30:00+00:00,92.0,82.22559391912449,82.08616822309575,-0.13942569602873278,3,9.913831776904246,9.913831776904246
KONSTANZ-RHEIN,2026-06-30 10:30:00+00:00,313.0,312.2988971013497,312.06392783407955,-0.234969267270194,3,0.9360721659204501,0.9360721659204501
Koblenz OP,2026-06-30 10:30:00+00:00,204.0,203.07852626680122,203.05788150604562,-0.02064476075559006,3,0.9421184939543821,0.9421184939543821
Koblenz UP,2026-06-30 10:30:00+00:00,72.0,46.23100448101387,46.07132839931875,-0.15967608169511927,3,25.92867160068125,25.92867160068125
KÖLN,2026-06-30 10:30:00+00:00,130.0,134.3210442699564,134.30902423266042,-0.012020037295966901,3,-4.30902423266042,4.30902423266042
LOBITH,2026-06-30 10:30:00+00:00,705.0,703.1489054098637,703.019084642055,-0.12982076780877233,3,1.9809153579450367,1.9809153579450367
MAINZ,2026-06-30 10:30:00+00:00,180.0,187.93757765760904,187.93965316554838,0.002075507939332445,3,-7.939653165548378,7.939653165548378
MANNHEIM,2026-06-30 10:30:00+00:00,167.0,164.69959375099168,164.70166925893102,0.002075507939332445,3,2.2983307410689804,2.2983307410689804
MAXAU,2026-06-30 10:30:00+00:00,401.0,405.4816792560994,405.5894891938257,0.10780993772628647,3,-4.589489193825727,4.589489193825727
REES,2026-06-30 10:30:00+00:00,96.0,93.46812914223285,93.34392525222316,-0.12420389000969548,3,2.6560747477768416,2.6560747477768416
RHEINE UNTERSCHLEUSE,2026-06-30 10:30:00+00:00,194.0,191.67887508437224,191.08253185732747,-0.5963432270447644,3,2.917468142672533,2.917468142672533
RHEINWEILER,2026-06-30 10:30:00+00:00,223.0,223.62347720048248,223.571861022149,-0.051616178333494855,3,-0.5718610221489939,0.5718610221489939
SANKT GOAR,2026-06-30 10:30:00+00:00,182.0,186.84338992373225,186.73328157895784,-0.11010834477439613,3,-4.733281578957843,4.733281578957843
SPEYER,2026-06-30 10:30:00+00:00,262.0,259.486912057319,259.99236526230544,0.5054532049864794,3,2.007634737694559,2.007634737694559
WESEL,2026-06-30 10:30:00+00:00,154.0,151.38770181491026,151.27556304720056,-0.11213876770968542,3,2.7244369527994365,2.7244369527994365
WORMS,2026-06-30 10:30:00+00:00,76.0,72.49702057555575,72.4892418694938,-0.007778706061956828,3,3.510758130506204,3.510758130506204
DUISBURG-MEIDERICH SCHLEUSE OW,2026-06-30 10:31:00+00:00,24.98,27.376095559750414,27.211683550538737,-0.16441200921167648,3,-2.2316835505387367,2.2316835505387367
DUISBURG-MEIDERICH SCHLEUSE UW,2026-06-30 10:31:00+00:00,18.23,21.406636206448024,21.242224197236347,-0.16441200921167648,3,-3.012224197236346,3.012224197236346
DUISBURG-MEIDERICH SCHLEUSE OW,2026-06-30 10:32:00+00:00,24.98,27.32854700905738,27.164134999845704,-0.16441200921167648,3,-2.1841349998457034,2.1841349998457034
DUISBURG-MEIDERICH SCHLEUSE UW,2026-06-30 10:32:00+00:00,18.23,21.35908765575499,21.194675646543313,-0.16441200921167648,3,-2.964675646543313,2.964675646543313
DUISBURG-MEIDERICH SCHLEUSE OW,2026-06-30 10:33:00+00:00,24.98,27.32854700905738,27.164134999845704,-0.16441200921167648,3,-2.1841349998457034,2.1841349998457034
DUISBURG-MEIDERICH SCHLEUSE UW,2026-06-30 10:33:00+00:00,18.23,21.35908765575499,21.194675646543313,-0.16441200921167648,3,-2.964675646543313,2.964675646543313
DUISBURG-MEIDERICH SCHLEUSE OW,2026-06-30 10:34:00+00:00,24.98,27.32854700905738,27.164134999845704,-0.16441200921167648,3,-2.1841349998457034,2.1841349998457034
DUISBURG-MEIDERICH SCHLEUSE UW,2026-06-30 10:34:00+00:00,18.22,21.35908765575499,21.194675646543313,-0.16441200921167648,3,-2.9746756465433144,2.9746756465433144
Basel-Rheinhalle,2026-06-30 10:35:00+00:00,514.0,516.620212804411,516.4192836775194,-0.20092912689168943,3,-2.419283677519388,2.419283677519388
DUISBURG-MEIDERICH SCHLEUSE OW,2026-06-30 10:35:00+00:00,24.98,27.32854700905738,27.164134999845704,-0.16441200921167648,3,-2.1841349998457034,2.1841349998457034
DUISBURG-MEIDERICH SCHLEUSE UW,2026-06-30 10:35:00+00:00,18.23,21.35908765575499,21.194675646543313,-0.16441200921167648,3,-2.964675646543313,2.964675646543313
DUISBURG-MEIDERICH SCHLEUSE OW,2026-06-30 10:36:00+00:00,24.98,27.32854700905738,27.164134999845704,-0.16441200921167648,3,-2.1841349998457034,2.1841349998457034
DUISBURG-MEIDERICH SCHLEUSE UW,2026-06-30 10:36:00+00:00,18.23,21.35908765575499,21.194675646543313,-0.16441200921167648,3,-2.964675646543313,2.964675646543313
DUISBURG-MEIDERICH SCHLEUSE OW,2026-06-30 10:37:00+00:00,24.98,27.32854700905738,27.164134999845704,-0.16441200921167648,3,-2.1841349998457034,2.1841349998457034
DUISBURG-MEIDERICH SCHLEUSE UW,2026-06-30 10:37:00+00:00,18.23,21.35908765575499,21.194675646543313,-0.16441200921167648,3,-2.964675646543313,2.964675646543313
DUISBURG-MEIDERICH SCHLEUSE OW,2026-06-30 10:38:00+00:00,24.97,27.32854700905738,27.164134999845704,-0.16441200921167648,3,-2.194134999845705,2.194134999845705
DUISBURG-MEIDERICH SCHLEUSE UW,2026-06-30 10:38:00+00:00,18.23,21.35908765575499,21.194675646543313,-0.16441200921167648,3,-2.964675646543313,2.964675646543313
DUISBURG-MEIDERICH SCHLEUSE OW,2026-06-30 10:39:00+00:00,24.97,27.32854700905738,27.164134999845704,-0.16441200921167648,3,-2.194134999845705,2.194134999845705
DUISBURG-MEIDERICH SCHLEUSE UW,2026-06-30 10:39:00+00:00,18.22,21.40499264696599,21.240580637754313,-0.16441200921167648,3,-3.020580637754314,3.020580637754314
Basel-Rheinhalle,2026-06-30 10:40:00+00:00,515.0,516.931906059935,516.7561914415573,-0.175714618377648,3,-1.7561914415573483,1.7561914415573483
DUISBURG-MEIDERICH SCHLEUSE OW,2026-06-30 10:40:00+00:00,24.97,27.32854700905738,27.164134999845704,-0.16441200921167648,3,-2.194134999845705,2.194134999845705
DUISBURG-MEIDERICH SCHLEUSE UW,2026-06-30 10:40:00+00:00,18.22,21.40499264696599,21.240580637754313,-0.16441200921167648,3,-3.020580637754314,3.020580637754314
LOBITH,2026-06-30 10:40:00+00:00,703.0,703.176142573211,703.0045537143665,-0.1715888588445295,3,-0.004553714366466011,0.004553714366466011
DUISBURG-MEIDERICH SCHLEUSE OW,2026-06-30 10:41:00+00:00,24.97,27.32854700905738,27.164134999845704,-0.16441200921167648,3,-2.194134999845705,2.194134999845705
DUISBURG-MEIDERICH SCHLEUSE UW,2026-06-30 10:41:00+00:00,18.23,21.40499264696599,21.240580637754313,-0.16441200921167648,3,-3.0105806377543125,3.0105806377543125
DUISBURG-MEIDERICH SCHLEUSE OW,2026-06-30 10:42:00+00:00,24.97,27.32854700905738,27.164134999845704,-0.16441200921167648,3,-2.194134999845705,2.194134999845705
DUISBURG-MEIDERICH SCHLEUSE UW,2026-06-30 10:42:00+00:00,18.23,21.357444096272957,21.19303208706128,-0.16441200921167648,3,-2.963032087061279,2.963032087061279
DUISBURG-MEIDERICH SCHLEUSE OW,2026-06-30 10:43:00+00:00,24.97,27.325344544456684,27.160932535245006,-0.16441200921167648,3,-2.1909325352450075,2.1909325352450075
DUISBURG-MEIDERICH SCHLEUSE UW,2026-06-30 10:43:00+00:00,18.23,21.357444096272957,21.19303208706128,-0.16441200921167648,3,-2.963032087061279,2.963032087061279
DUISBURG-MEIDERICH SCHLEUSE OW,2026-06-30 10:44:00+00:00,24.97,27.372893095149717,27.20848108593804,-0.16441200921167648,3,-2.238481085938041,2.238481085938041
DUISBURG-MEIDERICH SCHLEUSE UW,2026-06-30 10:44:00+00:00,18.23,21.357444096272957,21.19303208706128,-0.16441200921167648,3,-2.963032087061279,2.963032087061279
BINGEN,2026-06-30 10:45:00+00:00,105.0,106.06287713819114,106.05036250461262,-0.012514633578514067,3,-1.0503625046126217,1.0503625046126217
BONN,2026-06-30 10:45:00+00:00,137.0,140.33452311272072,140.3340736014422,-0.0004495112785040116,3,-3.3340736014422134,3.3340736014422134
BREISACH,2026-06-30 10:45:00+00:00,194.0,188.04320444882998,188.0285641366223,-0.014640312207688702,3,5.971435863377707,5.971435863377707
Basel-Rheinhalle,2026-06-30 10:45:00+00:00,514.0,516.7299674132574,516.5519065811635,-0.17806083209392448,3,-2.5519065811635073,2.5519065811635073
DUISBURG-MEIDERICH SCHLEUSE OW,2026-06-30 10:45:00+00:00,24.97,27.372893095149717,27.20848108593804,-0.16441200921167648,3,-2.238481085938041,2.238481085938041
DUISBURG-MEIDERICH SCHLEUSE UW,2026-06-30 10:45:00+00:00,18.23,21.40499264696599,21.240580637754313,-0.16441200921167648,3,-3.0105806377543125,3.0105806377543125
DUISBURG-RUHRORT,2026-06-30 10:45:00+00:00,216.0,214.10925364057212,214.1964181244493,0.08716448387718531,3,1.803581875550691,1.803581875550691
DÜSSELDORF,2026-06-30 10:45:00+00:00,86.0,83.12752037077087,83.00282188447862,-0.12469848629224264,3,2.997178115521379,2.997178115521379
EMMERICH,2026-06-30 10:45:00+00:00,53.0,44.25238000357827,44.08796799436659,-0.16441200921167648,3,8.912032005633407,8.912032005633407
IFFEZHEIM,2026-06-30 10:45:00+00:00,137.0,139.68099371844787,139.66108106991632,-0.019912648531551374,3,-2.661081069916321,2.661081069916321
KAUB,2026-06-30 10:45:00+00:00,89.0,91.93366858618475,91.91149894516427,-0.022169641020489333,3,-2.9114989451642685,2.9114989451642685
KOBLENZ,2026-06-30 10:45:00+00:00,93.0,82.17719082512932,82.05249233883707,-0.12469848629224264,3,10.94750766116293,10.94750766116293
KONSTANZ-RHEIN,2026-06-30 10:45:00+00:00,313.0,312.7821965174152,312.5991137107574,-0.18308280665774945,3,0.4008862892425782,0.4008862892425782
Koblenz OP,2026-06-30 10:45:00+00:00,203.0,202.95292504191485,202.2717264353499,-0.6811986065649565,3,0.7282735646500953,0.7282735646500953
Koblenz UP,2026-06-30 10:45:00+00:00,72.0,46.44833256554042,46.283920556328745,-0.16441200921167648,3,25.716079443671255,25.716079443671255
KÖLN,2026-06-30 10:45:00+00:00,131.0,135.15470348172758,135.14218884814906,-0.012514633578514067,3,-4.142188848149061,4.142188848149061
MAINZ,2026-06-30 10:45:00+00:00,180.0,187.95362459531637,187.95096417573916,-0.002660419577224793,3,-7.950964175739159,7.950964175739159
MANNHEIM,2026-06-30 10:45:00+00:00,167.0,165.55111193184885,165.54845151227164,-0.002660419577224793,3,1.4515484877283598,1.4515484877283598
MAXAU,2026-06-30 10:45:00+00:00,401.0,406.7030241392729,406.63212518532885,-0.07089895394402071,3,-5.632125185328846,5.632125185328846
REES,2026-06-30 10:45:00+00:00,96.0,94.44848603343941,94.32378754714716,-0.12469848629224264,3,1.6762124528528375,1.6762124528528375
RHEINE UNTERSCHLEUSE,2026-06-30 10:45:00+00:00,195.0,183.63747716897112,183.09658813143844,-0.5408890375326709,3,11.903411868561562,11.903411868561562
RHEINWEILER,2026-06-30 10:45:00+00:00,223.0,223.90971759114908,223.9355852723199,0.025867681170829743,3,-0.9355852723199121,0.9355852723199121
SANKT GOAR,2026-06-30 10:45:00+00:00,181.0,186.85943686143958,186.74459258914862,-0.11484427229095337,3,-5.744592589148624,5.744592589148624
SPEYER,2026-06-30 10:45:00+00:00,263.0,261.0271967297134,261.3586769705461,0.3314802408327292,3,1.641323029453872,1.641323029453872
WESEL,2026-06-30 10:45:00+00:00,155.0,151.85349657795834,151.7408632139661,-0.11263336399223259,3,3.259136786033906,3.259136786033906
WORMS,2026-06-30 10:45:00+00:00,77.0,73.53965217209377,73.52713753851525,-0.012514633578514067,3,3.472862461484752,3.472862461484752
DUISBURG-MEIDERICH SCHLEUSE OW,2026-06-30 10:46:00+00:00,24.97,27.325344544456684,27.160932535245006,-0.16441200921167648,3,-2.1909325352450075,2.1909325352450075
DUISBURG-MEIDERICH SCHLEUSE UW,2026-06-30 10:46:00+00:00,18.23,21.40499264696599,21.240580637754313,-0.16441200921167648,3,-3.0105806377543125,3.0105806377543125
DUISBURG-MEIDERICH SCHLEUSE OW,2026-06-30 10:47:00+00:00,24.97,27.325344544456684,27.160932535245006,-0.16441200921167648,3,-2.1909325352450075,2.1909325352450075
DUISBURG-MEIDERICH SCHLEUSE UW,2026-06-30 10:47:00+00:00,18.23,21.357444096272957,21.19303208706128,-0.16441200921167648,3,-2.963032087061279,2.963032087061279
DUISBURG-MEIDERICH SCHLEUSE OW,2026-06-30 10:48:00+00:00,24.97,27.325344544456684,27.160932535245006,-0.16441200921167648,3,-2.1909325352450075,2.1909325352450075
DUISBURG-MEIDERICH SCHLEUSE UW,2026-06-30 10:48:00+00:00,18.23,21.357444096272957,21.19303208706128,-0.16441200921167648,3,-2.963032087061279,2.963032087061279
DUISBURG-MEIDERICH SCHLEUSE OW,2026-06-30 10:49:00+00:00,24.97,27.325344544456684,27.160932535245006,-0.16441200921167648,3,-2.1909325352450075,2.1909325352450075
DUISBURG-MEIDERICH SCHLEUSE UW,2026-06-30 10:49:00+00:00,18.23,21.357444096272957,21.19303208706128,-0.16441200921167648,3,-2.963032087061279,2.963032087061279
Basel-Rheinhalle,2026-06-30 10:50:00+00:00,514.0,516.9279635708189,516.7270344439272,-0.20092912689168943,3,-2.7270344439272094,2.7270344439272094
DUISBURG-MEIDERICH SCHLEUSE OW,2026-06-30 10:50:00+00:00,24.97,27.325344544456684,27.160932535245006,-0.16441200921167648,3,-2.1909325352450075,2.1909325352450075
DUISBURG-MEIDERICH SCHLEUSE UW,2026-06-30 10:50:00+00:00,18.22,21.357444096272957,21.19303208706128,-0.16441200921167648,3,-2.9730320870612807,2.9730320870612807
LOBITH,2026-06-30 10:50:00+00:00,703.0,703.176142573211,703.0045537143665,-0.1715888588445295,3,-0.004553714366466011,0.004553714366466011
DUISBURG-MEIDERICH SCHLEUSE OW,2026-06-30 10:51:00+00:00,24.97,27.325344544456684,27.160932535245006,-0.16441200921167648,3,-2.1909325352450075,2.1909325352450075
DUISBURG-MEIDERICH SCHLEUSE UW,2026-06-30 10:51:00+00:00,18.22,21.357444096272957,21.19303208706128,-0.16441200921167648,3,-2.9730320870612807,2.9730320870612807
DUISBURG-MEIDERICH SCHLEUSE OW,2026-06-30 10:52:00+00:00,24.96,27.325344544456684,27.160932535245006,-0.16441200921167648,3,-2.2009325352450055,2.2009325352450055
DUISBURG-MEIDERICH SCHLEUSE UW,2026-06-30 10:52:00+00:00,18.22,21.357444096272957,21.19303208706128,-0.16441200921167648,3,-2.9730320870612807,2.9730320870612807
DUISBURG-MEIDERICH SCHLEUSE OW,2026-06-30 10:53:00+00:00,24.96,27.325344544456684,27.160932535245006,-0.16441200921167648,3,-2.2009325352450055,2.2009325352450055
DUISBURG-MEIDERICH SCHLEUSE UW,2026-06-30 10:53:00+00:00,18.22,21.357444096272957,21.19303208706128,-0.16441200921167648,3,-2.9730320870612807,2.9730320870612807
DUISBURG-MEIDERICH SCHLEUSE OW,2026-06-30 10:54:00+00:00,24.96,27.325344544456684,27.160932535245006,-0.16441200921167648,3,-2.2009325352450055,2.2009325352450055
DUISBURG-MEIDERICH SCHLEUSE UW,2026-06-30 10:54:00+00:00,18.22,21.357444096272957,21.19303208706128,-0.16441200921167648,3,-2.9730320870612807,2.9730320870612807
Basel-Rheinhalle,2026-06-30 10:55:00+00:00,517.0,517.1075766942871,516.8871844301424,-0.22039226414473678,3,0.11281556985761654,0.11281556985761654
DUISBURG-MEIDERICH SCHLEUSE OW,2026-06-30 10:55:00+00:00,24.96,27.325344544456684,27.160932535245006,-0.16441200921167648,3,-2.2009325352450055,2.2009325352450055
DUISBURG-MEIDERICH SCHLEUSE UW,2026-06-30 10:55:00+00:00,18.22,21.357444096272957,21.19303208706128,-0.16441200921167648,3,-2.9730320870612807,2.9730320870612807
DUISBURG-MEIDERICH SCHLEUSE OW,2026-06-30 10:56:00+00:00,24.96,27.325344544456684,27.160932535245006,-0.16441200921167648,3,-2.2009325352450055,2.2009325352450055
DUISBURG-MEIDERICH SCHLEUSE UW,2026-06-30 10:56:00+00:00,18.22,21.357444096272957,21.19303208706128,-0.16441200921167648,3,-2.9730320870612807,2.9730320870612807
DUISBURG-MEIDERICH SCHLEUSE OW,2026-06-30 10:57:00+00:00,24.96,27.325344544456684,27.160932535245006,-0.16441200921167648,3,-2.2009325352450055,2.2009325352450055
DUISBURG-MEIDERICH SCHLEUSE UW,2026-06-30 10:57:00+00:00,18.22,21.357444096272957,21.19303208706128,-0.16441200921167648,3,-2.9730320870612807,2.9730320870612807
DUISBURG-MEIDERICH SCHLEUSE OW,2026-06-30 10:58:00+00:00,24.96,27.325344544456684,27.160932535245006,-0.16441200921167648,3,-2.2009325352450055,2.2009325352450055
DUISBURG-MEIDERICH SCHLEUSE UW,2026-06-30 10:58:00+00:00,18.22,21.357444096272957,21.19303208706128,-0.16441200921167648,3,-2.9730320870612807,2.9730320870612807
DUISBURG-MEIDERICH SCHLEUSE OW,2026-06-30 10:59:00+00:00,24.96,27.325344544456684,27.160932535245006,-0.16441200921167648,3,-2.2009325352450055,2.2009325352450055
DUISBURG-MEIDERICH SCHLEUSE UW,2026-06-30 10:59:00+00:00,18.22,21.40499264696599,21.240580637754313,-0.16441200921167648,3,-3.020580637754314,3.020580637754314
BINGEN,2026-06-30 11:00:00+00:00,105.0,105.9882792226324,105.97576458905388,-0.012514633578514067,3,-0.9757645890538811,0.9757645890538811
BONN,2026-06-30 11:00:00+00:00,137.0,140.18295799955388,140.18250848827537,-0.0004495112785040116,3,-3.1825084882753742,3.1825084882753742
BREISACH,2026-06-30 11:00:00+00:00,193.0,190.27931177626832,190.28670113405286,0.007389357784542187,3,2.713298865947138,2.713298865947138
Basel-Rheinhalle,2026-06-30 11:00:00+00:00,514.0,517.2473556618802,517.0464265349885,-0.20092912689168943,3,-3.046426534988541,3.046426534988541
DUISBURG-MEIDERICH SCHLEUSE OW,2026-06-30 11:00:00+00:00,24.96,27.256772964169823,27.092360954958146,-0.16441200921167648,3,-2.132360954958145,2.132360954958145
DUISBURG-MEIDERICH SCHLEUSE UW,2026-06-30 11:00:00+00:00,18.22,21.232515767623987,21.06810375841231,-0.16441200921167648,3,-2.848103758412311,2.848103758412311
DUISBURG-RUHRORT,2026-06-30 11:00:00+00:00,217.0,215.5375148883711,215.7354795233974,0.19796463502628778,3,1.2645204766025984,1.2645204766025984
DÜSSELDORF,2026-06-30 11:00:00+00:00,87.0,82.68507628807767,82.56037780178542,-0.12469848629224264,3,4.439622198214579,4.439622198214579
EMMERICH,2026-06-30 11:00:00+00:00,53.0,49.62345738564827,49.4590453764366,-0.16441200921167648,3,3.540954623563401,3.540954623563401
IFFEZHEIM,2026-06-30 11:00:00+00:00,135.0,142.51450060035884,142.4945879518273,-0.019912648531551374,3,-7.494587951827299,7.494587951827299
KAUB,2026-06-30 11:00:00+00:00,89.0,96.9682546222144,96.94608498119392,-0.022169641020489333,3,-7.94608498119392,7.94608498119392
KOBLENZ,2026-06-30 11:00:00+00:00,94.0,82.05651504305361,81.93181655676136,-0.12469848629224264,3,12.068183443238638,12.068183443238638
KONSTANZ-RHEIN,2026-06-30 11:00:00+00:00,314.0,312.7821965174152,312.5991137107574,-0.18308280665774945,3,1.4008862892425782,1.4008862892425782
Koblenz OP,2026-06-30 11:00:00+00:00,204.0,202.8797739520941,201.71987168209714,-1.1599022699969515,3,2.2801283179028644,2.2801283179028644
Koblenz UP,2026-06-30 11:00:00+00:00,74.0,46.74936197216182,46.738443392944724,-0.010918579217099064,3,27.261556607055276,27.261556607055276
KÖLN,2026-06-30 11:00:00+00:00,131.0,135.02045942865954,135.00794479508102,-0.012514633578514067,3,-4.007944795081016,4.007944795081016
LOBITH,2026-06-30 11:00:00+00:00,703.0,706.3704237354561,706.1227841839731,-0.24763955148304087,3,-3.1227841839730672,3.1227841839730672
MAINZ,2026-06-30 11:00:00+00:00,180.0,187.9859806041197,187.9833201845425,-0.002660419577224793,3,-7.983320184542492,7.983320184542492
MANNHEIM,2026-06-30 11:00:00+00:00,167.0,161.35762204643765,161.3501315426346,-0.0074905038030367195,3,5.649868457365386,5.649868457365386
MAXAU,2026-06-30 11:00:00+00:00,401.0,405.4754312180291,405.55290782934696,0.07747661131784925,3,-4.552907829346964,4.552907829346964
REES,2026-06-30 11:00:00+00:00,97.0,94.03549499635074,93.91079651005849,-0.12469848629224264,3,3.089203489941511,3.089203489941511
RHEINE UNTERSCHLEUSE,2026-06-30 11:00:00+00:00,195.0,194.79699901444283,193.99505650232214,-0.8019425121206788,3,1.004943497677857,1.004943497677857
RHEINWEILER,2026-06-30 11:00:00+00:00,223.0,223.90971759114908,223.9355852723199,0.025867681170829743,3,-0.9355852723199121,0.9355852723199121
SANKT GOAR,2026-06-30 11:00:00+00:00,181.0,186.8917928702429,186.77694859795196,-0.11484427229095337,3,-5.776948597951957,5.776948597951957
SPEYER,2026-06-30 11:00:00+00:00,261.0,259.4409485591403,259.92080436523486,0.4798558060945993,3,1.0791956347651421,1.0791956347651421
WESEL,2026-06-30 11:00:00+00:00,154.0,151.8091672028153,151.69653383882306,-0.11263336399223259,3,2.3034661611769423,2.3034661611769423
WORMS,2026-06-30 11:00:00+00:00,76.0,72.46342824467051,72.45091361109199,-0.012514633578514067,3,3.549086388908009,3.549086388908009
DUISBURG-MEIDERICH SCHLEUSE OW,2026-06-30 11:01:00+00:00,24.96,27.12322543759507,26.96354935589995,-0.15967608169511927,3,-2.003549355899949,2.003549355899949
DUISBURG-MEIDERICH SCHLEUSE UW,2026-06-30 11:01:00+00:00,18.22,21.098968241049235,20.939292159354117,-0.15967608169511927,3,-2.7192921593541186,2.7192921593541186
DUISBURG-MEIDERICH SCHLEUSE OW,2026-06-30 11:02:00+00:00,24.95,27.106990558080813,26.947314476385692,-0.15967608169511927,3,-1.997314476385693,1.997314476385693
DUISBURG-MEIDERICH SCHLEUSE UW,2026-06-30 11:02:00+00:00,18.22,20.880488924625,20.72081284292988,-0.15967608169511927,3,-2.500812842929882,2.500812842929882
DUISBURG-MEIDERICH SCHLEUSE OW,2026-06-30 11:03:00+00:00,24.95,27.484356779583674,27.319944770371997,-0.16441200921167648,3,-2.3699447703719976,2.3699447703719976
DUISBURG-MEIDERICH SCHLEUSE UW,2026-06-30 11:03:00+00:00,18.22,21.48514266022117,21.320730651009494,-0.16441200921167648,3,-3.1007306510094956,3.1007306510094956
DUISBURG-MEIDERICH SCHLEUSE OW,2026-06-30 11:04:00+00:00,24.95,27.484356779583674,27.319944770371997,-0.16441200921167648,3,-2.3699447703719976,2.3699447703719976
DUISBURG-MEIDERICH SCHLEUSE UW,2026-06-30 11:04:00+00:00,18.22,21.532691210914205,21.368279201702528,-0.16441200921167648,3,-3.148279201702529,3.148279201702529
Basel-Rheinhalle,2026-06-30 11:05:00+00:00,514.0,516.9232293434727,516.6704137559685,-0.2528155875041339,3,-2.670413755968525,2.670413755968525
DUISBURG-MEIDERICH SCHLEUSE OW,2026-06-30 11:05:00+00:00,24.95,27.379179490419467,27.21476748120779,-0.16441200921167648,3,-2.264767481207791,2.264767481207791
DUISBURG-MEIDERICH SCHLEUSE UW,2026-06-30 11:05:00+00:00,18.22,21.47506247244303,21.310650463231354,-0.16441200921167648,3,-3.0906504632313556,3.0906504632313556
DUISBURG-MEIDERICH SCHLEUSE OW,2026-06-30 11:06:00+00:00,24.95,27.32677848643353,27.162366477221852,-0.16441200921167648,3,-2.2123664772218525,2.2123664772218525
DUISBURG-MEIDERICH SCHLEUSE UW,2026-06-30 11:06:00+00:00,18.22,21.422661468457093,21.258249459245416,-0.16441200921167648,3,-3.0382494592454172,3.0382494592454172
DUISBURG-MEIDERICH SCHLEUSE OW,2026-06-30 11:07:00+00:00,24.95,27.32677848643353,27.162366477221852,-0.16441200921167648,3,-2.2123664772218525,2.2123664772218525
DUISBURG-MEIDERICH SCHLEUSE UW,2026-06-30 11:07:00+00:00,18.22,21.422661468457093,21.258249459245416,-0.16441200921167648,3,-3.0382494592454172,3.0382494592454172
DUISBURG-MEIDERICH SCHLEUSE OW,2026-06-30 11:08:00+00:00,24.95,27.32677848643353,27.162366477221852,-0.16441200921167648,3,-2.2123664772218525,2.2123664772218525
DUISBURG-MEIDERICH SCHLEUSE UW,2026-06-30 11:08:00+00:00,18.22,21.37511291776406,21.210700908552383,-0.16441200921167648,3,-2.990700908552384,2.990700908552384
DUISBURG-MEIDERICH SCHLEUSE OW,2026-06-30 11:09:00+00:00,24.95,27.32677848643353,27.162366477221852,-0.16441200921167648,3,-2.2123664772218525,2.2123664772218525
DUISBURG-MEIDERICH SCHLEUSE UW,2026-06-30 11:09:00+00:00,18.22,21.37511291776406,21.210700908552383,-0.16441200921167648,3,-2.990700908552384,2.990700908552384
Basel-Rheinhalle,2026-06-30 11:10:00+00:00,512.0,517.2640151602401,516.9739825354131,-0.2900326248270004,3,-4.973982535413143,4.973982535413143
DUISBURG-MEIDERICH SCHLEUSE OW,2026-06-30 11:10:00+00:00,24.95,27.32677848643353,27.162366477221852,-0.16441200921167648,3,-2.2123664772218525,2.2123664772218525
DUISBURG-MEIDERICH SCHLEUSE UW,2026-06-30 11:10:00+00:00,18.22,21.37511291776406,21.210700908552383,-0.16441200921167648,3,-2.990700908552384,2.990700908552384
LOBITH,2026-06-30 11:10:00+00:00,703.0,706.5690667699597,706.3935286359208,-0.17553813403884647,3,-3.393528635920802,3.393528635920802
DUISBURG-MEIDERICH SCHLEUSE OW,2026-06-30 11:11:00+00:00,24.95,27.32677848643353,27.162366477221852,-0.16441200921167648,3,-2.2123664772218525,2.2123664772218525
DUISBURG-MEIDERICH SCHLEUSE UW,2026-06-30 11:11:00+00:00,18.22,21.37511291776406,21.210700908552383,-0.16441200921167648,3,-2.990700908552384,2.990700908552384
DUISBURG-MEIDERICH SCHLEUSE OW,2026-06-30 11:12:00+00:00,24.95,27.32677848643353,27.162366477221852,-0.16441200921167648,3,-2.2123664772218525,2.2123664772218525
DUISBURG-MEIDERICH SCHLEUSE UW,2026-06-30 11:12:00+00:00,18.22,21.37511291776406,21.210700908552383,-0.16441200921167648,3,-2.990700908552384,2.990700908552384
DUISBURG-MEIDERICH SCHLEUSE OW,2026-06-30 11:13:00+00:00,24.95,27.32677848643353,27.162366477221852,-0.16441200921167648,3,-2.2123664772218525,2.2123664772218525
DUISBURG-MEIDERICH SCHLEUSE UW,2026-06-30 11:13:00+00:00,18.22,21.37511291776406,21.210700908552383,-0.16441200921167648,3,-2.990700908552384,2.990700908552384
DUISBURG-MEIDERICH SCHLEUSE OW,2026-06-30 11:14:00+00:00,24.95,27.32677848643353,27.162366477221852,-0.16441200921167648,3,-2.2123664772218525,2.2123664772218525
DUISBURG-MEIDERICH SCHLEUSE UW,2026-06-30 11:14:00+00:00,18.22,21.37511291776406,21.210700908552383,-0.16441200921167648,3,-2.990700908552384,2.990700908552384
BINGEN,2026-06-30 11:15:00+00:00,105.0,105.70695089780764,105.69493086051168,-0.012020037295966901,3,-0.6949308605116755,0.6949308605116755
BONN,2026-06-30 11:15:00+00:00,137.0,140.16549341531154,140.1697798315496,0.004286416238053227,3,-3.16977983154959,3.16977983154959
BREISACH,2026-06-30 11:15:00+00:00,196.0,190.32745044955536,190.33957573485645,0.012125285301099426,3,5.660424265143547,5.660424265143547
Basel-Rheinhalle,2026-06-30 11:15:00+00:00,511.0,517.3966493257507,517.2061078980666,-0.19054142768399285,3,-6.206107898066648,6.206107898066648
DUISBURG-MEIDERICH SCHLEUSE OW,2026-06-30 11:15:00+00:00,24.95,27.32677848643353,27.162366477221852,-0.16441200921167648,3,-2.2123664772218525,2.2123664772218525
DUISBURG-MEIDERICH SCHLEUSE UW,2026-06-30 11:15:00+00:00,18.22,21.422661468457093,21.258249459245416,-0.16441200921167648,3,-3.0382494592454172,3.0382494592454172
DUISBURG-RUHRORT,2026-06-30 11:15:00+00:00,217.0,216.58151016788796,216.71401631020598,0.13250614231800767,3,0.28598368979402267,0.28598368979402267
DÜSSELDORF,2026-06-30 11:15:00+00:00,87.0,81.70091192032952,81.58094936155383,-0.1199625587756854,3,5.419050638446166,5.419050638446166
EMMERICH,2026-06-30 11:15:00+00:00,54.0,49.6481393627624,49.48846328106728,-0.15967608169511927,3,4.511536718932717,4.511536718932717
IFFEZHEIM,2026-06-30 11:15:00+00:00,133.0,142.10598071690706,142.1060258019111,4.5085004043149895e-05,3,-9.106025801911102,9.106025801911102
KAUB,2026-06-30 11:15:00+00:00,90.0,91.47710786402155,91.4554328192836,-0.021675044737942177,3,-1.455432819283601,1.455432819283601
KOBLENZ,2026-06-30 11:15:00+00:00,94.0,79.92267234946948,79.79846845945978,-0.12420389000969548,3,14.201531540540216,14.201531540540216
KONSTANZ-RHEIN,2026-06-30 11:15:00+00:00,313.0,312.27616587312906,312.0411966058589,-0.234969267270194,3,0.958803394141114,0.958803394141114
Koblenz OP,2026-06-30 11:15:00+00:00,203.0,202.63113923016567,201.33790691448021,-1.2932323156854564,3,1.6620930855197855,1.6620930855197855
Koblenz UP,2026-06-30 11:15:00+00:00,73.0,46.0716631779151,45.99076616365222,-0.08089701426287965,3,27.009233836347782,27.009233836347782
KÖLN,2026-06-30 11:15:00+00:00,131.0,131.47308054379502,131.4523519966358,-0.02072854715921062,4,-0.45235199663579806,0.45235199663579806
MAINZ,2026-06-30 11:15:00+00:00,180.0,183.32582887258417,183.2059099480281,-0.11991892455606736,4,-3.2059099480281077,3.2059099480281077
MANNHEIM,2026-06-30 11:15:00+00:00,168.0,165.11063865233623,164.98904302601716,-0.12159562631906563,4,3.010956973982843,3.010956973982843
MAXAU,2026-06-30 11:15:00+00:00,401.0,401.1857059671161,401.0564874528106,-0.12921851430554276,4,-0.05648745281058609,0.05648745281058609
REES,2026-06-30 11:15:00+00:00,98.0,95.7151314615221,95.65206156823292,-0.06306989328917743,4,2.3479384317670764,2.3479384317670764
RHEINE UNTERSCHLEUSE,2026-06-30 11:15:00+00:00,195.0,196.34215561681765,195.56713220731842,-0.7750234094992252,4,-0.5671322073184228,0.5671322073184228
RHEINWEILER,2026-06-30 11:15:00+00:00,224.0,222.71877038936714,222.60679931707506,-0.11197107229206722,4,1.3932006829249417,1.3932006829249417
SANKT GOAR,2026-06-30 11:15:00+00:00,181.0,181.9579080356413,181.99441731518294,0.03650927954163198,4,-0.9944173151829432,0.9944173151829432
SPEYER,2026-06-30 11:15:00+00:00,262.0,261.2375531694958,261.06800473847716,-0.1695484310186758,4,0.9319952615228431,0.9319952615228431
WESEL,2026-06-30 11:15:00+00:00,156.0,152.8261576188721,152.7911451503322,-0.035012468539877724,4,3.2088548496678015,3.2088548496678015
WORMS,2026-06-30 11:15:00+00:00,77.0,75.25016043231766,75.22348849293415,-0.026671939383498742,4,1.7765115070658481,1.7765115070658481
DUISBURG-MEIDERICH SCHLEUSE OW,2026-06-30 11:16:00+00:00,24.95,24.986028066135407,24.986352835044574,0.00032476890916541506,4,-0.03635283504457476,0.03635283504457476
DUISBURG-MEIDERICH SCHLEUSE UW,2026-06-30 11:16:00+00:00,18.22,18.347073472580018,18.347398241489184,0.00032476890916541506,4,-0.12739824148918544,0.12739824148918544
DUISBURG-MEIDERICH SCHLEUSE OW,2026-06-30 11:17:00+00:00,24.95,25.087440012185336,25.087764781094503,0.00032476890916541506,4,-0.13776478109450352,0.13776478109450352
DUISBURG-MEIDERICH SCHLEUSE UW,2026-06-30 11:17:00+00:00,18.22,18.268276384618254,18.26860115352742,0.00032476890916541506,4,-0.04860115352742156,0.04860115352742156
DUISBURG-MEIDERICH SCHLEUSE OW,2026-06-30 11:18:00+00:00,24.95,25.087440012185336,25.087764781094503,0.00032476890916541506,4,-0.13776478109450352,0.13776478109450352
DUISBURG-MEIDERICH SCHLEUSE UW,2026-06-30 11:18:00+00:00,18.23,18.268276384618254,18.26860115352742,0.00032476890916541506,4,-0.038601153527419996,0.038601153527419996
DUISBURG-MEIDERICH SCHLEUSE OW,2026-06-30 11:19:00+00:00,24.95,24.973371500165882,24.97369626907505,0.00032476890916541506,4,-0.023696269075049514,0.023696269075049514
DUISBURG-MEIDERICH SCHLEUSE UW,2026-06-30 11:19:00+00:00,18.23,18.268276384618254,18.26860115352742,0.00032476890916541506,4,-0.038601153527419996,0.038601153527419996
Basel-Rheinhalle,2026-06-30 11:20:00+00:00,514.0,515.3027089406629,515.3633786394095,0.06066969874657283,4,-1.3633786394094614,1.3633786394094614
DUISBURG-MEIDERICH SCHLEUSE OW,2026-06-30 11:20:00+00:00,24.95,24.973371500165882,24.97369626907505,0.00032476890916541506,4,-0.023696269075049514,0.023696269075049514
DUISBURG-MEIDERICH SCHLEUSE UW,2026-06-30 11:20:00+00:00,18.23,18.268276384618254,18.26860115352742,0.00032476890916541506,4,-0.038601153527419996,0.038601153527419996
LOBITH,2026-06-30 11:20:00+00:00,704.0,703.1271320999927,703.0183780504095,-0.10875404958307225,4,0.9816219495904761,0.9816219495904761
DUISBURG-MEIDERICH SCHLEUSE OW,2026-06-30 11:21:00+00:00,24.94,24.973371500165882,24.97369626907505,0.00032476890916541506,4,-0.033696269075047525,0.033696269075047525
DUISBURG-MEIDERICH SCHLEUSE UW,2026-06-30 11:21:00+00:00,18.23,18.268276384618254,18.26860115352742,0.00032476890916541506,4,-0.038601153527419996,0.038601153527419996
DUISBURG-MEIDERICH SCHLEUSE OW,2026-06-30 11:22:00+00:00,24.94,24.973371500165882,24.97369626907505,0.00032476890916541506,4,-0.033696269075047525,0.033696269075047525
DUISBURG-MEIDERICH SCHLEUSE UW,2026-06-30 11:22:00+00:00,18.23,18.268276384618254,18.26860115352742,0.00032476890916541506,4,-0.038601153527419996,0.038601153527419996
DUISBURG-MEIDERICH SCHLEUSE OW,2026-06-30 11:23:00+00:00,24.94,24.973371500165882,24.97369626907505,0.00032476890916541506,4,-0.033696269075047525,0.033696269075047525
DUISBURG-MEIDERICH SCHLEUSE UW,2026-06-30 11:23:00+00:00,18.23,18.268276384618254,18.26860115352742,0.00032476890916541506,4,-0.038601153527419996,0.038601153527419996
DUISBURG-MEIDERICH SCHLEUSE OW,2026-06-30 11:24:00+00:00,24.94,24.973371500165882,24.97369626907505,0.00032476890916541506,4,-0.033696269075047525,0.033696269075047525
DUISBURG-MEIDERICH SCHLEUSE UW,2026-06-30 11:24:00+00:00,18.23,18.268276384618254,18.26860115352742,0.00032476890916541506,4,-0.038601153527419996,0.038601153527419996
Basel-Rheinhalle,2026-06-30 11:25:00+00:00,513.0,515.0938675353974,515.0182356586638,-0.07563187673363421,4,-2.018235658663798,2.018235658663798
DUISBURG-MEIDERICH SCHLEUSE OW,2026-06-30 11:25:00+00:00,24.94,24.973371500165882,24.97369626907505,0.00032476890916541506,4,-0.033696269075047525,0.033696269075047525
DUISBURG-MEIDERICH SCHLEUSE UW,2026-06-30 11:25:00+00:00,18.23,18.268276384618254,18.26860115352742,0.00032476890916541506,4,-0.038601153527419996,0.038601153527419996
DUISBURG-MEIDERICH SCHLEUSE OW,2026-06-30 11:26:00+00:00,24.94,24.973371500165882,24.97369626907505,0.00032476890916541506,4,-0.033696269075047525,0.033696269075047525
DUISBURG-MEIDERICH SCHLEUSE UW,2026-06-30 11:26:00+00:00,18.23,18.268276384618254,18.26860115352742,0.00032476890916541506,4,-0.038601153527419996,0.038601153527419996
DUISBURG-MEIDERICH SCHLEUSE OW,2026-06-30 11:27:00+00:00,24.94,25.07478344621581,25.075108215124978,0.00032476890916541506,4,-0.13510821512497628,0.13510821512497628
DUISBURG-MEIDERICH SCHLEUSE UW,2026-06-30 11:27:00+00:00,18.23,18.268276384618254,18.26860115352742,0.00032476890916541506,4,-0.038601153527419996,0.038601153527419996
DUISBURG-MEIDERICH SCHLEUSE OW,2026-06-30 11:28:00+00:00,24.94,25.07478344621581,25.075108215124978,0.00032476890916541506,4,-0.13510821512497628,0.13510821512497628
DUISBURG-MEIDERICH SCHLEUSE UW,2026-06-30 11:28:00+00:00,18.23,18.268276384618254,18.26860115352742,0.00032476890916541506,4,-0.038601153527419996,0.038601153527419996
DUISBURG-MEIDERICH SCHLEUSE OW,2026-06-30 11:29:00+00:00,24.94,24.973371500165882,24.97369626907505,0.00032476890916541506,4,-0.033696269075047525,0.033696269075047525
DUISBURG-MEIDERICH SCHLEUSE UW,2026-06-30 11:29:00+00:00,18.23,18.268276384618254,18.26860115352742,0.00032476890916541506,4,-0.038601153527419996,0.038601153527419996
BINGEN,2026-06-30 11:30:00+00:00,104.0,105.50919106789752,105.52041549404997,0.011224426152449198,4,-1.5204154940499706,1.5204154940499706
BONN,2026-06-30 11:30:00+00:00,138.0,136.59697296897474,136.57624442181552,-0.02072854715921062,4,1.4237555781844833,1.4237555781844833
BREISACH,2026-06-30 11:30:00+00:00,195.0,194.20448420673802,194.31972483476048,0.11524062802245173,4,0.6802751652395216,0.6802751652395216
Basel-Rheinhalle,2026-06-30 11:30:00+00:00,513.0,514.9624522674752,514.9573390421048,-0.005113225370496846,4,-1.9573390421047634,1.9573390421047634
DUISBURG-MEIDERICH SCHLEUSE OW,2026-06-30 11:30:00+00:00,24.94,24.973371500165882,24.97369626907505,0.00032476890916541506,4,-0.033696269075047525,0.033696269075047525
DUISBURG-MEIDERICH SCHLEUSE UW,2026-06-30 11:30:00+00:00,18.23,18.268276384618254,18.26860115352742,0.00032476890916541506,4,-0.038601153527419996,0.038601153527419996
DUISBURG-RUHRORT,2026-06-30 11:30:00+00:00,217.0,216.9147386503434,216.8957639615177,-0.01897468882569234,4,0.10423603848229845,0.10423603848229845
DÜSSELDORF,2026-06-30 11:30:00+00:00,88.0,88.69114393446752,88.8754070978924,0.184263163424882,4,-0.8754070978924062,0.8754070978924062
EMMERICH,2026-06-30 11:30:00+00:00,54.0,58.16566439997832,58.51323006094587,0.3475656609675558,4,-4.513230060945872,4.513230060945872
IFFEZHEIM,2026-06-30 11:30:00+00:00,136.0,135.24717915937933,135.29385396211023,0.0466748027309135,4,0.7061460378897664,0.7061460378897664
KAUB,2026-06-30 11:30:00+00:00,90.0,91.02194491826133,91.2558006833478,0.23385576508647907,4,-1.2558006833478004,1.2558006833478004
KOBLENZ,2026-06-30 11:30:00+00:00,95.0,89.89839864320015,90.2489719857723,0.35057334257215017,4,4.7510280142277,4.7510280142277
KONSTANZ-RHEIN,2026-06-30 11:30:00+00:00,314.0,312.5778808975296,312.533202018768,-0.04467887876161337,4,1.4667979812319913,1.4667979812319913
Koblenz OP,2026-06-30 11:30:00+00:00,203.0,203.3134164096985,202.8630672813014,-0.4503491283971037,4,0.13693271869860268,0.13693271869860268
Koblenz UP,2026-06-30 11:30:00+00:00,73.0,70.46033498493345,71.35866239961837,0.8983274146849102,4,1.6413376003816325,1.6413376003816325
KÖLN,2026-06-30 11:30:00+00:00,130.0,131.70229271145385,131.68156416429463,-0.02072854715921062,4,-1.6815641642946275,1.6815641642946275
LOBITH,2026-06-30 11:30:00+00:00,703.0,702.9706821009466,702.8733971591441,-0.09728494180251004,4,0.12660284085586682,0.12660284085586682
MAINZ,2026-06-30 11:30:00+00:00,179.0,184.91319836940016,184.8274716900085,-0.08572667939165883,4,-5.827471690008508,5.827471690008508
MANNHEIM,2026-06-30 11:30:00+00:00,169.0,165.15653086090683,165.0416588808942,-0.11487198001262978,4,3.9583411191057962,3.9583411191057962
MAXAU,2026-06-30 11:30:00+00:00,400.0,401.1857059671161,401.0564874528106,-0.12921851430554276,4,-1.056487452810586,1.056487452810586
REES,2026-06-30 11:30:00+00:00,97.0,95.72505375600728,95.6619838627181,-0.06306989328917743,4,1.3380161372818975,1.3380161372818975
RHEINE UNTERSCHLEUSE,2026-06-30 11:30:00+00:00,195.0,195.5947771544405,195.06136206454883,-0.533415089891651,4,-0.061362064548831086,0.061362064548831086
RHEINWEILER,2026-06-30 11:30:00+00:00,223.0,222.25136077218502,222.13938969989294,-0.11197107229206722,4,0.8606103001070551,0.8606103001070551
SANKT GOAR,2026-06-30 11:30:00+00:00,181.0,190.33143924612858,190.7609922454772,0.42955299934862395,4,-9.760992245477212,9.760992245477212
SPEYER,2026-06-30 11:30:00+00:00,262.0,261.3089298913135,261.36405045379183,0.055120562478336736,4,0.6359495462081668,0.6359495462081668
WESEL,2026-06-30 11:30:00+00:00,154.0,152.8570112546169,153.05549445923063,0.19848320461370864,4,0.9445055407693701,0.9445055407693701
WORMS,2026-06-30 11:30:00+00:00,76.0,75.23216221029776,75.20549027091425,-0.026671939383498742,4,0.7945097290857461,0.7945097290857461
DUISBURG-MEIDERICH SCHLEUSE OW,2026-06-30 11:31:00+00:00,24.94,24.973371500165882,24.97369626907505,0.00032476890916541506,4,-0.033696269075047525,0.033696269075047525
DUISBURG-MEIDERICH SCHLEUSE UW,2026-06-30 11:31:00+00:00,18.23,18.268276384618254,18.26860115352742,0.00032476890916541506,4,-0.038601153527419996,0.038601153527419996
DUISBURG-MEIDERICH SCHLEUSE OW,2026-06-30 11:32:00+00:00,24.94,24.973371500165882,24.97369626907505,0.00032476890916541506,4,-0.033696269075047525,0.033696269075047525
DUISBURG-MEIDERICH SCHLEUSE UW,2026-06-30 11:32:00+00:00,18.23,18.268276384618254,18.26860115352742,0.00032476890916541506,4,-0.038601153527419996,0.038601153527419996
DUISBURG-MEIDERICH SCHLEUSE OW,2026-06-30 11:33:00+00:00,24.94,24.973371500165882,24.97369626907505,0.00032476890916541506,4,-0.033696269075047525,0.033696269075047525
DUISBURG-MEIDERICH SCHLEUSE UW,2026-06-30 11:33:00+00:00,18.23,18.268276384618254,18.26860115352742,0.00032476890916541506,4,-0.038601153527419996,0.038601153527419996
DUISBURG-MEIDERICH SCHLEUSE OW,2026-06-30 11:34:00+00:00,24.94,24.973371500165882,24.97369626907505,0.00032476890916541506,4,-0.033696269075047525,0.033696269075047525
DUISBURG-MEIDERICH SCHLEUSE UW,2026-06-30 11:34:00+00:00,18.23,18.268276384618254,18.26860115352742,0.00032476890916541506,4,-0.038601153527419996,0.038601153527419996
Basel-Rheinhalle,2026-06-30 11:35:00+00:00,516.0,514.695248801933,514.7183560583538,0.02310725642090344,4,1.2816439416461662,1.2816439416461662
DUISBURG-MEIDERICH SCHLEUSE OW,2026-06-30 11:35:00+00:00,24.94,24.973371500165882,24.97369626907505,0.00032476890916541506,4,-0.033696269075047525,0.033696269075047525
DUISBURG-MEIDERICH SCHLEUSE UW,2026-06-30 11:35:00+00:00,18.23,18.268276384618254,18.26860115352742,0.00032476890916541506,4,-0.038601153527419996,0.038601153527419996
DUISBURG-MEIDERICH SCHLEUSE OW,2026-06-30 11:36:00+00:00,24.94,24.973371500165882,24.97369626907505,0.00032476890916541506,4,-0.033696269075047525,0.033696269075047525
DUISBURG-MEIDERICH SCHLEUSE UW,2026-06-30 11:36:00+00:00,18.23,18.268276384618254,18.26860115352742,0.00032476890916541506,4,-0.038601153527419996,0.038601153527419996
DUISBURG-MEIDERICH SCHLEUSE OW,2026-06-30 11:37:00+00:00,24.93,24.973371500165882,24.97369626907505,0.00032476890916541506,4,-0.04369626907504909,0.04369626907504909
DUISBURG-MEIDERICH SCHLEUSE UW,2026-06-30 11:37:00+00:00,18.23,18.268276384618254,18.26860115352742,0.00032476890916541506,4,-0.038601153527419996,0.038601153527419996
DUISBURG-MEIDERICH SCHLEUSE OW,2026-06-30 11:38:00+00:00,24.93,24.973371500165882,24.97369626907505,0.00032476890916541506,4,-0.04369626907504909,0.04369626907504909
DUISBURG-MEIDERICH SCHLEUSE UW,2026-06-30 11:38:00+00:00,18.23,18.268276384618254,18.26860115352742,0.00032476890916541506,4,-0.038601153527419996,0.038601153527419996
DUISBURG-MEIDERICH SCHLEUSE OW,2026-06-30 11:39:00+00:00,24.93,24.973371500165882,24.97369626907505,0.00032476890916541506,4,-0.04369626907504909,0.04369626907504909
DUISBURG-MEIDERICH SCHLEUSE UW,2026-06-30 11:39:00+00:00,18.23,18.268276384618254,18.26860115352742,0.00032476890916541506,4,-0.038601153527419996,0.038601153527419996
Basel-Rheinhalle,2026-06-30 11:40:00+00:00,515.0,515.6919999884688,515.8905296977215,0.19852970925269525,4,-0.8905296977214903,0.8905296977214903
DUISBURG-MEIDERICH SCHLEUSE OW,2026-06-30 11:40:00+00:00,24.93,24.973371500165882,24.97369626907505,0.00032476890916541506,4,-0.04369626907504909,0.04369626907504909
DUISBURG-MEIDERICH SCHLEUSE UW,2026-06-30 11:40:00+00:00,18.23,18.268276384618254,18.26860115352742,0.00032476890916541506,4,-0.038601153527419996,0.038601153527419996
LOBITH,2026-06-30 11:40:00+00:00,704.0,703.0827781215993,702.9854931797968,-0.09728494180251004,4,1.0145068202032235,1.0145068202032235
DUISBURG-MEIDERICH SCHLEUSE OW,2026-06-30 11:41:00+00:00,24.93,24.973371500165882,24.97369626907505,0.00032476890916541506,4,-0.04369626907504909,0.04369626907504909
DUISBURG-MEIDERICH SCHLEUSE UW,2026-06-30 11:41:00+00:00,18.23,18.268276384618254,18.26860115352742,0.00032476890916541506,4,-0.038601153527419996,0.038601153527419996
DUISBURG-MEIDERICH SCHLEUSE OW,2026-06-30 11:42:00+00:00,24.93,24.973371500165882,24.97369626907505,0.00032476890916541506,4,-0.04369626907504909,0.04369626907504909
DUISBURG-MEIDERICH SCHLEUSE UW,2026-06-30 11:42:00+00:00,18.23,18.268276384618254,18.26860115352742,0.00032476890916541506,4,-0.038601153527419996,0.038601153527419996
DUISBURG-MEIDERICH SCHLEUSE OW,2026-06-30 11:43:00+00:00,24.93,24.973371500165882,24.97369626907505,0.00032476890916541506,4,-0.04369626907504909,0.04369626907504909
DUISBURG-MEIDERICH SCHLEUSE UW,2026-06-30 11:43:00+00:00,18.23,18.347073472580018,18.347398241489184,0.00032476890916541506,4,-0.11739824148918387,0.11739824148918387
DUISBURG-MEIDERICH SCHLEUSE OW,2026-06-30 11:44:00+00:00,24.93,24.973371500165882,24.97369626907505,0.00032476890916541506,4,-0.04369626907504909,0.04369626907504909
DUISBURG-MEIDERICH SCHLEUSE UW,2026-06-30 11:44:00+00:00,18.23,18.347073472580018,18.347398241489184,0.00032476890916541506,4,-0.11739824148918387,0.11739824148918387
BINGEN,2026-06-30 11:45:00+00:00,104.0,105.4771672680753,105.48839169422776,0.011224426152449198,4,-1.488391694227758,1.488391694227758
BONN,2026-06-30 11:45:00+00:00,137.0,138.11915125876777,138.10900825700816,-0.01014300175961793,4,-1.1090082570081563,1.1090082570081563
BREISACH,2026-06-30 11:45:00+00:00,193.0,193.16393027819495,193.4981223879907,0.33419210979573327,4,-0.49812238799069064,0.49812238799069064
Basel-Rheinhalle,2026-06-30 11:45:00+00:00,514.0,514.9310153514,515.0974262124752,0.1664108610751243,4,-1.0974262124751704,1.0974262124751704
DUISBURG-MEIDERICH SCHLEUSE OW,2026-06-30 11:45:00+00:00,24.93,24.973371500165882,24.97369626907505,0.00032476890916541506,4,-0.04369626907504909,0.04369626907504909
DUISBURG-MEIDERICH SCHLEUSE UW,2026-06-30 11:45:00+00:00,18.23,18.24566152653009,18.245986295439256,0.00032476890916541506,4,-0.015986295439255116,0.015986295439255116
DUISBURG-RUHRORT,2026-06-30 11:45:00+00:00,218.0,216.84988785381083,216.76556901188997,-0.084318841920849,4,1.2344309881100344,1.2344309881100344
DÜSSELDORF,2026-06-30 11:45:00+00:00,88.0,89.82668864125861,90.06447470659664,0.23778606533803484,4,-2.0644747065966413,2.0644747065966413
EMMERICH,2026-06-30 11:45:00+00:00,53.0,58.892710909319796,59.15544585836756,0.2627349490477581,4,-6.155445858367557,6.155445858367557
IFFEZHEIM,2026-06-30 11:45:00+00:00,134.0,136.7775521438932,136.67289117649304,-0.10466096740014914,4,-2.6728911764930388,2.6728911764930388
KAUB,2026-06-30 11:45:00+00:00,89.0,90.73038353872332,90.96423930380979,0.23385576508647907,4,-1.9642393038097907,1.9642393038097907
KOBLENZ,2026-06-30 11:45:00+00:00,93.0,89.01727338492208,89.38292043793305,0.3656470530109805,4,3.617079562066948,3.617079562066948
KONSTANZ-RHEIN,2026-06-30 11:45:00+00:00,314.0,312.68184523733106,312.6531624275173,-0.02868280981372162,4,1.3468375724826842,1.3468375724826842
Koblenz OP,2026-06-30 11:45:00+00:00,200.0,203.7099440421727,203.54481474709416,-0.1651292950785359,4,-3.544814747094165,3.544814747094165
Koblenz UP,2026-06-30 11:45:00+00:00,74.0,69.76943966012676,70.66776707481168,0.8983274146849102,4,3.332232925188322,3.332232925188322
KÖLN,2026-06-30 11:45:00+00:00,130.0,131.9946635027805,131.98452050102088,-0.01014300175961793,4,-1.9845205010208815,1.9845205010208815
MAINZ,2026-06-30 11:45:00+00:00,179.0,185.5639297173082,185.47820303791656,-0.08572667939165883,4,-6.478203037916558,6.478203037916558
MANNHEIM,2026-06-30 11:45:00+00:00,169.0,160.50297304332565,160.63078303377804,0.12780999045238708,4,8.369216966221956,8.369216966221956
MAXAU,2026-06-30 11:45:00+00:00,400.0,402.63626507718755,402.5266913778687,-0.109573699318868,4,-2.5266913778687012,2.5266913778687012
REES,2026-06-30 11:45:00+00:00,97.0,95.56936611684624,95.55761401129459,-0.01175210555165499,4,1.4423859887054107,1.4423859887054107
RHEINE UNTERSCHLEUSE,2026-06-30 11:45:00+00:00,195.0,193.07327957764127,193.0967583182841,0.023478740642808336,4,1.9032416817159117,1.9032416817159117
RHEINWEILER,2026-06-30 11:45:00+00:00,223.0,222.27565318668763,222.17967818334347,-0.09597500334417548,4,0.8203218166565307,0.8203218166565307
SANKT GOAR,2026-06-30 11:45:00+00:00,181.0,190.37924029804648,191.02521548425935,0.6459751862128577,4,-10.025215484259348,10.025215484259348
SPEYER,2026-06-30 11:45:00+00:00,262.0,261.1858651888118,261.0048369806549,-0.1810282081569455,4,0.9951630193451138,0.9951630193451138
WESEL,2026-06-30 11:45:00+00:00,155.0,153.11966720122908,153.37167330775594,0.2520061065268615,4,1.628326692244059,1.628326692244059
WORMS,2026-06-30 11:45:00+00:00,76.0,75.10574646897854,75.10381115286948,-0.001935316109058716,4,0.8961888471305173,0.8961888471305173
DUISBURG-MEIDERICH SCHLEUSE OW,2026-06-30 11:46:00+00:00,24.93,25.07478344621581,25.075108215124978,0.00032476890916541506,4,-0.14510821512497785,0.14510821512497785
DUISBURG-MEIDERICH SCHLEUSE UW,2026-06-30 11:46:00+00:00,18.23,18.24566152653009,18.245986295439256,0.00032476890916541506,4,-0.015986295439255116,0.015986295439255116
DUISBURG-MEIDERICH SCHLEUSE OW,2026-06-30 11:47:00+00:00,24.93,25.07478344621581,25.075108215124978,0.00032476890916541506,4,-0.14510821512497785,0.14510821512497785
DUISBURG-MEIDERICH SCHLEUSE UW,2026-06-30 11:47:00+00:00,18.23,18.24566152653009,18.245986295439256,0.00032476890916541506,4,-0.015986295439255116,0.015986295439255116
DUISBURG-MEIDERICH SCHLEUSE OW,2026-06-30 11:48:00+00:00,24.93,24.96365077474151,24.963975543650676,0.00032476890916541506,4,-0.03397554365067634,0.03397554365067634
DUISBURG-MEIDERICH SCHLEUSE UW,2026-06-30 11:48:00+00:00,18.23,18.24566152653009,18.245986295439256,0.00032476890916541506,4,-0.015986295439255116,0.015986295439255116
DUISBURG-MEIDERICH SCHLEUSE OW,2026-06-30 11:49:00+00:00,24.93,24.96365077474151,24.963975543650676,0.00032476890916541506,4,-0.03397554365067634,0.03397554365067634
DUISBURG-MEIDERICH SCHLEUSE UW,2026-06-30 11:49:00+00:00,18.23,18.24566152653009,18.245986295439256,0.00032476890916541506,4,-0.015986295439255116,0.015986295439255116
Basel-Rheinhalle,2026-06-30 11:50:00+00:00,514.0,515.5615606385472,515.6626603263543,0.10109968780707956,4,-1.6626603263542847,1.6626603263542847
DUISBURG-MEIDERICH SCHLEUSE OW,2026-06-30 11:50:00+00:00,24.93,24.96365077474151,24.963975543650676,0.00032476890916541506,4,-0.03397554365067634,0.03397554365067634
DUISBURG-MEIDERICH SCHLEUSE UW,2026-06-30 11:50:00+00:00,18.23,18.24566152653009,18.245986295439256,0.00032476890916541506,4,-0.015986295439255116,0.015986295439255116
LOBITH,2026-06-30 11:50:00+00:00,704.0,702.8810517657863,702.9114690072659,0.030417241479591014,4,1.0885309927341495,1.0885309927341495
DUISBURG-MEIDERICH SCHLEUSE OW,2026-06-30 11:51:00+00:00,24.93,24.96365077474151,24.963975543650676,0.00032476890916541506,4,-0.03397554365067634,0.03397554365067634
DUISBURG-MEIDERICH SCHLEUSE UW,2026-06-30 11:51:00+00:00,18.23,18.24566152653009,18.245986295439256,0.00032476890916541506,4,-0.015986295439255116,0.015986295439255116
DUISBURG-MEIDERICH SCHLEUSE OW,2026-06-30 11:52:00+00:00,24.93,24.96365077474151,24.963975543650676,0.00032476890916541506,4,-0.03397554365067634,0.03397554365067634
DUISBURG-MEIDERICH SCHLEUSE UW,2026-06-30 11:52:00+00:00,18.23,18.24566152653009,18.245986295439256,0.00032476890916541506,4,-0.015986295439255116,0.015986295439255116
DUISBURG-MEIDERICH SCHLEUSE OW,2026-06-30 11:53:00+00:00,24.93,24.96365077474151,24.963975543650676,0.00032476890916541506,4,-0.03397554365067634,0.03397554365067634
DUISBURG-MEIDERICH SCHLEUSE UW,2026-06-30 11:53:00+00:00,18.23,18.24566152653009,18.245986295439256,0.00032476890916541506,4,-0.015986295439255116,0.015986295439255116
DUISBURG-MEIDERICH SCHLEUSE OW,2026-06-30 11:54:00+00:00,24.93,24.96365077474151,24.963975543650676,0.00032476890916541506,4,-0.03397554365067634,0.03397554365067634
DUISBURG-MEIDERICH SCHLEUSE UW,2026-06-30 11:54:00+00:00,18.23,18.24566152653009,18.245986295439256,0.00032476890916541506,4,-0.015986295439255116,0.015986295439255116
Basel-Rheinhalle,2026-06-30 11:55:00+00:00,513.0,515.7199924552092,515.8275941139287,0.10760165871953226,4,-2.8275941139287397,2.8275941139287397
DUISBURG-MEIDERICH SCHLEUSE OW,2026-06-30 11:55:00+00:00,24.93,24.96365077474151,24.963975543650676,0.00032476890916541506,4,-0.03397554365067634,0.03397554365067634
DUISBURG-MEIDERICH SCHLEUSE UW,2026-06-30 11:55:00+00:00,18.23,18.24566152653009,18.245986295439256,0.00032476890916541506,4,-0.015986295439255116,0.015986295439255116
DUISBURG-MEIDERICH SCHLEUSE OW,2026-06-30 11:56:00+00:00,24.93,24.96365077474151,24.963975543650676,0.00032476890916541506,4,-0.03397554365067634,0.03397554365067634
DUISBURG-MEIDERICH SCHLEUSE UW,2026-06-30 11:56:00+00:00,18.23,18.24566152653009,18.245986295439256,0.00032476890916541506,4,-0.015986295439255116,0.015986295439255116
DUISBURG-MEIDERICH SCHLEUSE OW,2026-06-30 11:57:00+00:00,24.93,24.96365077474151,24.963975543650676,0.00032476890916541506,4,-0.03397554365067634,0.03397554365067634
DUISBURG-MEIDERICH SCHLEUSE UW,2026-06-30 11:57:00+00:00,18.23,18.24566152653009,18.245986295439256,0.00032476890916541506,4,-0.015986295439255116,0.015986295439255116
DUISBURG-MEIDERICH SCHLEUSE OW,2026-06-30 11:58:00+00:00,24.93,24.96365077474151,24.963975543650676,0.00032476890916541506,4,-0.03397554365067634,0.03397554365067634
DUISBURG-MEIDERICH SCHLEUSE UW,2026-06-30 11:58:00+00:00,18.23,18.24566152653009,18.245986295439256,0.00032476890916541506,4,-0.015986295439255116,0.015986295439255116
DUISBURG-MEIDERICH SCHLEUSE OW,2026-06-30 11:59:00+00:00,24.93,24.96365077474151,24.963975543650676,0.00032476890916541506,4,-0.03397554365067634,0.03397554365067634
DUISBURG-MEIDERICH SCHLEUSE UW,2026-06-30 11:59:00+00:00,18.23,18.24566152653009,18.245986295439256,0.00032476890916541506,4,-0.015986295439255116,0.015986295439255116
BINGEN,2026-06-30 12:00:00+00:00,104.0,105.39539376334541,105.40661818949786,0.011224426152449198,4,-1.4066181894978627,1.4066181894978627
BONN,2026-06-30 12:00:00+00:00,137.0,136.75810477720847,136.73737623004925,-0.02072854715921062,4,0.2626237699507499,0.2626237699507499
BREISACH,2026-06-30 12:00:00+00:00,192.0,194.17437538077652,194.36299564037355,0.1886202595970278,4,-2.362995640373555,2.362995640373555
Basel-Rheinhalle,2026-06-30 12:00:00+00:00,513.0,515.2519094885262,515.3459596172289,0.09405012870280122,4,-2.345959617228914,2.345959617228914
DUISBURG-MEIDERICH SCHLEUSE OW,2026-06-30 12:00:00+00:00,24.93,24.771413696968263,24.720420678139906,-0.050993018828357016,4,0.20957932186009387,0.20957932186009387
DUISBURG-MEIDERICH SCHLEUSE UW,2026-06-30 12:00:00+00:00,18.23,18.075340371722003,18.024347352893646,-0.050993018828357016,4,0.2056526471063549,0.2056526471063549
DUISBURG-RUHRORT,2026-06-30 12:00:00+00:00,217.0,216.33071811913604,216.22779192917233,-0.10292618996370462,4,0.7722080708276735,0.7722080708276735
DÜSSELDORF,2026-06-30 12:00:00+00:00,88.0,88.8084679106204,88.99273107404528,0.184263163424882,4,-0.992731074045281,0.992731074045281
EMMERICH,2026-06-30 12:00:00+00:00,53.0,56.88359061445358,56.688563598177666,-0.19502701627591876,4,-3.688563598177666,3.688563598177666
IFFEZHEIM,2026-06-30 12:00:00+00:00,133.0,135.53534090802324,135.57767922436992,0.04233831634668596,4,-2.5776792243699163,2.5776792243699163
KAUB,2026-06-30 12:00:00+00:00,89.0,89.92947068415971,89.9453811020556,0.01591041789590224,4,-0.945381102055606,0.945381102055606
KOBLENZ,2026-06-30 12:00:00+00:00,93.0,86.88306673430652,87.2487137873175,0.3656470530109805,4,5.751286212682501,5.751286212682501
KONSTANZ-RHEIN,2026-06-30 12:00:00+00:00,313.0,312.63275367604086,312.6040708662271,-0.02868280981372162,4,0.3959291337728814,0.3959291337728814
Koblenz OP,2026-06-30 12:00:00+00:00,201.0,203.33720283757575,202.75657581763667,-0.5806270199390645,4,-1.7565758176366728,1.7565758176366728
Koblenz UP,2026-06-30 12:00:00+00:00,74.0,69.43559517058523,70.33392258527014,0.8983274146849102,4,3.6660774147298554,3.6660774147298554
KÖLN,2026-06-30 12:00:00+00:00,131.0,132.15110324468566,132.13037469752643,-0.02072854715921062,4,-1.1303746975264346,1.1303746975264346
LOBITH,2026-06-30 12:00:00+00:00,705.0,703.3800591267286,703.3990072604277,0.018948133699028806,4,1.600992739572348,1.600992739572348
MAINZ,2026-06-30 12:00:00+00:00,180.0,185.21637434787613,185.13064766848447,-0.08572667939165883,4,-5.130647668484471,5.130647668484471
MANNHEIM,2026-06-30 12:00:00+00:00,168.0,159.42761735335836,159.538667939697,0.11105058633866054,4,8.461332060302993,8.461332060302993
MAXAU,2026-06-30 12:00:00+00:00,400.0,401.20260811388727,401.15100160034507,-0.05160651354219092,4,-1.1510016003450687,1.1510016003450687
REES,2026-06-30 12:00:00+00:00,97.0,95.67895014720563,95.86321331063051,0.184263163424882,4,1.1367866893694867,1.1367866893694867
RHEINE UNTERSCHLEUSE,2026-06-30 12:00:00+00:00,195.0,197.80347567715427,197.02845226765504,-0.7750234094992252,4,-2.028452267655041,2.028452267655041
RHEINWEILER,2026-06-30 12:00:00+00:00,224.0,222.27565318668763,222.17967818334347,-0.09597500334417548,4,1.8203218166565307,1.8203218166565307
SANKT GOAR,2026-06-30 12:00:00+00:00,180.0,190.31830237315697,190.96427755936983,0.6459751862128577,4,-10.964277559369833,10.964277559369833
SPEYER,2026-06-30 12:00:00+00:00,262.0,261.0521627968798,260.84985934268394,-0.20230345419589205,4,1.150140657316058,1.150140657316058
WESEL,2026-06-30 12:00:00+00:00,156.0,152.73845087501053,152.93693407962425,0.19848320461370864,4,3.063065920375749,3.063065920375749
WORMS,2026-06-30 12:00:00+00:00,76.0,74.61968561377228,74.6009908935495,-0.018694720222785198,4,1.3990091064505066,1.3990091064505066
DUISBURG-MEIDERICH SCHLEUSE OW,2026-06-30 12:01:00+00:00,24.93,24.80727958660456,24.756286567776204,-0.050993018828357016,4,0.17371343222379565,0.17371343222379565
DUISBURG-MEIDERICH SCHLEUSE UW,2026-06-30 12:01:00+00:00,18.23,18.1112062613583,18.060213242529944,-0.050993018828357016,4,0.16978675747005667,0.16978675747005667
DUISBURG-MEIDERICH SCHLEUSE OW,2026-06-30 12:02:00+00:00,24.93,24.855656577857864,24.804663559029507,-0.050993018828357016,4,0.1253364409704929,0.1253364409704929
DUISBURG-MEIDERICH SCHLEUSE UW,2026-06-30 12:02:00+00:00,18.23,18.12098615474633,18.069993135917972,-0.050993018828357016,4,0.16000686408202824,0.16000686408202824
DUISBURG-MEIDERICH SCHLEUSE OW,2026-06-30 12:03:00+00:00,24.92,25.093772474240783,25.09409724314995,0.00032476890916541506,4,-0.1740972431499479,0.1740972431499479
DUISBURG-MEIDERICH SCHLEUSE UW,2026-06-30 12:03:00+00:00,18.23,18.30041201517718,18.300736784086347,0.00032476890916541506,4,-0.0707367840863462,0.0707367840863462
DUISBURG-MEIDERICH SCHLEUSE OW,2026-06-30 12:04:00+00:00,24.93,24.98779117819207,24.988115947101235,0.00032476890916541506,4,-0.05811594710123558,0.05811594710123558
DUISBURG-MEIDERICH SCHLEUSE UW,2026-06-30 12:04:00+00:00,18.23,18.30041201517718,18.300736784086347,0.00032476890916541506,4,-0.0707367840863462,0.0707367840863462
Basel-Rheinhalle,2026-06-30 12:05:00+00:00,511.0,515.5726124361297,515.3862954812809,-0.1863169548488378,4,-4.386295481280854,4.386295481280854
DUISBURG-MEIDERICH SCHLEUSE OW,2026-06-30 12:05:00+00:00,24.93,24.98779117819207,24.988115947101235,0.00032476890916541506,4,-0.05811594710123558,0.05811594710123558
DUISBURG-MEIDERICH SCHLEUSE UW,2026-06-30 12:05:00+00:00,18.23,18.30041201517718,18.300736784086347,0.00032476890916541506,4,-0.0707367840863462,0.0707367840863462
DUISBURG-MEIDERICH SCHLEUSE OW,2026-06-30 12:06:00+00:00,24.93,24.89263334146713,24.892958110376295,0.00032476890916541506,4,0.037041889623704805,0.037041889623704805
DUISBURG-MEIDERICH SCHLEUSE UW,2026-06-30 12:06:00+00:00,18.23,18.20525417845224,18.205578947361406,0.00032476890916541506,4,0.024421052638594176,0.024421052638594176
DUISBURG-MEIDERICH SCHLEUSE OW,2026-06-30 12:07:00+00:00,24.93,24.89263334146713,24.892958110376295,0.00032476890916541506,4,0.037041889623704805,0.037041889623704805
DUISBURG-MEIDERICH SCHLEUSE UW,2026-06-30 12:07:00+00:00,18.23,18.20525417845224,18.205578947361406,0.00032476890916541506,4,0.024421052638594176,0.024421052638594176
DUISBURG-MEIDERICH SCHLEUSE OW,2026-06-30 12:08:00+00:00,24.93,24.89263334146713,24.892958110376295,0.00032476890916541506,4,0.037041889623704805,0.037041889623704805
DUISBURG-MEIDERICH SCHLEUSE UW,2026-06-30 12:08:00+00:00,18.23,18.20525417845224,18.205578947361406,0.00032476890916541506,4,0.024421052638594176,0.024421052638594176
DUISBURG-MEIDERICH SCHLEUSE OW,2026-06-30 12:09:00+00:00,24.93,24.874883332615447,24.875208101524613,0.00032476890916541506,4,0.05479189847538635,0.05479189847538635
DUISBURG-MEIDERICH SCHLEUSE UW,2026-06-30 12:09:00+00:00,18.23,18.187504169600558,18.187828938509725,0.00032476890916541506,4,0.04217106149027572,0.04217106149027572
Basel-Rheinhalle,2026-06-30 12:10:00+00:00,511.0,515.5726124361297,515.3862954812809,-0.1863169548488378,4,-4.386295481280854,4.386295481280854
DUISBURG-MEIDERICH SCHLEUSE OW,2026-06-30 12:10:00+00:00,24.92,24.874883332615447,24.875208101524613,0.00032476890916541506,4,0.044791898475388336,0.044791898475388336
DUISBURG-MEIDERICH SCHLEUSE UW,2026-06-30 12:10:00+00:00,18.23,18.187504169600558,18.187828938509725,0.00032476890916541506,4,0.04217106149027572,0.04217106149027572
LOBITH,2026-06-30 12:10:00+00:00,705.0,703.4230507975327,703.4419989312318,0.018948133699028806,4,1.5580010687682488,1.5580010687682488
DUISBURG-MEIDERICH SCHLEUSE OW,2026-06-30 12:11:00+00:00,24.92,24.88878539016829,24.889110159077457,0.00032476890916541506,4,0.03088984092254421,0.03088984092254421
DUISBURG-MEIDERICH SCHLEUSE UW,2026-06-30 12:11:00+00:00,18.23,18.201406227153402,18.20173099606257,0.00032476890916541506,4,0.02826900393743159,0.02826900393743159
DUISBURG-MEIDERICH SCHLEUSE OW,2026-06-30 12:12:00+00:00,24.92,24.8947037518137,24.895028520722867,0.00032476890916541506,4,0.02497147927713428,0.02497147927713428
DUISBURG-MEIDERICH SCHLEUSE UW,2026-06-30 12:12:00+00:00,18.23,18.207324588798812,18.20764935770798,0.00032476890916541506,4,0.02235064229202166,0.02235064229202166
DUISBURG-MEIDERICH SCHLEUSE OW,2026-06-30 12:13:00+00:00,24.92,24.8947037518137,24.895028520722867,0.00032476890916541506,4,0.02497147927713428,0.02497147927713428
DUISBURG-MEIDERICH SCHLEUSE UW,2026-06-30 12:13:00+00:00,18.22,18.207324588798812,18.20764935770798,0.00032476890916541506,4,0.012350642292020098,0.012350642292020098
DUISBURG-MEIDERICH SCHLEUSE OW,2026-06-30 12:14:00+00:00,24.92,24.8947037518137,24.895028520722867,0.00032476890916541506,4,0.02497147927713428,0.02497147927713428
DUISBURG-MEIDERICH SCHLEUSE UW,2026-06-30 12:14:00+00:00,18.22,18.207324588798812,18.20764935770798,0.00032476890916541506,4,0.012350642292020098,0.012350642292020098
BINGEN,2026-06-30 12:15:00+00:00,104.0,105.31885949256987,105.33008391872232,0.011224426152449198,4,-1.3300839187223232,1.3300839187223232
BONN,2026-06-30 12:15:00+00:00,137.0,136.71219716211485,136.69146861495562,-0.02072854715921062,4,0.3085313850443754,0.3085313850443754
BREISACH,2026-06-30 12:15:00+00:00,195.0,194.2062501824565,194.18412190178995,-0.022128280666542224,4,0.8158780982100495,0.8158780982100495
Basel-Rheinhalle,2026-06-30 12:15:00+00:00,512.0,514.3479092966502,514.1900031707833,-0.15790612586692881,4,-2.190003170783257,2.190003170783257
DUISBURG-MEIDERICH SCHLEUSE OW,2026-06-30 12:15:00+00:00,24.92,24.8947037518137,24.895028520722867,0.00032476890916541506,4,0.02497147927713428,0.02497147927713428
DUISBURG-MEIDERICH SCHLEUSE UW,2026-06-30 12:15:00+00:00,18.22,18.207324588798812,18.20764935770798,0.00032476890916541506,4,0.012350642292020098,0.012350642292020098
DUISBURG-RUHRORT,2026-06-30 12:15:00+00:00,217.0,216.3431332800089,216.2402070900452,-0.10292618996370462,4,0.7597929099547969,0.7597929099547969
DÜSSELDORF,2026-06-30 12:15:00+00:00,88.0,87.90351613631454,87.8512832081823,-0.05223292813223763,4,0.14871679181770503,0.14871679181770503
EMMERICH,2026-06-30 12:15:00+00:00,53.0,56.898568163050356,56.70354114677444,-0.19502701627591876,4,-3.703541146774441,3.703541146774441
IFFEZHEIM,2026-06-30 12:15:00+00:00,135.0,135.28231302391157,135.32465134025824,0.04233831634668596,4,-0.32465134025824227,0.32465134025824227
KAUB,2026-06-30 12:15:00+00:00,89.0,89.86631791292012,89.88222833081602,0.01591041789590224,4,-0.8822283308160195,0.8822283308160195
KOBLENZ,2026-06-30 12:15:00+00:00,94.0,87.91967322016403,88.285320273175,0.3656470530109805,4,5.714679726824997,5.714679726824997
KONSTANZ-RHEIN,2026-06-30 12:15:00+00:00,313.0,312.68184523733106,312.6531624275173,-0.02868280981372162,4,0.3468375724826842,0.3468375724826842
Koblenz OP,2026-06-30 12:15:00+00:00,200.0,202.86529677600163,202.1648510500731,-0.7004457259285115,4,-2.1648510500731106,2.1648510500731106
Koblenz UP,2026-06-30 12:15:00+00:00,75.0,68.14012885012308,68.7988194111316,0.6586905610085311,4,6.201180588868397,6.201180588868397
KÖLN,2026-06-30 12:15:00+00:00,131.0,132.10519562959203,132.0844670824328,-0.02072854715921062,4,-1.084467082432809,1.084467082432809
MAINZ,2026-06-30 12:15:00+00:00,179.0,185.47498330828702,185.40370119215788,-0.07128211612913367,4,-6.403701192157882,6.403701192157882
MANNHEIM,2026-06-30 12:15:00+00:00,168.0,157.28510602542931,157.39615661176796,0.11105058633866054,4,10.603843388232036,10.603843388232036
MAXAU,2026-06-30 12:15:00+00:00,399.0,401.1619081982393,401.0263501835591,-0.13555801468020312,4,-2.0263501835590887,2.0263501835590887
REES,2026-06-30 12:15:00+00:00,97.0,94.52302766378934,94.70729082721422,0.184263163424882,4,2.292709172785777,2.292709172785777
RHEINE UNTERSCHLEUSE,2026-06-30 12:15:00+00:00,195.0,197.72170217242436,196.94667876292513,-0.7750234094992252,4,-1.9466787629251314,1.9466787629251314
RHEINWEILER,2026-06-30 12:15:00+00:00,223.0,222.35516974443803,222.25919474109386,-0.09597500334417548,4,0.7408052589061356,0.7408052589061356
SANKT GOAR,2026-06-30 12:15:00+00:00,180.0,190.32890553150602,190.7606636450303,0.43175811352425425,4,-10.760663645030291,10.760663645030291
SPEYER,2026-06-30 12:15:00+00:00,262.0,261.4181700107498,261.2158665565539,-0.20230345419589205,4,0.7841334434460805,0.7841334434460805
WESEL,2026-06-30 12:15:00+00:00,155.0,153.13920837425746,153.10419590571757,-0.035012468539877724,4,1.8958040942824255,1.8958040942824255
WORMS,2026-06-30 12:15:00+00:00,76.0,75.76245292406348,75.7437582038407,-0.018694720222785198,4,0.2562417961593013,0.2562417961593013
DUISBURG-MEIDERICH SCHLEUSE OW,2026-06-30 12:16:00+00:00,24.92,24.8947037518137,24.895028520722867,0.00032476890916541506,4,0.02497147927713428,0.02497147927713428
DUISBURG-MEIDERICH SCHLEUSE UW,2026-06-30 12:16:00+00:00,18.22,18.207324588798812,18.20764935770798,0.00032476890916541506,4,0.012350642292020098,0.012350642292020098
DUISBURG-MEIDERICH SCHLEUSE OW,2026-06-30 12:17:00+00:00,24.92,24.8947037518137,24.895028520722867,0.00032476890916541506,4,0.02497147927713428,0.02497147927713428
DUISBURG-MEIDERICH SCHLEUSE UW,2026-06-30 12:17:00+00:00,18.22,18.207324588798812,18.20764935770798,0.00032476890916541506,4,0.012350642292020098,0.012350642292020098
DUISBURG-MEIDERICH SCHLEUSE OW,2026-06-30 12:18:00+00:00,24.92,24.8947037518137,24.895028520722867,0.00032476890916541506,4,0.02497147927713428,0.02497147927713428
DUISBURG-MEIDERICH SCHLEUSE UW,2026-06-30 12:18:00+00:00,18.22,18.207324588798812,18.20764935770798,0.00032476890916541506,4,0.012350642292020098,0.012350642292020098
DUISBURG-MEIDERICH SCHLEUSE OW,2026-06-30 12:19:00+00:00,24.92,24.8947037518137,24.895028520722867,0.00032476890916541506,4,0.02497147927713428,0.02497147927713428
DUISBURG-MEIDERICH SCHLEUSE UW,2026-06-30 12:19:00+00:00,18.22,18.207324588798812,18.20764935770798,0.00032476890916541506,4,0.012350642292020098,0.012350642292020098
Basel-Rheinhalle,2026-06-30 12:20:00+00:00,513.0,512.9050924616923,512.897099717301,-0.007992744391350134,4,0.10290028269901086,0.10290028269901086
DUISBURG-MEIDERICH SCHLEUSE OW,2026-06-30 12:20:00+00:00,24.92,24.8947037518137,24.895028520722867,0.00032476890916541506,4,0.02497147927713428,0.02497147927713428
DUISBURG-MEIDERICH SCHLEUSE UW,2026-06-30 12:20:00+00:00,18.22,18.207324588798812,18.20764935770798,0.00032476890916541506,4,0.012350642292020098,0.012350642292020098
LOBITH,2026-06-30 12:20:00+00:00,703.0,703.6712553048638,703.4485951189553,-0.22266018590854544,4,-0.44859511895526794,0.44859511895526794
DUISBURG-MEIDERICH SCHLEUSE OW,2026-06-30 12:21:00+00:00,24.92,24.8947037518137,24.895028520722867,0.00032476890916541506,4,0.02497147927713428,0.02497147927713428
DUISBURG-MEIDERICH SCHLEUSE UW,2026-06-30 12:21:00+00:00,18.22,18.207324588798812,18.20764935770798,0.00032476890916541506,4,0.012350642292020098,0.012350642292020098
DUISBURG-MEIDERICH SCHLEUSE OW,2026-06-30 12:22:00+00:00,24.92,24.8947037518137,24.895028520722867,0.00032476890916541506,4,0.02497147927713428,0.02497147927713428
DUISBURG-MEIDERICH SCHLEUSE UW,2026-06-30 12:22:00+00:00,18.22,18.207324588798812,18.20764935770798,0.00032476890916541506,4,0.012350642292020098,0.012350642292020098
DUISBURG-MEIDERICH SCHLEUSE OW,2026-06-30 12:23:00+00:00,24.92,24.8947037518137,24.895028520722867,0.00032476890916541506,4,0.02497147927713428,0.02497147927713428
DUISBURG-MEIDERICH SCHLEUSE UW,2026-06-30 12:23:00+00:00,18.22,18.207324588798812,18.20764935770798,0.00032476890916541506,4,0.012350642292020098,0.012350642292020098
DUISBURG-MEIDERICH SCHLEUSE OW,2026-06-30 12:24:00+00:00,24.92,24.8947037518137,24.895028520722867,0.00032476890916541506,4,0.02497147927713428,0.02497147927713428
DUISBURG-MEIDERICH SCHLEUSE UW,2026-06-30 12:24:00+00:00,18.22,18.207324588798812,18.20764935770798,0.00032476890916541506,4,0.012350642292020098,0.012350642292020098
Basel-Rheinhalle,2026-06-30 12:25:00+00:00,513.0,512.8710104396105,512.8630176952191,-0.007992744391350134,4,0.13698230478087225,0.13698230478087225
DUISBURG-MEIDERICH SCHLEUSE OW,2026-06-30 12:25:00+00:00,24.92,24.8947037518137,24.895028520722867,0.00032476890916541506,4,0.02497147927713428,0.02497147927713428
DUISBURG-MEIDERICH SCHLEUSE UW,2026-06-30 12:25:00+00:00,18.22,18.207324588798812,18.20764935770798,0.00032476890916541506,4,0.012350642292020098,0.012350642292020098
DUISBURG-MEIDERICH SCHLEUSE OW,2026-06-30 12:26:00+00:00,24.92,24.8947037518137,24.895028520722867,0.00032476890916541506,4,0.02497147927713428,0.02497147927713428
DUISBURG-MEIDERICH SCHLEUSE UW,2026-06-30 12:26:00+00:00,18.22,18.207324588798812,18.20764935770798,0.00032476890916541506,4,0.012350642292020098,0.012350642292020098
DUISBURG-MEIDERICH SCHLEUSE OW,2026-06-30 12:27:00+00:00,24.93,24.8947037518137,24.895028520722867,0.00032476890916541506,4,0.03497147927713229,0.03497147927713229
DUISBURG-MEIDERICH SCHLEUSE UW,2026-06-30 12:27:00+00:00,18.22,18.207324588798812,18.20764935770798,0.00032476890916541506,4,0.012350642292020098,0.012350642292020098
DUISBURG-MEIDERICH SCHLEUSE OW,2026-06-30 12:28:00+00:00,24.93,24.991026192886256,24.991350961795423,0.00032476890916541506,4,-0.061350961795422876,0.061350961795422876
DUISBURG-MEIDERICH SCHLEUSE UW,2026-06-30 12:28:00+00:00,18.22,18.207324588798812,18.20764935770798,0.00032476890916541506,4,0.012350642292020098,0.012350642292020098
DUISBURG-MEIDERICH SCHLEUSE OW,2026-06-30 12:29:00+00:00,24.93,24.991026192886256,24.991350961795423,0.00032476890916541506,4,-0.061350961795422876,0.061350961795422876
DUISBURG-MEIDERICH SCHLEUSE UW,2026-06-30 12:29:00+00:00,18.22,18.207324588798812,18.20764935770798,0.00032476890916541506,4,0.012350642292020098,0.012350642292020098
BINGEN,2026-06-30 12:30:00+00:00,104.0,105.19919451282433,105.20821382480115,0.009019311976818836,4,-1.208213824801149,1.208213824801149
BONN,2026-06-30 12:30:00+00:00,138.0,136.84699149534532,136.8262629481861,-0.02072854715921062,4,1.1737370518139016,1.1737370518139016
BREISACH,2026-06-30 12:30:00+00:00,195.0,193.7522586754083,193.82915178782991,0.07689311242160954,4,1.1708482121700854,1.1708482121700854
Basel-Rheinhalle,2026-06-30 12:30:00+00:00,514.0,514.3123508295607,514.18758927858,-0.12476155098071631,4,-0.1875892785800488,0.1875892785800488
DUISBURG-MEIDERICH SCHLEUSE OW,2026-06-30 12:30:00+00:00,24.93,24.991026192886256,24.991350961795423,0.00032476890916541506,4,-0.061350961795422876,0.061350961795422876
DUISBURG-MEIDERICH SCHLEUSE UW,2026-06-30 12:30:00+00:00,18.22,18.207324588798812,18.20764935770798,0.00032476890916541506,4,0.012350642292020098,0.012350642292020098
DUISBURG-RUHRORT,2026-06-30 12:30:00+00:00,219.0,216.3915349531863,216.28860876322258,-0.10292618996370462,4,2.7113912367774162,2.7113912367774162
DÜSSELDORF,2026-06-30 12:30:00+00:00,88.0,87.9716922935447,87.91945936541246,-0.05223292813223763,4,0.08054063458753546,0.08054063458753546
EMMERICH,2026-06-30 12:30:00+00:00,54.0,57.499088332659376,57.84665399362693,0.3475656609675558,4,-3.84665399362693,3.84665399362693
IFFEZHEIM,2026-06-30 12:30:00+00:00,135.0,135.1750798326922,135.22558117471004,0.05050134201785157,4,-0.2255811747100438,0.2255811747100438
KAUB,2026-06-30 12:30:00+00:00,88.0,89.934945287733,89.9508557056289,0.01591041789590224,4,-1.9508557056288964,1.9508557056288964
KOBLENZ,2026-06-30 12:30:00+00:00,93.0,86.17737297751644,86.30105554369312,0.12368256617668588,4,6.698944456306876,6.698944456306876
KONSTANZ-RHEIN,2026-06-30 12:30:00+00:00,313.0,312.68184523733106,312.6531624275173,-0.02868280981372162,4,0.3468375724826842,0.3468375724826842
Koblenz OP,2026-06-30 12:30:00+00:00,199.0,205.6281421014416,204.96545971250427,-0.6626823889373132,4,-5.96545971250427,5.96545971250427
Koblenz UP,2026-06-30 12:30:00+00:00,75.0,66.21040957959119,66.86910014059971,0.6586905610085311,4,8.130899859400287,8.130899859400287
KÖLN,2026-06-30 12:30:00+00:00,131.0,131.99938386095,131.97865531379077,-0.02072854715921062,4,-0.9786553137907674,0.9786553137907674
LOBITH,2026-06-30 12:30:00+00:00,703.0,703.7999660190039,703.9705691633502,0.170603144346319,4,-0.9705691633502056,0.9705691633502056
MAINZ,2026-06-30 12:30:00+00:00,180.0,185.6311394820894,185.7845263594573,0.15338687736787904,4,-5.784526359457288,5.784526359457288
MANNHEIM,2026-06-30 12:30:00+00:00,169.0,158.0108732324621,157.89725482530375,-0.1136184071583521,4,11.102745174696253,11.102745174696253
MAXAU,2026-06-30 12:30:00+00:00,399.0,402.5233971674126,402.6025433387412,0.07914617132862033,4,-3.6025433387412136,3.6025433387412136
REES,2026-06-30 12:30:00+00:00,97.0,94.57442734987954,94.75869051330443,0.184263163424882,4,2.2413094866955703,2.2413094866955703
RHEINE UNTERSCHLEUSE,2026-06-30 12:30:00+00:00,195.0,198.27963246854117,197.50460905904194,-0.7750234094992252,4,-2.5046090590419396,2.5046090590419396
RHEINWEILER,2026-06-30 12:30:00+00:00,224.0,222.35516974443803,222.25919474109386,-0.09597500334417548,4,1.7408052589061356,1.7408052589061356
SANKT GOAR,2026-06-30 12:30:00+00:00,180.0,190.39753290631893,190.8292910198432,0.43175811352425425,4,-10.829291019843197,10.829291019843197
SPEYER,2026-06-30 12:30:00+00:00,262.0,261.66282750750565,261.46052405330977,-0.20230345419589205,4,0.5394759466902315,0.5394759466902315
WESEL,2026-06-30 12:30:00+00:00,155.0,152.70914422687233,152.67413175833244,-0.035012468539877724,4,2.325868241667564,2.325868241667564
WORMS,2026-06-30 12:30:00+00:00,76.0,75.90228897081796,75.88359425059518,-0.018694720222785198,4,0.1164057494048194,0.1164057494048194
DUISBURG-MEIDERICH SCHLEUSE OW,2026-06-30 12:31:00+00:00,24.93,24.889614246836327,24.889939015745494,0.00032476890916541506,4,0.04006098425450588,0.04006098425450588
DUISBURG-MEIDERICH SCHLEUSE UW,2026-06-30 12:31:00+00:00,18.22,18.207324588798812,18.20764935770798,0.00032476890916541506,4,0.012350642292020098,0.012350642292020098
DUISBURG-MEIDERICH SCHLEUSE OW,2026-06-30 12:32:00+00:00,24.93,24.889614246836327,24.889939015745494,0.00032476890916541506,4,0.04006098425450588,0.04006098425450588
DUISBURG-MEIDERICH SCHLEUSE UW,2026-06-30 12:32:00+00:00,18.23,18.207324588798812,18.20764935770798,0.00032476890916541506,4,0.02235064229202166,0.02235064229202166
DUISBURG-MEIDERICH SCHLEUSE OW,2026-06-30 12:33:00+00:00,24.93,24.889614246836327,24.889939015745494,0.00032476890916541506,4,0.04006098425450588,0.04006098425450588
DUISBURG-MEIDERICH SCHLEUSE UW,2026-06-30 12:33:00+00:00,18.23,18.207324588798812,18.20764935770798,0.00032476890916541506,4,0.02235064229202166,0.02235064229202166
DUISBURG-MEIDERICH SCHLEUSE OW,2026-06-30 12:34:00+00:00,24.93,24.8947037518137,24.895028520722867,0.00032476890916541506,4,0.03497147927713229,0.03497147927713229
DUISBURG-MEIDERICH SCHLEUSE UW,2026-06-30 12:34:00+00:00,18.23,18.207324588798812,18.20764935770798,0.00032476890916541506,4,0.02235064229202166,0.02235064229202166
Basel-Rheinhalle,2026-06-30 12:35:00+00:00,518.0,514.2463894055475,514.1194227403911,-0.12696666515634666,4,3.8805772596089128,3.8805772596089128
DUISBURG-MEIDERICH SCHLEUSE OW,2026-06-30 12:35:00+00:00,24.93,24.991026192886256,24.991350961795423,0.00032476890916541506,4,-0.061350961795422876,0.061350961795422876
DUISBURG-MEIDERICH SCHLEUSE UW,2026-06-30 12:35:00+00:00,18.23,18.207324588798812,18.20764935770798,0.00032476890916541506,4,0.02235064229202166,0.02235064229202166
DUISBURG-MEIDERICH SCHLEUSE OW,2026-06-30 12:36:00+00:00,24.92,24.991026192886256,24.991350961795423,0.00032476890916541506,4,-0.07135096179542089,0.07135096179542089
DUISBURG-MEIDERICH SCHLEUSE UW,2026-06-30 12:36:00+00:00,18.23,18.207324588798812,18.20764935770798,0.00032476890916541506,4,0.02235064229202166,0.02235064229202166
DUISBURG-MEIDERICH SCHLEUSE OW,2026-06-30 12:37:00+00:00,24.92,24.889614246836327,24.889939015745494,0.00032476890916541506,4,0.030060984254507872,0.030060984254507872
DUISBURG-MEIDERICH SCHLEUSE UW,2026-06-30 12:37:00+00:00,18.23,18.207324588798812,18.20764935770798,0.00032476890916541506,4,0.02235064229202166,0.02235064229202166
DUISBURG-MEIDERICH SCHLEUSE OW,2026-06-30 12:38:00+00:00,24.92,24.889614246836327,24.889939015745494,0.00032476890916541506,4,0.030060984254507872,0.030060984254507872
DUISBURG-MEIDERICH SCHLEUSE UW,2026-06-30 12:38:00+00:00,18.22,18.30873653484874,18.309061303757908,0.00032476890916541506,4,-0.08906130375790866,0.08906130375790866
DUISBURG-MEIDERICH SCHLEUSE OW,2026-06-30 12:39:00+00:00,24.92,24.889614246836327,24.889939015745494,0.00032476890916541506,4,0.030060984254507872,0.030060984254507872
DUISBURG-MEIDERICH SCHLEUSE UW,2026-06-30 12:39:00+00:00,18.23,18.30873653484874,18.309061303757908,0.00032476890916541506,4,-0.0790613037579071,0.0790613037579071
Basel-Rheinhalle,2026-06-30 12:40:00+00:00,517.0,514.3123508295607,514.18758927858,-0.12476155098071631,4,2.812410721419951,2.812410721419951
DUISBURG-MEIDERICH SCHLEUSE OW,2026-06-30 12:40:00+00:00,24.93,24.889614246836327,24.889939015745494,0.00032476890916541506,4,0.04006098425450588,0.04006098425450588
DUISBURG-MEIDERICH SCHLEUSE UW,2026-06-30 12:40:00+00:00,18.23,18.229939446886977,18.230264215796144,0.00032476890916541506,4,-0.000264215796143219,0.000264215796143219
LOBITH,2026-06-30 12:40:00+00:00,704.0,703.9868851300173,704.1574882743636,0.170603144346319,4,-0.1574882743635726,0.1574882743635726
DUISBURG-MEIDERICH SCHLEUSE OW,2026-06-30 12:41:00+00:00,24.92,24.889614246836327,24.889939015745494,0.00032476890916541506,4,0.030060984254507872,0.030060984254507872
DUISBURG-MEIDERICH SCHLEUSE UW,2026-06-30 12:41:00+00:00,18.23,18.229939446886977,18.230264215796144,0.00032476890916541506,4,-0.000264215796143219,0.000264215796143219
DUISBURG-MEIDERICH SCHLEUSE OW,2026-06-30 12:42:00+00:00,24.93,24.889614246836327,24.889939015745494,0.00032476890916541506,4,0.04006098425450588,0.04006098425450588
DUISBURG-MEIDERICH SCHLEUSE UW,2026-06-30 12:42:00+00:00,18.23,18.229939446886977,18.230264215796144,0.00032476890916541506,4,-0.000264215796143219,0.000264215796143219
DUISBURG-MEIDERICH SCHLEUSE OW,2026-06-30 12:43:00+00:00,24.93,24.889614246836327,24.889939015745494,0.00032476890916541506,4,0.04006098425450588,0.04006098425450588
DUISBURG-MEIDERICH SCHLEUSE UW,2026-06-30 12:43:00+00:00,18.23,18.229939446886977,18.230264215796144,0.00032476890916541506,4,-0.000264215796143219,0.000264215796143219
DUISBURG-MEIDERICH SCHLEUSE OW,2026-06-30 12:44:00+00:00,24.93,24.889614246836327,24.889939015745494,0.00032476890916541506,4,0.04006098425450588,0.04006098425450588
DUISBURG-MEIDERICH SCHLEUSE UW,2026-06-30 12:44:00+00:00,18.23,18.229939446886977,18.230264215796144,0.00032476890916541506,4,-0.000264215796143219,0.000264215796143219
BINGEN,2026-06-30 12:45:00+00:00,104.0,105.27919663396426,105.28821594594108,0.009019311976818836,4,-1.2882159459410758,1.2882159459410758
BONN,2026-06-30 12:45:00+00:00,137.0,136.9328127742825,136.92266977252288,-0.01014300175961793,4,0.0773302274771197,0.0773302274771197
BREISACH,2026-06-30 12:45:00+00:00,193.0,192.4340456510625,192.78386015939623,0.3498145083337304,4,0.21613984060377334,0.21613984060377334
Basel-Rheinhalle,2026-06-30 12:45:00+00:00,517.0,514.340504701099,514.5411913653003,0.20068666420126566,4,2.4588086346997216,2.4588086346997216
DUISBURG-MEIDERICH SCHLEUSE OW,2026-06-30 12:45:00+00:00,24.93,24.889614246836327,24.889939015745494,0.00032476890916541506,4,0.04006098425450588,0.04006098425450588
DUISBURG-MEIDERICH SCHLEUSE UW,2026-06-30 12:45:00+00:00,18.23,18.229939446886977,18.230264215796144,0.00032476890916541506,4,-0.000264215796143219,0.000264215796143219
DUISBURG-RUHRORT,2026-06-30 12:45:00+00:00,218.0,216.27976621833682,216.19544737641596,-0.084318841920849,4,1.8045526235840441,1.8045526235840441
DÜSSELDORF,2026-06-30 12:45:00+00:00,88.0,87.58397249933971,87.58526247312062,0.0012899737809151817,4,0.41473752687937804,0.41473752687937804
EMMERICH,2026-06-30 12:45:00+00:00,53.0,57.863590392356464,58.277473944499754,0.41388355214329003,4,-5.277473944499754,5.277473944499754
IFFEZHEIM,2026-06-30 12:45:00+00:00,134.0,136.24300905829665,136.33603348447897,0.09302442618232466,4,-2.3360334844789747,2.3360334844789747
KAUB,2026-06-30 12:45:00+00:00,88.0,90.01855054961221,90.03446096750811,0.01591041789590224,4,-2.0344609675081102,2.0344609675081102
KOBLENZ,2026-06-30 12:45:00+00:00,93.0,88.29505026852162,88.4187328346983,0.12368256617668588,4,4.581267165301696,4.581267165301696
KONSTANZ-RHEIN,2026-06-30 12:45:00+00:00,313.0,312.63275367604086,312.6040708662271,-0.02868280981372162,4,0.3959291337728814,0.3959291337728814
Koblenz OP,2026-06-30 12:45:00+00:00,198.0,204.76957936042007,204.2630842603162,-0.5064951001038818,4,-6.263084260316191,6.263084260316191
Koblenz UP,2026-06-30 12:45:00+00:00,70.0,67.0161158005228,67.90830203468491,0.8921862341621174,4,2.091697965315092,2.091697965315092
KÖLN,2026-06-30 12:45:00+00:00,131.0,132.12655340791272,132.11861552032875,-0.007937887583987563,4,-1.1186155203287456,1.1186155203287456
MAINZ,2026-06-30 12:45:00+00:00,181.0,186.20573692068623,186.15325256952448,-0.05248435116176101,4,-5.153252569524483,5.153252569524483
MANNHEIM,2026-06-30 12:45:00+00:00,169.0,156.7343916855582,156.63753268251358,-0.09685900304462561,4,12.36246731748642,12.36246731748642
MAXAU,2026-06-30 12:45:00+00:00,399.0,402.9327243352103,402.8190162496924,-0.113708085517898,4,-3.8190162496924245,3.8190162496924245
REES,2026-06-30 12:45:00+00:00,98.0,95.05510594392776,95.04555895255173,-0.009546991376024626,4,2.9544410474482703,2.9544410474482703
RHEINE UNTERSCHLEUSE,2026-06-30 12:45:00+00:00,195.0,191.55167339569218,191.575152136335,0.023478740642808336,4,3.4248478636650077,3.4248478636650077
RHEINWEILER,2026-06-30 12:45:00+00:00,225.0,222.27565318668763,222.17967818334347,-0.09597500334417548,4,2.8203218166565307,2.8203218166565307
SANKT GOAR,2026-06-30 12:45:00+00:00,181.0,190.32489480376995,190.75665291729422,0.43175811352425425,4,-9.756652917294218,9.756652917294218
SPEYER,2026-06-30 12:45:00+00:00,262.0,261.48045867182503,261.5240994571651,0.04364078534006711,4,0.4759005428348928,0.4759005428348928
WESEL,2026-06-30 12:45:00+00:00,155.0,153.1584994303168,153.17700986369007,0.018510433373275077,4,1.822990136309926,1.822990136309926
WORMS,2026-06-30 12:45:00+00:00,77.0,76.07590429769556,76.07176386741087,-0.00414043028468908,4,0.9282361325891344,0.9282361325891344
DUISBURG-MEIDERICH SCHLEUSE OW,2026-06-30 12:46:00+00:00,24.93,24.889614246836327,24.889939015745494,0.00032476890916541506,4,0.04006098425450588,0.04006098425450588
DUISBURG-MEIDERICH SCHLEUSE UW,2026-06-30 12:46:00+00:00,18.23,18.229939446886977,18.230264215796144,0.00032476890916541506,4,-0.000264215796143219,0.000264215796143219
DUISBURG-MEIDERICH SCHLEUSE OW,2026-06-30 12:47:00+00:00,24.93,24.889614246836327,24.889939015745494,0.00032476890916541506,4,0.04006098425450588,0.04006098425450588
DUISBURG-MEIDERICH SCHLEUSE UW,2026-06-30 12:47:00+00:00,18.23,18.229939446886977,18.230264215796144,0.00032476890916541506,4,-0.000264215796143219,0.000264215796143219
DUISBURG-MEIDERICH SCHLEUSE OW,2026-06-30 12:48:00+00:00,24.93,24.889614246836327,24.889939015745494,0.00032476890916541506,4,0.04006098425450588,0.04006098425450588
DUISBURG-MEIDERICH SCHLEUSE UW,2026-06-30 12:48:00+00:00,18.23,18.229939446886977,18.230264215796144,0.00032476890916541506,4,-0.000264215796143219,0.000264215796143219
DUISBURG-MEIDERICH SCHLEUSE OW,2026-06-30 12:49:00+00:00,24.93,24.889614246836327,24.889939015745494,0.00032476890916541506,4,0.04006098425450588,0.04006098425450588
DUISBURG-MEIDERICH SCHLEUSE UW,2026-06-30 12:49:00+00:00,18.23,18.229939446886977,18.230264215796144,0.00032476890916541506,4,-0.000264215796143219,0.000264215796143219
Basel-Rheinhalle,2026-06-30 12:50:00+00:00,516.0,514.2699605423845,514.2517482842171,-0.01821225816746027,4,1.7482517157828852,1.7482517157828852
DUISBURG-MEIDERICH SCHLEUSE OW,2026-06-30 12:50:00+00:00,24.93,24.889614246836327,24.889939015745494,0.00032476890916541506,4,0.04006098425450588,0.04006098425450588
DUISBURG-MEIDERICH SCHLEUSE UW,2026-06-30 12:50:00+00:00,18.23,18.229939446886977,18.230264215796144,0.00032476890916541506,4,-0.000264215796143219,0.000264215796143219
LOBITH,2026-06-30 12:50:00+00:00,704.0,703.8853164235786,704.0559195679249,0.170603144346319,4,-0.055919567924888725,0.055919567924888725
DUISBURG-MEIDERICH SCHLEUSE OW,2026-06-30 12:51:00+00:00,24.93,24.889614246836327,24.889939015745494,0.00032476890916541506,4,0.04006098425450588,0.04006098425450588
DUISBURG-MEIDERICH SCHLEUSE UW,2026-06-30 12:51:00+00:00,18.23,18.229939446886977,18.230264215796144,0.00032476890916541506,4,-0.000264215796143219,0.000264215796143219
DUISBURG-MEIDERICH SCHLEUSE OW,2026-06-30 12:52:00+00:00,24.93,24.991026192886256,24.991350961795423,0.00032476890916541506,4,-0.061350961795422876,0.061350961795422876
DUISBURG-MEIDERICH SCHLEUSE UW,2026-06-30 12:52:00+00:00,18.23,18.229939446886977,18.230264215796144,0.00032476890916541506,4,-0.000264215796143219,0.000264215796143219
DUISBURG-MEIDERICH SCHLEUSE OW,2026-06-30 12:53:00+00:00,24.93,24.991026192886256,24.991350961795423,0.00032476890916541506,4,-0.061350961795422876,0.061350961795422876
DUISBURG-MEIDERICH SCHLEUSE UW,2026-06-30 12:53:00+00:00,18.23,18.229939446886977,18.230264215796144,0.00032476890916541506,4,-0.000264215796143219,0.000264215796143219
DUISBURG-MEIDERICH SCHLEUSE OW,2026-06-30 12:54:00+00:00,24.93,24.889614246836327,24.889939015745494,0.00032476890916541506,4,0.04006098425450588,0.04006098425450588
DUISBURG-MEIDERICH SCHLEUSE UW,2026-06-30 12:54:00+00:00,18.23,18.229939446886977,18.230264215796144,0.00032476890916541506,4,-0.000264215796143219,0.000264215796143219
Basel-Rheinhalle,2026-06-30 12:55:00+00:00,515.0,515.1842510895948,515.1660388314274,-0.01821225816746027,4,-0.16603883142738596,0.16603883142738596
DUISBURG-MEIDERICH SCHLEUSE OW,2026-06-30 12:55:00+00:00,24.93,24.889614246836327,24.889939015745494,0.00032476890916541506,4,0.04006098425450588,0.04006098425450588
DUISBURG-MEIDERICH SCHLEUSE UW,2026-06-30 12:55:00+00:00,18.23,18.229939446886977,18.230264215796144,0.00032476890916541506,4,-0.000264215796143219,0.000264215796143219
DUISBURG-MEIDERICH SCHLEUSE OW,2026-06-30 12:56:00+00:00,24.93,24.889614246836327,24.889939015745494,0.00032476890916541506,4,0.04006098425450588,0.04006098425450588
DUISBURG-MEIDERICH SCHLEUSE UW,2026-06-30 12:56:00+00:00,18.23,18.229939446886977,18.230264215796144,0.00032476890916541506,4,-0.000264215796143219,0.000264215796143219
DUISBURG-MEIDERICH SCHLEUSE OW,2026-06-30 12:57:00+00:00,24.93,24.8947037518137,24.895028520722867,0.00032476890916541506,4,0.03497147927713229,0.03497147927713229
DUISBURG-MEIDERICH SCHLEUSE UW,2026-06-30 12:57:00+00:00,18.23,18.30873653484874,18.309061303757908,0.00032476890916541506,4,-0.0790613037579071,0.0790613037579071
DUISBURG-MEIDERICH SCHLEUSE OW,2026-06-30 12:58:00+00:00,24.93,24.8947037518137,24.895028520722867,0.00032476890916541506,4,0.03497147927713229,0.03497147927713229
DUISBURG-MEIDERICH SCHLEUSE UW,2026-06-30 12:58:00+00:00,18.23,18.30873653484874,18.309061303757908,0.00032476890916541506,4,-0.0790613037579071,0.0790613037579071
DUISBURG-MEIDERICH SCHLEUSE OW,2026-06-30 12:59:00+00:00,24.93,24.8947037518137,24.895028520722867,0.00032476890916541506,4,0.03497147927713229,0.03497147927713229
DUISBURG-MEIDERICH SCHLEUSE UW,2026-06-30 12:59:00+00:00,18.23,18.207324588798812,18.20764935770798,0.00032476890916541506,4,0.02235064229202166,0.02235064229202166
BINGEN,2026-06-30 13:00:00+00:00,104.0,105.37435447068921,105.38337378266603,0.009019311976818836,4,-1.3833737826660268,1.3833737826660268
BONN,2026-06-30 13:00:00+00:00,137.0,137.04458004356815,137.0265259768247,-0.018054066743440532,4,-0.026525976824700592,0.026525976824700592
BREISACH,2026-06-30 13:00:00+00:00,195.0,194.414150991344,194.4910441037656,0.07689311242160954,4,0.5089558962343972,0.5089558962343972
Basel-Rheinhalle,2026-06-30 13:00:00+00:00,515.0,514.2994396983399,514.5001263625412,0.20068666420126566,4,0.49987363745879065,0.49987363745879065
DUISBURG-MEIDERICH SCHLEUSE OW,2026-06-30 13:00:00+00:00,24.93,25.11759806087184,25.110011764797182,-0.007586296074657188,4,-0.1800117647971824,0.1800117647971824
DUISBURG-MEIDERICH SCHLEUSE UW,2026-06-30 13:00:00+00:00,18.23,18.43021889785695,18.422632601782293,-0.007586296074657188,4,-0.19263260178229302,0.19263260178229302
DUISBURG-RUHRORT,2026-06-30 13:00:00+00:00,218.0,216.0818183899368,216.0947803268537,0.012961936916899964,4,1.9052196731462914,1.9052196731462914
DÜSSELDORF,2026-06-30 13:00:00+00:00,89.0,87.0682955389306,87.05946933355206,-0.008826205378537786,4,1.9405306664479411,1.9405306664479411
EMMERICH,2026-06-30 13:00:00+00:00,53.0,58.7637026249753,59.15467500869656,0.39097238372125565,4,-6.154675008696557,6.154675008696557
IFFEZHEIM,2026-06-30 13:00:00+00:00,133.0,135.2798266882385,135.32216500458517,0.04233831634668596,4,-2.322165004585173,2.322165004585173
KAUB,2026-06-30 13:00:00+00:00,88.0,90.11370838633717,90.12961880423306,0.01591041789590224,4,-2.1296188042330613,2.1296188042330613
KOBLENZ,2026-06-30 13:00:00+00:00,92.0,89.17828913681238,89.30197170298906,0.12368256617668588,4,2.6980282970109357,2.6980282970109357
KONSTANZ-RHEIN,2026-06-30 13:00:00+00:00,313.0,312.68184523733106,312.6531624275173,-0.02868280981372162,4,0.3468375724826842,0.3468375724826842
Koblenz OP,2026-06-30 13:00:00+00:00,200.0,205.31199442688222,204.6812486636875,-0.6307457631947209,4,-4.681248663687512,4.681248663687512
Koblenz UP,2026-06-30 13:00:00+00:00,58.0,80.55857830831698,81.18323459319798,0.6246562848810011,4,-23.18323459319798,23.18323459319798
KÖLN,2026-06-30 13:00:00+00:00,130.0,132.28073228458453,132.26267821784108,-0.018054066743440532,4,-2.262678217841085,2.262678217841085
LOBITH,2026-06-30 13:00:00+00:00,704.0,703.4549427017641,703.4070943937855,-0.04784830797854315,4,0.5929056062144582,0.5929056062144582
MAINZ,2026-06-30 13:00:00+00:00,181.0,186.0638827336898,186.23606737602506,0.1721846423352517,4,-5.236067376025062,5.236067376025062
MANNHEIM,2026-06-30 13:00:00+00:00,169.0,156.24747298217426,156.12090822493886,-0.12656475723539834,4,12.879091775061141,12.879091775061141
MAXAU,2026-06-30 13:00:00+00:00,399.0,403.04934723213427,402.9235149343276,-0.12583229780666272,4,-3.9235149343276134,3.9235149343276134
REES,2026-06-30 13:00:00+00:00,97.0,95.33532376921613,95.31566059868065,-0.019663170535477597,4,1.684339401319349,1.684339401319349
RHEINE UNTERSCHLEUSE,2026-06-30 13:00:00+00:00,195.0,198.72105786489453,197.9452160579607,-0.7758418069338491,4,-2.9452160579606925,2.9452160579606925
RHEINWEILER,2026-06-30 13:00:00+00:00,225.0,222.27565318668763,222.17967818334347,-0.09597500334417548,4,2.8203218166565307,2.8203218166565307
SANKT GOAR,2026-06-30 13:00:00+00:00,179.0,190.4200526404949,190.85181075401917,0.43175811352425425,4,-11.85181075401917,11.85181075401917
SPEYER,2026-06-30 13:00:00+00:00,262.0,260.79360764770854,260.8030268369326,0.009419189224074222,4,1.1969731630674119,1.1969731630674119
WESEL,2026-06-30 13:00:00+00:00,154.0,153.5503293425217,153.55872359673552,0.008394254213822111,4,0.4412764032644816,0.4412764032644816
WORMS,2026-06-30 13:00:00+00:00,77.0,75.47233738324756,75.44069631294774,-0.031641070299831466,4,1.5593036870522639,1.5593036870522639
DUISBURG-MEIDERICH SCHLEUSE OW,2026-06-30 13:01:00+00:00,24.92,25.472617131752546,25.46503083567789,-0.007586296074657188,4,-0.5450308356778883,0.5450308356778883
DUISBURG-MEIDERICH SCHLEUSE UW,2026-06-30 13:01:00+00:00,18.23,18.688098172488544,18.680511876413888,-0.007586296074657188,4,-0.4505118764138878,0.4505118764138878
DUISBURG-MEIDERICH SCHLEUSE OW,2026-06-30 13:02:00+00:00,24.92,25.567774968477487,25.56018867240283,-0.007586296074657188,4,-0.6401886724028287,0.6401886724028287
DUISBURG-MEIDERICH SCHLEUSE UW,2026-06-30 13:02:00+00:00,18.23,18.783256009213485,18.77566971313883,-0.007586296074657188,4,-0.5456697131388282,0.5456697131388282
DUISBURG-MEIDERICH SCHLEUSE OW,2026-06-30 13:03:00+00:00,24.92,25.330216055440438,25.34516126846459,0.014945213024152476,4,-0.42516126846458846,0.42516126846458846
DUISBURG-MEIDERICH SCHLEUSE UW,2026-06-30 13:03:00+00:00,18.23,18.74933834345285,18.764283556477004,0.014945213024152476,4,-0.5342835564770034,0.5342835564770034
DUISBURG-MEIDERICH SCHLEUSE OW,2026-06-30 13:04:00+00:00,24.93,25.330216055440438,25.34516126846459,0.014945213024152476,4,-0.41516126846459045,0.41516126846459045
DUISBURG-MEIDERICH SCHLEUSE UW,2026-06-30 13:04:00+00:00,18.23,18.74933834345285,18.764283556477004,0.014945213024152476,4,-0.5342835564770034,0.5342835564770034
Basel-Rheinhalle,2026-06-30 13:05:00+00:00,515.0,514.3364285934612,514.5371152576624,0.20068666420126566,4,0.4628847423375646,0.4628847423375646
DUISBURG-MEIDERICH SCHLEUSE OW,2026-06-30 13:05:00+00:00,24.93,25.431628001490367,25.44657321451452,0.014945213024152476,4,-0.5165732145145192,0.5165732145145192
DUISBURG-MEIDERICH SCHLEUSE UW,2026-06-30 13:05:00+00:00,18.23,18.74933834345285,18.764283556477004,0.014945213024152476,4,-0.5342835564770034,0.5342835564770034
DUISBURG-MEIDERICH SCHLEUSE OW,2026-06-30 13:06:00+00:00,24.93,25.72953424455658,25.74447945758073,0.014945213024152476,4,-0.814479457580731,0.814479457580731
DUISBURG-MEIDERICH SCHLEUSE UW,2026-06-30 13:06:00+00:00,18.23,18.945832640469135,18.960777853493287,0.014945213024152476,4,-0.7307778534932865,0.7307778534932865
DUISBURG-MEIDERICH SCHLEUSE OW,2026-06-30 13:07:00+00:00,24.93,25.72953424455658,25.74447945758073,0.014945213024152476,4,-0.814479457580731,0.814479457580731
DUISBURG-MEIDERICH SCHLEUSE UW,2026-06-30 13:07:00+00:00,18.23,18.945832640469135,18.960777853493287,0.014945213024152476,4,-0.7307778534932865,0.7307778534932865
DUISBURG-MEIDERICH SCHLEUSE OW,2026-06-30 13:08:00+00:00,24.93,25.72953424455658,25.74447945758073,0.014945213024152476,4,-0.814479457580731,0.814479457580731
DUISBURG-MEIDERICH SCHLEUSE UW,2026-06-30 13:08:00+00:00,18.23,18.945832640469135,18.960777853493287,0.014945213024152476,4,-0.7307778534932865,0.7307778534932865
DUISBURG-MEIDERICH SCHLEUSE OW,2026-06-30 13:09:00+00:00,24.93,25.614220240953806,25.629165453977958,0.014945213024152476,4,-0.6991654539779582,0.6991654539779582
DUISBURG-MEIDERICH SCHLEUSE UW,2026-06-30 13:09:00+00:00,18.23,18.93193058291629,18.946875795940443,0.014945213024152476,4,-0.7168757959404424,0.7168757959404424
Basel-Rheinhalle,2026-06-30 13:10:00+00:00,518.0,514.3364285934612,514.5197273269686,0.18329873350741444,4,3.480272673031436,3.480272673031436
DUISBURG-MEIDERICH SCHLEUSE OW,2026-06-30 13:10:00+00:00,24.93,25.614220240953806,25.629165453977958,0.014945213024152476,4,-0.6991654539779582,0.6991654539779582
DUISBURG-MEIDERICH SCHLEUSE UW,2026-06-30 13:10:00+00:00,18.23,18.93193058291629,18.946875795940443,0.014945213024152476,4,-0.7168757959404424,0.7168757959404424
LOBITH,2026-06-30 13:10:00+00:00,704.0,703.6607636716158,703.6129153636372,-0.04784830797854315,4,0.38708463636282886,0.38708463636282886
DUISBURG-MEIDERICH SCHLEUSE OW,2026-06-30 13:11:00+00:00,24.93,25.614220240953806,25.629165453977958,0.014945213024152476,4,-0.6991654539779582,0.6991654539779582
DUISBURG-MEIDERICH SCHLEUSE UW,2026-06-30 13:11:00+00:00,18.23,18.93193058291629,18.946875795940443,0.014945213024152476,4,-0.7168757959404424,0.7168757959404424
DUISBURG-MEIDERICH SCHLEUSE OW,2026-06-30 13:12:00+00:00,24.93,25.61930974593118,25.63425495895533,0.014945213024152476,4,-0.7042549589553317,0.7042549589553317
DUISBURG-MEIDERICH SCHLEUSE UW,2026-06-30 13:12:00+00:00,18.23,18.93193058291629,18.946875795940443,0.014945213024152476,4,-0.7168757959404424,0.7168757959404424
DUISBURG-MEIDERICH SCHLEUSE OW,2026-06-30 13:13:00+00:00,24.93,25.61930974593118,25.63425495895533,0.014945213024152476,4,-0.7042549589553317,0.7042549589553317
DUISBURG-MEIDERICH SCHLEUSE UW,2026-06-30 13:13:00+00:00,18.23,18.93193058291629,18.946875795940443,0.014945213024152476,4,-0.7168757959404424,0.7168757959404424
DUISBURG-MEIDERICH SCHLEUSE OW,2026-06-30 13:14:00+00:00,24.93,25.61930974593118,25.63425495895533,0.014945213024152476,4,-0.7042549589553317,0.7042549589553317
DUISBURG-MEIDERICH SCHLEUSE UW,2026-06-30 13:14:00+00:00,18.23,18.93193058291629,18.946875795940443,0.014945213024152476,4,-0.7168757959404424,0.7168757959404424
BINGEN,2026-06-30 13:15:00+00:00,104.0,105.13868953414581,105.14770884612263,0.009019311976818836,4,-1.147708846122626,1.147708846122626
BONN,2026-06-30 13:15:00+00:00,137.0,137.21520433984097,137.19715027309752,-0.018054066743440532,4,-0.1971502730975203,0.1971502730975203
BREISACH,2026-06-30 13:15:00+00:00,195.0,194.84271012854464,194.3310235692505,-0.5116865592941272,4,0.6689764307494954,0.6689764307494954
Basel-Rheinhalle,2026-06-30 13:15:00+00:00,520.0,514.2987303833655,514.4994170475668,0.20068666420126566,4,5.500582952433206,5.500582952433206
DUISBURG-MEIDERICH SCHLEUSE OW,2026-06-30 13:15:00+00:00,24.93,25.61930974593118,25.63425495895533,0.014945213024152476,4,-0.7042549589553317,0.7042549589553317
DUISBURG-MEIDERICH SCHLEUSE UW,2026-06-30 13:15:00+00:00,18.23,18.93193058291629,18.946875795940443,0.014945213024152476,4,-0.7168757959404424,0.7168757959404424
DUISBURG-RUHRORT,2026-06-30 13:15:00+00:00,219.0,216.35468989212148,216.36765182903838,0.012961936916899964,4,2.6323481709616203,2.6323481709616203
DÜSSELDORF,2026-06-30 13:15:00+00:00,89.0,88.02861937961951,88.01979317424097,-0.008826205378537786,4,0.9802068257590264,0.9802068257590264
EMMERICH,2026-06-30 13:15:00+00:00,54.0,58.719559809426435,58.95938359005216,0.23982378062572376,4,-4.959383590052163,4.959383590052163
IFFEZHEIM,2026-06-30 13:15:00+00:00,136.0,135.26888630897525,135.31122462532193,0.04233831634668596,4,0.6887753746780731,0.6887753746780731
KAUB,2026-06-30 13:15:00+00:00,88.0,89.85569557489158,89.87160599278748,0.01591041789590224,4,-1.8716059927874795,1.8716059927874795
KOBLENZ,2026-06-30 13:15:00+00:00,91.0,92.80637072438608,93.17201777739706,0.3656470530109805,4,-2.172017777397059,2.172017777397059
KONSTANZ-RHEIN,2026-06-30 13:15:00+00:00,313.0,312.7188341324523,312.69015132263854,-0.02868280981372162,4,0.30984867736145816,0.30984867736145816
Koblenz OP,2026-06-30 13:15:00+00:00,199.0,205.58734757359116,204.95660181039645,-0.6307457631947209,4,-5.9566018103964495,5.9566018103964495
Koblenz UP,2026-06-30 13:15:00+00:00,66.0,80.58766050864702,81.21231679352802,0.6246562848810011,4,-15.212316793528018,15.212316793528018
KÖLN,2026-06-30 13:15:00+00:00,131.0,132.34824624327152,132.33019217652807,-0.018054066743440532,4,-1.3301921765280724,1.3301921765280724
MAINZ,2026-06-30 13:15:00+00:00,181.0,185.551889769248,185.70527664661586,0.15338687736787904,4,-4.705276646615857,4.705276646615857
MANNHEIM,2026-06-30 13:15:00+00:00,169.0,156.23415564284832,156.10759088561292,-0.12656475723539834,4,12.892409114387078,12.892409114387078
MAXAU,2026-06-30 13:15:00+00:00,396.0,403.069202084432,402.94336978662534,-0.12583229780666272,4,-6.94336978662534,6.94336978662534
REES,2026-06-30 13:15:00+00:00,97.0,95.50756657833924,95.48790340780376,-0.019663170535477597,4,1.5120965921962437,1.5120965921962437
RHEINE UNTERSCHLEUSE,2026-06-30 13:15:00+00:00,195.0,198.5337249539268,197.75788314699295,-0.7758418069338491,4,-2.7578831469929526,2.7578831469929526
RHEINWEILER,2026-06-30 13:15:00+00:00,225.0,222.39215863955926,222.2961836362151,-0.09597500334417548,4,2.7038163637849095,2.7038163637849095
SANKT GOAR,2026-06-30 13:15:00+00:00,180.0,190.31828319347753,190.7500413070018,0.43175811352425425,4,-10.750041307001794,10.750041307001794
SPEYER,2026-06-30 13:15:00+00:00,262.0,261.2826854059083,261.29210459513234,0.009419189224074222,4,0.7078954048676565,0.7078954048676565
WESEL,2026-06-30 13:15:00+00:00,156.0,153.7267427531864,153.96863268055378,0.24188992736740852,4,2.0313673194462183,2.0313673194462183
WORMS,2026-06-30 13:15:00+00:00,77.0,75.30155940809362,75.2699183377938,-0.031641070299831466,4,1.730081662206203,1.730081662206203
DUISBURG-MEIDERICH SCHLEUSE OW,2026-06-30 13:16:00+00:00,24.93,25.61930974593118,25.63425495895533,0.014945213024152476,4,-0.7042549589553317,0.7042549589553317
DUISBURG-MEIDERICH SCHLEUSE UW,2026-06-30 13:16:00+00:00,18.23,18.93193058291629,18.946875795940443,0.014945213024152476,4,-0.7168757959404424,0.7168757959404424
DUISBURG-MEIDERICH SCHLEUSE OW,2026-06-30 13:17:00+00:00,24.93,25.61930974593118,25.63425495895533,0.014945213024152476,4,-0.7042549589553317,0.7042549589553317
DUISBURG-MEIDERICH SCHLEUSE UW,2026-06-30 13:17:00+00:00,18.23,18.93193058291629,18.946875795940443,0.014945213024152476,4,-0.7168757959404424,0.7168757959404424
DUISBURG-MEIDERICH SCHLEUSE OW,2026-06-30 13:18:00+00:00,24.93,25.61930974593118,25.63425495895533,0.014945213024152476,4,-0.7042549589553317,0.7042549589553317
DUISBURG-MEIDERICH SCHLEUSE UW,2026-06-30 13:18:00+00:00,18.22,18.93193058291629,18.946875795940443,0.014945213024152476,4,-0.7268757959404439,0.7268757959404439
DUISBURG-MEIDERICH SCHLEUSE OW,2026-06-30 13:19:00+00:00,24.93,25.61930974593118,25.63425495895533,0.014945213024152476,4,-0.7042549589553317,0.7042549589553317
DUISBURG-MEIDERICH SCHLEUSE UW,2026-06-30 13:19:00+00:00,18.22,18.93193058291629,18.946875795940443,0.014945213024152476,4,-0.7268757959404439,0.7268757959404439
Basel-Rheinhalle,2026-06-30 13:20:00+00:00,520.0,514.3024377112528,514.503124375454,0.20068666420126566,4,5.4968756245459645,5.4968756245459645
DUISBURG-MEIDERICH SCHLEUSE OW,2026-06-30 13:20:00+00:00,24.93,25.61930974593118,25.63425495895533,0.014945213024152476,4,-0.7042549589553317,0.7042549589553317
DUISBURG-MEIDERICH SCHLEUSE UW,2026-06-30 13:20:00+00:00,18.22,18.93193058291629,18.946875795940443,0.014945213024152476,4,-0.7268757959404439,0.7268757959404439
LOBITH,2026-06-30 13:20:00+00:00,703.0,703.6724114627772,703.6245631547986,-0.04784830797854315,4,-0.6245631547985795,0.6245631547985795
DUISBURG-MEIDERICH SCHLEUSE OW,2026-06-30 13:21:00+00:00,24.94,25.61930974593118,25.63425495895533,0.014945213024152476,4,-0.6942549589553302,0.6942549589553302
DUISBURG-MEIDERICH SCHLEUSE UW,2026-06-30 13:21:00+00:00,18.22,18.93193058291629,18.946875795940443,0.014945213024152476,4,-0.7268757959404439,0.7268757959404439
DUISBURG-MEIDERICH SCHLEUSE OW,2026-06-30 13:22:00+00:00,24.94,25.61930974593118,25.63425495895533,0.014945213024152476,4,-0.6942549589553302,0.6942549589553302
DUISBURG-MEIDERICH SCHLEUSE UW,2026-06-30 13:22:00+00:00,18.22,18.93193058291629,18.946875795940443,0.014945213024152476,4,-0.7268757959404439,0.7268757959404439
DUISBURG-MEIDERICH SCHLEUSE OW,2026-06-30 13:23:00+00:00,24.94,25.61930974593118,25.63425495895533,0.014945213024152476,4,-0.6942549589553302,0.6942549589553302
DUISBURG-MEIDERICH SCHLEUSE UW,2026-06-30 13:23:00+00:00,18.22,18.93193058291629,18.946875795940443,0.014945213024152476,4,-0.7268757959404439,0.7268757959404439
DUISBURG-MEIDERICH SCHLEUSE OW,2026-06-30 13:24:00+00:00,24.94,25.61930974593118,25.63425495895533,0.014945213024152476,4,-0.6942549589553302,0.6942549589553302
DUISBURG-MEIDERICH SCHLEUSE UW,2026-06-30 13:24:00+00:00,18.22,18.93193058291629,18.946875795940443,0.014945213024152476,4,-0.7268757959404439,0.7268757959404439
Basel-Rheinhalle,2026-06-30 13:25:00+00:00,520.0,514.344827998429,514.5455146626302,0.20068666420126566,4,5.454485337369761,5.454485337369761
DUISBURG-MEIDERICH SCHLEUSE OW,2026-06-30 13:25:00+00:00,24.94,25.61930974593118,25.63425495895533,0.014945213024152476,4,-0.6942549589553302,0.6942549589553302
DUISBURG-MEIDERICH SCHLEUSE UW,2026-06-30 13:25:00+00:00,18.22,18.93193058291629,18.946875795940443,0.014945213024152476,4,-0.7268757959404439,0.7268757959404439
DUISBURG-MEIDERICH SCHLEUSE OW,2026-06-30 13:26:00+00:00,24.94,25.715632187003735,25.730577400027887,0.014945213024152476,4,-0.7905774000278853,0.7905774000278853
DUISBURG-MEIDERICH SCHLEUSE UW,2026-06-30 13:26:00+00:00,18.22,18.93193058291629,18.946875795940443,0.014945213024152476,4,-0.7268757959404439,0.7268757959404439
DUISBURG-MEIDERICH SCHLEUSE OW,2026-06-30 13:27:00+00:00,24.94,25.715632187003735,25.730577400027887,0.014945213024152476,4,-0.7905774000278853,0.7905774000278853
DUISBURG-MEIDERICH SCHLEUSE UW,2026-06-30 13:27:00+00:00,18.22,18.93193058291629,18.946875795940443,0.014945213024152476,4,-0.7268757959404439,0.7268757959404439
DUISBURG-MEIDERICH SCHLEUSE OW,2026-06-30 13:28:00+00:00,24.94,25.614220240953806,25.629165453977958,0.014945213024152476,4,-0.6891654539779566,0.6891654539779566
DUISBURG-MEIDERICH SCHLEUSE UW,2026-06-30 13:28:00+00:00,18.22,18.93193058291629,18.946875795940443,0.014945213024152476,4,-0.7268757959404439,0.7268757959404439
DUISBURG-MEIDERICH SCHLEUSE OW,2026-06-30 13:29:00+00:00,24.94,25.715632187003735,25.730577400027887,0.014945213024152476,4,-0.7905774000278853,0.7905774000278853
DUISBURG-MEIDERICH SCHLEUSE UW,2026-06-30 13:29:00+00:00,18.22,18.93193058291629,18.946875795940443,0.014945213024152476,4,-0.7268757959404439,0.7268757959404439
BINGEN,2026-06-30 13:30:00+00:00,104.0,105.11684521526871,105.12806964142116,0.011224426152449198,4,-1.1280696414211633,1.1280696414211633
BONN,2026-06-30 13:30:00+00:00,138.0,137.19968355236315,137.1816294856197,-0.018054066743440532,4,0.8183705143802911,0.8183705143802911
BREISACH,2026-06-30 13:30:00+00:00,194.0,194.36926098133813,194.55788124093516,0.1886202595970278,4,-0.5578812409351599,0.5578812409351599
Basel-Rheinhalle,2026-06-30 13:30:00+00:00,520.0,514.3024377112528,514.503124375454,0.20068666420126566,4,5.4968756245459645,5.4968756245459645
DUISBURG-MEIDERICH SCHLEUSE OW,2026-06-30 13:30:00+00:00,24.94,25.715632187003735,25.730577400027887,0.014945213024152476,4,-0.7905774000278853,0.7905774000278853
DUISBURG-MEIDERICH SCHLEUSE UW,2026-06-30 13:30:00+00:00,18.22,18.93193058291629,18.946875795940443,0.014945213024152476,4,-0.7268757959404439,0.7268757959404439
DUISBURG-RUHRORT,2026-06-30 13:30:00+00:00,219.0,216.35468989212148,216.36765182903838,0.012961936916899964,4,2.6323481709616203,2.6323481709616203
DÜSSELDORF,2026-06-30 13:30:00+00:00,89.0,87.61523317596752,87.60640697058898,-0.008826205378537786,4,1.3935930294110221,1.3935930294110221
EMMERICH,2026-06-30 13:30:00+00:00,54.0,59.28308968502474,59.674062068746,0.39097238372125565,4,-5.674062068745997,5.674062068745997
IFFEZHEIM,2026-06-30 13:30:00+00:00,135.0,135.6692411008407,135.50755452323025,-0.16168657761044802,4,-0.5075545232302545,0.5075545232302545
KAUB,2026-06-30 13:30:00+00:00,88.0,89.64731899534372,89.66322941323962,0.01591041789590224,4,-1.6632294132396197,1.6632294132396197
KOBLENZ,2026-06-30 13:30:00+00:00,92.0,92.7131644622121,93.07881151522308,0.3656470530109805,4,-1.0788115152230802,1.0788115152230802
KONSTANZ-RHEIN,2026-06-30 13:30:00+00:00,313.0,312.7188341324523,312.69015132263854,-0.02868280981372162,4,0.30984867736145816,0.30984867736145816
Koblenz OP,2026-06-30 13:30:00+00:00,199.0,205.59151817513273,205.22673199091602,-0.36478618421672365,4,-6.226731990916022,6.226731990916022
Koblenz UP,2026-06-30 13:30:00+00:00,65.0,80.34368553317348,80.96834181805448,0.6246562848810011,4,-15.968341818054483,15.968341818054483
KÖLN,2026-06-30 13:30:00+00:00,131.0,132.34824624327152,132.33019217652807,-0.018054066743440532,4,-1.3301921765280724,1.3301921765280724
LOBITH,2026-06-30 13:30:00+00:00,703.0,703.5679570941069,703.3626057124035,-0.2053513817034215,4,-0.3626057124034787,0.3626057124034787
MAINZ,2026-06-30 13:30:00+00:00,182.0,185.99369063808106,185.9412062869193,-0.05248435116176101,4,-3.9412062869193107,3.9412062869193107
MANNHEIM,2026-06-30 13:30:00+00:00,169.0,156.23415564284832,156.10759088561292,-0.12656475723539834,4,12.892409114387078,12.892409114387078
MAXAU,2026-06-30 13:30:00+00:00,398.0,403.10635099800464,403.064470201336,-0.0418807966686505,4,-5.0644702013360074,5.0644702013360074
REES,2026-06-30 13:30:00+00:00,97.0,95.35559789661359,95.33593472607811,-0.019663170535477597,4,1.6640652739218922,1.6640652739218922
RHEINE UNTERSCHLEUSE,2026-06-30 13:30:00+00:00,195.0,198.49439766423842,197.71855585730458,-0.7758418069338491,4,-2.7185558573045796,2.7185558573045796
RHEINWEILER,2026-06-30 13:30:00+00:00,225.0,222.39215863955926,222.2961836362151,-0.09597500334417548,4,2.7038163637849095,2.7038163637849095
SANKT GOAR,2026-06-30 13:30:00+00:00,179.0,190.00679627634383,190.43634927569246,0.42955299934862395,4,-11.436349275692464,11.436349275692464
SPEYER,2026-06-30 13:30:00+00:00,262.0,261.41848408055176,261.2032342762788,-0.21524980427293822,4,0.7967657237211938,0.7967657237211938
WESEL,2026-06-30 13:30:00+00:00,154.0,153.7225721516448,153.73096640585862,0.008394254213822111,4,0.2690335941413764,0.2690335941413764
WORMS,2026-06-30 13:30:00+00:00,77.0,75.30155940809362,75.2699183377938,-0.031641070299831466,4,1.730081662206203,1.730081662206203
DUISBURG-MEIDERICH SCHLEUSE OW,2026-06-30 13:31:00+00:00,24.94,25.614220240953806,25.629165453977958,0.014945213024152476,4,-0.6891654539779566,0.6891654539779566
DUISBURG-MEIDERICH SCHLEUSE UW,2026-06-30 13:31:00+00:00,18.23,18.93193058291629,18.946875795940443,0.014945213024152476,4,-0.7168757959404424,0.7168757959404424
DUISBURG-MEIDERICH SCHLEUSE OW,2026-06-30 13:32:00+00:00,24.95,25.614220240953806,25.629165453977958,0.014945213024152476,4,-0.6791654539779586,0.6791654539779586
DUISBURG-MEIDERICH SCHLEUSE UW,2026-06-30 13:32:00+00:00,18.23,18.93193058291629,18.946875795940443,0.014945213024152476,4,-0.7168757959404424,0.7168757959404424
DUISBURG-MEIDERICH SCHLEUSE OW,2026-06-30 13:33:00+00:00,24.95,25.614220240953806,25.629165453977958,0.014945213024152476,4,-0.6791654539779586,0.6791654539779586
DUISBURG-MEIDERICH SCHLEUSE UW,2026-06-30 13:33:00+00:00,18.23,18.93193058291629,18.946875795940443,0.014945213024152476,4,-0.7168757959404424,0.7168757959404424
DUISBURG-MEIDERICH SCHLEUSE OW,2026-06-30 13:34:00+00:00,24.95,25.61930974593118,25.63425495895533,0.014945213024152476,4,-0.6842549589553322,0.6842549589553322
DUISBURG-MEIDERICH SCHLEUSE UW,2026-06-30 13:34:00+00:00,18.23,18.93193058291629,18.946875795940443,0.014945213024152476,4,-0.7168757959404424,0.7168757959404424
Basel-Rheinhalle,2026-06-30 13:35:00+00:00,519.0,514.2699605423845,514.2517482842171,-0.01821225816746027,4,4.748251715782885,4.748251715782885
DUISBURG-MEIDERICH SCHLEUSE OW,2026-06-30 13:35:00+00:00,24.95,25.61930974593118,25.63425495895533,0.014945213024152476,4,-0.6842549589553322,0.6842549589553322
DUISBURG-MEIDERICH SCHLEUSE UW,2026-06-30 13:35:00+00:00,18.22,18.93193058291629,18.946875795940443,0.014945213024152476,4,-0.7268757959404439,0.7268757959404439
DUISBURG-MEIDERICH SCHLEUSE OW,2026-06-30 13:36:00+00:00,24.95,25.61930974593118,25.63425495895533,0.014945213024152476,4,-0.6842549589553322,0.6842549589553322
DUISBURG-MEIDERICH SCHLEUSE UW,2026-06-30 13:36:00+00:00,18.22,18.93193058291629,18.946875795940443,0.014945213024152476,4,-0.7268757959404439,0.7268757959404439
DUISBURG-MEIDERICH SCHLEUSE OW,2026-06-30 13:37:00+00:00,24.95,25.61930974593118,25.63425495895533,0.014945213024152476,4,-0.6842549589553322,0.6842549589553322
DUISBURG-MEIDERICH SCHLEUSE UW,2026-06-30 13:37:00+00:00,18.22,18.93193058291629,18.946875795940443,0.014945213024152476,4,-0.7268757959404439,0.7268757959404439
DUISBURG-MEIDERICH SCHLEUSE OW,2026-06-30 13:38:00+00:00,24.95,25.61930974593118,25.63425495895533,0.014945213024152476,4,-0.6842549589553322,0.6842549589553322
DUISBURG-MEIDERICH SCHLEUSE UW,2026-06-30 13:38:00+00:00,18.22,18.93193058291629,18.946875795940443,0.014945213024152476,4,-0.7268757959404439,0.7268757959404439
DUISBURG-MEIDERICH SCHLEUSE OW,2026-06-30 13:39:00+00:00,24.95,25.61930974593118,25.63425495895533,0.014945213024152476,4,-0.6842549589553322,0.6842549589553322
DUISBURG-MEIDERICH SCHLEUSE UW,2026-06-30 13:39:00+00:00,18.22,18.93193058291629,18.946875795940443,0.014945213024152476,4,-0.7268757959404439,0.7268757959404439
Basel-Rheinhalle,2026-06-30 13:40:00+00:00,520.0,514.2994396983399,514.5001263625412,0.20068666420126566,4,5.499873637458791,5.499873637458791
DUISBURG-MEIDERICH SCHLEUSE OW,2026-06-30 13:40:00+00:00,24.95,25.61930974593118,25.63425495895533,0.014945213024152476,4,-0.6842549589553322,0.6842549589553322
DUISBURG-MEIDERICH SCHLEUSE UW,2026-06-30 13:40:00+00:00,18.22,18.93193058291629,18.946875795940443,0.014945213024152476,4,-0.7268757959404439,0.7268757959404439
LOBITH,2026-06-30 13:40:00+00:00,704.0,703.5796048852683,703.3742535035649,-0.2053513817034215,4,0.6257464964351129,0.6257464964351129
DUISBURG-MEIDERICH SCHLEUSE OW,2026-06-30 13:41:00+00:00,24.95,25.61930974593118,25.63425495895533,0.014945213024152476,4,-0.6842549589553322,0.6842549589553322
DUISBURG-MEIDERICH SCHLEUSE UW,2026-06-30 13:41:00+00:00,18.22,18.93193058291629,18.946875795940443,0.014945213024152476,4,-0.7268757959404439,0.7268757959404439
DUISBURG-MEIDERICH SCHLEUSE OW,2026-06-30 13:42:00+00:00,24.95,25.61930974593118,25.63425495895533,0.014945213024152476,4,-0.6842549589553322,0.6842549589553322
DUISBURG-MEIDERICH SCHLEUSE UW,2026-06-30 13:42:00+00:00,18.22,18.93193058291629,18.946875795940443,0.014945213024152476,4,-0.7268757959404439,0.7268757959404439
DUISBURG-MEIDERICH SCHLEUSE OW,2026-06-30 13:43:00+00:00,24.95,25.61930974593118,25.63425495895533,0.014945213024152476,4,-0.6842549589553322,0.6842549589553322
DUISBURG-MEIDERICH SCHLEUSE UW,2026-06-30 13:43:00+00:00,18.22,19.03334252896622,19.04828774199037,0.014945213024152476,4,-0.8282877419903727,0.8282877419903727
DUISBURG-MEIDERICH SCHLEUSE OW,2026-06-30 13:44:00+00:00,24.95,25.61930974593118,25.63425495895533,0.014945213024152476,4,-0.6842549589553322,0.6842549589553322
DUISBURG-MEIDERICH SCHLEUSE UW,2026-06-30 13:44:00+00:00,18.22,19.03334252896622,19.04828774199037,0.014945213024152476,4,-0.8282877419903727,0.8282877419903727
BINGEN,2026-06-30 13:45:00+00:00,103.0,105.1759436281863,105.18716805433876,0.011224426152449198,4,-2.1871680543387555,2.1871680543387555
BONN,2026-06-30 13:45:00+00:00,138.0,137.19312617891202,137.1976036212674,0.00447744235536913,4,0.8023963787325954,0.8023963787325954
BREISACH,2026-06-30 13:45:00+00:00,193.0,193.7672376756637,194.00654404509635,0.23930636943266637,4,-1.0065440450963479,1.0065440450963479
Basel-Rheinhalle,2026-06-30 13:45:00+00:00,520.0,514.3024377112528,514.503124375454,0.20068666420126566,4,5.4968756245459645,5.4968756245459645
DUISBURG-MEIDERICH SCHLEUSE OW,2026-06-30 13:45:00+00:00,24.95,25.61930974593118,25.63425495895533,0.014945213024152476,4,-0.6842549589553322,0.6842549589553322
DUISBURG-MEIDERICH SCHLEUSE UW,2026-06-30 13:45:00+00:00,18.23,18.954545441004456,18.969490654028608,0.014945213024152476,4,-0.7394906540286073,0.7394906540286073
DUISBURG-RUHRORT,2026-06-30 13:45:00+00:00,219.0,216.44280771156386,216.36384433092252,-0.07896338064133908,4,2.636155669077482,2.636155669077482
DÜSSELDORF,2026-06-30 13:45:00+00:00,89.0,88.18026078048577,88.19617119838166,0.01591041789590224,4,0.8038288016183373,0.8038288016183373
EMMERICH,2026-06-30 13:45:00+00:00,53.0,59.02793313828528,59.456437134543556,0.4285039962582771,4,-6.456437134543556,6.456437134543556
IFFEZHEIM,2026-06-30 13:45:00+00:00,133.0,136.28107604814292,136.37410047432525,0.09302442618232466,4,-3.374100474325246,3.374100474325246
KAUB,2026-06-30 13:45:00+00:00,87.0,90.50261985029773,90.73647561538421,0.23385576508647907,4,-3.736475615384208,3.736475615384208
KOBLENZ,2026-06-30 13:45:00+00:00,91.0,91.18194674482399,91.30562931100067,0.12368256617668588,4,-0.30562931100067203,0.30562931100067203
KONSTANZ-RHEIN,2026-06-30 13:45:00+00:00,313.0,312.6158838133179,312.5849958893286,-0.03088792398935199,4,0.4150041106714184,0.4150041106714184
Koblenz OP,2026-06-30 13:45:00+00:00,200.0,204.81369021599286,204.31034546299287,-0.5033447530000023,4,-4.310345462992871,4.310345462992871
Koblenz UP,2026-06-30 13:45:00+00:00,47.0,80.01737076147187,80.63588586583008,0.6185151043582081,4,-33.635885865830076,33.635885865830076
KÖLN,2026-06-30 13:45:00+00:00,132.0,132.4222514266307,132.4267288689861,0.00447744235536913,4,-0.4267288689860891,0.4267288689860891
MAINZ,2026-06-30 13:45:00+00:00,182.0,186.65040569603778,186.82259033837303,0.1721846423352517,4,-4.822590338373033,4.822590338373033
MANNHEIM,2026-06-30 13:45:00+00:00,170.0,155.3773084998127,155.26750314669104,-0.10980535312167186,4,14.732496853308959,14.732496853308959
MAXAU,2026-06-30 13:45:00+00:00,397.0,403.3948687439858,403.2789555442923,-0.11591319969352835,4,-6.278955544292273,6.278955544292273
REES,2026-06-30 13:45:00+00:00,97.0,95.55366569369849,95.55873914643746,0.005073452738962435,4,1.4412608535625395,1.4412608535625395
RHEINE UNTERSCHLEUSE,2026-06-30 13:45:00+00:00,195.0,192.34987716518333,192.3725375083915,0.022660343208184452,4,2.6274624916084974,2.6274624916084974
RHEINWEILER,2026-06-30 13:45:00+00:00,224.0,222.27565318668763,222.17967818334347,-0.09597500334417548,4,1.8203218166565307,1.8203218166565307
SANKT GOAR,2026-06-30 13:45:00+00:00,179.0,189.9132544655725,190.34280746492112,0.42955299934862395,4,-11.342807464921123,11.342807464921123
SPEYER,2026-06-30 13:45:00+00:00,262.0,261.2698193843441,261.3005138196071,0.030694435263020847,4,0.6994861803929098,0.6994861803929098
WESEL,2026-06-30 13:45:00+00:00,156.0,153.67809407898926,153.71122495647754,0.03313087748826215,4,2.288775043522463,2.288775043522463
WORMS,2026-06-30 13:45:00+00:00,77.0,75.54408215930358,75.52920049311749,-0.014881666186104975,4,1.4707995068825142,1.4707995068825142
DUISBURG-MEIDERICH SCHLEUSE OW,2026-06-30 13:46:00+00:00,24.95,25.725291041979894,25.740236255004046,0.014945213024152476,4,-0.7902362550040465,0.7902362550040465
DUISBURG-MEIDERICH SCHLEUSE UW,2026-06-30 13:46:00+00:00,18.23,18.954545441004456,18.969490654028608,0.014945213024152476,4,-0.7394906540286073,0.7394906540286073
DUISBURG-MEIDERICH SCHLEUSE OW,2026-06-30 13:47:00+00:00,24.95,25.725291041979894,25.740236255004046,0.014945213024152476,4,-0.7902362550040465,0.7902362550040465
DUISBURG-MEIDERICH SCHLEUSE UW,2026-06-30 13:47:00+00:00,18.23,18.954545441004456,18.969490654028608,0.014945213024152476,4,-0.7394906540286073,0.7394906540286073
DUISBURG-MEIDERICH SCHLEUSE OW,2026-06-30 13:48:00+00:00,24.96,25.623879095929965,25.638824308954117,0.014945213024152476,4,-0.6788243089541162,0.6788243089541162
DUISBURG-MEIDERICH SCHLEUSE UW,2026-06-30 13:48:00+00:00,18.23,18.954545441004456,18.969490654028608,0.014945213024152476,4,-0.7394906540286073,0.7394906540286073
DUISBURG-MEIDERICH SCHLEUSE OW,2026-06-30 13:49:00+00:00,24.96,25.623879095929965,25.638824308954117,0.014945213024152476,4,-0.6788243089541162,0.6788243089541162
DUISBURG-MEIDERICH SCHLEUSE UW,2026-06-30 13:49:00+00:00,18.23,18.954545441004456,18.969490654028608,0.014945213024152476,4,-0.7394906540286073,0.7394906540286073
Basel-Rheinhalle,2026-06-30 13:50:00+00:00,521.0,514.340504701099,514.5238034346064,0.18329873350741444,4,6.476196565393593,6.476196565393593
DUISBURG-MEIDERICH SCHLEUSE OW,2026-06-30 13:50:00+00:00,24.95,25.623879095929965,25.638824308954117,0.014945213024152476,4,-0.6888243089541177,0.6888243089541177
DUISBURG-MEIDERICH SCHLEUSE UW,2026-06-30 13:50:00+00:00,18.23,18.954545441004456,18.969490654028608,0.014945213024152476,4,-0.7394906540286073,0.7394906540286073
LOBITH,2026-06-30 13:50:00+00:00,704.0,703.5796048852683,703.3742535035649,-0.2053513817034215,4,0.6257464964351129,0.6257464964351129
DUISBURG-MEIDERICH SCHLEUSE OW,2026-06-30 13:51:00+00:00,24.95,25.623879095929965,25.638824308954117,0.014945213024152476,4,-0.6888243089541177,0.6888243089541177
DUISBURG-MEIDERICH SCHLEUSE UW,2026-06-30 13:51:00+00:00,18.23,18.954545441004456,18.969490654028608,0.014945213024152476,4,-0.7394906540286073,0.7394906540286073
DUISBURG-MEIDERICH SCHLEUSE OW,2026-06-30 13:52:00+00:00,24.95,25.623879095929965,25.638824308954117,0.014945213024152476,4,-0.6888243089541177,0.6888243089541177
DUISBURG-MEIDERICH SCHLEUSE UW,2026-06-30 13:52:00+00:00,18.23,18.954545441004456,18.969490654028608,0.014945213024152476,4,-0.7394906540286073,0.7394906540286073
DUISBURG-MEIDERICH SCHLEUSE OW,2026-06-30 13:53:00+00:00,24.96,25.623879095929965,25.638824308954117,0.014945213024152476,4,-0.6788243089541162,0.6788243089541162
DUISBURG-MEIDERICH SCHLEUSE UW,2026-06-30 13:53:00+00:00,18.23,18.954545441004456,18.969490654028608,0.014945213024152476,4,-0.7394906540286073,0.7394906540286073
DUISBURG-MEIDERICH SCHLEUSE OW,2026-06-30 13:54:00+00:00,24.96,25.623879095929965,25.638824308954117,0.014945213024152476,4,-0.6788243089541162,0.6788243089541162
DUISBURG-MEIDERICH SCHLEUSE UW,2026-06-30 13:54:00+00:00,18.23,18.954545441004456,18.969490654028608,0.014945213024152476,4,-0.7394906540286073,0.7394906540286073
Basel-Rheinhalle,2026-06-30 13:55:00+00:00,521.0,514.2699605423845,514.2517482842171,-0.01821225816746027,4,6.748251715782885,6.748251715782885
DUISBURG-MEIDERICH SCHLEUSE OW,2026-06-30 13:55:00+00:00,24.96,25.623879095929965,25.638824308954117,0.014945213024152476,4,-0.6788243089541162,0.6788243089541162
DUISBURG-MEIDERICH SCHLEUSE UW,2026-06-30 13:55:00+00:00,18.23,18.954545441004456,18.969490654028608,0.014945213024152476,4,-0.7394906540286073,0.7394906540286073
DUISBURG-MEIDERICH SCHLEUSE OW,2026-06-30 13:56:00+00:00,24.96,25.623879095929965,25.638824308954117,0.014945213024152476,4,-0.6788243089541162,0.6788243089541162
DUISBURG-MEIDERICH SCHLEUSE UW,2026-06-30 13:56:00+00:00,18.23,19.03334252896622,19.04828774199037,0.014945213024152476,4,-0.8182877419903711,0.8182877419903711
DUISBURG-MEIDERICH SCHLEUSE OW,2026-06-30 13:57:00+00:00,24.96,25.735011767404266,25.74995698042842,0.014945213024152476,4,-0.7899569804284177,0.7899569804284177
DUISBURG-MEIDERICH SCHLEUSE UW,2026-06-30 13:57:00+00:00,18.23,19.03334252896622,19.04828774199037,0.014945213024152476,4,-0.8182877419903711,0.8182877419903711
DUISBURG-MEIDERICH SCHLEUSE OW,2026-06-30 13:58:00+00:00,24.96,25.735011767404266,25.74995698042842,0.014945213024152476,4,-0.7899569804284177,0.7899569804284177
DUISBURG-MEIDERICH SCHLEUSE UW,2026-06-30 13:58:00+00:00,18.23,18.93193058291629,18.946875795940443,0.014945213024152476,4,-0.7168757959404424,0.7168757959404424
DUISBURG-MEIDERICH SCHLEUSE OW,2026-06-30 13:59:00+00:00,24.96,25.633599821354338,25.64854503437849,0.014945213024152476,4,-0.6885450343784889,0.6885450343784889
DUISBURG-MEIDERICH SCHLEUSE UW,2026-06-30 13:59:00+00:00,18.23,18.93193058291629,18.946875795940443,0.014945213024152476,4,-0.7168757959404424,0.7168757959404424
BINGEN,2026-06-30 14:00:00+00:00,103.0,105.1759436281863,105.18716805433876,0.011224426152449198,4,-2.1871680543387555,2.1871680543387555
BONN,2026-06-30 14:00:00+00:00,139.0,136.96536385788346,136.94463531072424,-0.02072854715921062,4,2.0553646892757627,2.0553646892757627
BREISACH,2026-06-30 14:00:00+00:00,194.0,194.33134286203898,194.40823597446058,0.07689311242160954,4,-0.408235974460581,0.408235974460581
Basel-Rheinhalle,2026-06-30 14:00:00+00:00,520.0,514.2699605423845,514.2517482842171,-0.01821225816746027,4,5.748251715782885,5.748251715782885
DUISBURG-MEIDERICH SCHLEUSE OW,2026-06-30 14:00:00+00:00,24.96,25.06743272297709,25.016439704148734,-0.050993018828357016,4,-0.05643970414873323,0.05643970414873323
DUISBURG-MEIDERICH SCHLEUSE UW,2026-06-30 14:00:00+00:00,18.23,18.386082486457262,18.335089467628904,-0.050993018828357016,4,-0.10508946762890403,0.10508946762890403
DUISBURG-RUHRORT,2026-06-30 14:00:00+00:00,219.0,217.16530930356387,217.07053209513202,-0.09477720843184073,4,1.9294679048679768,1.9294679048679768
DÜSSELDORF,2026-06-30 14:00:00+00:00,88.0,88.545364238975,88.72962740239988,0.184263163424882,4,-0.7296274023998848,0.7296274023998848
EMMERICH,2026-06-30 14:00:00+00:00,54.0,57.80719809094505,58.154763751912604,0.3475656609675558,4,-4.154763751912604,4.154763751912604
IFFEZHEIM,2026-06-30 14:00:00+00:00,132.0,134.72543989544485,134.76393939142824,0.03849949598339178,4,-2.763939391428238,2.763939391428238
KAUB,2026-06-30 14:00:00+00:00,88.0,90.42915989883431,90.66301566392079,0.23385576508647907,4,-2.6630156639207883,2.6630156639207883
KOBLENZ,2026-06-30 14:00:00+00:00,90.0,90.84151905381606,90.96520161999274,0.12368256617668588,4,-0.9652016199927402,0.9652016199927402
KONSTANZ-RHEIN,2026-06-30 14:00:00+00:00,313.0,312.6158838133179,312.5849958893286,-0.03088792398935199,4,0.4150041106714184,0.4150041106714184
Koblenz OP,2026-06-30 14:00:00+00:00,201.0,206.36560057405478,206.83063195951252,0.4650313854577455,4,-5.830631959512516,5.830631959512516
Koblenz UP,2026-06-30 14:00:00+00:00,47.0,80.13487127330306,80.75338637766127,0.6185151043582081,4,-33.75338637766127,33.75338637766127
KÖLN,2026-06-30 14:00:00+00:00,131.0,132.27244470887516,132.25171616171593,-0.02072854715921062,4,-1.2517161617159331,1.2517161617159331
LOBITH,2026-06-30 14:00:00+00:00,704.0,703.9274891095841,703.7129779052075,-0.21451120437668156,4,0.28702209479251906,0.28702209479251906
MAINZ,2026-06-30 14:00:00+00:00,182.0,185.66019489635323,185.83237953868849,0.1721846423352517,4,-3.8323795386884854,3.8323795386884854
MANNHEIM,2026-06-30 14:00:00+00:00,170.0,155.01134174015792,154.8109354804555,-0.20040625970240683,4,15.189064519544502,15.189064519544502
MAXAU,2026-06-30 14:00:00+00:00,396.0,403.7085812644518,403.6873628521569,-0.021218412294885004,4,-7.687362852156923,7.687362852156923
REES,2026-06-30 14:00:00+00:00,97.0,94.58818178123836,94.52511188794918,-0.06306989328917743,4,2.47488811205082,2.47488811205082
RHEINE UNTERSCHLEUSE,2026-06-30 14:00:00+00:00,195.0,201.15598069950192,200.3809572900027,-0.7750234094992252,4,-5.380957290002698,5.380957290002698
RHEINWEILER,2026-06-30 14:00:00+00:00,225.0,222.27565318668763,222.17967818334347,-0.09597500334417548,4,2.8203218166565307,2.8203218166565307
SANKT GOAR,2026-06-30 14:00:00+00:00,179.0,190.01636480315833,190.4481229166826,0.43175811352425425,4,-11.448122916682593,11.448122916682593
SPEYER,2026-06-30 14:00:00+00:00,262.0,261.0764333928405,261.07773254603217,0.0012991531916386131,4,0.9222674539678337,0.9222674539678337
WESEL,2026-06-30 14:00:00+00:00,156.0,153.07527866223018,153.2737618668439,0.19848320461370864,4,2.7262381331561016,2.7262381331561016
WORMS,2026-06-30 14:00:00+00:00,77.0,74.91154586264454,74.8060632898777,-0.10548257276684002,4,2.1939367101223013,2.1939367101223013
DUISBURG-MEIDERICH SCHLEUSE OW,2026-06-30 14:01:00+00:00,24.96,24.896495487305366,24.845502468477008,-0.050993018828357016,4,0.1144975315229928,0.1144975315229928
DUISBURG-MEIDERICH SCHLEUSE UW,2026-06-30 14:01:00+00:00,18.22,18.220929969390852,18.169936950562494,-0.050993018828357016,4,0.0500630494375045,0.0500630494375045
DUISBURG-MEIDERICH SCHLEUSE OW,2026-06-30 14:02:00+00:00,24.96,24.914245496157047,24.86325247732869,-0.050993018828357016,4,0.09674752267131126,0.09674752267131126
DUISBURG-MEIDERICH SCHLEUSE UW,2026-06-30 14:02:00+00:00,18.22,18.218572926232838,18.16757990740448,-0.050993018828357016,4,0.0524200925955185,0.0524200925955185
DUISBURG-MEIDERICH SCHLEUSE OW,2026-06-30 14:03:00+00:00,24.96,25.29998749668144,25.300312265590605,0.00032476890916541506,4,-0.34031226559060457,0.34031226559060457
DUISBURG-MEIDERICH SCHLEUSE UW,2026-06-30 14:03:00+00:00,18.22,18.599017193366397,18.599341962275563,0.00032476890916541506,4,-0.37934196227556427,0.37934196227556427
DUISBURG-MEIDERICH SCHLEUSE OW,2026-06-30 14:04:00+00:00,24.96,25.29998749668144,25.300312265590605,0.00032476890916541506,4,-0.34031226559060457,0.34031226559060457
DUISBURG-MEIDERICH SCHLEUSE UW,2026-06-30 14:04:00+00:00,18.22,18.599017193366397,18.599341962275563,0.00032476890916541506,4,-0.37934196227556427,0.37934196227556427
Basel-Rheinhalle,2026-06-30 14:05:00+00:00,518.0,514.3469549680727,514.3287427099053,-0.01821225816746027,4,3.6712572900946725,3.6712572900946725
DUISBURG-MEIDERICH SCHLEUSE OW,2026-06-30 14:05:00+00:00,24.96,25.29998749668144,25.300312265590605,0.00032476890916541506,4,-0.34031226559060457,0.34031226559060457
DUISBURG-MEIDERICH SCHLEUSE UW,2026-06-30 14:05:00+00:00,18.23,18.599017193366397,18.599341962275563,0.00032476890916541506,4,-0.3693419622755627,0.3693419622755627
DUISBURG-MEIDERICH SCHLEUSE OW,2026-06-30 14:06:00+00:00,24.96,25.002081253615227,25.002406022524394,0.00032476890916541506,4,-0.04240602252439274,0.04240602252439274
DUISBURG-MEIDERICH SCHLEUSE UW,2026-06-30 14:06:00+00:00,18.23,18.301110950300185,18.30143571920935,0.00032476890916541506,4,-0.07143571920935088,0.07143571920935088
DUISBURG-MEIDERICH SCHLEUSE OW,2026-06-30 14:07:00+00:00,24.97,25.002081253615227,25.002406022524394,0.00032476890916541506,4,-0.03240602252439473,0.03240602252439473
DUISBURG-MEIDERICH SCHLEUSE UW,2026-06-30 14:07:00+00:00,18.23,18.301110950300185,18.30143571920935,0.00032476890916541506,4,-0.07143571920935088,0.07143571920935088
DUISBURG-MEIDERICH SCHLEUSE OW,2026-06-30 14:08:00+00:00,24.97,24.906923416890287,24.907248185799453,0.00032476890916541506,4,0.06275181420054565,0.06275181420054565
DUISBURG-MEIDERICH SCHLEUSE UW,2026-06-30 14:08:00+00:00,18.23,18.205953113575244,18.20627788248441,0.00032476890916541506,4,0.023722117515589503,0.023722117515589503
DUISBURG-MEIDERICH SCHLEUSE OW,2026-06-30 14:09:00+00:00,24.97,24.906923416890287,24.907248185799453,0.00032476890916541506,4,0.06275181420054565,0.06275181420054565
DUISBURG-MEIDERICH SCHLEUSE UW,2026-06-30 14:09:00+00:00,18.23,18.205953113575244,18.20627788248441,0.00032476890916541506,4,0.023722117515589503,0.023722117515589503
Basel-Rheinhalle,2026-06-30 14:10:00+00:00,518.0,514.3333345218775,514.5340211860788,0.20068666420126566,4,3.465978813921197,3.465978813921197
DUISBURG-MEIDERICH SCHLEUSE OW,2026-06-30 14:10:00+00:00,24.97,24.906923416890287,24.907248185799453,0.00032476890916541506,4,0.06275181420054565,0.06275181420054565
DUISBURG-MEIDERICH SCHLEUSE UW,2026-06-30 14:10:00+00:00,18.23,18.28475020153701,18.285074970446175,0.00032476890916541506,4,-0.055074970446174376,0.055074970446174376
LOBITH,2026-06-30 14:10:00+00:00,703.0,703.7235363938481,703.5929766906095,-0.13055970323866936,4,-0.5929766906094756,0.5929766906094756
DUISBURG-MEIDERICH SCHLEUSE OW,2026-06-30 14:11:00+00:00,24.97,24.9723828640442,24.972707632953366,0.00032476890916541506,4,-0.0027076329533670673,0.0027076329533670673
DUISBURG-MEIDERICH SCHLEUSE UW,2026-06-30 14:11:00+00:00,18.23,18.35020964869092,18.350534417600088,0.00032476890916541506,4,-0.1205344176000871,0.1205344176000871
DUISBURG-MEIDERICH SCHLEUSE OW,2026-06-30 14:12:00+00:00,24.97,24.9723828640442,24.972707632953366,0.00032476890916541506,4,-0.0027076329533670673,0.0027076329533670673
DUISBURG-MEIDERICH SCHLEUSE UW,2026-06-30 14:12:00+00:00,18.23,18.248797702640992,18.24912247155016,0.00032476890916541506,4,-0.019122471550158338,0.019122471550158338
DUISBURG-MEIDERICH SCHLEUSE OW,2026-06-30 14:13:00+00:00,24.97,25.073794810094128,25.074119579003295,0.00032476890916541506,4,-0.10411957900329583,0.10411957900329583
DUISBURG-MEIDERICH SCHLEUSE UW,2026-06-30 14:13:00+00:00,18.23,18.248797702640992,18.24912247155016,0.00032476890916541506,4,-0.019122471550158338,0.019122471550158338
DUISBURG-MEIDERICH SCHLEUSE OW,2026-06-30 14:14:00+00:00,24.97,25.073794810094128,25.074119579003295,0.00032476890916541506,4,-0.10411957900329583,0.10411957900329583
DUISBURG-MEIDERICH SCHLEUSE UW,2026-06-30 14:14:00+00:00,18.22,18.248797702640992,18.24912247155016,0.00032476890916541506,4,-0.0291224715501599,0.0291224715501599
BINGEN,2026-06-30 14:15:00+00:00,103.0,104.98941136751554,104.99843067949236,0.009019311976818836,4,-1.9984306794923583,1.9984306794923583
BONN,2026-06-30 14:15:00+00:00,139.0,136.9944643046053,136.97373575744606,-0.02072854715921062,4,2.0262642425539354,2.0262642425539354
BREISACH,2026-06-30 14:15:00+00:00,194.0,193.5786738776175,193.77163062359875,0.19295674598125537,4,0.22836937640124688,0.22836937640124688
Basel-Rheinhalle,2026-06-30 14:15:00+00:00,519.0,514.2987303833655,514.4994170475668,0.20068666420126566,4,4.500582952433206,4.500582952433206
DUISBURG-MEIDERICH SCHLEUSE OW,2026-06-30 14:15:00+00:00,24.97,25.073794810094128,25.074119579003295,0.00032476890916541506,4,-0.10411957900329583,0.10411957900329583
DUISBURG-MEIDERICH SCHLEUSE UW,2026-06-30 14:15:00+00:00,18.22,18.248797702640992,18.24912247155016,0.00032476890916541506,4,-0.0291224715501599,0.0291224715501599
DUISBURG-RUHRORT,2026-06-30 14:15:00+00:00,219.0,217.07715706584614,216.9823798574143,-0.09477720843184073,4,2.017620142585713,2.017620142585713
DÜSSELDORF,2026-06-30 14:15:00+00:00,89.0,90.19052663876418,90.37478980218907,0.184263163424882,4,-1.3747898021890705,1.3747898021890705
EMMERICH,2026-06-30 14:15:00+00:00,53.0,58.07360616741337,58.27002322528539,0.19641705787202401,4,-5.270023225285392,5.270023225285392
IFFEZHEIM,2026-06-30 14:15:00+00:00,136.0,134.76242879056608,134.80092828654946,0.03849949598339178,4,1.199071713450536,1.199071713450536
KAUB,2026-06-30 14:15:00+00:00,88.0,89.7100205490006,89.7259309668965,0.01591041789590224,4,-1.7259309668964988,1.7259309668964988
KOBLENZ,2026-06-30 14:15:00+00:00,91.0,91.90121143692681,92.26685848993779,0.3656470530109805,4,-1.266858489937789,1.266858489937789
KONSTANZ-RHEIN,2026-06-30 14:15:00+00:00,313.0,312.65048795182975,312.6196000278404,-0.03088792398935199,4,0.3803999721595801,0.3803999721595801
Koblenz OP,2026-06-30 14:15:00+00:00,202.0,204.00137694979577,203.4837705768832,-0.517606372912589,4,-1.4837705768831881,1.4837705768831881
Koblenz UP,2026-06-30 14:15:00+00:00,48.0,77.98875126816422,78.37156558519321,0.38281431702899105,4,-30.37156558519321,30.37156558519321
KÖLN,2026-06-30 14:15:00+00:00,130.0,132.12860828994053,132.1078797427813,-0.02072854715921062,4,-2.107879742781307,2.107879742781307
MAINZ,2026-06-30 14:15:00+00:00,182.0,186.15990006320277,186.08861794707363,-0.07128211612913367,4,-4.0886179470736295,4.0886179470736295
MANNHEIM,2026-06-30 14:15:00+00:00,170.0,154.64014052122104,154.43973426151862,-0.20040625970240683,4,15.560265738481377,15.560265738481377
MAXAU,2026-06-30 14:15:00+00:00,396.0,403.74557015957305,403.72435174727815,-0.021218412294885004,4,-7.724351747278149,7.724351747278149
REES,2026-06-30 14:15:00+00:00,97.0,94.59996717441912,94.53689728112994,-0.06306989328917743,4,2.4631027188700614,2.4631027188700614
RHEINE UNTERSCHLEUSE,2026-06-30 14:15:00+00:00,196.0,199.38909500226094,198.61407159276172,-0.7750234094992252,4,-2.614071592761718,2.614071592761718
RHEINWEILER,2026-06-30 14:15:00+00:00,225.0,222.3102573251995,222.21428232185534,-0.09597500334417548,4,2.785717678144664,2.785717678144664
SANKT GOAR,2026-06-30 14:15:00+00:00,179.0,189.87290441063377,190.51887959684663,0.6459751862128577,4,-11.51887959684663,11.51887959684663
SPEYER,2026-06-30 14:15:00+00:00,262.0,261.06607183478155,260.85662244770964,-0.2094493870719311,4,1.1433775522903602,1.1433775522903602
WESEL,2026-06-30 14:15:00+00:00,156.0,152.52983623007353,152.72831943468725,0.19848320461370864,4,3.2716805653127494,3.2716805653127494
WORMS,2026-06-30 14:15:00+00:00,77.0,74.99733290616788,74.89185033340104,-0.10548257276684002,4,2.108149666598962,2.108149666598962
DUISBURG-MEIDERICH SCHLEUSE OW,2026-06-30 14:16:00+00:00,24.97,25.073794810094128,25.074119579003295,0.00032476890916541506,4,-0.10411957900329583,0.10411957900329583
DUISBURG-MEIDERICH SCHLEUSE UW,2026-06-30 14:16:00+00:00,18.22,18.248797702640992,18.24912247155016,0.00032476890916541506,4,-0.0291224715501599,0.0291224715501599
DUISBURG-MEIDERICH SCHLEUSE OW,2026-06-30 14:17:00+00:00,24.97,24.9723828640442,24.972707632953366,0.00032476890916541506,4,-0.0027076329533670673,0.0027076329533670673
DUISBURG-MEIDERICH SCHLEUSE UW,2026-06-30 14:17:00+00:00,18.22,18.248797702640992,18.24912247155016,0.00032476890916541506,4,-0.0291224715501599,0.0291224715501599
DUISBURG-MEIDERICH SCHLEUSE OW,2026-06-30 14:18:00+00:00,24.97,25.073794810094128,25.074119579003295,0.00032476890916541506,4,-0.10411957900329583,0.10411957900329583
DUISBURG-MEIDERICH SCHLEUSE UW,2026-06-30 14:18:00+00:00,18.22,18.248797702640992,18.24912247155016,0.00032476890916541506,4,-0.0291224715501599,0.0291224715501599
DUISBURG-MEIDERICH SCHLEUSE OW,2026-06-30 14:19:00+00:00,24.97,25.073794810094128,25.074119579003295,0.00032476890916541506,4,-0.10411957900329583,0.10411957900329583
DUISBURG-MEIDERICH SCHLEUSE UW,2026-06-30 14:19:00+00:00,18.22,18.248797702640992,18.24912247155016,0.00032476890916541506,4,-0.0291224715501599,0.0291224715501599
Basel-Rheinhalle,2026-06-30 14:20:00+00:00,521.0,514.2699605423845,514.2517482842171,-0.01821225816746027,4,6.748251715782885,6.748251715782885
DUISBURG-MEIDERICH SCHLEUSE OW,2026-06-30 14:20:00+00:00,24.97,24.9723828640442,24.972707632953366,0.00032476890916541506,4,-0.0027076329533670673,0.0027076329533670673
DUISBURG-MEIDERICH SCHLEUSE UW,2026-06-30 14:20:00+00:00,18.22,18.248797702640992,18.24912247155016,0.00032476890916541506,4,-0.0291224715501599,0.0291224715501599
LOBITH,2026-06-30 14:20:00+00:00,704.0,703.9020067210053,703.6874955166286,-0.21451120437668156,4,0.3125044833714128,0.3125044833714128
DUISBURG-MEIDERICH SCHLEUSE OW,2026-06-30 14:21:00+00:00,24.97,24.9723828640442,24.972707632953366,0.00032476890916541506,4,-0.0027076329533670673,0.0027076329533670673
DUISBURG-MEIDERICH SCHLEUSE UW,2026-06-30 14:21:00+00:00,18.22,18.248797702640992,18.24912247155016,0.00032476890916541506,4,-0.0291224715501599,0.0291224715501599
DUISBURG-MEIDERICH SCHLEUSE OW,2026-06-30 14:22:00+00:00,24.97,24.9723828640442,24.972707632953366,0.00032476890916541506,4,-0.0027076329533670673,0.0027076329533670673
DUISBURG-MEIDERICH SCHLEUSE UW,2026-06-30 14:22:00+00:00,18.22,18.248797702640992,18.24912247155016,0.00032476890916541506,4,-0.0291224715501599,0.0291224715501599
DUISBURG-MEIDERICH SCHLEUSE OW,2026-06-30 14:23:00+00:00,24.97,24.9723828640442,24.972707632953366,0.00032476890916541506,4,-0.0027076329533670673,0.0027076329533670673
DUISBURG-MEIDERICH SCHLEUSE UW,2026-06-30 14:23:00+00:00,18.22,18.248797702640992,18.24912247155016,0.00032476890916541506,4,-0.0291224715501599,0.0291224715501599
DUISBURG-MEIDERICH SCHLEUSE OW,2026-06-30 14:24:00+00:00,24.97,24.9723828640442,24.972707632953366,0.00032476890916541506,4,-0.0027076329533670673,0.0027076329533670673
DUISBURG-MEIDERICH SCHLEUSE UW,2026-06-30 14:24:00+00:00,18.22,18.248797702640992,18.24912247155016,0.00032476890916541506,4,-0.0291224715501599,0.0291224715501599
Basel-Rheinhalle,2026-06-30 14:25:00+00:00,522.0,514.340504701099,514.5411913653003,0.20068666420126566,4,7.4588086346997216,7.4588086346997216
DUISBURG-MEIDERICH SCHLEUSE OW,2026-06-30 14:25:00+00:00,24.98,24.9723828640442,24.972707632953366,0.00032476890916541506,4,0.007292367046634496,0.007292367046634496
DUISBURG-MEIDERICH SCHLEUSE UW,2026-06-30 14:25:00+00:00,18.23,18.248797702640992,18.24912247155016,0.00032476890916541506,4,-0.019122471550158338,0.019122471550158338
DUISBURG-MEIDERICH SCHLEUSE OW,2026-06-30 14:26:00+00:00,24.98,24.9723828640442,24.972707632953366,0.00032476890916541506,4,0.007292367046634496,0.007292367046634496
DUISBURG-MEIDERICH SCHLEUSE UW,2026-06-30 14:26:00+00:00,18.23,18.35020964869092,18.350534417600088,0.00032476890916541506,4,-0.1205344176000871,0.1205344176000871
DUISBURG-MEIDERICH SCHLEUSE OW,2026-06-30 14:27:00+00:00,24.98,24.9723828640442,24.972707632953366,0.00032476890916541506,4,0.007292367046634496,0.007292367046634496
DUISBURG-MEIDERICH SCHLEUSE UW,2026-06-30 14:27:00+00:00,18.23,18.35020964869092,18.350534417600088,0.00032476890916541506,4,-0.1205344176000871,0.1205344176000871
DUISBURG-MEIDERICH SCHLEUSE OW,2026-06-30 14:28:00+00:00,24.98,24.9723828640442,24.972707632953366,0.00032476890916541506,4,0.007292367046634496,0.007292367046634496
DUISBURG-MEIDERICH SCHLEUSE UW,2026-06-30 14:28:00+00:00,18.23,18.271412560729157,18.271737329638324,0.00032476890916541506,4,-0.04173732963832322,0.04173732963832322
DUISBURG-MEIDERICH SCHLEUSE OW,2026-06-30 14:29:00+00:00,24.98,24.9723828640442,24.972707632953366,0.00032476890916541506,4,0.007292367046634496,0.007292367046634496
DUISBURG-MEIDERICH SCHLEUSE UW,2026-06-30 14:29:00+00:00,18.23,18.271412560729157,18.271737329638324,0.00032476890916541506,4,-0.04173732963832322,0.04173732963832322
BINGEN,2026-06-30 14:30:00+00:00,103.0,105.1946883623492,105.20591278850165,0.011224426152449198,4,-2.2059127885016494,2.2059127885016494
BONN,2026-06-30 14:30:00+00:00,139.0,137.26920277874297,137.24847423158374,-0.02072854715921062,4,1.7515257684162577,1.7515257684162577
BREISACH,2026-06-30 14:30:00+00:00,191.0,194.23246520120148,194.30935831362308,0.07689311242160954,4,-3.309358313623079,3.309358313623079
Basel-Rheinhalle,2026-06-30 14:30:00+00:00,522.0,514.2699605423845,514.2517482842171,-0.01821225816746027,4,7.748251715782885,7.748251715782885
DUISBURG-MEIDERICH SCHLEUSE OW,2026-06-30 14:30:00+00:00,24.98,24.9723828640442,24.972707632953366,0.00032476890916541506,4,0.007292367046634496,0.007292367046634496
DUISBURG-MEIDERICH SCHLEUSE UW,2026-06-30 14:30:00+00:00,18.23,18.35020964869092,18.350534417600088,0.00032476890916541506,4,-0.1205344176000871,0.1205344176000871
DUISBURG-RUHRORT,2026-06-30 14:30:00+00:00,219.0,217.3380789502193,217.32725324292548,-0.010825707293828457,4,1.6727467570745205,1.6727467570745205
DÜSSELDORF,2026-06-30 14:30:00+00:00,88.0,87.88256060921466,87.83032768108242,-0.05223292813223763,4,0.16967231891757706,0.16967231891757706
EMMERICH,2026-06-30 14:30:00+00:00,54.0,57.62442353035386,57.820840588225884,0.19641705787202401,4,-3.8208405882258845,3.8208405882258845
IFFEZHEIM,2026-06-30 14:30:00+00:00,133.0,135.01734909904198,135.05584859502537,0.03849949598339178,4,-2.055848595025367,2.055848595025367
KAUB,2026-06-30 14:30:00+00:00,87.0,89.50474355416695,89.51844885788722,0.013705303720271877,4,-2.518448857887222,2.518448857887222
KOBLENZ,2026-06-30 14:30:00+00:00,86.0,90.74923422003857,91.11488127304955,0.3656470530109805,4,-5.114881273049548,5.114881273049548
KONSTANZ-RHEIN,2026-06-30 14:30:00+00:00,313.0,312.65048795182975,312.6196000278404,-0.03088792398935199,4,0.3803999721595801,0.3803999721595801
Koblenz OP,2026-06-30 14:30:00+00:00,202.0,206.232696058202,205.84412222977457,-0.3885738284274522,4,-3.8441222297745696,3.8441222297745696
Koblenz UP,2026-06-30 14:30:00+00:00,45.0,77.98875126816422,78.37156558519321,0.38281431702899105,4,-33.37156558519321,33.37156558519321
KÖLN,2026-06-30 14:30:00+00:00,131.0,132.4033467640782,132.38261821691898,-0.02072854715921062,4,-1.382618216918985,1.382618216918985
LOBITH,2026-06-30 14:30:00+00:00,704.0,704.0284004135026,703.8253583169064,-0.20304209659611935,4,0.17464168309356864,0.17464168309356864
MAINZ,2026-06-30 14:30:00+00:00,182.0,185.1733965914054,185.12091224024365,-0.05248435116176101,4,-3.120912240243655,3.120912240243655
MANNHEIM,2026-06-30 14:30:00+00:00,170.0,154.60802287532783,154.40761661562541,-0.20040625970240683,4,15.592383384374585,15.592383384374585
MAXAU,2026-06-30 14:30:00+00:00,397.0,403.76143356621355,403.8241666550567,0.06273308884312721,4,-6.824166655056672,6.824166655056672
REES,2026-06-30 14:30:00+00:00,97.0,94.92002375948718,94.856953866198,-0.06306989328917743,4,2.1430461338020024,2.1430461338020024
RHEINE UNTERSCHLEUSE,2026-06-30 14:30:00+00:00,196.0,200.18022393056842,199.4052005210692,-0.7750234094992252,4,-3.4052005210691902,3.4052005210691902
RHEINWEILER,2026-06-30 14:30:00+00:00,223.0,222.3102573251995,222.21428232185534,-0.09597500334417548,4,0.785717678144664,0.785717678144664
SANKT GOAR,2026-06-30 14:30:00+00:00,179.0,190.09885223799787,190.74482742421074,0.6459751862128577,4,-11.74482742421074,11.74482742421074
SPEYER,2026-06-30 14:30:00+00:00,262.0,261.071103102461,260.9456052165271,-0.12549788593391883,4,1.054394783472901,1.054394783472901
WESEL,2026-06-30 14:30:00+00:00,156.0,153.2965579294821,153.26154546094222,-0.035012468539877724,4,2.738454539057784,2.738454539057784
WORMS,2026-06-30 14:30:00+00:00,79.0,74.96521526027466,74.85973268750782,-0.10548257276684002,4,4.140267312492185,4.140267312492185
DUISBURG-MEIDERICH SCHLEUSE OW,2026-06-30 14:31:00+00:00,24.98,24.9723828640442,24.972707632953366,0.00032476890916541506,4,0.007292367046634496,0.007292367046634496
DUISBURG-MEIDERICH SCHLEUSE UW,2026-06-30 14:31:00+00:00,18.23,18.35020964869092,18.350534417600088,0.00032476890916541506,4,-0.1205344176000871,0.1205344176000871
DUISBURG-MEIDERICH SCHLEUSE OW,2026-06-30 14:32:00+00:00,24.98,25.073794810094128,25.074119579003295,0.00032476890916541506,4,-0.09411957900329426,0.09411957900329426
DUISBURG-MEIDERICH SCHLEUSE UW,2026-06-30 14:32:00+00:00,18.23,18.248797702640992,18.24912247155016,0.00032476890916541506,4,-0.019122471550158338,0.019122471550158338
DUISBURG-MEIDERICH SCHLEUSE OW,2026-06-30 14:33:00+00:00,24.98,25.073794810094128,25.074119579003295,0.00032476890916541506,4,-0.09411957900329426,0.09411957900329426
DUISBURG-MEIDERICH SCHLEUSE UW,2026-06-30 14:33:00+00:00,18.23,18.248797702640992,18.24912247155016,0.00032476890916541506,4,-0.019122471550158338,0.019122471550158338
DUISBURG-MEIDERICH SCHLEUSE OW,2026-06-30 14:34:00+00:00,24.98,24.9723828640442,24.972707632953366,0.00032476890916541506,4,0.007292367046634496,0.007292367046634496
DUISBURG-MEIDERICH SCHLEUSE UW,2026-06-30 14:34:00+00:00,18.23,18.248797702640992,18.24912247155016,0.00032476890916541506,4,-0.019122471550158338,0.019122471550158338
Basel-Rheinhalle,2026-06-30 14:35:00+00:00,521.0,515.1842510895948,515.1660388314274,-0.01821225816746027,4,5.833961168572614,5.833961168572614
DUISBURG-MEIDERICH SCHLEUSE OW,2026-06-30 14:35:00+00:00,24.98,24.9723828640442,24.972707632953366,0.00032476890916541506,4,0.007292367046634496,0.007292367046634496
DUISBURG-MEIDERICH SCHLEUSE UW,2026-06-30 14:35:00+00:00,18.23,18.248797702640992,18.24912247155016,0.00032476890916541506,4,-0.019122471550158338,0.019122471550158338
DUISBURG-MEIDERICH SCHLEUSE OW,2026-06-30 14:36:00+00:00,24.98,24.9723828640442,24.972707632953366,0.00032476890916541506,4,0.007292367046634496,0.007292367046634496
DUISBURG-MEIDERICH SCHLEUSE UW,2026-06-30 14:36:00+00:00,18.23,18.248797702640992,18.24912247155016,0.00032476890916541506,4,-0.019122471550158338,0.019122471550158338
DUISBURG-MEIDERICH SCHLEUSE OW,2026-06-30 14:37:00+00:00,24.98,24.9723828640442,24.972707632953366,0.00032476890916541506,4,0.007292367046634496,0.007292367046634496
DUISBURG-MEIDERICH SCHLEUSE UW,2026-06-30 14:37:00+00:00,18.22,18.248797702640992,18.24912247155016,0.00032476890916541506,4,-0.0291224715501599,0.0291224715501599
DUISBURG-MEIDERICH SCHLEUSE OW,2026-06-30 14:38:00+00:00,24.98,24.9723828640442,24.972707632953366,0.00032476890916541506,4,0.007292367046634496,0.007292367046634496
DUISBURG-MEIDERICH SCHLEUSE UW,2026-06-30 14:38:00+00:00,18.23,18.248797702640992,18.24912247155016,0.00032476890916541506,4,-0.019122471550158338,0.019122471550158338
DUISBURG-MEIDERICH SCHLEUSE OW,2026-06-30 14:39:00+00:00,24.98,24.9723828640442,24.972707632953366,0.00032476890916541506,4,0.007292367046634496,0.007292367046634496
DUISBURG-MEIDERICH SCHLEUSE UW,2026-06-30 14:39:00+00:00,18.22,18.35020964869092,18.350534417600088,0.00032476890916541506,4,-0.13053441760008866,0.13053441760008866
Basel-Rheinhalle,2026-06-30 14:40:00+00:00,520.0,514.1697907748857,514.2799651828731,0.11017440798747034,4,5.72003481712693,5.72003481712693
DUISBURG-MEIDERICH SCHLEUSE OW,2026-06-30 14:40:00+00:00,24.98,24.9723828640442,24.972707632953366,0.00032476890916541506,4,0.007292367046634496,0.007292367046634496
DUISBURG-MEIDERICH SCHLEUSE UW,2026-06-30 14:40:00+00:00,18.22,18.35020964869092,18.350534417600088,0.00032476890916541506,4,-0.13053441760008866,0.13053441760008866
LOBITH,2026-06-30 14:40:00+00:00,703.0,704.0155589668868,703.9264230066162,-0.08913596027064616,4,-0.9264230066162327,0.9264230066162327
DUISBURG-MEIDERICH SCHLEUSE OW,2026-06-30 14:41:00+00:00,24.98,24.9723828640442,24.972707632953366,0.00032476890916541506,4,0.007292367046634496,0.007292367046634496
DUISBURG-MEIDERICH SCHLEUSE UW,2026-06-30 14:41:00+00:00,18.22,18.271412560729157,18.271737329638324,0.00032476890916541506,4,-0.05173732963832478,0.05173732963832478
DUISBURG-MEIDERICH SCHLEUSE OW,2026-06-30 14:42:00+00:00,24.99,24.9723828640442,24.972707632953366,0.00032476890916541506,4,0.017292367046632506,0.017292367046632506
DUISBURG-MEIDERICH SCHLEUSE UW,2026-06-30 14:42:00+00:00,18.23,18.271412560729157,18.271737329638324,0.00032476890916541506,4,-0.04173732963832322,0.04173732963832322
DUISBURG-MEIDERICH SCHLEUSE OW,2026-06-30 14:43:00+00:00,24.99,24.9723828640442,24.972707632953366,0.00032476890916541506,4,0.017292367046632506,0.017292367046632506
DUISBURG-MEIDERICH SCHLEUSE UW,2026-06-30 14:43:00+00:00,18.23,18.271412560729157,18.271737329638324,0.00032476890916541506,4,-0.04173732963832322,0.04173732963832322
DUISBURG-MEIDERICH SCHLEUSE OW,2026-06-30 14:44:00+00:00,24.99,24.9723828640442,24.972707632953366,0.00032476890916541506,4,0.017292367046632506,0.017292367046632506
DUISBURG-MEIDERICH SCHLEUSE UW,2026-06-30 14:44:00+00:00,18.23,18.271412560729157,18.271737329638324,0.00032476890916541506,4,-0.04173732963832322,0.04173732963832322
BINGEN,2026-06-30 14:45:00+00:00,103.0,105.1946883623492,105.20591278850165,0.011224426152449198,4,-2.2059127885016494,2.2059127885016494
BONN,2026-06-30 14:45:00+00:00,139.0,137.26064851117664,137.25271062359266,-0.007937887583987563,4,1.7472893764073376,1.7472893764073376
BREISACH,2026-06-30 14:45:00+00:00,187.0,193.43032513298692,193.66624285764553,0.23591772465861607,4,-6.666242857645528,6.666242857645528
Basel-Rheinhalle,2026-06-30 14:45:00+00:00,521.0,514.4572541687822,514.5462136858081,0.08895951702584734,4,6.453786314191916,6.453786314191916
DUISBURG-MEIDERICH SCHLEUSE OW,2026-06-30 14:45:00+00:00,24.99,24.9723828640442,24.972707632953366,0.00032476890916541506,4,0.017292367046632506,0.017292367046632506
DUISBURG-MEIDERICH SCHLEUSE UW,2026-06-30 14:45:00+00:00,18.23,18.271412560729157,18.271737329638324,0.00032476890916541506,4,-0.04173732963832322,0.04173732963832322
DUISBURG-RUHRORT,2026-06-30 14:45:00+00:00,219.0,217.59281424691582,217.51884950070246,-0.07396474621335475,4,1.4811504992975415,1.4811504992975415
DÜSSELDORF,2026-06-30 14:45:00+00:00,89.0,88.57253026159671,88.81031632693474,0.23778606533803484,4,0.1896836730652609,0.1896836730652609
EMMERICH,2026-06-30 14:45:00+00:00,54.0,58.82147394285589,59.23535749499918,0.41388355214329003,4,-5.235357494999178,5.235357494999178
IFFEZHEIM,2026-06-30 14:45:00+00:00,133.0,135.7157101691768,135.80489577499583,0.08918560581903041,4,-2.8048957749958277,2.8048957749958277
KAUB,2026-06-30 14:45:00+00:00,87.0,89.7100205490006,89.7259309668965,0.01591041789590224,4,-2.725930966896499,2.725930966896499
KOBLENZ,2026-06-30 14:45:00+00:00,88.0,90.74923422003857,91.11488127304955,0.3656470530109805,4,-3.114881273049548,3.114881273049548
KONSTANZ-RHEIN,2026-06-30 14:45:00+00:00,313.0,312.6158838133179,312.5849958893286,-0.03088792398935199,4,0.4150041106714184,0.4150041106714184
Koblenz OP,2026-06-30 14:45:00+00:00,201.0,205.96464583819363,205.45666748743392,-0.507978350759712,4,-4.4566674874339185,4.4566674874339185
Koblenz UP,2026-06-30 14:45:00+00:00,45.0,77.98875126816422,78.37156558519321,0.38281431702899105,4,-33.37156558519321,33.37156558519321
KÖLN,2026-06-30 14:45:00+00:00,131.0,132.59194041614307,132.5840025285591,-0.007937887583987563,4,-1.5840025285590968,1.5840025285590968
MAINZ,2026-06-30 14:45:00+00:00,183.0,184.2481419654237,184.17685984929457,-0.07128211612913367,4,-1.1768598492945728,1.1768598492945728
MANNHEIM,2026-06-30 14:45:00+00:00,170.0,154.99436367699778,154.8039112847931,-0.19045239220469806,4,15.196088715206912,15.196088715206912
MAXAU,2026-06-30 14:45:00+00:00,395.0,403.64887071445054,403.63757140026877,-0.011299314181750562,4,-8.637571400268769,8.637571400268769
REES,2026-06-30 14:45:00+00:00,97.0,95.33710938543614,95.32535727988449,-0.01175210555165499,4,1.6746427201155143,1.6746427201155143
RHEINE UNTERSCHLEUSE,2026-06-30 14:45:00+00:00,196.0,194.71777354433826,194.54023188986622,-0.17754165447205075,4,1.4597681101337798,1.4597681101337798
RHEINWEILER,2026-06-30 14:45:00+00:00,223.0,222.27565318668763,222.17967818334347,-0.09597500334417548,4,0.8203218166565307,0.8203218166565307
SANKT GOAR,2026-06-30 14:45:00+00:00,179.0,190.09885223799787,190.74482742421074,0.6459751862128577,4,-11.74482742421074,11.74482742421074
SPEYER,2026-06-30 14:45:00+00:00,263.0,261.3162382181351,261.1574401715142,-0.15879804662086697,4,1.8425598284857756,1.8425598284857756
WESEL,2026-06-30 14:45:00+00:00,155.0,152.23881614630096,152.49082225282783,0.2520061065268615,4,2.509177747172174,2.509177747172174
WORMS,2026-06-30 14:45:00+00:00,77.0,75.17532995817405,75.07759613872929,-0.09773381944476162,4,1.922403861270709,1.922403861270709
DUISBURG-MEIDERICH SCHLEUSE OW,2026-06-30 14:46:00+00:00,24.99,24.9526784899766,24.95522465093334,0.0025461609567383457,5,0.0347753490666598,0.0347753490666598
DUISBURG-MEIDERICH SCHLEUSE UW,2026-06-30 14:46:00+00:00,18.23,18.242201920418022,18.243690770550394,0.0014888501323731664,5,-0.013690770550393694,0.013690770550393694
DUISBURG-MEIDERICH SCHLEUSE OW,2026-06-30 14:47:00+00:00,24.99,24.9526784899766,24.95522465093334,0.0025461609567383457,5,0.0347753490666598,0.0347753490666598
DUISBURG-MEIDERICH SCHLEUSE UW,2026-06-30 14:47:00+00:00,18.23,18.242201920418022,18.243690770550394,0.0014888501323731664,5,-0.013690770550393694,0.013690770550393694
DUISBURG-MEIDERICH SCHLEUSE OW,2026-06-30 14:48:00+00:00,24.99,24.9526784899766,24.95522465093334,0.0025461609567383457,5,0.0347753490666598,0.0347753490666598
DUISBURG-MEIDERICH SCHLEUSE UW,2026-06-30 14:48:00+00:00,18.23,18.242201920418022,18.243690770550394,0.0014888501323731664,5,-0.013690770550393694,0.013690770550393694
DUISBURG-MEIDERICH SCHLEUSE OW,2026-06-30 14:49:00+00:00,24.99,24.9526784899766,24.95522465093334,0.0025461609567383457,5,0.0347753490666598,0.0347753490666598
DUISBURG-MEIDERICH SCHLEUSE UW,2026-06-30 14:49:00+00:00,18.23,18.242201920418022,18.243690770550394,0.0014888501323731664,5,-0.013690770550393694,0.013690770550393694
Basel-Rheinhalle,2026-06-30 14:50:00+00:00,522.0,519.9201196193376,519.9362209960348,0.01610137669722789,5,2.0637790039652373,2.0637790039652373
DUISBURG-MEIDERICH SCHLEUSE OW,2026-06-30 14:50:00+00:00,24.99,24.9526784899766,24.95522465093334,0.0025461609567383457,5,0.0347753490666598,0.0347753490666598
DUISBURG-MEIDERICH SCHLEUSE UW,2026-06-30 14:50:00+00:00,18.23,18.242201920418022,18.243690770550394,0.0014888501323731664,5,-0.013690770550393694,0.013690770550393694
LOBITH,2026-06-30 14:50:00+00:00,703.0,703.7502059274409,703.7193765562636,-0.03082937117730812,5,-0.719376556263569,0.719376556263569
DUISBURG-MEIDERICH SCHLEUSE OW,2026-06-30 14:51:00+00:00,24.99,24.9526784899766,24.95522465093334,0.0025461609567383457,5,0.0347753490666598,0.0347753490666598
DUISBURG-MEIDERICH SCHLEUSE UW,2026-06-30 14:51:00+00:00,18.23,18.242201920418022,18.243690770550394,0.0014888501323731664,5,-0.013690770550393694,0.013690770550393694
DUISBURG-MEIDERICH SCHLEUSE OW,2026-06-30 14:52:00+00:00,24.99,24.9526784899766,24.95522465093334,0.0025461609567383457,5,0.0347753490666598,0.0347753490666598
DUISBURG-MEIDERICH SCHLEUSE UW,2026-06-30 14:52:00+00:00,18.23,18.242201920418022,18.243690770550394,0.0014888501323731664,5,-0.013690770550393694,0.013690770550393694
DUISBURG-MEIDERICH SCHLEUSE OW,2026-06-30 14:53:00+00:00,24.99,24.9526784899766,24.95522465093334,0.0025461609567383457,5,0.0347753490666598,0.0347753490666598
DUISBURG-MEIDERICH SCHLEUSE UW,2026-06-30 14:53:00+00:00,18.23,18.242201920418022,18.243690770550394,0.0014888501323731664,5,-0.013690770550393694,0.013690770550393694
DUISBURG-MEIDERICH SCHLEUSE OW,2026-06-30 14:54:00+00:00,24.99,24.9526784899766,24.95522465093334,0.0025461609567383457,5,0.0347753490666598,0.0347753490666598
DUISBURG-MEIDERICH SCHLEUSE UW,2026-06-30 14:54:00+00:00,18.23,18.242201920418022,18.243690770550394,0.0014888501323731664,5,-0.013690770550393694,0.013690770550393694
Basel-Rheinhalle,2026-06-30 14:55:00+00:00,522.0,519.9201196193376,519.9362209960348,0.01610137669722789,5,2.0637790039652373,2.0637790039652373
DUISBURG-MEIDERICH SCHLEUSE OW,2026-06-30 14:55:00+00:00,24.99,24.9526784899766,24.95522465093334,0.0025461609567383457,5,0.0347753490666598,0.0347753490666598
DUISBURG-MEIDERICH SCHLEUSE UW,2026-06-30 14:55:00+00:00,18.23,18.242201920418022,18.243690770550394,0.0014888501323731664,5,-0.013690770550393694,0.013690770550393694
DUISBURG-MEIDERICH SCHLEUSE OW,2026-06-30 14:56:00+00:00,24.99,24.9526784899766,24.95522465093334,0.0025461609567383457,5,0.0347753490666598,0.0347753490666598
DUISBURG-MEIDERICH SCHLEUSE UW,2026-06-30 14:56:00+00:00,18.23,18.242201920418022,18.243690770550394,0.0014888501323731664,5,-0.013690770550393694,0.013690770550393694
DUISBURG-MEIDERICH SCHLEUSE OW,2026-06-30 14:57:00+00:00,25.0,24.9526784899766,24.95522465093334,0.0025461609567383457,5,0.04477534906666136,0.04477534906666136
DUISBURG-MEIDERICH SCHLEUSE UW,2026-06-30 14:57:00+00:00,18.23,18.242201920418022,18.243690770550394,0.0014888501323731664,5,-0.013690770550393694,0.013690770550393694
DUISBURG-MEIDERICH SCHLEUSE OW,2026-06-30 14:58:00+00:00,25.0,24.9526784899766,24.95522465093334,0.0025461609567383457,5,0.04477534906666136,0.04477534906666136
DUISBURG-MEIDERICH SCHLEUSE UW,2026-06-30 14:58:00+00:00,18.23,18.242201920418022,18.243690770550394,0.0014888501323731664,5,-0.013690770550393694,0.013690770550393694
DUISBURG-MEIDERICH SCHLEUSE OW,2026-06-30 14:59:00+00:00,25.0,24.9526784899766,24.95522465093334,0.0025461609567383457,5,0.04477534906666136,0.04477534906666136
DUISBURG-MEIDERICH SCHLEUSE UW,2026-06-30 14:59:00+00:00,18.23,18.242201920418022,18.243690770550394,0.0014888501323731664,5,-0.013690770550393694,0.013690770550393694
BINGEN,2026-06-30 15:00:00+00:00,52.0,102.99898434784727,102.99540875420517,-0.0035755936420932164,5,-50.99540875420517,50.99540875420517
BONN,2026-06-30 15:00:00+00:00,81.0,138.05381517021203,138.02924491063465,-0.024570259577392017,5,-57.029244910634645,57.029244910634645
BREISACH,2026-06-30 15:00:00+00:00,180.0,192.4035469317345,192.3153760624241,-0.08817086931040696,5,-12.315376062424093,12.315376062424093
Basel-Rheinhalle,2026-06-30 15:00:00+00:00,522.0,519.7138159237116,519.7448484867562,0.031032563044549866,5,2.2551515132438453,2.2551515132438453
DUISBURG-MEIDERICH SCHLEUSE OW,2026-06-30 15:00:00+00:00,25.0,25.05707985176714,24.97503603345813,-0.08204381830900853,5,0.024963966541868388,0.024963966541868388
DUISBURG-MEIDERICH SCHLEUSE UW,2026-06-30 15:00:00+00:00,18.23,18.352183456967133,18.269082327833758,-0.08310112913337371,5,-0.03908232783375709,0.03908232783375709
DUISBURG-RUHRORT,2026-06-30 15:00:00+00:00,156.0,219.4536744570783,219.21626538008675,-0.23740907699154473,5,-63.21626538008675,63.21626538008675
DÜSSELDORF,2026-06-30 15:00:00+00:00,27.0,89.53567689816975,89.4587036991095,-0.07697319906025088,5,-62.458703699109506,62.458703699109506
EMMERICH,2026-06-30 15:00:00+00:00,5.0,54.174314056273666,54.01172617636302,-0.16258787991064444,5,-49.01172617636302,49.01172617636302
IFFEZHEIM,2026-06-30 15:00:00+00:00,68.0,134.0285551534297,133.82986978989206,-0.19868536353764651,5,-65.82986978989206,65.82986978989206
KAUB,2026-06-30 15:00:00+00:00,26.0,86.6596228430995,86.65203141129294,-0.0075914318065571675,5,-60.65203141129294,60.65203141129294
KOBLENZ,2026-06-30 15:00:00+00:00,21.0,86.64588066108392,86.71618366898498,0.07030300790106044,5,-65.71618366898498,65.71618366898498
KONSTANZ-RHEIN,2026-06-30 15:00:00+00:00,273.0,313.36008797836917,313.3313276611228,-0.02876031724631124,5,-40.33132766112283,40.33132766112283
Koblenz OP,2026-06-30 15:00:00+00:00,200.0,203.27963401979864,202.60211002917262,-0.6775239906260002,5,-2.6021100291726214,2.6021100291726214
Koblenz UP,2026-06-30 15:00:00+00:00,37.0,49.70618318265612,49.334564352351066,-0.37161883030505205,5,-12.334564352351066,12.334564352351066
KÖLN,2026-06-30 15:00:00+00:00,70.0,131.8152939887424,131.7015196323675,-0.11377435637490482,5,-61.70151963236751,61.70151963236751
LOBITH,2026-06-30 15:00:00+00:00,704.0,704.4344231683601,704.2979446897615,-0.136478478598676,5,-0.29794468976149346,0.29794468976149346
MAINZ,2026-06-30 15:00:00+00:00,129.0,182.2667838138326,181.86282035610012,-0.40396345773250003,5,-52.862820356100116,52.862820356100116
MANNHEIM,2026-06-30 15:00:00+00:00,96.0,170.154455659355,169.99442481734454,-0.16003084201044512,5,-73.99442481734454,73.99442481734454
MAXAU,2026-06-30 15:00:00+00:00,316.0,397.04645510942817,396.8452366872271,-0.2012184222010714,5,-80.8452366872271,80.8452366872271
REES,2026-06-30 15:00:00+00:00,39.0,96.47211222357762,96.38373443961663,-0.08837778396099771,5,-57.38373443961663,57.38373443961663
RHEINE UNTERSCHLEUSE,2026-06-30 15:00:00+00:00,186.0,203.33481287720625,202.67226991776357,-0.6625429594426668,5,-16.672269917763572,16.672269917763572
RHEINWEILER,2026-06-30 15:00:00+00:00,220.0,223.80075849053858,224.1785930723553,0.37783458181672075,5,-4.178593072355312,4.178593072355312
SANKT GOAR,2026-06-30 15:00:00+00:00,109.0,179.96900900444456,179.8162267811061,-0.15278222333845606,5,-70.81622678110611,70.81622678110611
SPEYER,2026-06-30 15:00:00+00:00,182.0,261.92159616422316,261.7450887139772,-0.17650745024595108,5,-79.74508871397722,79.74508871397722
WESEL,2026-06-30 15:00:00+00:00,93.0,157.1412905144495,157.06657438661045,-0.07471612783905024,5,-64.06657438661045,64.06657438661045
WORMS,2026-06-30 15:00:00+00:00,12.0,77.12471354347556,76.91805665440968,-0.2066568890658835,5,-64.91805665440968,64.91805665440968
DUISBURG-MEIDERICH SCHLEUSE OW,2026-06-30 15:01:00+00:00,25.0,25.0672206808486,24.931152349352192,-0.13606833149640757,5,0.06884765064780751,0.06884765064780751
DUISBURG-MEIDERICH SCHLEUSE UW,2026-06-30 15:01:00+00:00,18.23,18.362324286048594,18.225198643727822,-0.13712564232077273,5,0.004801356272178481,0.004801356272178481
DUISBURG-MEIDERICH SCHLEUSE OW,2026-06-30 15:02:00+00:00,25.0,25.031930013992717,24.89586168249631,-0.13606833149640757,5,0.10413831750368985,0.10413831750368985
DUISBURG-MEIDERICH SCHLEUSE UW,2026-06-30 15:02:00+00:00,18.23,18.32703361919271,18.18990797687194,-0.13712564232077273,5,0.040092023128060816,0.040092023128060816
DUISBURG-MEIDERICH SCHLEUSE OW,2026-06-30 15:03:00+00:00,25.0,25.1565347863137,25.06525733448623,-0.09127745182746813,5,-0.06525733448622972,0.06525733448622972
DUISBURG-MEIDERICH SCHLEUSE UW,2026-06-30 15:03:00+00:00,18.23,18.446058216755123,18.382102986224428,-0.06395523053069353,5,-0.15210298622442764,0.15210298622442764
DUISBURG-MEIDERICH SCHLEUSE OW,2026-06-30 15:04:00+00:00,25.0,25.1565347863137,25.06525733448623,-0.09127745182746813,5,-0.06525733448622972,0.06525733448622972
DUISBURG-MEIDERICH SCHLEUSE UW,2026-06-30 15:04:00+00:00,18.23,18.446058216755123,18.382102986224428,-0.06395523053069353,5,-0.15210298622442764,0.15210298622442764
Basel-Rheinhalle,2026-06-30 15:05:00+00:00,522.0,519.8229623317978,519.8385600424257,0.01559771062780738,5,2.1614399575743164,2.1614399575743164
DUISBURG-MEIDERICH SCHLEUSE OW,2026-06-30 15:05:00+00:00,25.0,25.1565347863137,25.06525733448623,-0.09127745182746813,5,-0.06525733448622972,0.06525733448622972
DUISBURG-MEIDERICH SCHLEUSE UW,2026-06-30 15:05:00+00:00,18.23,18.446058216755123,18.382102986224428,-0.06395523053069353,5,-0.15210298622442764,0.15210298622442764
DUISBURG-MEIDERICH SCHLEUSE OW,2026-06-30 15:06:00+00:00,25.0,25.16466039846383,25.07338294663636,-0.09127745182746813,5,-0.07338294663636091,0.07338294663636091
DUISBURG-MEIDERICH SCHLEUSE UW,2026-06-30 15:06:00+00:00,18.23,18.454183828905254,18.39022859837456,-0.06395523053069353,5,-0.16022859837455883,0.16022859837455883
DUISBURG-MEIDERICH SCHLEUSE OW,2026-06-30 15:07:00+00:00,25.0,25.16727194979225,25.075994497964782,-0.09127745182746813,5,-0.07599449796478197,0.07599449796478197
DUISBURG-MEIDERICH SCHLEUSE UW,2026-06-30 15:07:00+00:00,18.23,18.454183828905254,18.39022859837456,-0.06395523053069353,5,-0.16022859837455883,0.16022859837455883
DUISBURG-MEIDERICH SCHLEUSE OW,2026-06-30 15:08:00+00:00,25.0,25.16727194979225,25.075994497964782,-0.09127745182746813,5,-0.07599449796478197,0.07599449796478197
DUISBURG-MEIDERICH SCHLEUSE UW,2026-06-30 15:08:00+00:00,18.23,18.454183828905254,18.39022859837456,-0.06395523053069353,5,-0.16022859837455883,0.16022859837455883
DUISBURG-MEIDERICH SCHLEUSE OW,2026-06-30 15:09:00+00:00,25.0,25.16727194979225,25.075994497964782,-0.09127745182746813,5,-0.07599449796478197,0.07599449796478197
DUISBURG-MEIDERICH SCHLEUSE UW,2026-06-30 15:09:00+00:00,18.23,18.454183828905254,18.39022859837456,-0.06395523053069353,5,-0.16022859837455883,0.16022859837455883
Basel-Rheinhalle,2026-06-30 15:10:00+00:00,521.0,519.8900612485305,519.9063988062459,0.016337557715405977,5,1.0936011937541252,1.0936011937541252
DUISBURG-MEIDERICH SCHLEUSE OW,2026-06-30 15:10:00+00:00,25.0,25.16727194979225,25.075994497964782,-0.09127745182746813,5,-0.07599449796478197,0.07599449796478197
DUISBURG-MEIDERICH SCHLEUSE UW,2026-06-30 15:10:00+00:00,18.23,18.454183828905254,18.39022859837456,-0.06395523053069353,5,-0.16022859837455883,0.16022859837455883
LOBITH,2026-06-30 15:10:00+00:00,704.0,704.123945306039,703.8858962377252,-0.23804906831378578,5,0.11410376227479446,0.11410376227479446
DUISBURG-MEIDERICH SCHLEUSE OW,2026-06-30 15:11:00+00:00,25.0,25.16727194979225,25.075994497964782,-0.09127745182746813,5,-0.07599449796478197,0.07599449796478197
DUISBURG-MEIDERICH SCHLEUSE UW,2026-06-30 15:11:00+00:00,18.23,18.454183828905254,18.39022859837456,-0.06395523053069353,5,-0.16022859837455883,0.16022859837455883
DUISBURG-MEIDERICH SCHLEUSE OW,2026-06-30 15:12:00+00:00,25.0,25.172661924134523,25.081384472307054,-0.09127745182746813,5,-0.08138447230705381,0.08138447230705381
DUISBURG-MEIDERICH SCHLEUSE UW,2026-06-30 15:12:00+00:00,18.23,18.454183828905254,18.39022859837456,-0.06395523053069353,5,-0.16022859837455883,0.16022859837455883
DUISBURG-MEIDERICH SCHLEUSE OW,2026-06-30 15:13:00+00:00,25.0,25.172661924134523,25.081384472307054,-0.09127745182746813,5,-0.08138447230705381,0.08138447230705381
DUISBURG-MEIDERICH SCHLEUSE UW,2026-06-30 15:13:00+00:00,18.23,18.454183828905254,18.39022859837456,-0.06395523053069353,5,-0.16022859837455883,0.16022859837455883
DUISBURG-MEIDERICH SCHLEUSE OW,2026-06-30 15:14:00+00:00,25.0,25.172661924134523,25.081384472307054,-0.09127745182746813,5,-0.08138447230705381,0.08138447230705381
DUISBURG-MEIDERICH SCHLEUSE UW,2026-06-30 15:14:00+00:00,18.23,18.454183828905254,18.39022859837456,-0.06395523053069353,5,-0.16022859837455883,0.16022859837455883
BINGEN,2026-06-30 15:15:00+00:00,52.0,103.11518667019583,103.11161107655373,-0.0035755936420932164,5,-51.11161107655373,51.11161107655373
BONN,2026-06-30 15:15:00+00:00,81.0,138.12507192410436,138.02719485389838,-0.09787707020598528,5,-57.02719485389838,57.02719485389838
BREISACH,2026-06-30 15:15:00+00:00,185.0,193.8695357738439,193.43760628051797,-0.43192949332592884,5,-8.437606280517969,8.437606280517969
Basel-Rheinhalle,2026-06-30 15:15:00+00:00,521.0,516.7535238177054,516.4634524998277,-0.2900713178777887,5,4.5365475001723325,4.5365475001723325
DUISBURG-MEIDERICH SCHLEUSE OW,2026-06-30 15:15:00+00:00,25.0,25.172661924134523,25.081384472307054,-0.09127745182746813,5,-0.08138447230705381,0.08138447230705381
DUISBURG-MEIDERICH SCHLEUSE UW,2026-06-30 15:15:00+00:00,18.23,18.454183828905254,18.39022859837456,-0.06395523053069353,5,-0.16022859837455883,0.16022859837455883
DUISBURG-RUHRORT,2026-06-30 15:15:00+00:00,155.0,219.42274834820452,219.1135373867562,-0.3092109614483154,5,-64.1135373867562,64.1135373867562
DÜSSELDORF,2026-06-30 15:15:00+00:00,27.0,89.66621380166684,89.515933791978,-0.15028000968884406,5,-62.515933791978,62.515933791978
EMMERICH,2026-06-30 15:15:00+00:00,5.0,54.17644680655633,53.95983441345828,-0.2166123930980435,5,-48.95983441345828,48.95983441345828
IFFEZHEIM,2026-06-30 15:15:00+00:00,74.0,132.19376034980658,132.30111344981677,0.10735310001018646,5,-58.30111344981677,58.30111344981677
KAUB,2026-06-30 15:15:00+00:00,29.0,86.67920461816568,86.67161318635912,-0.0075914318065571675,5,-57.671613186359124,57.671613186359124
KOBLENZ,2026-06-30 15:15:00+00:00,18.0,86.6553128569205,86.72561586482156,0.07030300790106044,5,-68.72561586482156,68.72561586482156
KONSTANZ-RHEIN,2026-06-30 15:15:00+00:00,273.0,313.69914431747753,313.6706201812494,-0.028524136228133153,5,-40.670620181249376,40.670620181249376
Koblenz OP,2026-06-30 15:15:00+00:00,202.0,203.06671125140187,202.3173853763191,-0.7493258750827712,5,-0.3173853763190948,0.3173853763190948
KÖLN,2026-06-30 15:15:00+00:00,69.0,131.8357636793989,131.6486825123954,-0.18708116700349806,5,-62.648682512395396,62.648682512395396
MAINZ,2026-06-30 15:15:00+00:00,128.0,180.04131829535905,179.63735483762656,-0.40396345773250003,5,-51.63735483762656,51.63735483762656
MANNHEIM,2026-06-30 15:15:00+00:00,97.0,170.05847824429384,170.20448586583123,0.14600762153738786,5,-73.20448586583123,73.20448586583123
MAXAU,2026-06-30 15:15:00+00:00,318.0,397.9253801270813,397.92547213043525,9.200335394303041e-05,5,-79.92547213043525,79.92547213043525
REES,2026-06-30 15:15:00+00:00,38.0,96.5179541884756,96.35626959388601,-0.16168459458959092,5,-58.35626959388601,58.35626959388601
RHEINE UNTERSCHLEUSE,2026-06-30 15:15:00+00:00,186.0,203.25550307817718,202.47921625998404,-0.7762868181931296,5,-16.479216259984042,16.479216259984042
RHEINWEILER,2026-06-30 15:15:00+00:00,221.0,224.13981482964692,224.51788559248183,0.3780707628348989,5,-3.517885592481832,3.517885592481832
SANKT GOAR,2026-06-30 15:15:00+00:00,112.0,180.03638845770948,179.88360623437103,-0.15278222333845606,5,-67.88360623437103,67.88360623437103
SPEYER,2026-06-30 15:15:00+00:00,181.0,262.1559017971811,262.1807047724902,0.02480297530906331,5,-81.18070477249017,81.18070477249017
WESEL,2026-06-30 15:15:00+00:00,91.0,154.66003441940705,154.5120114809394,-0.14802293846764347,5,-63.51201148093941,63.51201148093941
WORMS,2026-06-30 15:15:00+00:00,12.0,77.08094598646383,77.18032756094578,0.09938157448194952,5,-65.18032756094578,65.18032756094578
DUISBURG-MEIDERICH SCHLEUSE OW,2026-06-30 15:16:00+00:00,25.0,25.172661924134523,25.081384472307054,-0.09127745182746813,5,-0.08138447230705381,0.08138447230705381
DUISBURG-MEIDERICH SCHLEUSE UW,2026-06-30 15:16:00+00:00,18.23,18.454183828905254,18.39022859837456,-0.06395523053069353,5,-0.16022859837455883,0.16022859837455883
DUISBURG-MEIDERICH SCHLEUSE OW,2026-06-30 15:17:00+00:00,25.0,25.172661924134523,25.081384472307054,-0.09127745182746813,5,-0.08138447230705381,0.08138447230705381
DUISBURG-MEIDERICH SCHLEUSE UW,2026-06-30 15:17:00+00:00,18.23,18.454183828905254,18.39022859837456,-0.06395523053069353,5,-0.16022859837455883,0.16022859837455883
DUISBURG-MEIDERICH SCHLEUSE OW,2026-06-30 15:18:00+00:00,25.0,25.172661924134523,25.081384472307054,-0.09127745182746813,5,-0.08138447230705381,0.08138447230705381
DUISBURG-MEIDERICH SCHLEUSE UW,2026-06-30 15:18:00+00:00,18.23,18.454183828905254,18.39022859837456,-0.06395523053069353,5,-0.16022859837455883,0.16022859837455883
DUISBURG-MEIDERICH SCHLEUSE OW,2026-06-30 15:19:00+00:00,25.0,25.172661924134523,25.081384472307054,-0.09127745182746813,5,-0.08138447230705381,0.08138447230705381
DUISBURG-MEIDERICH SCHLEUSE UW,2026-06-30 15:19:00+00:00,18.23,18.454183828905254,18.39022859837456,-0.06395523053069353,5,-0.16022859837455883,0.16022859837455883
Basel-Rheinhalle,2026-06-30 15:20:00+00:00,521.0,515.8468199295332,515.5567486116555,-0.2900713178777887,5,5.443251388344493,5.443251388344493
DUISBURG-MEIDERICH SCHLEUSE OW,2026-06-30 15:20:00+00:00,25.01,25.172661924134523,25.081384472307054,-0.09127745182746813,5,-0.07138447230705225,0.07138447230705225
DUISBURG-MEIDERICH SCHLEUSE UW,2026-06-30 15:20:00+00:00,18.23,18.454183828905254,18.39022859837456,-0.06395523053069353,5,-0.16022859837455883,0.16022859837455883
LOBITH,2026-06-30 15:20:00+00:00,703.0,704.123945306039,703.8858962377252,-0.23804906831378578,5,-0.8858962377252055,0.8858962377252055
DUISBURG-MEIDERICH SCHLEUSE OW,2026-06-30 15:21:00+00:00,25.01,25.172661924134523,25.081384472307054,-0.09127745182746813,5,-0.07138447230705225,0.07138447230705225
DUISBURG-MEIDERICH SCHLEUSE UW,2026-06-30 15:21:00+00:00,18.23,18.454183828905254,18.39022859837456,-0.06395523053069353,5,-0.16022859837455883,0.16022859837455883
DUISBURG-MEIDERICH SCHLEUSE OW,2026-06-30 15:22:00+00:00,25.01,25.182592321107887,25.091314869280417,-0.09127745182746813,5,-0.08131486928041554,0.08131486928041554
DUISBURG-MEIDERICH SCHLEUSE UW,2026-06-30 15:22:00+00:00,18.23,18.454183828905254,18.39022859837456,-0.06395523053069353,5,-0.16022859837455883,0.16022859837455883
DUISBURG-MEIDERICH SCHLEUSE OW,2026-06-30 15:23:00+00:00,25.01,25.182592321107887,25.091314869280417,-0.09127745182746813,5,-0.08131486928041554,0.08131486928041554
DUISBURG-MEIDERICH SCHLEUSE UW,2026-06-30 15:23:00+00:00,18.23,18.454183828905254,18.39022859837456,-0.06395523053069353,5,-0.16022859837455883,0.16022859837455883
DUISBURG-MEIDERICH SCHLEUSE OW,2026-06-30 15:24:00+00:00,25.01,25.182592321107887,25.091314869280417,-0.09127745182746813,5,-0.08131486928041554,0.08131486928041554
DUISBURG-MEIDERICH SCHLEUSE UW,2026-06-30 15:24:00+00:00,18.23,18.454183828905254,18.39022859837456,-0.06395523053069353,5,-0.16022859837455883,0.16022859837455883
Basel-Rheinhalle,2026-06-30 15:25:00+00:00,520.0,516.3169184899622,516.134936147849,-0.18198234211316874,5,3.8650638521510245,3.8650638521510245
DUISBURG-MEIDERICH SCHLEUSE OW,2026-06-30 15:25:00+00:00,25.01,25.182592321107887,25.091314869280417,-0.09127745182746813,5,-0.08131486928041554,0.08131486928041554
DUISBURG-MEIDERICH SCHLEUSE UW,2026-06-30 15:25:00+00:00,18.24,18.454183828905254,18.39022859837456,-0.06395523053069353,5,-0.15022859837456082,0.15022859837456082
DUISBURG-MEIDERICH SCHLEUSE OW,2026-06-30 15:26:00+00:00,25.01,25.182592321107887,25.091314869280417,-0.09127745182746813,5,-0.08131486928041554,0.08131486928041554
DUISBURG-MEIDERICH SCHLEUSE UW,2026-06-30 15:26:00+00:00,18.24,18.454183828905254,18.39022859837456,-0.06395523053069353,5,-0.15022859837456082,0.15022859837456082
DUISBURG-MEIDERICH SCHLEUSE OW,2026-06-30 15:27:00+00:00,25.01,25.182592321107887,25.091314869280417,-0.09127745182746813,5,-0.08131486928041554,0.08131486928041554
DUISBURG-MEIDERICH SCHLEUSE UW,2026-06-30 15:27:00+00:00,18.24,18.454183828905254,18.39022859837456,-0.06395523053069353,5,-0.15022859837456082,0.15022859837456082
DUISBURG-MEIDERICH SCHLEUSE OW,2026-06-30 15:28:00+00:00,25.0,25.182592321107887,25.091314869280417,-0.09127745182746813,5,-0.0913148692804171,0.0913148692804171
DUISBURG-MEIDERICH SCHLEUSE UW,2026-06-30 15:28:00+00:00,18.24,18.454183828905254,18.39022859837456,-0.06395523053069353,5,-0.15022859837456082,0.15022859837456082
DUISBURG-MEIDERICH SCHLEUSE OW,2026-06-30 15:29:00+00:00,25.0,25.182592321107887,25.091314869280417,-0.09127745182746813,5,-0.0913148692804171,0.0913148692804171
DUISBURG-MEIDERICH SCHLEUSE UW,2026-06-30 15:29:00+00:00,18.24,18.454183828905254,18.39022859837456,-0.06395523053069353,5,-0.15022859837456082,0.15022859837456082
Basel-Rheinhalle,2026-06-30 15:30:00+00:00,518.0,516.2995649765444,516.1026514480839,-0.1969135284604907,5,1.8973485519161386,1.8973485519161386
DUISBURG-MEIDERICH SCHLEUSE OW,2026-06-30 15:30:00+00:00,25.0,25.182592321107887,25.091314869280417,-0.09127745182746813,5,-0.0913148692804171,0.0913148692804171
DUISBURG-MEIDERICH SCHLEUSE UW,2026-06-30 15:30:00+00:00,18.24,18.454183828905254,18.39022859837456,-0.06395523053069353,5,-0.15022859837456082,0.15022859837456082
LOBITH,2026-06-30 15:30:00+00:00,703.0,704.3717238923268,704.2178602354397,-0.1538636568871232,5,-1.2178602354397299,1.2178602354397299
DUISBURG-MEIDERICH SCHLEUSE OW,2026-06-30 15:31:00+00:00,25.01,25.182592321107887,25.091314869280417,-0.09127745182746813,5,-0.08131486928041554,0.08131486928041554
DUISBURG-MEIDERICH SCHLEUSE UW,2026-06-30 15:31:00+00:00,18.24,18.454183828905254,18.39022859837456,-0.06395523053069353,5,-0.15022859837456082,0.15022859837456082
DUISBURG-MEIDERICH SCHLEUSE OW,2026-06-30 15:32:00+00:00,25.01,25.182592321107887,25.091314869280417,-0.09127745182746813,5,-0.08131486928041554,0.08131486928041554
DUISBURG-MEIDERICH SCHLEUSE UW,2026-06-30 15:32:00+00:00,18.24,18.454183828905254,18.39022859837456,-0.06395523053069353,5,-0.15022859837456082,0.15022859837456082
DUISBURG-MEIDERICH SCHLEUSE OW,2026-06-30 15:33:00+00:00,25.01,25.182592321107887,25.091314869280417,-0.09127745182746813,5,-0.08131486928041554,0.08131486928041554
DUISBURG-MEIDERICH SCHLEUSE UW,2026-06-30 15:33:00+00:00,18.24,18.454183828905254,18.39022859837456,-0.06395523053069353,5,-0.15022859837456082,0.15022859837456082
DUISBURG-MEIDERICH SCHLEUSE OW,2026-06-30 15:34:00+00:00,25.01,25.182592321107887,25.091314869280417,-0.09127745182746813,5,-0.08131486928041554,0.08131486928041554
DUISBURG-MEIDERICH SCHLEUSE UW,2026-06-30 15:34:00+00:00,18.24,18.454183828905254,18.39022859837456,-0.06395523053069353,5,-0.15022859837456082,0.15022859837456082
Basel-Rheinhalle,2026-06-30 15:35:00+00:00,518.0,516.2995649765444,516.1026514480839,-0.1969135284604907,5,1.8973485519161386,1.8973485519161386
DUISBURG-MEIDERICH SCHLEUSE OW,2026-06-30 15:35:00+00:00,25.01,25.182592321107887,25.091314869280417,-0.09127745182746813,5,-0.08131486928041554,0.08131486928041554
DUISBURG-MEIDERICH SCHLEUSE UW,2026-06-30 15:35:00+00:00,18.24,18.454183828905254,18.39022859837456,-0.06395523053069353,5,-0.15022859837456082,0.15022859837456082
DUISBURG-MEIDERICH SCHLEUSE OW,2026-06-30 15:36:00+00:00,25.01,25.182592321107887,25.091314869280417,-0.09127745182746813,5,-0.08131486928041554,0.08131486928041554
DUISBURG-MEIDERICH SCHLEUSE UW,2026-06-30 15:36:00+00:00,18.24,18.454183828905254,18.39022859837456,-0.06395523053069353,5,-0.15022859837456082,0.15022859837456082
DUISBURG-MEIDERICH SCHLEUSE OW,2026-06-30 15:37:00+00:00,25.01,25.182592321107887,25.091314869280417,-0.09127745182746813,5,-0.08131486928041554,0.08131486928041554
DUISBURG-MEIDERICH SCHLEUSE UW,2026-06-30 15:37:00+00:00,18.24,18.454183828905254,18.39022859837456,-0.06395523053069353,5,-0.15022859837456082,0.15022859837456082
DUISBURG-MEIDERICH SCHLEUSE OW,2026-06-30 15:38:00+00:00,25.01,25.182592321107887,25.091314869280417,-0.09127745182746813,5,-0.08131486928041554,0.08131486928041554
DUISBURG-MEIDERICH SCHLEUSE UW,2026-06-30 15:38:00+00:00,18.24,18.454183828905254,18.39022859837456,-0.06395523053069353,5,-0.15022859837456082,0.15022859837456082
DUISBURG-MEIDERICH SCHLEUSE OW,2026-06-30 15:39:00+00:00,25.01,25.182592321107887,25.091314869280417,-0.09127745182746813,5,-0.08131486928041554,0.08131486928041554
DUISBURG-MEIDERICH SCHLEUSE UW,2026-06-30 15:39:00+00:00,18.24,18.454183828905254,18.39022859837456,-0.06395523053069353,5,-0.15022859837456082,0.15022859837456082
Basel-Rheinhalle,2026-06-30 15:40:00+00:00,518.0,516.1915711282586,515.9600868935426,-0.23148423471600255,5,2.0399131064574476,2.0399131064574476
DUISBURG-MEIDERICH SCHLEUSE OW,2026-06-30 15:40:00+00:00,25.01,25.182592321107887,25.091314869280417,-0.09127745182746813,5,-0.08131486928041554,0.08131486928041554
DUISBURG-MEIDERICH SCHLEUSE UW,2026-06-30 15:40:00+00:00,18.24,18.454183828905254,18.39022859837456,-0.06395523053069353,5,-0.15022859837456082,0.15022859837456082
LOBITH,2026-06-30 15:40:00+00:00,703.0,704.3483561962727,704.1944925393856,-0.1538636568871232,5,-1.1944925393855783,1.1944925393855783
DUISBURG-MEIDERICH SCHLEUSE OW,2026-06-30 15:41:00+00:00,25.01,25.182592321107887,25.091314869280417,-0.09127745182746813,5,-0.08131486928041554,0.08131486928041554
DUISBURG-MEIDERICH SCHLEUSE UW,2026-06-30 15:41:00+00:00,18.24,18.454183828905254,18.39022859837456,-0.06395523053069353,5,-0.15022859837456082,0.15022859837456082
DUISBURG-MEIDERICH SCHLEUSE OW,2026-06-30 15:42:00+00:00,25.01,25.182592321107887,25.091314869280417,-0.09127745182746813,5,-0.08131486928041554,0.08131486928041554
DUISBURG-MEIDERICH SCHLEUSE UW,2026-06-30 15:42:00+00:00,18.24,18.454183828905254,18.39022859837456,-0.06395523053069353,5,-0.15022859837456082,0.15022859837456082
DUISBURG-MEIDERICH SCHLEUSE OW,2026-06-30 15:43:00+00:00,25.01,25.182592321107887,25.091314869280417,-0.09127745182746813,5,-0.08131486928041554,0.08131486928041554
DUISBURG-MEIDERICH SCHLEUSE UW,2026-06-30 15:43:00+00:00,18.24,18.454183828905254,18.39022859837456,-0.06395523053069353,5,-0.15022859837456082,0.15022859837456082
DUISBURG-MEIDERICH SCHLEUSE OW,2026-06-30 15:44:00+00:00,25.01,25.182592321107887,25.091314869280417,-0.09127745182746813,5,-0.08131486928041554,0.08131486928041554
DUISBURG-MEIDERICH SCHLEUSE UW,2026-06-30 15:44:00+00:00,18.24,18.454183828905254,18.39022859837456,-0.06395523053069353,5,-0.15022859837456082,0.15022859837456082
Basel-Rheinhalle,2026-06-30 15:45:00+00:00,519.0,515.8410451284449,515.5897367572007,-0.25130837124409205,5,3.4102632427992603,3.4102632427992603
DUISBURG-MEIDERICH SCHLEUSE OW,2026-06-30 15:45:00+00:00,25.01,25.182592321107887,25.091314869280417,-0.09127745182746813,5,-0.08131486928041554,0.08131486928041554
DUISBURG-MEIDERICH SCHLEUSE UW,2026-06-30 15:45:00+00:00,18.24,18.454183828905254,18.39022859837456,-0.06395523053069353,5,-0.15022859837456082,0.15022859837456082
DUISBURG-MEIDERICH SCHLEUSE OW,2026-06-30 15:46:00+00:00,25.01,25.182592321107887,25.091314869280417,-0.09127745182746813,5,-0.08131486928041554,0.08131486928041554
DUISBURG-MEIDERICH SCHLEUSE UW,2026-06-30 15:46:00+00:00,18.24,18.454183828905254,18.39022859837456,-0.06395523053069353,5,-0.15022859837456082,0.15022859837456082
DUISBURG-MEIDERICH SCHLEUSE OW,2026-06-30 15:47:00+00:00,25.01,25.182592321107887,25.091314869280417,-0.09127745182746813,5,-0.08131486928041554,0.08131486928041554
DUISBURG-MEIDERICH SCHLEUSE UW,2026-06-30 15:47:00+00:00,18.24,18.454183828905254,18.39022859837456,-0.06395523053069353,5,-0.15022859837456082,0.15022859837456082
DUISBURG-MEIDERICH SCHLEUSE OW,2026-06-30 15:48:00+00:00,25.01,25.182592321107887,25.091314869280417,-0.09127745182746813,5,-0.08131486928041554,0.08131486928041554
DUISBURG-MEIDERICH SCHLEUSE UW,2026-06-30 15:48:00+00:00,18.24,18.454183828905254,18.39022859837456,-0.06395523053069353,5,-0.15022859837456082,0.15022859837456082
DUISBURG-MEIDERICH SCHLEUSE OW,2026-06-30 15:49:00+00:00,25.01,25.182592321107887,25.091314869280417,-0.09127745182746813,5,-0.08131486928041554,0.08131486928041554
DUISBURG-MEIDERICH SCHLEUSE UW,2026-06-30 15:49:00+00:00,18.24,18.454183828905254,18.39022859837456,-0.06395523053069353,5,-0.15022859837456082,0.15022859837456082
Basel-Rheinhalle,2026-06-30 15:50:00+00:00,520.0,515.4759406979848,515.1868560318585,-0.28908466612630906,5,4.813143968141503,4.813143968141503
DUISBURG-MEIDERICH SCHLEUSE OW,2026-06-30 15:50:00+00:00,25.01,25.182592321107887,25.091314869280417,-0.09127745182746813,5,-0.08131486928041554,0.08131486928041554
DUISBURG-MEIDERICH SCHLEUSE UW,2026-06-30 15:50:00+00:00,18.24,18.454183828905254,18.39022859837456,-0.06395523053069353,5,-0.15022859837456082,0.15022859837456082
LOBITH,2026-06-30 15:50:00+00:00,703.0,704.3375382646884,704.1836746078013,-0.1538636568871232,5,-1.183674607801322,1.183674607801322
DUISBURG-MEIDERICH SCHLEUSE OW,2026-06-30 15:51:00+00:00,25.01,25.182592321107887,25.091314869280417,-0.09127745182746813,5,-0.08131486928041554,0.08131486928041554
DUISBURG-MEIDERICH SCHLEUSE UW,2026-06-30 15:51:00+00:00,18.24,18.454183828905254,18.39022859837456,-0.06395523053069353,5,-0.15022859837456082,0.15022859837456082
DUISBURG-MEIDERICH SCHLEUSE OW,2026-06-30 15:52:00+00:00,25.01,25.182592321107887,25.091314869280417,-0.09127745182746813,5,-0.08131486928041554,0.08131486928041554
DUISBURG-MEIDERICH SCHLEUSE UW,2026-06-30 15:52:00+00:00,18.24,18.454183828905254,18.39022859837456,-0.06395523053069353,5,-0.15022859837456082,0.15022859837456082
DUISBURG-MEIDERICH SCHLEUSE OW,2026-06-30 15:53:00+00:00,25.01,25.182592321107887,25.091314869280417,-0.09127745182746813,5,-0.08131486928041554,0.08131486928041554
DUISBURG-MEIDERICH SCHLEUSE UW,2026-06-30 15:53:00+00:00,18.24,18.454183828905254,18.39022859837456,-0.06395523053069353,5,-0.15022859837456082,0.15022859837456082
DUISBURG-MEIDERICH SCHLEUSE OW,2026-06-30 15:54:00+00:00,25.01,25.182592321107887,25.091314869280417,-0.09127745182746813,5,-0.08131486928041554,0.08131486928041554
DUISBURG-MEIDERICH SCHLEUSE UW,2026-06-30 15:54:00+00:00,18.24,18.454183828905254,18.39022859837456,-0.06395523053069353,5,-0.15022859837456082,0.15022859837456082
Basel-Rheinhalle,2026-06-30 15:55:00+00:00,521.0,515.4759406979848,515.1868560318585,-0.28908466612630906,5,5.813143968141503,5.813143968141503
DUISBURG-MEIDERICH SCHLEUSE OW,2026-06-30 15:55:00+00:00,25.01,25.182592321107887,25.091314869280417,-0.09127745182746813,5,-0.08131486928041554,0.08131486928041554
DUISBURG-MEIDERICH SCHLEUSE UW,2026-06-30 15:55:00+00:00,18.24,18.454183828905254,18.39022859837456,-0.06395523053069353,5,-0.15022859837456082,0.15022859837456082
DUISBURG-MEIDERICH SCHLEUSE OW,2026-06-30 15:56:00+00:00,25.01,25.182592321107887,25.091314869280417,-0.09127745182746813,5,-0.08131486928041554,0.08131486928041554
DUISBURG-MEIDERICH SCHLEUSE UW,2026-06-30 15:56:00+00:00,18.23,18.454183828905254,18.39022859837456,-0.06395523053069353,5,-0.16022859837455883,0.16022859837455883
DUISBURG-MEIDERICH SCHLEUSE OW,2026-06-30 15:57:00+00:00,25.01,25.182592321107887,25.091314869280417,-0.09127745182746813,5,-0.08131486928041554,0.08131486928041554
DUISBURG-MEIDERICH SCHLEUSE UW,2026-06-30 15:57:00+00:00,18.23,18.454183828905254,18.39022859837456,-0.06395523053069353,5,-0.16022859837455883,0.16022859837455883
DUISBURG-MEIDERICH SCHLEUSE OW,2026-06-30 15:58:00+00:00,25.01,25.182592321107887,25.091314869280417,-0.09127745182746813,5,-0.08131486928041554,0.08131486928041554
DUISBURG-MEIDERICH SCHLEUSE UW,2026-06-30 15:58:00+00:00,18.23,18.454183828905254,18.39022859837456,-0.06395523053069353,5,-0.16022859837455883,0.16022859837455883
DUISBURG-MEIDERICH SCHLEUSE OW,2026-06-30 15:59:00+00:00,25.01,25.182592321107887,25.091314869280417,-0.09127745182746813,5,-0.08131486928041554,0.08131486928041554
DUISBURG-MEIDERICH SCHLEUSE UW,2026-06-30 15:59:00+00:00,18.23,18.454183828905254,18.39022859837456,-0.06395523053069353,5,-0.16022859837455883,0.16022859837455883
Basel-Rheinhalle,2026-06-30 16:00:00+00:00,521.0,515.4357705184525,515.193420128802,-0.24235038965052347,5,5.806579871197982,5.806579871197982
DUISBURG-MEIDERICH SCHLEUSE OW,2026-06-30 16:00:00+00:00,25.01,25.186138422691993,25.08741313221382,-0.0987252904781733,5,-0.07741313221381674,0.07741313221381674
DUISBURG-MEIDERICH SCHLEUSE UW,2026-06-30 16:00:00+00:00,18.23,18.456034038115895,18.384630968934495,-0.07140306918139872,5,-0.15463096893449446,0.15463096893449446
LOBITH,2026-06-30 16:00:00+00:00,703.0,704.307408462439,704.1101788257738,-0.19722963666513998,5,-1.1101788257738008,1.1101788257738008
DUISBURG-MEIDERICH SCHLEUSE OW,2026-06-30 16:01:00+00:00,25.01,25.248298691284973,25.169091879266173,-0.07920681201880107,5,-0.15909187926617108,0.15909187926617108
DUISBURG-MEIDERICH SCHLEUSE UW,2026-06-30 16:01:00+00:00,18.23,18.518194306708875,18.46630971598685,-0.051884590722026454,5,-0.2363097159868488,0.2363097159868488
DUISBURG-MEIDERICH SCHLEUSE OW,2026-06-30 16:02:00+00:00,25.01,25.248298691284973,25.169091879266173,-0.07920681201880107,5,-0.15909187926617108,0.15909187926617108
DUISBURG-MEIDERICH SCHLEUSE UW,2026-06-30 16:02:00+00:00,18.23,18.518194306708875,18.46630971598685,-0.051884590722026454,5,-0.2363097159868488,0.2363097159868488
DUISBURG-MEIDERICH SCHLEUSE OW,2026-06-30 16:03:00+00:00,25.01,25.095411103190166,25.044211243435814,-0.05119985975435335,5,-0.03421124343581283,0.03421124343581283
DUISBURG-MEIDERICH SCHLEUSE UW,2026-06-30 16:03:00+00:00,18.23,18.367002610987534,18.314745440408814,-0.05225717057871853,5,-0.08474544040881327,0.08474544040881327
DUISBURG-MEIDERICH SCHLEUSE OW,2026-06-30 16:04:00+00:00,25.01,25.095411103190166,25.044211243435814,-0.05119985975435335,5,-0.03421124343581283,0.03421124343581283
DUISBURG-MEIDERICH SCHLEUSE UW,2026-06-30 16:04:00+00:00,18.23,18.367002610987534,18.314745440408814,-0.05225717057871853,5,-0.08474544040881327,0.08474544040881327
Basel-Rheinhalle,2026-06-30 16:05:00+00:00,522.0,515.8900361059493,515.7633428675814,-0.12669323836790872,5,6.2366571324186,6.2366571324186
DUISBURG-MEIDERICH SCHLEUSE OW,2026-06-30 16:05:00+00:00,25.01,25.095411103190166,25.044211243435814,-0.05119985975435335,5,-0.03421124343581283,0.03421124343581283
DUISBURG-MEIDERICH SCHLEUSE UW,2026-06-30 16:05:00+00:00,18.23,18.367002610987534,18.314745440408814,-0.05225717057871853,5,-0.08474544040881327,0.08474544040881327
DUISBURG-MEIDERICH SCHLEUSE OW,2026-06-30 16:06:00+00:00,25.01,25.095411103190166,25.044211243435814,-0.05119985975435335,5,-0.03421124343581283,0.03421124343581283
DUISBURG-MEIDERICH SCHLEUSE UW,2026-06-30 16:06:00+00:00,18.23,18.367002610987534,18.314745440408814,-0.05225717057871853,5,-0.08474544040881327,0.08474544040881327
DUISBURG-MEIDERICH SCHLEUSE OW,2026-06-30 16:07:00+00:00,25.01,25.095411103190166,25.044211243435814,-0.05119985975435335,5,-0.03421124343581283,0.03421124343581283
DUISBURG-MEIDERICH SCHLEUSE UW,2026-06-30 16:07:00+00:00,18.23,18.367002610987534,18.314745440408814,-0.05225717057871853,5,-0.08474544040881327,0.08474544040881327
DUISBURG-MEIDERICH SCHLEUSE OW,2026-06-30 16:08:00+00:00,25.01,25.095411103190166,25.044211243435814,-0.05119985975435335,5,-0.03421124343581283,0.03421124343581283
DUISBURG-MEIDERICH SCHLEUSE UW,2026-06-30 16:08:00+00:00,18.23,18.367002610987534,18.314745440408814,-0.05225717057871853,5,-0.08474544040881327,0.08474544040881327
DUISBURG-MEIDERICH SCHLEUSE OW,2026-06-30 16:09:00+00:00,25.01,25.095411103190166,25.044211243435814,-0.05119985975435335,5,-0.03421124343581283,0.03421124343581283
DUISBURG-MEIDERICH SCHLEUSE UW,2026-06-30 16:09:00+00:00,18.23,18.367002610987534,18.314745440408814,-0.05225717057871853,5,-0.08474544040881327,0.08474544040881327
Basel-Rheinhalle,2026-06-30 16:10:00+00:00,522.0,515.778810656573,515.6332791484489,-0.14553150812417456,5,6.366720851551122,6.366720851551122
DUISBURG-MEIDERICH SCHLEUSE OW,2026-06-30 16:10:00+00:00,25.01,25.095411103190166,25.044211243435814,-0.05119985975435335,5,-0.03421124343581283,0.03421124343581283
DUISBURG-MEIDERICH SCHLEUSE UW,2026-06-30 16:10:00+00:00,18.23,18.367002610987534,18.314745440408814,-0.05225717057871853,5,-0.08474544040881327,0.08474544040881327
LOBITH,2026-06-30 16:10:00+00:00,703.0,704.0958067901505,703.9036822815034,-0.19212450864715594,5,-0.9036822815033929,0.9036822815033929
DUISBURG-MEIDERICH SCHLEUSE OW,2026-06-30 16:11:00+00:00,25.01,25.095411103190166,25.044211243435814,-0.05119985975435335,5,-0.03421124343581283,0.03421124343581283
DUISBURG-MEIDERICH SCHLEUSE UW,2026-06-30 16:11:00+00:00,18.23,18.367002610987534,18.314745440408814,-0.05225717057871853,5,-0.08474544040881327,0.08474544040881327
DUISBURG-MEIDERICH SCHLEUSE OW,2026-06-30 16:12:00+00:00,25.01,25.095411103190166,25.044211243435814,-0.05119985975435335,5,-0.03421124343581283,0.03421124343581283
DUISBURG-MEIDERICH SCHLEUSE UW,2026-06-30 16:12:00+00:00,18.23,18.367002610987534,18.314745440408814,-0.05225717057871853,5,-0.08474544040881327,0.08474544040881327
DUISBURG-MEIDERICH SCHLEUSE OW,2026-06-30 16:13:00+00:00,25.01,25.095411103190166,25.044211243435814,-0.05119985975435335,5,-0.03421124343581283,0.03421124343581283
DUISBURG-MEIDERICH SCHLEUSE UW,2026-06-30 16:13:00+00:00,18.23,18.367002610987534,18.314745440408814,-0.05225717057871853,5,-0.08474544040881327,0.08474544040881327
DUISBURG-MEIDERICH SCHLEUSE OW,2026-06-30 16:14:00+00:00,25.01,25.095411103190166,25.044211243435814,-0.05119985975435335,5,-0.03421124343581283,0.03421124343581283
DUISBURG-MEIDERICH SCHLEUSE UW,2026-06-30 16:14:00+00:00,18.23,18.367002610987534,18.314745440408814,-0.05225717057871853,5,-0.08474544040881327,0.08474544040881327
Basel-Rheinhalle,2026-06-30 16:15:00+00:00,522.0,515.2488757773199,514.9133675982521,-0.33550817906782154,5,7.08663240174792,7.08663240174792
DUISBURG-MEIDERICH SCHLEUSE OW,2026-06-30 16:15:00+00:00,25.01,25.095411103190166,25.044211243435814,-0.05119985975435335,5,-0.03421124343581283,0.03421124343581283
DUISBURG-MEIDERICH SCHLEUSE UW,2026-06-30 16:15:00+00:00,18.23,18.367002610987534,18.314745440408814,-0.05225717057871853,5,-0.08474544040881327,0.08474544040881327
DUISBURG-MEIDERICH SCHLEUSE OW,2026-06-30 16:16:00+00:00,25.01,25.095411103190166,25.044211243435814,-0.05119985975435335,5,-0.03421124343581283,0.03421124343581283
DUISBURG-MEIDERICH SCHLEUSE UW,2026-06-30 16:16:00+00:00,18.23,18.367002610987534,18.314745440408814,-0.05225717057871853,5,-0.08474544040881327,0.08474544040881327
DUISBURG-MEIDERICH SCHLEUSE OW,2026-06-30 16:17:00+00:00,25.01,25.095411103190166,25.044211243435814,-0.05119985975435335,5,-0.03421124343581283,0.03421124343581283
DUISBURG-MEIDERICH SCHLEUSE UW,2026-06-30 16:17:00+00:00,18.23,18.367002610987534,18.314745440408814,-0.05225717057871853,5,-0.08474544040881327,0.08474544040881327
DUISBURG-MEIDERICH SCHLEUSE OW,2026-06-30 16:18:00+00:00,25.01,25.095411103190166,25.044211243435814,-0.05119985975435335,5,-0.03421124343581283,0.03421124343581283
DUISBURG-MEIDERICH SCHLEUSE UW,2026-06-30 16:18:00+00:00,18.23,18.367002610987534,18.314745440408814,-0.05225717057871853,5,-0.08474544040881327,0.08474544040881327
DUISBURG-MEIDERICH SCHLEUSE OW,2026-06-30 16:19:00+00:00,25.01,25.095411103190166,25.044211243435814,-0.05119985975435335,5,-0.03421124343581283,0.03421124343581283
DUISBURG-MEIDERICH SCHLEUSE UW,2026-06-30 16:19:00+00:00,18.23,18.367002610987534,18.314745440408814,-0.05225717057871853,5,-0.08474544040881327,0.08474544040881327
Basel-Rheinhalle,2026-06-30 16:20:00+00:00,521.0,515.1098009339904,514.7215852736931,-0.3882156602973603,5,6.278414726306892,6.278414726306892
DUISBURG-MEIDERICH SCHLEUSE OW,2026-06-30 16:20:00+00:00,25.01,25.095411103190166,25.044211243435814,-0.05119985975435335,5,-0.03421124343581283,0.03421124343581283
DUISBURG-MEIDERICH SCHLEUSE UW,2026-06-30 16:20:00+00:00,18.23,18.367002610987534,18.314745440408814,-0.05225717057871853,5,-0.08474544040881327,0.08474544040881327
LOBITH,2026-06-30 16:20:00+00:00,703.0,704.191713113971,704.0269544955204,-0.16475861845059545,5,-1.0269544955203855,1.0269544955203855
DUISBURG-MEIDERICH SCHLEUSE OW,2026-06-30 16:21:00+00:00,25.01,25.095411103190166,25.044211243435814,-0.05119985975435335,5,-0.03421124343581283,0.03421124343581283
DUISBURG-MEIDERICH SCHLEUSE UW,2026-06-30 16:21:00+00:00,18.23,18.367002610987534,18.314745440408814,-0.05225717057871853,5,-0.08474544040881327,0.08474544040881327
DUISBURG-MEIDERICH SCHLEUSE OW,2026-06-30 16:22:00+00:00,25.01,25.095411103190166,25.044211243435814,-0.05119985975435335,5,-0.03421124343581283,0.03421124343581283
DUISBURG-MEIDERICH SCHLEUSE UW,2026-06-30 16:22:00+00:00,18.23,18.367002610987534,18.314745440408814,-0.05225717057871853,5,-0.08474544040881327,0.08474544040881327
DUISBURG-MEIDERICH SCHLEUSE OW,2026-06-30 16:23:00+00:00,25.01,25.095411103190166,25.044211243435814,-0.05119985975435335,5,-0.03421124343581283,0.03421124343581283
DUISBURG-MEIDERICH SCHLEUSE UW,2026-06-30 16:23:00+00:00,18.23,18.367002610987534,18.314745440408814,-0.05225717057871853,5,-0.08474544040881327,0.08474544040881327
DUISBURG-MEIDERICH SCHLEUSE OW,2026-06-30 16:24:00+00:00,25.01,25.095411103190166,25.044211243435814,-0.05119985975435335,5,-0.03421124343581283,0.03421124343581283
DUISBURG-MEIDERICH SCHLEUSE UW,2026-06-30 16:24:00+00:00,18.23,18.367002610987534,18.314745440408814,-0.05225717057871853,5,-0.08474544040881327,0.08474544040881327
Basel-Rheinhalle,2026-06-30 16:25:00+00:00,520.0,513.5532494721249,513.2880539739394,-0.2651954981854186,5,6.711946026060559,6.711946026060559
DUISBURG-MEIDERICH SCHLEUSE OW,2026-06-30 16:25:00+00:00,25.01,25.095411103190166,25.044211243435814,-0.05119985975435335,5,-0.03421124343581283,0.03421124343581283
DUISBURG-MEIDERICH SCHLEUSE UW,2026-06-30 16:25:00+00:00,18.23,18.367002610987534,18.314745440408814,-0.05225717057871853,5,-0.08474544040881327,0.08474544040881327
DUISBURG-MEIDERICH SCHLEUSE OW,2026-06-30 16:26:00+00:00,25.01,25.095411103190166,25.044211243435814,-0.05119985975435335,5,-0.03421124343581283,0.03421124343581283
DUISBURG-MEIDERICH SCHLEUSE UW,2026-06-30 16:26:00+00:00,18.23,18.367002610987534,18.314745440408814,-0.05225717057871853,5,-0.08474544040881327,0.08474544040881327
DUISBURG-MEIDERICH SCHLEUSE OW,2026-06-30 16:27:00+00:00,25.01,25.095411103190166,25.044211243435814,-0.05119985975435335,5,-0.03421124343581283,0.03421124343581283
DUISBURG-MEIDERICH SCHLEUSE UW,2026-06-30 16:27:00+00:00,18.23,18.367002610987534,18.314745440408814,-0.05225717057871853,5,-0.08474544040881327,0.08474544040881327
DUISBURG-MEIDERICH SCHLEUSE OW,2026-06-30 16:28:00+00:00,25.01,25.095411103190166,25.044211243435814,-0.05119985975435335,5,-0.03421124343581283,0.03421124343581283
DUISBURG-MEIDERICH SCHLEUSE UW,2026-06-30 16:28:00+00:00,18.23,18.367002610987534,18.314745440408814,-0.05225717057871853,5,-0.08474544040881327,0.08474544040881327
DUISBURG-MEIDERICH SCHLEUSE OW,2026-06-30 16:29:00+00:00,25.01,25.095411103190166,25.044211243435814,-0.05119985975435335,5,-0.03421124343581283,0.03421124343581283
DUISBURG-MEIDERICH SCHLEUSE UW,2026-06-30 16:29:00+00:00,18.23,18.367002610987534,18.314745440408814,-0.05225717057871853,5,-0.08474544040881327,0.08474544040881327
Basel-Rheinhalle,2026-06-30 16:30:00+00:00,520.0,513.3285680106121,513.1170200179979,-0.21154799261418106,5,6.882979982002098,6.882979982002098
DUISBURG-MEIDERICH SCHLEUSE OW,2026-06-30 16:30:00+00:00,25.01,25.095411103190166,25.044211243435814,-0.05119985975435335,5,-0.03421124343581283,0.03421124343581283
DUISBURG-MEIDERICH SCHLEUSE UW,2026-06-30 16:30:00+00:00,18.23,18.367002610987534,18.314745440408814,-0.05225717057871853,5,-0.08474544040881327,0.08474544040881327
LOBITH,2026-06-30 16:30:00+00:00,703.0,704.2875130616161,704.2681918560228,-0.019321205593337505,5,-1.2681918560227814,1.2681918560227814
DUISBURG-MEIDERICH SCHLEUSE OW,2026-06-30 16:31:00+00:00,25.01,25.095411103190166,25.044211243435814,-0.05119985975435335,5,-0.03421124343581283,0.03421124343581283
DUISBURG-MEIDERICH SCHLEUSE UW,2026-06-30 16:31:00+00:00,18.23,18.367002610987534,18.314745440408814,-0.05225717057871853,5,-0.08474544040881327,0.08474544040881327
DUISBURG-MEIDERICH SCHLEUSE OW,2026-06-30 16:32:00+00:00,25.01,25.095411103190166,25.044211243435814,-0.05119985975435335,5,-0.03421124343581283,0.03421124343581283
DUISBURG-MEIDERICH SCHLEUSE UW,2026-06-30 16:32:00+00:00,18.23,18.367002610987534,18.314745440408814,-0.05225717057871853,5,-0.08474544040881327,0.08474544040881327
DUISBURG-MEIDERICH SCHLEUSE OW,2026-06-30 16:33:00+00:00,25.0,25.095411103190166,25.044211243435814,-0.05119985975435335,5,-0.044211243435814396,0.044211243435814396
DUISBURG-MEIDERICH SCHLEUSE UW,2026-06-30 16:33:00+00:00,18.23,18.367002610987534,18.314745440408814,-0.05225717057871853,5,-0.08474544040881327,0.08474544040881327
DUISBURG-MEIDERICH SCHLEUSE OW,2026-06-30 16:34:00+00:00,25.0,25.095411103190166,25.044211243435814,-0.05119985975435335,5,-0.044211243435814396,0.044211243435814396
DUISBURG-MEIDERICH SCHLEUSE UW,2026-06-30 16:34:00+00:00,18.23,18.367002610987534,18.314745440408814,-0.05225717057871853,5,-0.08474544040881327,0.08474544040881327
Basel-Rheinhalle,2026-06-30 16:35:00+00:00,522.0,513.6517337501781,513.4590240273202,-0.1927097228579152,5,8.540975972679803,8.540975972679803
DUISBURG-MEIDERICH SCHLEUSE OW,2026-06-30 16:35:00+00:00,25.0,25.095411103190166,25.044211243435814,-0.05119985975435335,5,-0.044211243435814396,0.044211243435814396
DUISBURG-MEIDERICH SCHLEUSE UW,2026-06-30 16:35:00+00:00,18.23,18.367002610987534,18.314745440408814,-0.05225717057871853,5,-0.08474544040881327,0.08474544040881327
DUISBURG-MEIDERICH SCHLEUSE OW,2026-06-30 16:36:00+00:00,25.0,25.095411103190166,25.044211243435814,-0.05119985975435335,5,-0.044211243435814396,0.044211243435814396
DUISBURG-MEIDERICH SCHLEUSE UW,2026-06-30 16:36:00+00:00,18.23,18.367002610987534,18.314745440408814,-0.05225717057871853,5,-0.08474544040881327,0.08474544040881327
DUISBURG-MEIDERICH SCHLEUSE OW,2026-06-30 16:37:00+00:00,25.0,25.095411103190166,25.044211243435814,-0.05119985975435335,5,-0.044211243435814396,0.044211243435814396
DUISBURG-MEIDERICH SCHLEUSE UW,2026-06-30 16:37:00+00:00,18.23,18.367002610987534,18.314745440408814,-0.05225717057871853,5,-0.08474544040881327,0.08474544040881327
DUISBURG-MEIDERICH SCHLEUSE OW,2026-06-30 16:38:00+00:00,25.0,25.095411103190166,25.044211243435814,-0.05119985975435335,5,-0.044211243435814396,0.044211243435814396
DUISBURG-MEIDERICH SCHLEUSE UW,2026-06-30 16:38:00+00:00,18.23,18.367002610987534,18.314745440408814,-0.05225717057871853,5,-0.08474544040881327,0.08474544040881327
DUISBURG-MEIDERICH SCHLEUSE OW,2026-06-30 16:39:00+00:00,25.0,25.095411103190166,25.044211243435814,-0.05119985975435335,5,-0.044211243435814396,0.044211243435814396
DUISBURG-MEIDERICH SCHLEUSE UW,2026-06-30 16:39:00+00:00,18.23,18.367002610987534,18.314745440408814,-0.05225717057871853,5,-0.08474544040881327,0.08474544040881327
Basel-Rheinhalle,2026-06-30 16:40:00+00:00,524.0,514.1061850866566,513.9512516586809,-0.15493342797569817,5,10.048748341319083,10.048748341319083
DUISBURG-MEIDERICH SCHLEUSE OW,2026-06-30 16:40:00+00:00,25.0,25.095411103190166,25.044211243435814,-0.05119985975435335,5,-0.044211243435814396,0.044211243435814396
DUISBURG-MEIDERICH SCHLEUSE UW,2026-06-30 16:40:00+00:00,18.24,18.367002610987534,18.314745440408814,-0.05225717057871853,5,-0.07474544040881526,0.07474544040881526
LOBITH,2026-06-30 16:40:00+00:00,704.0,704.375831843704,704.3516416911108,-0.0241901525931435,5,-0.35164169111078536,0.35164169111078536
DUISBURG-MEIDERICH SCHLEUSE OW,2026-06-30 16:41:00+00:00,25.0,25.095411103190166,25.044211243435814,-0.05119985975435335,5,-0.044211243435814396,0.044211243435814396
DUISBURG-MEIDERICH SCHLEUSE UW,2026-06-30 16:41:00+00:00,18.24,18.367002610987534,18.314745440408814,-0.05225717057871853,5,-0.07474544040881526,0.07474544040881526
DUISBURG-MEIDERICH SCHLEUSE OW,2026-06-30 16:42:00+00:00,25.01,25.095411103190166,25.044211243435814,-0.05119985975435335,5,-0.03421124343581283,0.03421124343581283
DUISBURG-MEIDERICH SCHLEUSE UW,2026-06-30 16:42:00+00:00,18.24,18.367002610987534,18.314745440408814,-0.05225717057871853,5,-0.07474544040881526,0.07474544040881526
DUISBURG-MEIDERICH SCHLEUSE OW,2026-06-30 16:43:00+00:00,25.01,25.095411103190166,25.044211243435814,-0.05119985975435335,5,-0.03421124343581283,0.03421124343581283
DUISBURG-MEIDERICH SCHLEUSE UW,2026-06-30 16:43:00+00:00,18.24,18.367002610987534,18.314745440408814,-0.05225717057871853,5,-0.07474544040881526,0.07474544040881526
DUISBURG-MEIDERICH SCHLEUSE OW,2026-06-30 16:44:00+00:00,25.01,25.095411103190166,25.044211243435814,-0.05119985975435335,5,-0.03421124343581283,0.03421124343581283
DUISBURG-MEIDERICH SCHLEUSE UW,2026-06-30 16:44:00+00:00,18.24,18.367002610987534,18.314745440408814,-0.05225717057871853,5,-0.07474544040881526,0.07474544040881526
Basel-Rheinhalle,2026-06-30 16:45:00+00:00,525.0,513.9417874044273,513.7640088679167,-0.17777853651059322,5,11.235991132083313,11.235991132083313
DUISBURG-MEIDERICH SCHLEUSE OW,2026-06-30 16:45:00+00:00,25.01,25.095411103190166,25.044211243435814,-0.05119985975435335,5,-0.03421124343581283,0.03421124343581283
DUISBURG-MEIDERICH SCHLEUSE UW,2026-06-30 16:45:00+00:00,18.24,18.367002610987534,18.314745440408814,-0.05225717057871853,5,-0.07474544040881526,0.07474544040881526
DUISBURG-MEIDERICH SCHLEUSE OW,2026-06-30 16:46:00+00:00,25.01,25.095411103190166,25.044211243435814,-0.05119985975435335,5,-0.03421124343581283,0.03421124343581283
DUISBURG-MEIDERICH SCHLEUSE UW,2026-06-30 16:46:00+00:00,18.24,18.367002610987534,18.314745440408814,-0.05225717057871853,5,-0.07474544040881526,0.07474544040881526
DUISBURG-MEIDERICH SCHLEUSE OW,2026-06-30 16:47:00+00:00,25.01,25.095411103190166,25.044211243435814,-0.05119985975435335,5,-0.03421124343581283,0.03421124343581283
DUISBURG-MEIDERICH SCHLEUSE UW,2026-06-30 16:47:00+00:00,18.24,18.367002610987534,18.314745440408814,-0.05225717057871853,5,-0.07474544040881526,0.07474544040881526
DUISBURG-MEIDERICH SCHLEUSE OW,2026-06-30 16:48:00+00:00,25.01,25.095411103190166,25.044211243435814,-0.05119985975435335,5,-0.03421124343581283,0.03421124343581283
DUISBURG-MEIDERICH SCHLEUSE UW,2026-06-30 16:48:00+00:00,18.24,18.367002610987534,18.314745440408814,-0.05225717057871853,5,-0.07474544040881526,0.07474544040881526
DUISBURG-MEIDERICH SCHLEUSE OW,2026-06-30 16:49:00+00:00,25.01,25.095411103190166,25.044211243435814,-0.05119985975435335,5,-0.03421124343581283,0.03421124343581283
DUISBURG-MEIDERICH SCHLEUSE UW,2026-06-30 16:49:00+00:00,18.24,18.367002610987534,18.314745440408814,-0.05225717057871853,5,-0.07474544040881526,0.07474544040881526
Basel-Rheinhalle,2026-06-30 16:50:00+00:00,525.0,513.8240787356086,513.5975995566471,-0.22647917896150305,5,11.402400443352917,11.402400443352917
DUISBURG-MEIDERICH SCHLEUSE OW,2026-06-30 16:50:00+00:00,25.01,25.095411103190166,25.044211243435814,-0.05119985975435335,5,-0.03421124343581283,0.03421124343581283
DUISBURG-MEIDERICH SCHLEUSE UW,2026-06-30 16:50:00+00:00,18.24,18.367002610987534,18.314745440408814,-0.05225717057871853,5,-0.07474544040881526,0.07474544040881526
LOBITH,2026-06-30 16:50:00+00:00,704.0,704.384187802258,704.2267075827593,-0.15748021949868776,5,-0.22670758275933167,0.22670758275933167
DUISBURG-MEIDERICH SCHLEUSE OW,2026-06-30 16:51:00+00:00,25.0,25.095411103190166,25.044211243435814,-0.05119985975435335,5,-0.044211243435814396,0.044211243435814396
DUISBURG-MEIDERICH SCHLEUSE UW,2026-06-30 16:51:00+00:00,18.24,18.367002610987534,18.314745440408814,-0.05225717057871853,5,-0.07474544040881526,0.07474544040881526
DUISBURG-MEIDERICH SCHLEUSE OW,2026-06-30 16:52:00+00:00,25.0,25.095411103190166,25.044211243435814,-0.05119985975435335,5,-0.044211243435814396,0.044211243435814396
DUISBURG-MEIDERICH SCHLEUSE UW,2026-06-30 16:52:00+00:00,18.24,18.367002610987534,18.314745440408814,-0.05225717057871853,5,-0.07474544040881526,0.07474544040881526
DUISBURG-MEIDERICH SCHLEUSE OW,2026-06-30 16:53:00+00:00,25.0,25.095411103190166,25.044211243435814,-0.05119985975435335,5,-0.044211243435814396,0.044211243435814396
DUISBURG-MEIDERICH SCHLEUSE UW,2026-06-30 16:53:00+00:00,18.24,18.367002610987534,18.314745440408814,-0.05225717057871853,5,-0.07474544040881526,0.07474544040881526
DUISBURG-MEIDERICH SCHLEUSE OW,2026-06-30 16:54:00+00:00,25.0,25.095411103190166,25.044211243435814,-0.05119985975435335,5,-0.044211243435814396,0.044211243435814396
DUISBURG-MEIDERICH SCHLEUSE UW,2026-06-30 16:54:00+00:00,18.24,18.367002610987534,18.314745440408814,-0.05225717057871853,5,-0.07474544040881526,0.07474544040881526
Basel-Rheinhalle,2026-06-30 16:55:00+00:00,526.0,513.9083977719349,513.722848910367,-0.1855488615679497,5,12.27715108963298,12.27715108963298
DUISBURG-MEIDERICH SCHLEUSE OW,2026-06-30 16:55:00+00:00,25.0,25.095411103190166,25.044211243435814,-0.05119985975435335,5,-0.044211243435814396,0.044211243435814396
DUISBURG-MEIDERICH SCHLEUSE UW,2026-06-30 16:55:00+00:00,18.24,18.367002610987534,18.314745440408814,-0.05225717057871853,5,-0.07474544040881526,0.07474544040881526
DUISBURG-MEIDERICH SCHLEUSE OW,2026-06-30 16:56:00+00:00,25.0,25.095411103190166,25.044211243435814,-0.05119985975435335,5,-0.044211243435814396,0.044211243435814396
DUISBURG-MEIDERICH SCHLEUSE UW,2026-06-30 16:56:00+00:00,18.24,18.367002610987534,18.314745440408814,-0.05225717057871853,5,-0.07474544040881526,0.07474544040881526
DUISBURG-MEIDERICH SCHLEUSE OW,2026-06-30 16:57:00+00:00,25.0,25.095411103190166,25.044211243435814,-0.05119985975435335,5,-0.044211243435814396,0.044211243435814396
DUISBURG-MEIDERICH SCHLEUSE UW,2026-06-30 16:57:00+00:00,18.24,18.367002610987534,18.314745440408814,-0.05225717057871853,5,-0.07474544040881526,0.07474544040881526
DUISBURG-MEIDERICH SCHLEUSE OW,2026-06-30 16:58:00+00:00,25.0,25.095411103190166,25.044211243435814,-0.05119985975435335,5,-0.044211243435814396,0.044211243435814396
DUISBURG-MEIDERICH SCHLEUSE UW,2026-06-30 16:58:00+00:00,18.24,18.367002610987534,18.314745440408814,-0.05225717057871853,5,-0.07474544040881526,0.07474544040881526
DUISBURG-MEIDERICH SCHLEUSE OW,2026-06-30 16:59:00+00:00,25.0,25.095411103190166,25.044211243435814,-0.05119985975435335,5,-0.044211243435814396,0.044211243435814396
DUISBURG-MEIDERICH SCHLEUSE UW,2026-06-30 16:59:00+00:00,18.24,18.367002610987534,18.314745440408814,-0.05225717057871853,5,-0.07474544040881526,0.07474544040881526
Basel-Rheinhalle,2026-06-30 17:00:00+00:00,526.0,513.9124162360273,513.7119361881121,-0.2004800479152717,5,12.288063811887923,12.288063811887923
DUISBURG-MEIDERICH SCHLEUSE OW,2026-06-30 17:00:00+00:00,25.0,25.07052160943141,25.069333448044937,-0.0011881613864735262,5,-0.06933344804493657,0.06933344804493657
DUISBURG-MEIDERICH SCHLEUSE UW,2026-06-30 17:00:00+00:00,18.24,18.342113117228777,18.33986764501794,-0.002245472210838705,5,-0.09986764501794099,0.09986764501794099
LOBITH,2026-06-30 17:00:00+00:00,644.0,704.7690036392756,704.6615351181448,-0.10746852113080789,5,-60.6615351181448,60.6615351181448
DUISBURG-MEIDERICH SCHLEUSE OW,2026-06-30 17:01:00+00:00,25.0,25.105543614732255,25.132132949761196,0.026589335028942403,5,-0.13213294976119627,0.13213294976119627
DUISBURG-MEIDERICH SCHLEUSE UW,2026-06-30 17:01:00+00:00,18.24,18.377135122529623,18.4026671467342,0.025532024204577217,5,-0.16266714673420068,0.16266714673420068
DUISBURG-MEIDERICH SCHLEUSE OW,2026-06-30 17:02:00+00:00,25.0,25.105543614732255,25.132132949761196,0.026589335028942403,5,-0.13213294976119627,0.13213294976119627
DUISBURG-MEIDERICH SCHLEUSE UW,2026-06-30 17:02:00+00:00,18.24,18.377135122529623,18.4026671467342,0.025532024204577217,5,-0.16266714673420068,0.16266714673420068
DUISBURG-MEIDERICH SCHLEUSE OW,2026-06-30 17:03:00+00:00,25.0,25.053197608167974,25.0520094467815,-0.0011881613864735262,5,-0.05200944678150066,0.05200944678150066
DUISBURG-MEIDERICH SCHLEUSE UW,2026-06-30 17:03:00+00:00,18.24,18.32478911596534,18.322543643754504,-0.002245472210838705,5,-0.08254364375450507,0.08254364375450507
DUISBURG-MEIDERICH SCHLEUSE OW,2026-06-30 17:04:00+00:00,25.0,25.053197608167974,25.0520094467815,-0.0011881613864735262,5,-0.05200944678150066,0.05200944678150066
DUISBURG-MEIDERICH SCHLEUSE UW,2026-06-30 17:04:00+00:00,18.24,18.32478911596534,18.322543643754504,-0.002245472210838705,5,-0.08254364375450507,0.08254364375450507
Basel-Rheinhalle,2026-06-30 17:05:00+00:00,527.0,513.7071237294022,513.4806445504406,-0.22647917896150305,5,13.519355449559384,13.519355449559384
DUISBURG-MEIDERICH SCHLEUSE OW,2026-06-30 17:05:00+00:00,25.0,25.053197608167974,25.0520094467815,-0.0011881613864735262,5,-0.05200944678150066,0.05200944678150066
DUISBURG-MEIDERICH SCHLEUSE UW,2026-06-30 17:05:00+00:00,18.24,18.32478911596534,18.322543643754504,-0.002245472210838705,5,-0.08254364375450507,0.08254364375450507
DUISBURG-MEIDERICH SCHLEUSE OW,2026-06-30 17:06:00+00:00,25.01,25.053197608167974,25.0520094467815,-0.0011881613864735262,5,-0.042009446781499094,0.042009446781499094
DUISBURG-MEIDERICH SCHLEUSE UW,2026-06-30 17:06:00+00:00,18.24,18.32478911596534,18.322543643754504,-0.002245472210838705,5,-0.08254364375450507,0.08254364375450507
DUISBURG-MEIDERICH SCHLEUSE OW,2026-06-30 17:07:00+00:00,25.01,25.053197608167974,25.0520094467815,-0.0011881613864735262,5,-0.042009446781499094,0.042009446781499094
DUISBURG-MEIDERICH SCHLEUSE UW,2026-06-30 17:07:00+00:00,18.24,18.32478911596534,18.322543643754504,-0.002245472210838705,5,-0.08254364375450507,0.08254364375450507
DUISBURG-MEIDERICH SCHLEUSE OW,2026-06-30 17:08:00+00:00,25.01,25.053197608167974,25.0520094467815,-0.0011881613864735262,5,-0.042009446781499094,0.042009446781499094
DUISBURG-MEIDERICH SCHLEUSE UW,2026-06-30 17:08:00+00:00,18.24,18.32478911596534,18.322543643754504,-0.002245472210838705,5,-0.08254364375450507,0.08254364375450507
DUISBURG-MEIDERICH SCHLEUSE OW,2026-06-30 17:09:00+00:00,25.0,25.053197608167974,25.0520094467815,-0.0011881613864735262,5,-0.05200944678150066,0.05200944678150066
DUISBURG-MEIDERICH SCHLEUSE UW,2026-06-30 17:09:00+00:00,18.24,18.32478911596534,18.322543643754504,-0.002245472210838705,5,-0.08254364375450507,0.08254364375450507
Basel-Rheinhalle,2026-06-30 17:10:00+00:00,527.0,513.6383010457643,513.4118218668027,-0.22647917896150305,5,13.588178133197289,13.588178133197289
DUISBURG-MEIDERICH SCHLEUSE OW,2026-06-30 17:10:00+00:00,25.0,25.053197608167974,25.0520094467815,-0.0011881613864735262,5,-0.05200944678150066,0.05200944678150066
DUISBURG-MEIDERICH SCHLEUSE UW,2026-06-30 17:10:00+00:00,18.24,18.32478911596534,18.322543643754504,-0.002245472210838705,5,-0.08254364375450507,0.08254364375450507
LOBITH,2026-06-30 17:10:00+00:00,642.0,704.6272024849663,704.5475114602509,-0.07969102471539197,5,-62.54751146025092,62.54751146025092
DUISBURG-MEIDERICH SCHLEUSE OW,2026-06-30 17:11:00+00:00,25.0,25.053197608167974,25.0520094467815,-0.0011881613864735262,5,-0.05200944678150066,0.05200944678150066
DUISBURG-MEIDERICH SCHLEUSE UW,2026-06-30 17:11:00+00:00,18.24,18.32478911596534,18.322543643754504,-0.002245472210838705,5,-0.08254364375450507,0.08254364375450507
DUISBURG-MEIDERICH SCHLEUSE OW,2026-06-30 17:12:00+00:00,25.0,25.053197608167974,25.0520094467815,-0.0011881613864735262,5,-0.05200944678150066,0.05200944678150066
DUISBURG-MEIDERICH SCHLEUSE UW,2026-06-30 17:12:00+00:00,18.24,18.32478911596534,18.322543643754504,-0.002245472210838705,5,-0.08254364375450507,0.08254364375450507
DUISBURG-MEIDERICH SCHLEUSE OW,2026-06-30 17:13:00+00:00,25.0,25.053197608167974,25.0520094467815,-0.0011881613864735262,5,-0.05200944678150066,0.05200944678150066
DUISBURG-MEIDERICH SCHLEUSE UW,2026-06-30 17:13:00+00:00,18.24,18.32478911596534,18.322543643754504,-0.002245472210838705,5,-0.08254364375450507,0.08254364375450507
DUISBURG-MEIDERICH SCHLEUSE OW,2026-06-30 17:14:00+00:00,25.0,25.053197608167974,25.0520094467815,-0.0011881613864735262,5,-0.05200944678150066,0.05200944678150066
DUISBURG-MEIDERICH SCHLEUSE UW,2026-06-30 17:14:00+00:00,18.24,18.32478911596534,18.322543643754504,-0.002245472210838705,5,-0.08254364375450507,0.08254364375450507
Basel-Rheinhalle,2026-06-30 17:15:00+00:00,527.0,513.9389577092486,513.7124785302871,-0.22647917896150305,5,13.287521469712942,13.287521469712942
DUISBURG-MEIDERICH SCHLEUSE OW,2026-06-30 17:15:00+00:00,25.0,25.053197608167974,25.0520094467815,-0.0011881613864735262,5,-0.05200944678150066,0.05200944678150066
DUISBURG-MEIDERICH SCHLEUSE UW,2026-06-30 17:15:00+00:00,18.24,18.32478911596534,18.322543643754504,-0.002245472210838705,5,-0.08254364375450507,0.08254364375450507
DUISBURG-MEIDERICH SCHLEUSE OW,2026-06-30 17:16:00+00:00,25.0,25.053197608167974,25.0520094467815,-0.0011881613864735262,5,-0.05200944678150066,0.05200944678150066
DUISBURG-MEIDERICH SCHLEUSE UW,2026-06-30 17:16:00+00:00,18.24,18.32478911596534,18.322543643754504,-0.002245472210838705,5,-0.08254364375450507,0.08254364375450507
DUISBURG-MEIDERICH SCHLEUSE OW,2026-06-30 17:17:00+00:00,25.0,25.053197608167974,25.0520094467815,-0.0011881613864735262,5,-0.05200944678150066,0.05200944678150066
DUISBURG-MEIDERICH SCHLEUSE UW,2026-06-30 17:17:00+00:00,18.24,18.32478911596534,18.322543643754504,-0.002245472210838705,5,-0.08254364375450507,0.08254364375450507
DUISBURG-MEIDERICH SCHLEUSE OW,2026-06-30 17:18:00+00:00,25.0,25.053197608167974,25.0520094467815,-0.0011881613864735262,5,-0.05200944678150066,0.05200944678150066
DUISBURG-MEIDERICH SCHLEUSE UW,2026-06-30 17:18:00+00:00,18.24,18.32478911596534,18.322543643754504,-0.002245472210838705,5,-0.08254364375450507,0.08254364375450507
DUISBURG-MEIDERICH SCHLEUSE OW,2026-06-30 17:19:00+00:00,25.0,25.053197608167974,25.0520094467815,-0.0011881613864735262,5,-0.05200944678150066,0.05200944678150066
DUISBURG-MEIDERICH SCHLEUSE UW,2026-06-30 17:19:00+00:00,18.24,18.32478911596534,18.322543643754504,-0.002245472210838705,5,-0.08254364375450507,0.08254364375450507
Basel-Rheinhalle,2026-06-30 17:20:00+00:00,528.0,513.9389577092486,513.7384776613334,-0.2004800479152717,5,14.261522338666623,14.261522338666623
DUISBURG-MEIDERICH SCHLEUSE OW,2026-06-30 17:20:00+00:00,25.0,25.053197608167974,25.0520094467815,-0.0011881613864735262,5,-0.05200944678150066,0.05200944678150066
DUISBURG-MEIDERICH SCHLEUSE UW,2026-06-30 17:20:00+00:00,18.24,18.32478911596534,18.322543643754504,-0.002245472210838705,5,-0.08254364375450507,0.08254364375450507
DUISBURG-MEIDERICH SCHLEUSE OW,2026-06-30 17:21:00+00:00,25.0,25.053197608167974,25.0520094467815,-0.0011881613864735262,5,-0.05200944678150066,0.05200944678150066
DUISBURG-MEIDERICH SCHLEUSE UW,2026-06-30 17:21:00+00:00,18.24,18.32478911596534,18.322543643754504,-0.002245472210838705,5,-0.08254364375450507,0.08254364375450507
DUISBURG-MEIDERICH SCHLEUSE OW,2026-06-30 17:22:00+00:00,25.0,25.053197608167974,25.0520094467815,-0.0011881613864735262,5,-0.05200944678150066,0.05200944678150066
DUISBURG-MEIDERICH SCHLEUSE UW,2026-06-30 17:22:00+00:00,18.24,18.32478911596534,18.322543643754504,-0.002245472210838705,5,-0.08254364375450507,0.08254364375450507
DUISBURG-MEIDERICH SCHLEUSE OW,2026-06-30 17:23:00+00:00,25.0,25.053197608167974,25.0520094467815,-0.0011881613864735262,5,-0.05200944678150066,0.05200944678150066
DUISBURG-MEIDERICH SCHLEUSE UW,2026-06-30 17:23:00+00:00,18.24,18.32478911596534,18.322543643754504,-0.002245472210838705,5,-0.08254364375450507,0.08254364375450507
DUISBURG-MEIDERICH SCHLEUSE OW,2026-06-30 17:24:00+00:00,25.01,25.053197608167974,25.0520094467815,-0.0011881613864735262,5,-0.042009446781499094,0.042009446781499094
DUISBURG-MEIDERICH SCHLEUSE UW,2026-06-30 17:24:00+00:00,18.24,18.32478911596534,18.322543643754504,-0.002245472210838705,5,-0.08254364375450507,0.08254364375450507
Basel-Rheinhalle,2026-06-30 17:25:00+00:00,527.0,514.3747170399233,514.2120132868903,-0.16270375303305465,5,12.787986713109717,12.787986713109717
DUISBURG-MEIDERICH SCHLEUSE OW,2026-06-30 17:25:00+00:00,25.01,25.053197608167974,25.0520094467815,-0.0011881613864735262,5,-0.042009446781499094,0.042009446781499094
DUISBURG-MEIDERICH SCHLEUSE UW,2026-06-30 17:25:00+00:00,18.24,18.32478911596534,18.322543643754504,-0.002245472210838705,5,-0.08254364375450507,0.08254364375450507
DUISBURG-MEIDERICH SCHLEUSE OW,2026-06-30 17:26:00+00:00,25.01,25.053197608167974,25.0520094467815,-0.0011881613864735262,5,-0.042009446781499094,0.042009446781499094
DUISBURG-MEIDERICH SCHLEUSE UW,2026-06-30 17:26:00+00:00,18.24,18.32478911596534,18.322543643754504,-0.002245472210838705,5,-0.08254364375450507,0.08254364375450507
DUISBURG-MEIDERICH SCHLEUSE OW,2026-06-30 17:27:00+00:00,25.01,25.053197608167974,25.0520094467815,-0.0011881613864735262,5,-0.042009446781499094,0.042009446781499094
DUISBURG-MEIDERICH SCHLEUSE UW,2026-06-30 17:27:00+00:00,18.24,18.32478911596534,18.322543643754504,-0.002245472210838705,5,-0.08254364375450507,0.08254364375450507
DUISBURG-MEIDERICH SCHLEUSE OW,2026-06-30 17:28:00+00:00,25.01,25.053197608167974,25.0520094467815,-0.0011881613864735262,5,-0.042009446781499094,0.042009446781499094
DUISBURG-MEIDERICH SCHLEUSE UW,2026-06-30 17:28:00+00:00,18.24,18.32478911596534,18.322543643754504,-0.002245472210838705,5,-0.08254364375450507,0.08254364375450507
DUISBURG-MEIDERICH SCHLEUSE OW,2026-06-30 17:29:00+00:00,25.01,25.053197608167974,25.0520094467815,-0.0011881613864735262,5,-0.042009446781499094,0.042009446781499094
DUISBURG-MEIDERICH SCHLEUSE UW,2026-06-30 17:29:00+00:00,18.24,18.32478911596534,18.322543643754504,-0.002245472210838705,5,-0.08254364375450507,0.08254364375450507
Basel-Rheinhalle,2026-06-30 17:30:00+00:00,526.0,514.3801752908513,514.2264811382628,-0.1536941525885119,5,11.773518861737216,11.773518861737216
DUISBURG-MEIDERICH SCHLEUSE OW,2026-06-30 17:30:00+00:00,25.01,25.053197608167974,25.0520094467815,-0.0011881613864735262,5,-0.042009446781499094,0.042009446781499094
DUISBURG-MEIDERICH SCHLEUSE UW,2026-06-30 17:30:00+00:00,18.24,18.32478911596534,18.322543643754504,-0.002245472210838705,5,-0.08254364375450507,0.08254364375450507
DUISBURG-MEIDERICH SCHLEUSE OW,2026-06-30 17:31:00+00:00,25.01,25.053197608167974,25.0520094467815,-0.0011881613864735262,5,-0.042009446781499094,0.042009446781499094
DUISBURG-MEIDERICH SCHLEUSE UW,2026-06-30 17:31:00+00:00,18.24,18.32478911596534,18.322543643754504,-0.002245472210838705,5,-0.08254364375450507,0.08254364375450507
DUISBURG-MEIDERICH SCHLEUSE OW,2026-06-30 17:32:00+00:00,25.01,25.053197608167974,25.0520094467815,-0.0011881613864735262,5,-0.042009446781499094,0.042009446781499094
DUISBURG-MEIDERICH SCHLEUSE UW,2026-06-30 17:32:00+00:00,18.24,18.32478911596534,18.322543643754504,-0.002245472210838705,5,-0.08254364375450507,0.08254364375450507
DUISBURG-MEIDERICH SCHLEUSE OW,2026-06-30 17:33:00+00:00,25.01,25.053197608167974,25.0520094467815,-0.0011881613864735262,5,-0.042009446781499094,0.042009446781499094
DUISBURG-MEIDERICH SCHLEUSE UW,2026-06-30 17:33:00+00:00,18.24,18.32478911596534,18.322543643754504,-0.002245472210838705,5,-0.08254364375450507,0.08254364375450507
DUISBURG-MEIDERICH SCHLEUSE OW,2026-06-30 17:34:00+00:00,25.01,25.053197608167974,25.0520094467815,-0.0011881613864735262,5,-0.042009446781499094,0.042009446781499094
DUISBURG-MEIDERICH SCHLEUSE UW,2026-06-30 17:34:00+00:00,18.24,18.32478911596534,18.322543643754504,-0.002245472210838705,5,-0.08254364375450507,0.08254364375450507
Basel-Rheinhalle,2026-06-30 17:35:00+00:00,525.0,514.6677619934073,514.5289990271662,-0.1387629662411899,5,10.47100097283385,10.47100097283385
DUISBURG-MEIDERICH SCHLEUSE OW,2026-06-30 17:35:00+00:00,25.0,25.053197608167974,25.0520094467815,-0.0011881613864735262,5,-0.05200944678150066,0.05200944678150066
DUISBURG-MEIDERICH SCHLEUSE UW,2026-06-30 17:35:00+00:00,18.24,18.32478911596534,18.322543643754504,-0.002245472210838705,5,-0.08254364375450507,0.08254364375450507
DUISBURG-MEIDERICH SCHLEUSE OW,2026-06-30 17:36:00+00:00,25.0,25.053197608167974,25.0520094467815,-0.0011881613864735262,5,-0.05200944678150066,0.05200944678150066
DUISBURG-MEIDERICH SCHLEUSE UW,2026-06-30 17:36:00+00:00,18.24,18.32478911596534,18.322543643754504,-0.002245472210838705,5,-0.08254364375450507,0.08254364375450507
DUISBURG-MEIDERICH SCHLEUSE OW,2026-06-30 17:37:00+00:00,25.0,25.053197608167974,25.0520094467815,-0.0011881613864735262,5,-0.05200944678150066,0.05200944678150066
DUISBURG-MEIDERICH SCHLEUSE UW,2026-06-30 17:37:00+00:00,18.24,18.32478911596534,18.322543643754504,-0.002245472210838705,5,-0.08254364375450507,0.08254364375450507
DUISBURG-MEIDERICH SCHLEUSE OW,2026-06-30 17:38:00+00:00,25.0,25.053197608167974,25.0520094467815,-0.0011881613864735262,5,-0.05200944678150066,0.05200944678150066
DUISBURG-MEIDERICH SCHLEUSE UW,2026-06-30 17:38:00+00:00,18.24,18.32478911596534,18.322543643754504,-0.002245472210838705,5,-0.08254364375450507,0.08254364375450507
DUISBURG-MEIDERICH SCHLEUSE OW,2026-06-30 17:39:00+00:00,25.01,25.053197608167974,25.0520094467815,-0.0011881613864735262,5,-0.042009446781499094,0.042009446781499094
DUISBURG-MEIDERICH SCHLEUSE UW,2026-06-30 17:39:00+00:00,18.24,18.32478911596534,18.322543643754504,-0.002245472210838705,5,-0.08254364375450507,0.08254364375450507
Basel-Rheinhalle,2026-06-30 17:40:00+00:00,525.0,514.4275745194324,514.1547234463803,-0.27285107305204137,5,10.84527655361967,10.84527655361967
DUISBURG-MEIDERICH SCHLEUSE OW,2026-06-30 17:40:00+00:00,25.01,25.053197608167974,25.0520094467815,-0.0011881613864735262,5,-0.042009446781499094,0.042009446781499094
DUISBURG-MEIDERICH SCHLEUSE UW,2026-06-30 17:40:00+00:00,18.24,18.32478911596534,18.322543643754504,-0.002245472210838705,5,-0.08254364375450507,0.08254364375450507
DUISBURG-MEIDERICH SCHLEUSE OW,2026-06-30 17:41:00+00:00,25.01,25.053197608167974,25.0520094467815,-0.0011881613864735262,5,-0.042009446781499094,0.042009446781499094
DUISBURG-MEIDERICH SCHLEUSE UW,2026-06-30 17:41:00+00:00,18.24,18.32478911596534,18.322543643754504,-0.002245472210838705,5,-0.08254364375450507,0.08254364375450507
DUISBURG-MEIDERICH SCHLEUSE OW,2026-06-30 17:42:00+00:00,25.01,25.053197608167974,25.0520094467815,-0.0011881613864735262,5,-0.042009446781499094,0.042009446781499094
DUISBURG-MEIDERICH SCHLEUSE UW,2026-06-30 17:42:00+00:00,18.25,18.32478911596534,18.322543643754504,-0.002245472210838705,5,-0.0725436437545035,0.0725436437545035
DUISBURG-MEIDERICH SCHLEUSE OW,2026-06-30 17:43:00+00:00,25.01,25.053197608167974,25.0520094467815,-0.0011881613864735262,5,-0.042009446781499094,0.042009446781499094
DUISBURG-MEIDERICH SCHLEUSE UW,2026-06-30 17:43:00+00:00,18.25,18.32478911596534,18.322543643754504,-0.002245472210838705,5,-0.0725436437545035,0.0725436437545035
DUISBURG-MEIDERICH SCHLEUSE OW,2026-06-30 17:44:00+00:00,25.01,25.053197608167974,25.0520094467815,-0.0011881613864735262,5,-0.042009446781499094,0.042009446781499094
DUISBURG-MEIDERICH SCHLEUSE UW,2026-06-30 17:44:00+00:00,18.25,18.32478911596534,18.322543643754504,-0.002245472210838705,5,-0.0725436437545035,0.0725436437545035
Basel-Rheinhalle,2026-06-30 17:45:00+00:00,526.0,514.3974118536746,514.0469724882595,-0.3504393654151433,5,11.953027511740515,11.953027511740515
DUISBURG-MEIDERICH SCHLEUSE OW,2026-06-30 17:45:00+00:00,25.01,25.053197608167974,25.0520094467815,-0.0011881613864735262,5,-0.042009446781499094,0.042009446781499094
DUISBURG-MEIDERICH SCHLEUSE UW,2026-06-30 17:45:00+00:00,18.25,18.32478911596534,18.322543643754504,-0.002245472210838705,5,-0.0725436437545035,0.0725436437545035
DUISBURG-MEIDERICH SCHLEUSE OW,2026-06-30 17:46:00+00:00,25.01,25.053197608167974,25.0520094467815,-0.0011881613864735262,5,-0.042009446781499094,0.042009446781499094
DUISBURG-MEIDERICH SCHLEUSE UW,2026-06-30 17:46:00+00:00,18.25,18.32478911596534,18.322543643754504,-0.002245472210838705,5,-0.0725436437545035,0.0725436437545035
DUISBURG-MEIDERICH SCHLEUSE OW,2026-06-30 17:47:00+00:00,25.01,25.053197608167974,25.0520094467815,-0.0011881613864735262,5,-0.042009446781499094,0.042009446781499094
DUISBURG-MEIDERICH SCHLEUSE UW,2026-06-30 17:47:00+00:00,18.25,18.32478911596534,18.322543643754504,-0.002245472210838705,5,-0.0725436437545035,0.0725436437545035
DUISBURG-MEIDERICH SCHLEUSE OW,2026-06-30 17:48:00+00:00,25.01,25.053197608167974,25.0520094467815,-0.0011881613864735262,5,-0.042009446781499094,0.042009446781499094
DUISBURG-MEIDERICH SCHLEUSE UW,2026-06-30 17:48:00+00:00,18.25,18.32478911596534,18.322543643754504,-0.002245472210838705,5,-0.0725436437545035,0.0725436437545035
DUISBURG-MEIDERICH SCHLEUSE OW,2026-06-30 17:49:00+00:00,25.01,25.053197608167974,25.0520094467815,-0.0011881613864735262,5,-0.042009446781499094,0.042009446781499094
DUISBURG-MEIDERICH SCHLEUSE UW,2026-06-30 17:49:00+00:00,18.25,18.32478911596534,18.322543643754504,-0.002245472210838705,5,-0.0725436437545035,0.0725436437545035
Basel-Rheinhalle,2026-06-30 17:50:00+00:00,527.0,514.4028701046026,514.0524307391875,-0.3504393654151433,5,12.947569260812543,12.947569260812543
DUISBURG-MEIDERICH SCHLEUSE OW,2026-06-30 17:50:00+00:00,25.01,25.053197608167974,25.0520094467815,-0.0011881613864735262,5,-0.042009446781499094,0.042009446781499094
DUISBURG-MEIDERICH SCHLEUSE UW,2026-06-30 17:50:00+00:00,18.25,18.32478911596534,18.322543643754504,-0.002245472210838705,5,-0.0725436437545035,0.0725436437545035
DUISBURG-MEIDERICH SCHLEUSE OW,2026-06-30 17:51:00+00:00,25.01,25.053197608167974,25.0520094467815,-0.0011881613864735262,5,-0.042009446781499094,0.042009446781499094
DUISBURG-MEIDERICH SCHLEUSE UW,2026-06-30 17:51:00+00:00,18.25,18.32478911596534,18.322543643754504,-0.002245472210838705,5,-0.0725436437545035,0.0725436437545035
DUISBURG-MEIDERICH SCHLEUSE OW,2026-06-30 17:52:00+00:00,25.01,25.053197608167974,25.0520094467815,-0.0011881613864735262,5,-0.042009446781499094,0.042009446781499094
DUISBURG-MEIDERICH SCHLEUSE UW,2026-06-30 17:52:00+00:00,18.25,18.32478911596534,18.322543643754504,-0.002245472210838705,5,-0.0725436437545035,0.0725436437545035
DUISBURG-MEIDERICH SCHLEUSE OW,2026-06-30 17:53:00+00:00,25.01,25.053197608167974,25.0520094467815,-0.0011881613864735262,5,-0.042009446781499094,0.042009446781499094
DUISBURG-MEIDERICH SCHLEUSE UW,2026-06-30 17:53:00+00:00,18.25,18.32478911596534,18.322543643754504,-0.002245472210838705,5,-0.0725436437545035,0.0725436437545035
DUISBURG-MEIDERICH SCHLEUSE OW,2026-06-30 17:54:00+00:00,25.01,25.053197608167974,25.0520094467815,-0.0011881613864735262,5,-0.042009446781499094,0.042009446781499094
DUISBURG-MEIDERICH SCHLEUSE UW,2026-06-30 17:54:00+00:00,18.25,18.32478911596534,18.322543643754504,-0.002245472210838705,5,-0.0725436437545035,0.0725436437545035
Basel-Rheinhalle,2026-06-30 17:55:00+00:00,528.0,513.9059658422702,513.5326813683201,-0.37328447395003855,5,14.46731863167986,14.46731863167986
DUISBURG-MEIDERICH SCHLEUSE OW,2026-06-30 17:55:00+00:00,25.01,25.053197608167974,25.0520094467815,-0.0011881613864735262,5,-0.042009446781499094,0.042009446781499094
DUISBURG-MEIDERICH SCHLEUSE UW,2026-06-30 17:55:00+00:00,18.25,18.32478911596534,18.322543643754504,-0.002245472210838705,5,-0.0725436437545035,0.0725436437545035
DUISBURG-MEIDERICH SCHLEUSE OW,2026-06-30 17:56:00+00:00,25.01,25.053197608167974,25.0520094467815,-0.0011881613864735262,5,-0.042009446781499094,0.042009446781499094
DUISBURG-MEIDERICH SCHLEUSE UW,2026-06-30 17:56:00+00:00,18.25,18.32478911596534,18.322543643754504,-0.002245472210838705,5,-0.0725436437545035,0.0725436437545035
DUISBURG-MEIDERICH SCHLEUSE OW,2026-06-30 17:57:00+00:00,25.01,25.053197608167974,25.0520094467815,-0.0011881613864735262,5,-0.042009446781499094,0.042009446781499094
DUISBURG-MEIDERICH SCHLEUSE UW,2026-06-30 17:57:00+00:00,18.25,18.32478911596534,18.322543643754504,-0.002245472210838705,5,-0.0725436437545035,0.0725436437545035
DUISBURG-MEIDERICH SCHLEUSE OW,2026-06-30 17:58:00+00:00,25.01,25.053197608167974,25.0520094467815,-0.0011881613864735262,5,-0.042009446781499094,0.042009446781499094
DUISBURG-MEIDERICH SCHLEUSE UW,2026-06-30 17:58:00+00:00,18.25,18.32478911596534,18.322543643754504,-0.002245472210838705,5,-0.0725436437545035,0.0725436437545035
DUISBURG-MEIDERICH SCHLEUSE OW,2026-06-30 17:59:00+00:00,25.01,25.053197608167974,25.0520094467815,-0.0011881613864735262,5,-0.042009446781499094,0.042009446781499094
DUISBURG-MEIDERICH SCHLEUSE UW,2026-06-30 17:59:00+00:00,18.25,18.32478911596534,18.322543643754504,-0.002245472210838705,5,-0.0725436437545035,0.0725436437545035
Basel-Rheinhalle,2026-06-30 18:00:00+00:00,528.0,514.4061048357526,514.2590771378573,-0.14702769789523137,5,13.740922862142725,13.740922862142725
DUISBURG-MEIDERICH SCHLEUSE OW,2026-06-30 18:00:00+00:00,25.01,24.415566019584986,24.385006884940882,-0.0305591346441033,5,0.6249931150591195,0.6249931150591195
DUISBURG-MEIDERICH SCHLEUSE UW,2026-06-30 18:00:00+00:00,18.25,17.687157527382354,17.655541081913885,-0.03161644546846846,5,0.5944589180861151,0.5944589180861151
DUISBURG-MEIDERICH SCHLEUSE OW,2026-06-30 18:01:00+00:00,25.01,24.482801629890666,24.471760973705933,-0.011040656184731079,5,0.5382390262940682,0.5382390262940682
DUISBURG-MEIDERICH SCHLEUSE UW,2026-06-30 18:01:00+00:00,18.25,17.754393137688034,17.742295170678936,-0.012097967009096258,5,0.5077048293210638,0.5077048293210638
DUISBURG-MEIDERICH SCHLEUSE OW,2026-06-30 18:02:00+00:00,25.01,24.482801629890666,24.471760973705933,-0.011040656184731079,5,0.5382390262940682,0.5382390262940682
DUISBURG-MEIDERICH SCHLEUSE UW,2026-06-30 18:02:00+00:00,18.25,17.754393137688034,17.742295170678936,-0.012097967009096258,5,0.5077048293210638,0.5077048293210638
DUISBURG-MEIDERICH SCHLEUSE OW,2026-06-30 18:03:00+00:00,25.01,24.408899428762126,24.378340294118022,-0.0305591346441033,5,0.6316597058819795,0.6316597058819795
DUISBURG-MEIDERICH SCHLEUSE UW,2026-06-30 18:03:00+00:00,18.25,17.680490936559494,17.648874491091025,-0.03161644546846846,5,0.6011255089089751,0.6011255089089751
DUISBURG-MEIDERICH SCHLEUSE OW,2026-06-30 18:04:00+00:00,25.01,24.408899428762126,24.378340294118022,-0.0305591346441033,5,0.6316597058819795,0.6316597058819795
DUISBURG-MEIDERICH SCHLEUSE UW,2026-06-30 18:04:00+00:00,18.25,17.680490936559494,17.648874491091025,-0.03161644546846846,5,0.6011255089089751,0.6011255089089751
Basel-Rheinhalle,2026-06-30 18:05:00+00:00,528.0,514.1614134142773,513.9662437365114,-0.19516967776587668,5,14.033756263488613,14.033756263488613
DUISBURG-MEIDERICH SCHLEUSE OW,2026-06-30 18:05:00+00:00,25.01,24.408899428762126,24.378340294118022,-0.0305591346441033,5,0.6316597058819795,0.6316597058819795
DUISBURG-MEIDERICH SCHLEUSE UW,2026-06-30 18:05:00+00:00,18.25,17.680490936559494,17.648874491091025,-0.03161644546846846,5,0.6011255089089751,0.6011255089089751
DUISBURG-MEIDERICH SCHLEUSE OW,2026-06-30 18:06:00+00:00,25.01,24.408899428762126,24.378340294118022,-0.0305591346441033,5,0.6316597058819795,0.6316597058819795
DUISBURG-MEIDERICH SCHLEUSE UW,2026-06-30 18:06:00+00:00,18.25,17.680490936559494,17.648874491091025,-0.03161644546846846,5,0.6011255089089751,0.6011255089089751
DUISBURG-MEIDERICH SCHLEUSE OW,2026-06-30 18:07:00+00:00,25.01,24.408899428762126,24.378340294118022,-0.0305591346441033,5,0.6316597058819795,0.6316597058819795
DUISBURG-MEIDERICH SCHLEUSE UW,2026-06-30 18:07:00+00:00,18.25,17.680490936559494,17.648874491091025,-0.03161644546846846,5,0.6011255089089751,0.6011255089089751
DUISBURG-MEIDERICH SCHLEUSE OW,2026-06-30 18:08:00+00:00,25.01,24.408899428762126,24.378340294118022,-0.0305591346441033,5,0.6316597058819795,0.6316597058819795
DUISBURG-MEIDERICH SCHLEUSE UW,2026-06-30 18:08:00+00:00,18.25,17.680490936559494,17.648874491091025,-0.03161644546846846,5,0.6011255089089751,0.6011255089089751
DUISBURG-MEIDERICH SCHLEUSE OW,2026-06-30 18:09:00+00:00,25.01,24.408899428762126,24.378340294118022,-0.0305591346441033,5,0.6316597058819795,0.6316597058819795
DUISBURG-MEIDERICH SCHLEUSE UW,2026-06-30 18:09:00+00:00,18.25,17.680490936559494,17.648874491091025,-0.03161644546846846,5,0.6011255089089751,0.6011255089089751
Basel-Rheinhalle,2026-06-30 18:10:00+00:00,528.0,514.2631059733421,514.1215838011475,-0.1415221721946392,5,13.878416198852506,13.878416198852506
DUISBURG-MEIDERICH SCHLEUSE OW,2026-06-30 18:10:00+00:00,25.01,24.408899428762126,24.378340294118022,-0.0305591346441033,5,0.6316597058819795,0.6316597058819795
DUISBURG-MEIDERICH SCHLEUSE UW,2026-06-30 18:10:00+00:00,18.24,17.680490936559494,17.648874491091025,-0.03161644546846846,5,0.5911255089089735,0.5911255089089735
DUISBURG-MEIDERICH SCHLEUSE OW,2026-06-30 18:11:00+00:00,25.01,24.408899428762126,24.378340294118022,-0.0305591346441033,5,0.6316597058819795,0.6316597058819795
DUISBURG-MEIDERICH SCHLEUSE UW,2026-06-30 18:11:00+00:00,18.24,17.680490936559494,17.648874491091025,-0.03161644546846846,5,0.5911255089089735,0.5911255089089735
DUISBURG-MEIDERICH SCHLEUSE OW,2026-06-30 18:12:00+00:00,25.01,24.408899428762126,24.378340294118022,-0.0305591346441033,5,0.6316597058819795,0.6316597058819795
DUISBURG-MEIDERICH SCHLEUSE UW,2026-06-30 18:12:00+00:00,18.24,17.680490936559494,17.648874491091025,-0.03161644546846846,5,0.5911255089089735,0.5911255089089735
DUISBURG-MEIDERICH SCHLEUSE OW,2026-06-30 18:13:00+00:00,25.01,24.408899428762126,24.378340294118022,-0.0305591346441033,5,0.6316597058819795,0.6316597058819795
DUISBURG-MEIDERICH SCHLEUSE UW,2026-06-30 18:13:00+00:00,18.24,17.680490936559494,17.648874491091025,-0.03161644546846846,5,0.5911255089089735,0.5911255089089735
DUISBURG-MEIDERICH SCHLEUSE OW,2026-06-30 18:14:00+00:00,25.01,24.408899428762126,24.378340294118022,-0.0305591346441033,5,0.6316597058819795,0.6316597058819795
DUISBURG-MEIDERICH SCHLEUSE UW,2026-06-30 18:14:00+00:00,18.24,17.680490936559494,17.648874491091025,-0.03161644546846846,5,0.5911255089089735,0.5911255089089735
Basel-Rheinhalle,2026-06-30 18:15:00+00:00,528.0,514.2135001745037,514.0717418212909,-0.14175835321281727,5,13.928258178709143,13.928258178709143
DUISBURG-MEIDERICH SCHLEUSE OW,2026-06-30 18:15:00+00:00,25.01,24.408899428762126,24.378340294118022,-0.0305591346441033,5,0.6316597058819795,0.6316597058819795
DUISBURG-MEIDERICH SCHLEUSE UW,2026-06-30 18:15:00+00:00,18.24,17.680490936559494,17.648874491091025,-0.03161644546846846,5,0.5911255089089735,0.5911255089089735
DUISBURG-MEIDERICH SCHLEUSE OW,2026-06-30 18:16:00+00:00,25.01,24.408899428762126,24.378340294118022,-0.0305591346441033,5,0.6316597058819795,0.6316597058819795
DUISBURG-MEIDERICH SCHLEUSE UW,2026-06-30 18:16:00+00:00,18.24,17.680490936559494,17.648874491091025,-0.03161644546846846,5,0.5911255089089735,0.5911255089089735
DUISBURG-MEIDERICH SCHLEUSE OW,2026-06-30 18:17:00+00:00,25.01,24.408899428762126,24.378340294118022,-0.0305591346441033,5,0.6316597058819795,0.6316597058819795
DUISBURG-MEIDERICH SCHLEUSE UW,2026-06-30 18:17:00+00:00,18.24,17.680490936559494,17.648874491091025,-0.03161644546846846,5,0.5911255089089735,0.5911255089089735
DUISBURG-MEIDERICH SCHLEUSE OW,2026-06-30 18:18:00+00:00,25.01,24.408899428762126,24.378340294118022,-0.0305591346441033,5,0.6316597058819795,0.6316597058819795
DUISBURG-MEIDERICH SCHLEUSE UW,2026-06-30 18:18:00+00:00,18.24,17.680490936559494,17.648874491091025,-0.03161644546846846,5,0.5911255089089735,0.5911255089089735
DUISBURG-MEIDERICH SCHLEUSE OW,2026-06-30 18:19:00+00:00,25.01,24.408899428762126,24.378340294118022,-0.0305591346441033,5,0.6316597058819795,0.6316597058819795
DUISBURG-MEIDERICH SCHLEUSE UW,2026-06-30 18:19:00+00:00,18.25,17.680490936559494,17.648874491091025,-0.03161644546846846,5,0.6011255089089751,0.6011255089089751
Basel-Rheinhalle,2026-06-30 18:20:00+00:00,529.0,513.9999176898891,513.8243898805728,-0.17552780931640513,5,15.175610119427233,15.175610119427233
DUISBURG-MEIDERICH SCHLEUSE OW,2026-06-30 18:20:00+00:00,25.01,24.408899428762126,24.378340294118022,-0.0305591346441033,5,0.6316597058819795,0.6316597058819795
DUISBURG-MEIDERICH SCHLEUSE UW,2026-06-30 18:20:00+00:00,18.25,17.680490936559494,17.648874491091025,-0.03161644546846846,5,0.6011255089089751,0.6011255089089751
DUISBURG-MEIDERICH SCHLEUSE OW,2026-06-30 18:21:00+00:00,25.01,24.408899428762126,24.378340294118022,-0.0305591346441033,5,0.6316597058819795,0.6316597058819795
DUISBURG-MEIDERICH SCHLEUSE UW,2026-06-30 18:21:00+00:00,18.25,17.680490936559494,17.648874491091025,-0.03161644546846846,5,0.6011255089089751,0.6011255089089751
DUISBURG-MEIDERICH SCHLEUSE OW,2026-06-30 18:22:00+00:00,25.01,24.408899428762126,24.378340294118022,-0.0305591346441033,5,0.6316597058819795,0.6316597058819795
DUISBURG-MEIDERICH SCHLEUSE UW,2026-06-30 18:22:00+00:00,18.25,17.680490936559494,17.648874491091025,-0.03161644546846846,5,0.6011255089089751,0.6011255089089751
DUISBURG-MEIDERICH SCHLEUSE OW,2026-06-30 18:23:00+00:00,25.01,24.408899428762126,24.378340294118022,-0.0305591346441033,5,0.6316597058819795,0.6316597058819795
DUISBURG-MEIDERICH SCHLEUSE UW,2026-06-30 18:23:00+00:00,18.25,17.680490936559494,17.648874491091025,-0.03161644546846846,5,0.6011255089089751,0.6011255089089751
DUISBURG-MEIDERICH SCHLEUSE OW,2026-06-30 18:24:00+00:00,25.01,24.408899428762126,24.378340294118022,-0.0305591346441033,5,0.6316597058819795,0.6316597058819795
DUISBURG-MEIDERICH SCHLEUSE UW,2026-06-30 18:24:00+00:00,18.25,17.680490936559494,17.648874491091025,-0.03161644546846846,5,0.6011255089089751,0.6011255089089751
Basel-Rheinhalle,2026-06-30 18:25:00+00:00,529.0,514.677432077063,514.5396805626289,-0.1377515144341881,5,14.46031943737114,14.46031943737114
DUISBURG-MEIDERICH SCHLEUSE OW,2026-06-30 18:25:00+00:00,25.01,24.408899428762126,24.378340294118022,-0.0305591346441033,5,0.6316597058819795,0.6316597058819795
DUISBURG-MEIDERICH SCHLEUSE UW,2026-06-30 18:25:00+00:00,18.25,17.680490936559494,17.648874491091025,-0.03161644546846846,5,0.6011255089089751,0.6011255089089751
DUISBURG-MEIDERICH SCHLEUSE OW,2026-06-30 18:26:00+00:00,25.01,24.408899428762126,24.378340294118022,-0.0305591346441033,5,0.6316597058819795,0.6316597058819795
DUISBURG-MEIDERICH SCHLEUSE UW,2026-06-30 18:26:00+00:00,18.25,17.680490936559494,17.648874491091025,-0.03161644546846846,5,0.6011255089089751,0.6011255089089751
DUISBURG-MEIDERICH SCHLEUSE OW,2026-06-30 18:27:00+00:00,25.01,24.408899428762126,24.378340294118022,-0.0305591346441033,5,0.6316597058819795,0.6316597058819795
DUISBURG-MEIDERICH SCHLEUSE UW,2026-06-30 18:27:00+00:00,18.25,17.680490936559494,17.648874491091025,-0.03161644546846846,5,0.6011255089089751,0.6011255089089751
DUISBURG-MEIDERICH SCHLEUSE OW,2026-06-30 18:28:00+00:00,25.01,24.408899428762126,24.378340294118022,-0.0305591346441033,5,0.6316597058819795,0.6316597058819795
DUISBURG-MEIDERICH SCHLEUSE UW,2026-06-30 18:28:00+00:00,18.25,17.680490936559494,17.648874491091025,-0.03161644546846846,5,0.6011255089089751,0.6011255089089751
DUISBURG-MEIDERICH SCHLEUSE OW,2026-06-30 18:29:00+00:00,25.01,24.408899428762126,24.378340294118022,-0.0305591346441033,5,0.6316597058819795,0.6316597058819795
DUISBURG-MEIDERICH SCHLEUSE UW,2026-06-30 18:29:00+00:00,18.25,17.680490936559494,17.648874491091025,-0.03161644546846846,5,0.6011255089089751,0.6011255089089751
Basel-Rheinhalle,2026-06-30 18:30:00+00:00,530.0,514.7966682387934,514.707294885248,-0.08937335354536474,5,15.292705114752039,15.292705114752039
DUISBURG-MEIDERICH SCHLEUSE OW,2026-06-30 18:30:00+00:00,25.01,24.408899428762126,24.378340294118022,-0.0305591346441033,5,0.6316597058819795,0.6316597058819795
DUISBURG-MEIDERICH SCHLEUSE UW,2026-06-30 18:30:00+00:00,18.25,17.680490936559494,17.648874491091025,-0.03161644546846846,5,0.6011255089089751,0.6011255089089751
DUISBURG-MEIDERICH SCHLEUSE OW,2026-06-30 18:31:00+00:00,25.01,24.408899428762126,24.378340294118022,-0.0305591346441033,5,0.6316597058819795,0.6316597058819795
DUISBURG-MEIDERICH SCHLEUSE UW,2026-06-30 18:31:00+00:00,18.25,17.680490936559494,17.648874491091025,-0.03161644546846846,5,0.6011255089089751,0.6011255089089751
DUISBURG-MEIDERICH SCHLEUSE OW,2026-06-30 18:32:00+00:00,25.01,24.408899428762126,24.378340294118022,-0.0305591346441033,5,0.6316597058819795,0.6316597058819795
DUISBURG-MEIDERICH SCHLEUSE UW,2026-06-30 18:32:00+00:00,18.25,17.680490936559494,17.648874491091025,-0.03161644546846846,5,0.6011255089089751,0.6011255089089751
DUISBURG-MEIDERICH SCHLEUSE OW,2026-06-30 18:33:00+00:00,25.02,24.408899428762126,24.378340294118022,-0.0305591346441033,5,0.6416597058819775,0.6416597058819775
DUISBURG-MEIDERICH SCHLEUSE UW,2026-06-30 18:33:00+00:00,18.25,17.680490936559494,17.648874491091025,-0.03161644546846846,5,0.6011255089089751,0.6011255089089751
DUISBURG-MEIDERICH SCHLEUSE OW,2026-06-30 18:34:00+00:00,25.02,24.408899428762126,24.378340294118022,-0.0305591346441033,5,0.6416597058819775,0.6416597058819775
DUISBURG-MEIDERICH SCHLEUSE UW,2026-06-30 18:34:00+00:00,18.25,17.680490936559494,17.648874491091025,-0.03161644546846846,5,0.6011255089089751,0.6011255089089751
Basel-Rheinhalle,2026-06-30 18:35:00+00:00,531.0,514.3108001840155,514.1612715057454,-0.14952867827017377,5,16.83872849425461,16.83872849425461
DUISBURG-MEIDERICH SCHLEUSE OW,2026-06-30 18:35:00+00:00,25.01,24.408899428762126,24.378340294118022,-0.0305591346441033,5,0.6316597058819795,0.6316597058819795
DUISBURG-MEIDERICH SCHLEUSE UW,2026-06-30 18:35:00+00:00,18.25,17.680490936559494,17.648874491091025,-0.03161644546846846,5,0.6011255089089751,0.6011255089089751
DUISBURG-MEIDERICH SCHLEUSE OW,2026-06-30 18:36:00+00:00,25.01,24.408899428762126,24.378340294118022,-0.0305591346441033,5,0.6316597058819795,0.6316597058819795
DUISBURG-MEIDERICH SCHLEUSE UW,2026-06-30 18:36:00+00:00,18.25,17.680490936559494,17.648874491091025,-0.03161644546846846,5,0.6011255089089751,0.6011255089089751
DUISBURG-MEIDERICH SCHLEUSE OW,2026-06-30 18:37:00+00:00,25.01,24.408899428762126,24.378340294118022,-0.0305591346441033,5,0.6316597058819795,0.6316597058819795
DUISBURG-MEIDERICH SCHLEUSE UW,2026-06-30 18:37:00+00:00,18.26,17.680490936559494,17.648874491091025,-0.03161644546846846,5,0.6111255089089767,0.6111255089089767
DUISBURG-MEIDERICH SCHLEUSE OW,2026-06-30 18:38:00+00:00,25.01,24.408899428762126,24.378340294118022,-0.0305591346441033,5,0.6316597058819795,0.6316597058819795
DUISBURG-MEIDERICH SCHLEUSE UW,2026-06-30 18:38:00+00:00,18.26,17.680490936559494,17.648874491091025,-0.03161644546846846,5,0.6111255089089767,0.6111255089089767
DUISBURG-MEIDERICH SCHLEUSE OW,2026-06-30 18:39:00+00:00,25.02,24.408899428762126,24.378340294118022,-0.0305591346441033,5,0.6416597058819775,0.6416597058819775
DUISBURG-MEIDERICH SCHLEUSE UW,2026-06-30 18:39:00+00:00,18.26,17.680490936559494,17.648874491091025,-0.03161644546846846,5,0.6111255089089767,0.6111255089089767
Basel-Rheinhalle,2026-06-30 18:40:00+00:00,531.0,513.8229524926343,513.6989011128303,-0.1240513798039841,5,17.3010988871697,17.3010988871697
DUISBURG-MEIDERICH SCHLEUSE OW,2026-06-30 18:40:00+00:00,25.02,24.408899428762126,24.378340294118022,-0.0305591346441033,5,0.6416597058819775,0.6416597058819775
DUISBURG-MEIDERICH SCHLEUSE UW,2026-06-30 18:40:00+00:00,18.26,17.680490936559494,17.648874491091025,-0.03161644546846846,5,0.6111255089089767,0.6111255089089767
DUISBURG-MEIDERICH SCHLEUSE OW,2026-06-30 18:41:00+00:00,25.02,24.408899428762126,24.378340294118022,-0.0305591346441033,5,0.6416597058819775,0.6416597058819775
DUISBURG-MEIDERICH SCHLEUSE UW,2026-06-30 18:41:00+00:00,18.26,17.680490936559494,17.648874491091025,-0.03161644546846846,5,0.6111255089089767,0.6111255089089767
DUISBURG-MEIDERICH SCHLEUSE OW,2026-06-30 18:42:00+00:00,25.02,24.408899428762126,24.378340294118022,-0.0305591346441033,5,0.6416597058819775,0.6416597058819775
DUISBURG-MEIDERICH SCHLEUSE UW,2026-06-30 18:42:00+00:00,18.26,17.680490936559494,17.648874491091025,-0.03161644546846846,5,0.6111255089089767,0.6111255089089767
DUISBURG-MEIDERICH SCHLEUSE OW,2026-06-30 18:43:00+00:00,25.02,24.408899428762126,24.378340294118022,-0.0305591346441033,5,0.6416597058819775,0.6416597058819775
DUISBURG-MEIDERICH SCHLEUSE UW,2026-06-30 18:43:00+00:00,18.26,17.680490936559494,17.648874491091025,-0.03161644546846846,5,0.6111255089089767,0.6111255089089767
DUISBURG-MEIDERICH SCHLEUSE OW,2026-06-30 18:44:00+00:00,25.02,24.408899428762126,24.378340294118022,-0.0305591346441033,5,0.6416597058819775,0.6416597058819775
DUISBURG-MEIDERICH SCHLEUSE UW,2026-06-30 18:44:00+00:00,18.26,17.680490936559494,17.648874491091025,-0.03161644546846846,5,0.6111255089089767,0.6111255089089767
Basel-Rheinhalle,2026-06-30 18:45:00+00:00,532.0,513.3176380414927,513.1935866616888,-0.1240513798039841,5,18.806413338311245,18.806413338311245
DUISBURG-MEIDERICH SCHLEUSE OW,2026-06-30 18:45:00+00:00,25.02,24.408899428762126,24.378340294118022,-0.0305591346441033,5,0.6416597058819775,0.6416597058819775
DUISBURG-MEIDERICH SCHLEUSE UW,2026-06-30 18:45:00+00:00,18.26,17.680490936559494,17.648874491091025,-0.03161644546846846,5,0.6111255089089767,0.6111255089089767
DUISBURG-MEIDERICH SCHLEUSE OW,2026-06-30 18:46:00+00:00,25.02,24.408899428762126,24.378340294118022,-0.0305591346441033,5,0.6416597058819775,0.6416597058819775
DUISBURG-MEIDERICH SCHLEUSE UW,2026-06-30 18:46:00+00:00,18.26,17.680490936559494,17.648874491091025,-0.03161644546846846,5,0.6111255089089767,0.6111255089089767
DUISBURG-MEIDERICH SCHLEUSE OW,2026-06-30 18:47:00+00:00,25.02,24.408899428762126,24.378340294118022,-0.0305591346441033,5,0.6416597058819775,0.6416597058819775
DUISBURG-MEIDERICH SCHLEUSE UW,2026-06-30 18:47:00+00:00,18.27,17.680490936559494,17.648874491091025,-0.03161644546846846,5,0.6211255089089747,0.6211255089089747
DUISBURG-MEIDERICH SCHLEUSE OW,2026-06-30 18:48:00+00:00,25.02,24.408899428762126,24.378340294118022,-0.0305591346441033,5,0.6416597058819775,0.6416597058819775
DUISBURG-MEIDERICH SCHLEUSE UW,2026-06-30 18:48:00+00:00,18.27,17.680490936559494,17.648874491091025,-0.03161644546846846,5,0.6211255089089747,0.6211255089089747
DUISBURG-MEIDERICH SCHLEUSE OW,2026-06-30 18:49:00+00:00,25.02,24.408899428762126,24.378340294118022,-0.0305591346441033,5,0.6416597058819775,0.6416597058819775
DUISBURG-MEIDERICH SCHLEUSE UW,2026-06-30 18:49:00+00:00,18.27,17.680490936559494,17.648874491091025,-0.03161644546846846,5,0.6211255089089747,0.6211255089089747
Basel-Rheinhalle,2026-06-30 18:50:00+00:00,532.0,512.9410808203957,512.7628072341016,-0.1782735862940916,5,19.237192765898385,19.237192765898385
DUISBURG-MEIDERICH SCHLEUSE OW,2026-06-30 18:50:00+00:00,25.02,24.408899428762126,24.378340294118022,-0.0305591346441033,5,0.6416597058819775,0.6416597058819775
DUISBURG-MEIDERICH SCHLEUSE UW,2026-06-30 18:50:00+00:00,18.26,17.680490936559494,17.648874491091025,-0.03161644546846846,5,0.6111255089089767,0.6111255089089767
DUISBURG-MEIDERICH SCHLEUSE OW,2026-06-30 18:51:00+00:00,25.02,24.408899428762126,24.378340294118022,-0.0305591346441033,5,0.6416597058819775,0.6416597058819775
DUISBURG-MEIDERICH SCHLEUSE UW,2026-06-30 18:51:00+00:00,18.26,17.680490936559494,17.648874491091025,-0.03161644546846846,5,0.6111255089089767,0.6111255089089767
DUISBURG-MEIDERICH SCHLEUSE OW,2026-06-30 18:52:00+00:00,25.02,24.408899428762126,24.378340294118022,-0.0305591346441033,5,0.6416597058819775,0.6416597058819775
DUISBURG-MEIDERICH SCHLEUSE UW,2026-06-30 18:52:00+00:00,18.26,17.680490936559494,17.648874491091025,-0.03161644546846846,5,0.6111255089089767,0.6111255089089767
DUISBURG-MEIDERICH SCHLEUSE OW,2026-06-30 18:53:00+00:00,25.02,24.408899428762126,24.378340294118022,-0.0305591346441033,5,0.6416597058819775,0.6416597058819775
DUISBURG-MEIDERICH SCHLEUSE UW,2026-06-30 18:53:00+00:00,18.26,17.680490936559494,17.648874491091025,-0.03161644546846846,5,0.6111255089089767,0.6111255089089767
DUISBURG-MEIDERICH SCHLEUSE OW,2026-06-30 18:54:00+00:00,25.02,24.408899428762126,24.378340294118022,-0.0305591346441033,5,0.6416597058819775,0.6416597058819775
DUISBURG-MEIDERICH SCHLEUSE UW,2026-06-30 18:54:00+00:00,18.26,17.680490936559494,17.648874491091025,-0.03161644546846846,5,0.6111255089089767,0.6111255089089767
Basel-Rheinhalle,2026-06-30 18:55:00+00:00,532.0,512.8567617840694,512.6301100368864,-0.22665174718291498,5,19.369889963113565,19.369889963113565
DUISBURG-MEIDERICH SCHLEUSE OW,2026-06-30 18:55:00+00:00,25.02,24.408899428762126,24.378340294118022,-0.0305591346441033,5,0.6416597058819775,0.6416597058819775
DUISBURG-MEIDERICH SCHLEUSE UW,2026-06-30 18:55:00+00:00,18.26,17.680490936559494,17.648874491091025,-0.03161644546846846,5,0.6111255089089767,0.6111255089089767
DUISBURG-MEIDERICH SCHLEUSE OW,2026-06-30 18:56:00+00:00,25.02,24.408899428762126,24.378340294118022,-0.0305591346441033,5,0.6416597058819775,0.6416597058819775
DUISBURG-MEIDERICH SCHLEUSE UW,2026-06-30 18:56:00+00:00,18.27,17.680490936559494,17.648874491091025,-0.03161644546846846,5,0.6211255089089747,0.6211255089089747
DUISBURG-MEIDERICH SCHLEUSE OW,2026-06-30 18:57:00+00:00,25.02,24.408899428762126,24.378340294118022,-0.0305591346441033,5,0.6416597058819775,0.6416597058819775
DUISBURG-MEIDERICH SCHLEUSE UW,2026-06-30 18:57:00+00:00,18.27,17.680490936559494,17.648874491091025,-0.03161644546846846,5,0.6211255089089747,0.6211255089089747
DUISBURG-MEIDERICH SCHLEUSE OW,2026-06-30 18:58:00+00:00,25.02,24.546694586051572,24.516135451407468,-0.0305591346441033,5,0.5038645485925315,0.5038645485925315
DUISBURG-MEIDERICH SCHLEUSE UW,2026-06-30 18:58:00+00:00,18.27,17.680490936559494,17.648874491091025,-0.03161644546846846,5,0.6211255089089747,0.6211255089089747
DUISBURG-MEIDERICH SCHLEUSE OW,2026-06-30 18:59:00+00:00,25.02,24.546694586051572,24.516135451407468,-0.0305591346441033,5,0.5038645485925315,0.5038645485925315
DUISBURG-MEIDERICH SCHLEUSE UW,2026-06-30 18:59:00+00:00,18.27,17.680490936559494,17.648874491091025,-0.03161644546846846,5,0.6211255089089747,0.6211255089089747
Basel-Rheinhalle,2026-06-30 19:00:00+00:00,485.0,513.3857665883834,513.1455398203066,-0.2402267680767663,5,-28.145539820306567,28.145539820306567
DUISBURG-MEIDERICH SCHLEUSE OW,2026-06-30 19:00:00+00:00,25.02,24.948230127021112,24.91767099237701,-0.0305591346441033,5,0.10232900762299124,0.10232900762299124
DUISBURG-MEIDERICH SCHLEUSE UW,2026-06-30 19:00:00+00:00,18.27,18.082026477529034,18.050410032060565,-0.03161644546846846,5,0.21958996793943442,0.21958996793943442
DUISBURG-MEIDERICH SCHLEUSE OW,2026-06-30 19:01:00+00:00,25.02,25.015465737326792,25.00442508114206,-0.011040656184731079,5,0.015574918857939934,0.015574918857939934
DUISBURG-MEIDERICH SCHLEUSE UW,2026-06-30 19:01:00+00:00,18.27,18.149262087834714,18.137164120825616,-0.012097967009096258,5,0.1328358791743831,0.1328358791743831
DUISBURG-MEIDERICH SCHLEUSE OW,2026-06-30 19:02:00+00:00,25.02,24.877670580037346,24.866629923852614,-0.011040656184731079,5,0.15337007614738596,0.15337007614738596
DUISBURG-MEIDERICH SCHLEUSE UW,2026-06-30 19:02:00+00:00,18.27,18.149262087834714,18.137164120825616,-0.012097967009096258,5,0.1328358791743831,0.1328358791743831
DUISBURG-MEIDERICH SCHLEUSE OW,2026-06-30 19:03:00+00:00,25.02,24.810434969731666,24.779875835087562,-0.0305591346441033,5,0.24012416491243727,0.24012416491243727
DUISBURG-MEIDERICH SCHLEUSE UW,2026-06-30 19:03:00+00:00,18.27,18.082026477529034,18.050410032060565,-0.03161644546846846,5,0.21958996793943442,0.21958996793943442
DUISBURG-MEIDERICH SCHLEUSE OW,2026-06-30 19:04:00+00:00,25.02,24.948230127021112,24.91767099237701,-0.0305591346441033,5,0.10232900762299124,0.10232900762299124
DUISBURG-MEIDERICH SCHLEUSE UW,2026-06-30 19:04:00+00:00,18.27,18.082026477529034,18.050410032060565,-0.03161644546846846,5,0.21958996793943442,0.21958996793943442
Basel-Rheinhalle,2026-06-30 19:05:00+00:00,483.0,513.369823300238,513.1558318442256,-0.2139914560123568,5,-30.155831844225645,30.155831844225645
DUISBURG-MEIDERICH SCHLEUSE OW,2026-06-30 19:05:00+00:00,25.02,24.948230127021112,24.91767099237701,-0.0305591346441033,5,0.10232900762299124,0.10232900762299124
DUISBURG-MEIDERICH SCHLEUSE UW,2026-06-30 19:05:00+00:00,18.27,18.082026477529034,18.050410032060565,-0.03161644546846846,5,0.21958996793943442,0.21958996793943442
DUISBURG-MEIDERICH SCHLEUSE OW,2026-06-30 19:06:00+00:00,25.02,24.948230127021112,24.91767099237701,-0.0305591346441033,5,0.10232900762299124,0.10232900762299124
DUISBURG-MEIDERICH SCHLEUSE UW,2026-06-30 19:06:00+00:00,18.27,18.082026477529034,18.050410032060565,-0.03161644546846846,5,0.21958996793943442,0.21958996793943442
DUISBURG-MEIDERICH SCHLEUSE OW,2026-06-30 19:07:00+00:00,25.02,24.948230127021112,24.91767099237701,-0.0305591346441033,5,0.10232900762299124,0.10232900762299124
DUISBURG-MEIDERICH SCHLEUSE UW,2026-06-30 19:07:00+00:00,18.26,18.082026477529034,18.050410032060565,-0.03161644546846846,5,0.2095899679394364,0.2095899679394364
DUISBURG-MEIDERICH SCHLEUSE OW,2026-06-30 19:08:00+00:00,25.02,24.948230127021112,24.91767099237701,-0.0305591346441033,5,0.10232900762299124,0.10232900762299124
DUISBURG-MEIDERICH SCHLEUSE UW,2026-06-30 19:08:00+00:00,18.26,18.082026477529034,18.050410032060565,-0.03161644546846846,5,0.2095899679394364,0.2095899679394364
DUISBURG-MEIDERICH SCHLEUSE OW,2026-06-30 19:09:00+00:00,25.02,24.948230127021112,24.91767099237701,-0.0305591346441033,5,0.10232900762299124,0.10232900762299124
DUISBURG-MEIDERICH SCHLEUSE UW,2026-06-30 19:09:00+00:00,18.26,18.082026477529034,18.050410032060565,-0.03161644546846846,5,0.2095899679394364,0.2095899679394364
DUISBURG-MEIDERICH SCHLEUSE OW,2026-06-30 19:10:00+00:00,25.02,24.948230127021112,24.91767099237701,-0.0305591346441033,5,0.10232900762299124,0.10232900762299124
DUISBURG-MEIDERICH SCHLEUSE UW,2026-06-30 19:10:00+00:00,18.26,18.082026477529034,18.050410032060565,-0.03161644546846846,5,0.2095899679394364,0.2095899679394364
DUISBURG-MEIDERICH SCHLEUSE OW,2026-06-30 19:11:00+00:00,25.02,24.948230127021112,24.91767099237701,-0.0305591346441033,5,0.10232900762299124,0.10232900762299124
DUISBURG-MEIDERICH SCHLEUSE UW,2026-06-30 19:11:00+00:00,18.26,18.082026477529034,18.050410032060565,-0.03161644546846846,5,0.2095899679394364,0.2095899679394364
DUISBURG-MEIDERICH SCHLEUSE OW,2026-06-30 19:12:00+00:00,25.01,24.948230127021112,24.91767099237701,-0.0305591346441033,5,0.09232900762299323,0.09232900762299323
DUISBURG-MEIDERICH SCHLEUSE UW,2026-06-30 19:12:00+00:00,18.26,18.082026477529034,18.050410032060565,-0.03161644546846846,5,0.2095899679394364,0.2095899679394364
DUISBURG-MEIDERICH SCHLEUSE OW,2026-06-30 19:13:00+00:00,25.01,24.948230127021112,24.91767099237701,-0.0305591346441033,5,0.09232900762299323,0.09232900762299323
DUISBURG-MEIDERICH SCHLEUSE UW,2026-06-30 19:13:00+00:00,18.26,18.082026477529034,18.050410032060565,-0.03161644546846846,5,0.2095899679394364,0.2095899679394364
DUISBURG-MEIDERICH SCHLEUSE OW,2026-06-30 19:14:00+00:00,25.01,24.948230127021112,24.91767099237701,-0.0305591346441033,5,0.09232900762299323,0.09232900762299323
DUISBURG-MEIDERICH SCHLEUSE UW,2026-06-30 19:14:00+00:00,18.26,18.082026477529034,18.050410032060565,-0.03161644546846846,5,0.2095899679394364,0.2095899679394364
DUISBURG-MEIDERICH SCHLEUSE OW,2026-06-30 19:15:00+00:00,25.01,24.948230127021112,24.91767099237701,-0.0305591346441033,5,0.09232900762299323,0.09232900762299323
DUISBURG-MEIDERICH SCHLEUSE UW,2026-06-30 19:15:00+00:00,18.26,18.082026477529034,18.050410032060565,-0.03161644546846846,5,0.2095899679394364,0.2095899679394364
DUISBURG-MEIDERICH SCHLEUSE OW,2026-06-30 19:16:00+00:00,25.01,24.948230127021112,24.91767099237701,-0.0305591346441033,5,0.09232900762299323,0.09232900762299323
DUISBURG-MEIDERICH SCHLEUSE UW,2026-06-30 19:16:00+00:00,18.26,18.082026477529034,18.050410032060565,-0.03161644546846846,5,0.2095899679394364,0.2095899679394364
DUISBURG-MEIDERICH SCHLEUSE OW,2026-06-30 19:17:00+00:00,25.01,24.948230127021112,24.91767099237701,-0.0305591346441033,5,0.09232900762299323,0.09232900762299323
DUISBURG-MEIDERICH SCHLEUSE UW,2026-06-30 19:17:00+00:00,18.26,18.082026477529034,18.050410032060565,-0.03161644546846846,5,0.2095899679394364,0.2095899679394364
DUISBURG-MEIDERICH SCHLEUSE OW,2026-06-30 19:18:00+00:00,25.01,24.948230127021112,24.91767099237701,-0.0305591346441033,5,0.09232900762299323,0.09232900762299323
DUISBURG-MEIDERICH SCHLEUSE UW,2026-06-30 19:18:00+00:00,18.26,18.082026477529034,18.050410032060565,-0.03161644546846846,5,0.2095899679394364,0.2095899679394364
DUISBURG-MEIDERICH SCHLEUSE OW,2026-06-30 19:19:00+00:00,25.01,24.948230127021112,24.91767099237701,-0.0305591346441033,5,0.09232900762299323,0.09232900762299323
DUISBURG-MEIDERICH SCHLEUSE UW,2026-06-30 19:19:00+00:00,18.26,18.082026477529034,18.050410032060565,-0.03161644546846846,5,0.2095899679394364,0.2095899679394364
DUISBURG-MEIDERICH SCHLEUSE OW,2026-06-30 19:20:00+00:00,25.01,24.948230127021112,24.91767099237701,-0.0305591346441033,5,0.09232900762299323,0.09232900762299323
DUISBURG-MEIDERICH SCHLEUSE UW,2026-06-30 19:20:00+00:00,18.26,18.082026477529034,18.050410032060565,-0.03161644546846846,5,0.2095899679394364,0.2095899679394364
DUISBURG-MEIDERICH SCHLEUSE OW,2026-06-30 19:21:00+00:00,25.01,24.948230127021112,24.91767099237701,-0.0305591346441033,5,0.09232900762299323,0.09232900762299323
DUISBURG-MEIDERICH SCHLEUSE UW,2026-06-30 19:21:00+00:00,18.26,18.082026477529034,18.050410032060565,-0.03161644546846846,5,0.2095899679394364,0.2095899679394364
DUISBURG-MEIDERICH SCHLEUSE OW,2026-06-30 19:22:00+00:00,25.01,24.948230127021112,24.91767099237701,-0.0305591346441033,5,0.09232900762299323,0.09232900762299323
DUISBURG-MEIDERICH SCHLEUSE UW,2026-06-30 19:22:00+00:00,18.26,18.082026477529034,18.050410032060565,-0.03161644546846846,5,0.2095899679394364,0.2095899679394364
DUISBURG-MEIDERICH SCHLEUSE OW,2026-06-30 19:23:00+00:00,25.01,24.948230127021112,24.91767099237701,-0.0305591346441033,5,0.09232900762299323,0.09232900762299323
DUISBURG-MEIDERICH SCHLEUSE UW,2026-06-30 19:23:00+00:00,18.26,18.082026477529034,18.050410032060565,-0.03161644546846846,5,0.2095899679394364,0.2095899679394364
DUISBURG-MEIDERICH SCHLEUSE OW,2026-06-30 19:24:00+00:00,25.01,24.948230127021112,24.91767099237701,-0.0305591346441033,5,0.09232900762299323,0.09232900762299323
DUISBURG-MEIDERICH SCHLEUSE UW,2026-06-30 19:24:00+00:00,18.26,18.082026477529034,18.050410032060565,-0.03161644546846846,5,0.2095899679394364,0.2095899679394364
DUISBURG-MEIDERICH SCHLEUSE OW,2026-06-30 19:25:00+00:00,25.01,24.948230127021112,24.91767099237701,-0.0305591346441033,5,0.09232900762299323,0.09232900762299323
DUISBURG-MEIDERICH SCHLEUSE UW,2026-06-30 19:25:00+00:00,18.26,18.082026477529034,18.050410032060565,-0.03161644546846846,5,0.2095899679394364,0.2095899679394364
DUISBURG-MEIDERICH SCHLEUSE OW,2026-06-30 19:26:00+00:00,25.01,24.948230127021112,24.91767099237701,-0.0305591346441033,5,0.09232900762299323,0.09232900762299323
DUISBURG-MEIDERICH SCHLEUSE UW,2026-06-30 19:26:00+00:00,18.26,18.082026477529034,18.050410032060565,-0.03161644546846846,5,0.2095899679394364,0.2095899679394364
DUISBURG-MEIDERICH SCHLEUSE OW,2026-06-30 19:27:00+00:00,25.01,24.948230127021112,24.91767099237701,-0.0305591346441033,5,0.09232900762299323,0.09232900762299323
DUISBURG-MEIDERICH SCHLEUSE UW,2026-06-30 19:27:00+00:00,18.26,18.082026477529034,18.050410032060565,-0.03161644546846846,5,0.2095899679394364,0.2095899679394364
DUISBURG-MEIDERICH SCHLEUSE OW,2026-06-30 19:28:00+00:00,25.01,24.948230127021112,24.91767099237701,-0.0305591346441033,5,0.09232900762299323,0.09232900762299323
DUISBURG-MEIDERICH SCHLEUSE UW,2026-06-30 19:28:00+00:00,18.26,18.082026477529034,18.050410032060565,-0.03161644546846846,5,0.2095899679394364,0.2095899679394364
DUISBURG-MEIDERICH SCHLEUSE OW,2026-06-30 19:29:00+00:00,25.01,24.948230127021112,24.91767099237701,-0.0305591346441033,5,0.09232900762299323,0.09232900762299323
DUISBURG-MEIDERICH SCHLEUSE UW,2026-06-30 19:29:00+00:00,18.26,18.082026477529034,18.050410032060565,-0.03161644546846846,5,0.2095899679394364,0.2095899679394364
DUISBURG-MEIDERICH SCHLEUSE OW,2026-06-30 19:30:00+00:00,25.01,24.948230127021112,24.91767099237701,-0.0305591346441033,5,0.09232900762299323,0.09232900762299323
DUISBURG-MEIDERICH SCHLEUSE UW,2026-06-30 19:30:00+00:00,18.26,18.082026477529034,18.050410032060565,-0.03161644546846846,5,0.2095899679394364,0.2095899679394364
DUISBURG-MEIDERICH SCHLEUSE OW,2026-06-30 19:31:00+00:00,25.01,24.948230127021112,24.91767099237701,-0.0305591346441033,5,0.09232900762299323,0.09232900762299323
DUISBURG-MEIDERICH SCHLEUSE UW,2026-06-30 19:31:00+00:00,18.26,18.082026477529034,18.050410032060565,-0.03161644546846846,5,0.2095899679394364,0.2095899679394364
DUISBURG-MEIDERICH SCHLEUSE OW,2026-06-30 19:32:00+00:00,25.01,24.948230127021112,24.91767099237701,-0.0305591346441033,5,0.09232900762299323,0.09232900762299323
DUISBURG-MEIDERICH SCHLEUSE UW,2026-06-30 19:32:00+00:00,18.26,18.082026477529034,18.050410032060565,-0.03161644546846846,5,0.2095899679394364,0.2095899679394364
DUISBURG-MEIDERICH SCHLEUSE OW,2026-06-30 19:33:00+00:00,25.0,24.948230127021112,24.91767099237701,-0.0305591346441033,5,0.08232900762299167,0.08232900762299167
DUISBURG-MEIDERICH SCHLEUSE UW,2026-06-30 19:33:00+00:00,18.26,18.082026477529034,18.050410032060565,-0.03161644546846846,5,0.2095899679394364,0.2095899679394364
DUISBURG-MEIDERICH SCHLEUSE OW,2026-06-30 19:34:00+00:00,25.0,24.948230127021112,24.91767099237701,-0.0305591346441033,5,0.08232900762299167,0.08232900762299167
DUISBURG-MEIDERICH SCHLEUSE UW,2026-06-30 19:34:00+00:00,18.26,18.082026477529034,18.050410032060565,-0.03161644546846846,5,0.2095899679394364,0.2095899679394364
DUISBURG-MEIDERICH SCHLEUSE OW,2026-06-30 19:35:00+00:00,25.0,24.948230127021112,24.91767099237701,-0.0305591346441033,5,0.08232900762299167,0.08232900762299167
DUISBURG-MEIDERICH SCHLEUSE UW,2026-06-30 19:35:00+00:00,18.26,18.082026477529034,18.050410032060565,-0.03161644546846846,5,0.2095899679394364,0.2095899679394364
DUISBURG-MEIDERICH SCHLEUSE OW,2026-06-30 19:36:00+00:00,25.0,24.948230127021112,24.91767099237701,-0.0305591346441033,5,0.08232900762299167,0.08232900762299167
DUISBURG-MEIDERICH SCHLEUSE UW,2026-06-30 19:36:00+00:00,18.26,18.082026477529034,18.050410032060565,-0.03161644546846846,5,0.2095899679394364,0.2095899679394364
DUISBURG-MEIDERICH SCHLEUSE OW,2026-06-30 19:37:00+00:00,25.0,24.948230127021112,24.91767099237701,-0.0305591346441033,5,0.08232900762299167,0.08232900762299167
DUISBURG-MEIDERICH SCHLEUSE UW,2026-06-30 19:37:00+00:00,18.26,18.082026477529034,18.050410032060565,-0.03161644546846846,5,0.2095899679394364,0.2095899679394364
DUISBURG-MEIDERICH SCHLEUSE OW,2026-06-30 19:38:00+00:00,25.0,24.948230127021112,24.91767099237701,-0.0305591346441033,5,0.08232900762299167,0.08232900762299167
DUISBURG-MEIDERICH SCHLEUSE UW,2026-06-30 19:38:00+00:00,18.26,18.082026477529034,18.050410032060565,-0.03161644546846846,5,0.2095899679394364,0.2095899679394364
DUISBURG-MEIDERICH SCHLEUSE OW,2026-06-30 19:39:00+00:00,25.0,24.810434969731666,24.779875835087562,-0.0305591346441033,5,0.2201241649124377,0.2201241649124377
DUISBURG-MEIDERICH SCHLEUSE UW,2026-06-30 19:39:00+00:00,18.26,18.082026477529034,18.050410032060565,-0.03161644546846846,5,0.2095899679394364,0.2095899679394364
DUISBURG-MEIDERICH SCHLEUSE OW,2026-06-30 19:40:00+00:00,25.0,24.810434969731666,24.779875835087562,-0.0305591346441033,5,0.2201241649124377,0.2201241649124377
DUISBURG-MEIDERICH SCHLEUSE UW,2026-06-30 19:40:00+00:00,18.26,18.082026477529034,18.050410032060565,-0.03161644546846846,5,0.2095899679394364,0.2095899679394364
DUISBURG-MEIDERICH SCHLEUSE OW,2026-06-30 19:41:00+00:00,25.0,24.810434969731666,24.779875835087562,-0.0305591346441033,5,0.2201241649124377,0.2201241649124377
DUISBURG-MEIDERICH SCHLEUSE UW,2026-06-30 19:41:00+00:00,18.26,18.082026477529034,18.050410032060565,-0.03161644546846846,5,0.2095899679394364,0.2095899679394364
DUISBURG-MEIDERICH SCHLEUSE OW,2026-06-30 19:42:00+00:00,25.0,24.810434969731666,24.779875835087562,-0.0305591346441033,5,0.2201241649124377,0.2201241649124377
DUISBURG-MEIDERICH SCHLEUSE UW,2026-06-30 19:42:00+00:00,18.26,18.082026477529034,18.050410032060565,-0.03161644546846846,5,0.2095899679394364,0.2095899679394364
DUISBURG-MEIDERICH SCHLEUSE OW,2026-06-30 19:43:00+00:00,25.0,24.810434969731666,24.779875835087562,-0.0305591346441033,5,0.2201241649124377,0.2201241649124377
DUISBURG-MEIDERICH SCHLEUSE UW,2026-06-30 19:43:00+00:00,18.26,18.082026477529034,18.050410032060565,-0.03161644546846846,5,0.2095899679394364,0.2095899679394364
DUISBURG-MEIDERICH SCHLEUSE OW,2026-06-30 19:44:00+00:00,25.0,24.810434969731666,24.779875835087562,-0.0305591346441033,5,0.2201241649124377,0.2201241649124377
DUISBURG-MEIDERICH SCHLEUSE UW,2026-06-30 19:44:00+00:00,18.26,18.082026477529034,18.050410032060565,-0.03161644546846846,5,0.2095899679394364,0.2095899679394364
DUISBURG-MEIDERICH SCHLEUSE OW,2026-06-30 19:45:00+00:00,25.0,24.810434969731666,24.779875835087562,-0.0305591346441033,5,0.2201241649124377,0.2201241649124377
DUISBURG-MEIDERICH SCHLEUSE UW,2026-06-30 19:45:00+00:00,18.26,18.082026477529034,18.050410032060565,-0.03161644546846846,5,0.2095899679394364,0.2095899679394364
DUISBURG-MEIDERICH SCHLEUSE OW,2026-06-30 19:46:00+00:00,24.99,24.810434969731666,24.779875835087562,-0.0305591346441033,5,0.21012416491243613,0.21012416491243613
DUISBURG-MEIDERICH SCHLEUSE UW,2026-06-30 19:46:00+00:00,18.26,18.082026477529034,18.050410032060565,-0.03161644546846846,5,0.2095899679394364,0.2095899679394364
DUISBURG-MEIDERICH SCHLEUSE OW,2026-06-30 19:47:00+00:00,24.99,24.810434969731666,24.779875835087562,-0.0305591346441033,5,0.21012416491243613,0.21012416491243613
DUISBURG-MEIDERICH SCHLEUSE UW,2026-06-30 19:47:00+00:00,18.26,18.082026477529034,18.050410032060565,-0.03161644546846846,5,0.2095899679394364,0.2095899679394364
DUISBURG-MEIDERICH SCHLEUSE OW,2026-06-30 19:48:00+00:00,24.99,24.810434969731666,24.779875835087562,-0.0305591346441033,5,0.21012416491243613,0.21012416491243613
DUISBURG-MEIDERICH SCHLEUSE UW,2026-06-30 19:48:00+00:00,18.26,18.082026477529034,18.050410032060565,-0.03161644546846846,5,0.2095899679394364,0.2095899679394364
DUISBURG-MEIDERICH SCHLEUSE OW,2026-06-30 19:49:00+00:00,24.99,24.810434969731666,24.779875835087562,-0.0305591346441033,5,0.21012416491243613,0.21012416491243613
DUISBURG-MEIDERICH SCHLEUSE UW,2026-06-30 19:49:00+00:00,18.26,18.082026477529034,18.050410032060565,-0.03161644546846846,5,0.2095899679394364,0.2095899679394364
DUISBURG-MEIDERICH SCHLEUSE OW,2026-06-30 19:50:00+00:00,24.99,24.810434969731666,24.779875835087562,-0.0305591346441033,5,0.21012416491243613,0.21012416491243613
DUISBURG-MEIDERICH SCHLEUSE UW,2026-06-30 19:50:00+00:00,18.26,18.082026477529034,18.050410032060565,-0.03161644546846846,5,0.2095899679394364,0.2095899679394364
DUISBURG-MEIDERICH SCHLEUSE OW,2026-06-30 19:51:00+00:00,24.99,24.810434969731666,24.779875835087562,-0.0305591346441033,5,0.21012416491243613,0.21012416491243613
DUISBURG-MEIDERICH SCHLEUSE UW,2026-06-30 19:51:00+00:00,18.26,18.082026477529034,18.050410032060565,-0.03161644546846846,5,0.2095899679394364,0.2095899679394364
DUISBURG-MEIDERICH SCHLEUSE OW,2026-06-30 19:52:00+00:00,24.99,24.810434969731666,24.779875835087562,-0.0305591346441033,5,0.21012416491243613,0.21012416491243613
DUISBURG-MEIDERICH SCHLEUSE UW,2026-06-30 19:52:00+00:00,18.26,18.082026477529034,18.050410032060565,-0.03161644546846846,5,0.2095899679394364,0.2095899679394364
DUISBURG-MEIDERICH SCHLEUSE OW,2026-06-30 19:53:00+00:00,24.99,24.810434969731666,24.779875835087562,-0.0305591346441033,5,0.21012416491243613,0.21012416491243613
DUISBURG-MEIDERICH SCHLEUSE UW,2026-06-30 19:53:00+00:00,18.26,18.082026477529034,18.050410032060565,-0.03161644546846846,5,0.2095899679394364,0.2095899679394364
DUISBURG-MEIDERICH SCHLEUSE OW,2026-06-30 19:54:00+00:00,24.99,24.810434969731666,24.779875835087562,-0.0305591346441033,5,0.21012416491243613,0.21012416491243613
DUISBURG-MEIDERICH SCHLEUSE UW,2026-06-30 19:54:00+00:00,18.26,18.082026477529034,18.050410032060565,-0.03161644546846846,5,0.2095899679394364,0.2095899679394364
DUISBURG-MEIDERICH SCHLEUSE OW,2026-06-30 19:55:00+00:00,24.99,24.810434969731666,24.779875835087562,-0.0305591346441033,5,0.21012416491243613,0.21012416491243613
DUISBURG-MEIDERICH SCHLEUSE UW,2026-06-30 19:55:00+00:00,18.26,18.082026477529034,18.050410032060565,-0.03161644546846846,5,0.2095899679394364,0.2095899679394364
DUISBURG-MEIDERICH SCHLEUSE OW,2026-06-30 19:56:00+00:00,24.99,24.810434969731666,24.779875835087562,-0.0305591346441033,5,0.21012416491243613,0.21012416491243613
DUISBURG-MEIDERICH SCHLEUSE UW,2026-06-30 19:56:00+00:00,18.26,18.082026477529034,18.050410032060565,-0.03161644546846846,5,0.2095899679394364,0.2095899679394364
DUISBURG-MEIDERICH SCHLEUSE OW,2026-06-30 19:57:00+00:00,24.99,24.810434969731666,24.779875835087562,-0.0305591346441033,5,0.21012416491243613,0.21012416491243613
DUISBURG-MEIDERICH SCHLEUSE UW,2026-06-30 19:57:00+00:00,18.26,18.082026477529034,18.050410032060565,-0.03161644546846846,5,0.2095899679394364,0.2095899679394364
DUISBURG-MEIDERICH SCHLEUSE OW,2026-06-30 19:58:00+00:00,24.98,24.810434969731666,24.779875835087562,-0.0305591346441033,5,0.20012416491243812,0.20012416491243812
DUISBURG-MEIDERICH SCHLEUSE UW,2026-06-30 19:58:00+00:00,18.26,18.082026477529034,18.050410032060565,-0.03161644546846846,5,0.2095899679394364,0.2095899679394364
DUISBURG-MEIDERICH SCHLEUSE OW,2026-06-30 19:59:00+00:00,24.98,24.810434969731666,24.779875835087562,-0.0305591346441033,5,0.20012416491243812,0.20012416491243812
DUISBURG-MEIDERICH SCHLEUSE UW,2026-06-30 19:59:00+00:00,18.26,18.082026477529034,18.050410032060565,-0.03161644546846846,5,0.2095899679394364,0.2095899679394364
DUISBURG-MEIDERICH SCHLEUSE OW,2026-06-30 20:00:00+00:00,24.98,24.806250573639247,24.775691438995143,-0.0305591346441033,5,0.20430856100485784,0.20430856100485784
DUISBURG-MEIDERICH SCHLEUSE UW,2026-06-30 20:00:00+00:00,18.26,18.077842081436614,18.046225635968145,-0.03161644546846846,5,0.21377436403185612,0.21377436403185612
DUISBURG-MEIDERICH SCHLEUSE OW,2026-06-30 20:01:00+00:00,24.98,25.121628751356038,25.128077577144552,0.006448825788515188,5,-0.1480775771445515,0.1480775771445515
DUISBURG-MEIDERICH SCHLEUSE UW,2026-06-30 20:01:00+00:00,18.26,18.393220259153406,18.398611774117555,0.005391514964150009,5,-0.1386117741175532,0.1386117741175532
DUISBURG-MEIDERICH SCHLEUSE OW,2026-06-30 20:02:00+00:00,24.98,25.18129653123842,25.159365824905795,-0.02193070633262454,5,-0.1793658249057941,0.1793658249057941
DUISBURG-MEIDERICH SCHLEUSE UW,2026-06-30 20:02:00+00:00,18.26,18.452888039035788,18.458279553999937,0.005391514964150009,5,-0.19827955399993513,0.19827955399993513
DUISBURG-MEIDERICH SCHLEUSE OW,2026-06-30 20:03:00+00:00,24.98,24.794925634264345,24.76436649962024,-0.0305591346441033,5,0.21563350037975937,0.21563350037975937
DUISBURG-MEIDERICH SCHLEUSE UW,2026-06-30 20:03:00+00:00,18.26,18.06546998397789,18.033853538509423,-0.03161644546846846,5,0.22614646149057904,0.22614646149057904
DUISBURG-MEIDERICH SCHLEUSE OW,2026-06-30 20:04:00+00:00,24.98,24.794925634264345,24.76436649962024,-0.0305591346441033,5,0.21563350037975937,0.21563350037975937
DUISBURG-MEIDERICH SCHLEUSE UW,2026-06-30 20:04:00+00:00,18.26,18.06546998397789,18.033853538509423,-0.03161644546846846,5,0.22614646149057904,0.22614646149057904
DUISBURG-MEIDERICH SCHLEUSE OW,2026-06-30 20:05:00+00:00,24.98,24.644368443271137,24.613809308627033,-0.0305591346441033,5,0.36619069137296734,0.36619069137296734
DUISBURG-MEIDERICH SCHLEUSE UW,2026-06-30 20:05:00+00:00,18.26,17.914912792984683,17.883296347516215,-0.03161644546846846,5,0.376703652483787,0.376703652483787
DUISBURG-MEIDERICH SCHLEUSE OW,2026-06-30 20:06:00+00:00,24.98,24.638870136334855,24.60831100169075,-0.0305591346441033,5,0.3716889983092493,0.3716889983092493
DUISBURG-MEIDERICH SCHLEUSE UW,2026-06-30 20:06:00+00:00,18.26,17.89295777730047,17.861341331832,-0.03161644546846846,5,0.3986586681680002,0.3986586681680002
DUISBURG-MEIDERICH SCHLEUSE OW,2026-06-30 20:07:00+00:00,24.98,24.638870136334855,24.60831100169075,-0.0305591346441033,5,0.3716889983092493,0.3716889983092493
DUISBURG-MEIDERICH SCHLEUSE UW,2026-06-30 20:07:00+00:00,18.26,17.89295777730047,17.861341331832,-0.03161644546846846,5,0.3986586681680002,0.3986586681680002
DUISBURG-MEIDERICH SCHLEUSE OW,2026-06-30 20:08:00+00:00,24.98,24.638870136334855,24.60831100169075,-0.0305591346441033,5,0.3716889983092493,0.3716889983092493
DUISBURG-MEIDERICH SCHLEUSE UW,2026-06-30 20:08:00+00:00,18.26,17.89295777730047,17.861341331832,-0.03161644546846846,5,0.3986586681680002,0.3986586681680002
DUISBURG-MEIDERICH SCHLEUSE OW,2026-06-30 20:09:00+00:00,24.98,25.393261667738898,25.334323000973654,-0.05893866676524302,5,-0.354323000973654,0.354323000973654
DUISBURG-MEIDERICH SCHLEUSE UW,2026-06-30 20:09:00+00:00,18.26,18.647349308704513,18.615732863236044,-0.03161644546846846,5,-0.35573286323604236,0.35573286323604236
DUISBURG-MEIDERICH SCHLEUSE OW,2026-06-30 20:10:00+00:00,24.98,25.393261667738898,25.334323000973654,-0.05893866676524302,5,-0.354323000973654,0.354323000973654
DUISBURG-MEIDERICH SCHLEUSE UW,2026-06-30 20:10:00+00:00,18.26,18.647349308704513,18.615732863236044,-0.03161644546846846,5,-0.35573286323604236,0.35573286323604236
DUISBURG-MEIDERICH SCHLEUSE OW,2026-06-30 20:11:00+00:00,24.98,25.393261667738898,25.334323000973654,-0.05893866676524302,5,-0.354323000973654,0.354323000973654
DUISBURG-MEIDERICH SCHLEUSE UW,2026-06-30 20:11:00+00:00,18.26,18.647349308704513,18.615732863236044,-0.03161644546846846,5,-0.35573286323604236,0.35573286323604236
DUISBURG-MEIDERICH SCHLEUSE OW,2026-06-30 20:12:00+00:00,24.98,25.393261667738898,25.334323000973654,-0.05893866676524302,5,-0.354323000973654,0.354323000973654
DUISBURG-MEIDERICH SCHLEUSE UW,2026-06-30 20:12:00+00:00,18.26,18.647349308704513,18.615732863236044,-0.03161644546846846,5,-0.35573286323604236,0.35573286323604236
DUISBURG-MEIDERICH SCHLEUSE OW,2026-06-30 20:13:00+00:00,24.97,25.383331270765535,25.32439260400029,-0.05893866676524302,5,-0.35439260400029227,0.35439260400029227
DUISBURG-MEIDERICH SCHLEUSE UW,2026-06-30 20:13:00+00:00,18.26,18.647349308704513,18.615732863236044,-0.03161644546846846,5,-0.35573286323604236,0.35573286323604236
DUISBURG-MEIDERICH SCHLEUSE OW,2026-06-30 20:14:00+00:00,24.97,25.383331270765535,25.32439260400029,-0.05893866676524302,5,-0.35439260400029227,0.35439260400029227
DUISBURG-MEIDERICH SCHLEUSE UW,2026-06-30 20:14:00+00:00,18.26,18.647349308704513,18.615732863236044,-0.03161644546846846,5,-0.35573286323604236,0.35573286323604236
DUISBURG-MEIDERICH SCHLEUSE OW,2026-06-30 20:15:00+00:00,24.97,25.383331270765535,25.32439260400029,-0.05893866676524302,5,-0.35439260400029227,0.35439260400029227
DUISBURG-MEIDERICH SCHLEUSE UW,2026-06-30 20:15:00+00:00,18.26,18.647349308704513,18.615732863236044,-0.03161644546846846,5,-0.35573286323604236,0.35573286323604236
DUISBURG-MEIDERICH SCHLEUSE OW,2026-06-30 20:16:00+00:00,24.97,25.383331270765535,25.32439260400029,-0.05893866676524302,5,-0.35439260400029227,0.35439260400029227
DUISBURG-MEIDERICH SCHLEUSE UW,2026-06-30 20:16:00+00:00,18.26,18.647349308704513,18.615732863236044,-0.03161644546846846,5,-0.35573286323604236,0.35573286323604236
DUISBURG-MEIDERICH SCHLEUSE OW,2026-06-30 20:17:00+00:00,24.97,25.383331270765535,25.32439260400029,-0.05893866676524302,5,-0.35439260400029227,0.35439260400029227
DUISBURG-MEIDERICH SCHLEUSE UW,2026-06-30 20:17:00+00:00,18.26,18.647349308704513,18.615732863236044,-0.03161644546846846,5,-0.35573286323604236,0.35573286323604236
DUISBURG-MEIDERICH SCHLEUSE OW,2026-06-30 20:18:00+00:00,24.97,25.383331270765535,25.32439260400029,-0.05893866676524302,5,-0.35439260400029227,0.35439260400029227
DUISBURG-MEIDERICH SCHLEUSE UW,2026-06-30 20:18:00+00:00,18.26,18.647349308704513,18.615732863236044,-0.03161644546846846,5,-0.35573286323604236,0.35573286323604236
DUISBURG-MEIDERICH SCHLEUSE OW,2026-06-30 20:19:00+00:00,24.97,25.383331270765535,25.32439260400029,-0.05893866676524302,5,-0.35439260400029227,0.35439260400029227
DUISBURG-MEIDERICH SCHLEUSE UW,2026-06-30 20:19:00+00:00,18.26,18.647349308704513,18.615732863236044,-0.03161644546846846,5,-0.35573286323604236,0.35573286323604236
DUISBURG-MEIDERICH SCHLEUSE OW,2026-06-30 20:20:00+00:00,24.97,25.383331270765535,25.32439260400029,-0.05893866676524302,5,-0.35439260400029227,0.35439260400029227
DUISBURG-MEIDERICH SCHLEUSE UW,2026-06-30 20:20:00+00:00,18.26,18.647349308704513,18.615732863236044,-0.03161644546846846,5,-0.35573286323604236,0.35573286323604236
DUISBURG-MEIDERICH SCHLEUSE OW,2026-06-30 20:21:00+00:00,24.97,25.383331270765535,25.32439260400029,-0.05893866676524302,5,-0.35439260400029227,0.35439260400029227
DUISBURG-MEIDERICH SCHLEUSE UW,2026-06-30 20:21:00+00:00,18.26,18.647349308704513,18.615732863236044,-0.03161644546846846,5,-0.35573286323604236,0.35573286323604236
DUISBURG-MEIDERICH SCHLEUSE OW,2026-06-30 20:22:00+00:00,24.97,25.383331270765535,25.32439260400029,-0.05893866676524302,5,-0.35439260400029227,0.35439260400029227
DUISBURG-MEIDERICH SCHLEUSE UW,2026-06-30 20:22:00+00:00,18.26,18.647349308704513,18.615732863236044,-0.03161644546846846,5,-0.35573286323604236,0.35573286323604236
DUISBURG-MEIDERICH SCHLEUSE OW,2026-06-30 20:23:00+00:00,24.97,25.377941296423263,25.31900262965802,-0.05893866676524302,5,-0.3490026296580204,0.3490026296580204
DUISBURG-MEIDERICH SCHLEUSE UW,2026-06-30 20:23:00+00:00,18.26,18.647349308704513,18.615732863236044,-0.03161644546846846,5,-0.35573286323604236,0.35573286323604236
DUISBURG-MEIDERICH SCHLEUSE OW,2026-06-30 20:24:00+00:00,24.97,25.377941296423263,25.31900262965802,-0.05893866676524302,5,-0.3490026296580204,0.3490026296580204
DUISBURG-MEIDERICH SCHLEUSE UW,2026-06-30 20:24:00+00:00,18.25,18.647349308704513,18.615732863236044,-0.03161644546846846,5,-0.3657328632360439,0.3657328632360439
DUISBURG-MEIDERICH SCHLEUSE OW,2026-06-30 20:25:00+00:00,24.97,25.37532974509484,25.3163910783296,-0.05893866676524302,5,-0.34639107832959937,0.34639107832959937
DUISBURG-MEIDERICH SCHLEUSE UW,2026-06-30 20:25:00+00:00,18.25,18.647349308704513,18.615732863236044,-0.03161644546846846,5,-0.3657328632360439,0.3657328632360439
DUISBURG-MEIDERICH SCHLEUSE OW,2026-06-30 20:26:00+00:00,24.97,25.37532974509484,25.3163910783296,-0.05893866676524302,5,-0.34639107832959937,0.34639107832959937
DUISBURG-MEIDERICH SCHLEUSE UW,2026-06-30 20:26:00+00:00,18.26,18.647349308704513,18.615732863236044,-0.03161644546846846,5,-0.35573286323604236,0.35573286323604236
DUISBURG-MEIDERICH SCHLEUSE OW,2026-06-30 20:27:00+00:00,24.97,25.37532974509484,25.3163910783296,-0.05893866676524302,5,-0.34639107832959937,0.34639107832959937
DUISBURG-MEIDERICH SCHLEUSE UW,2026-06-30 20:27:00+00:00,18.26,18.647349308704513,18.615732863236044,-0.03161644546846846,5,-0.35573286323604236,0.35573286323604236
DUISBURG-MEIDERICH SCHLEUSE OW,2026-06-30 20:28:00+00:00,24.96,25.37532974509484,25.3163910783296,-0.05893866676524302,5,-0.3563910783295974,0.3563910783295974
DUISBURG-MEIDERICH SCHLEUSE UW,2026-06-30 20:28:00+00:00,18.25,18.647349308704513,18.615732863236044,-0.03161644546846846,5,-0.3657328632360439,0.3657328632360439
DUISBURG-MEIDERICH SCHLEUSE OW,2026-06-30 20:29:00+00:00,24.96,25.37532974509484,25.3163910783296,-0.05893866676524302,5,-0.3563910783295974,0.3563910783295974
DUISBURG-MEIDERICH SCHLEUSE UW,2026-06-30 20:29:00+00:00,18.25,18.647349308704513,18.615732863236044,-0.03161644546846846,5,-0.3657328632360439,0.3657328632360439
DUISBURG-MEIDERICH SCHLEUSE OW,2026-06-30 20:30:00+00:00,24.96,25.37532974509484,25.3163910783296,-0.05893866676524302,5,-0.3563910783295974,0.3563910783295974
DUISBURG-MEIDERICH SCHLEUSE UW,2026-06-30 20:30:00+00:00,18.25,18.647349308704513,18.615732863236044,-0.03161644546846846,5,-0.3657328632360439,0.3657328632360439
DUISBURG-MEIDERICH SCHLEUSE OW,2026-06-30 20:31:00+00:00,24.96,25.37532974509484,25.3163910783296,-0.05893866676524302,5,-0.3563910783295974,0.3563910783295974
DUISBURG-MEIDERICH SCHLEUSE UW,2026-06-30 20:31:00+00:00,18.25,18.647349308704513,18.615732863236044,-0.03161644546846846,5,-0.3657328632360439,0.3657328632360439
DUISBURG-MEIDERICH SCHLEUSE OW,2026-06-30 20:32:00+00:00,24.96,25.37532974509484,25.3163910783296,-0.05893866676524302,5,-0.3563910783295974,0.3563910783295974
DUISBURG-MEIDERICH SCHLEUSE UW,2026-06-30 20:32:00+00:00,18.25,18.647349308704513,18.615732863236044,-0.03161644546846846,5,-0.3657328632360439,0.3657328632360439
DUISBURG-MEIDERICH SCHLEUSE OW,2026-06-30 20:33:00+00:00,24.96,25.37532974509484,25.3163910783296,-0.05893866676524302,5,-0.3563910783295974,0.3563910783295974
DUISBURG-MEIDERICH SCHLEUSE UW,2026-06-30 20:33:00+00:00,18.25,18.647349308704513,18.615732863236044,-0.03161644546846846,5,-0.3657328632360439,0.3657328632360439
DUISBURG-MEIDERICH SCHLEUSE OW,2026-06-30 20:34:00+00:00,24.96,25.37532974509484,25.3163910783296,-0.05893866676524302,5,-0.3563910783295974,0.3563910783295974
DUISBURG-MEIDERICH SCHLEUSE UW,2026-06-30 20:34:00+00:00,18.25,18.647349308704513,18.615732863236044,-0.03161644546846846,5,-0.3657328632360439,0.3657328632360439
DUISBURG-MEIDERICH SCHLEUSE OW,2026-06-30 20:35:00+00:00,24.96,25.37532974509484,25.3163910783296,-0.05893866676524302,5,-0.3563910783295974,0.3563910783295974
DUISBURG-MEIDERICH SCHLEUSE UW,2026-06-30 20:35:00+00:00,18.26,18.647349308704513,18.615732863236044,-0.03161644546846846,5,-0.35573286323604236,0.35573286323604236
DUISBURG-MEIDERICH SCHLEUSE OW,2026-06-30 20:36:00+00:00,25.02,25.37532974509484,25.3163910783296,-0.05893866676524302,5,-0.29639107832959866,0.29639107832959866
DUISBURG-MEIDERICH SCHLEUSE UW,2026-06-30 20:36:00+00:00,17.59,18.647349308704513,18.615732863236044,-0.03161644546846846,5,-1.025732863236044,1.025732863236044
DUISBURG-MEIDERICH SCHLEUSE OW,2026-06-30 20:37:00+00:00,24.94,25.37532974509484,25.3163910783296,-0.05893866676524302,5,-0.37639107832959695,0.37639107832959695
DUISBURG-MEIDERICH SCHLEUSE UW,2026-06-30 20:37:00+00:00,17.59,18.647349308704513,18.615732863236044,-0.03161644546846846,5,-1.025732863236044,1.025732863236044
