station_name,timestamp_utc,target_value_t_plus_24h,prediction,fold,residual,abs_error
DUISBURG-MEIDERICH SCHLEUSE OW,2026-06-30 00:37:00+00:00,24.99,24.841620598836794,1,0.14837940116320425,0.14837940116320425
DUISBURG-MEIDERICH SCHLEUSE UW,2026-06-30 00:37:00+00:00,18.17,18.191000595716613,1,-0.02100059571661106,0.02100059571661106
DUISBURG-MEIDERICH SCHLEUSE OW,2026-06-30 00:38:00+00:00,24.99,24.841620598836794,1,0.14837940116320425,0.14837940116320425
DUISBURG-MEIDERICH SCHLEUSE UW,2026-06-30 00:38:00+00:00,18.17,18.191000595716613,1,-0.02100059571661106,0.02100059571661106
DUISBURG-MEIDERICH SCHLEUSE OW,2026-06-30 00:39:00+00:00,24.99,24.841620598836794,1,0.14837940116320425,0.14837940116320425
DUISBURG-MEIDERICH SCHLEUSE UW,2026-06-30 00:39:00+00:00,18.17,18.184571903190307,1,-0.01457190319030488,0.01457190319030488
Basel-Rheinhalle,2026-06-30 00:40:00+00:00,517.0,516.5945527515252,1,0.40544724847484304,0.40544724847484304
DUISBURG-MEIDERICH SCHLEUSE OW,2026-06-30 00:40:00+00:00,24.99,24.841620598836794,1,0.14837940116320425,0.14837940116320425
DUISBURG-MEIDERICH SCHLEUSE UW,2026-06-30 00:40:00+00:00,18.17,18.184571903190307,1,-0.01457190319030488,0.01457190319030488
LOBITH,2026-06-30 00:40:00+00:00,704.0,704.6685094989482,1,-0.6685094989481968,0.6685094989481968
DUISBURG-MEIDERICH SCHLEUSE OW,2026-06-30 00:41:00+00:00,24.99,24.841620598836794,1,0.14837940116320425,0.14837940116320425
DUISBURG-MEIDERICH SCHLEUSE UW,2026-06-30 00:41:00+00:00,18.17,18.184571903190307,1,-0.01457190319030488,0.01457190319030488
DUISBURG-MEIDERICH SCHLEUSE OW,2026-06-30 00:42:00+00:00,24.99,24.841620598836794,1,0.14837940116320425,0.14837940116320425
DUISBURG-MEIDERICH SCHLEUSE UW,2026-06-30 00:42:00+00:00,18.17,18.184571903190307,1,-0.01457190319030488,0.01457190319030488
DUISBURG-MEIDERICH SCHLEUSE OW,2026-06-30 00:43:00+00:00,24.99,24.841620598836794,1,0.14837940116320425,0.14837940116320425
DUISBURG-MEIDERICH SCHLEUSE UW,2026-06-30 00:43:00+00:00,18.17,18.184571903190307,1,-0.01457190319030488,0.01457190319030488
DUISBURG-MEIDERICH SCHLEUSE OW,2026-06-30 00:44:00+00:00,24.99,24.841620598836794,1,0.14837940116320425,0.14837940116320425
DUISBURG-MEIDERICH SCHLEUSE UW,2026-06-30 00:44:00+00:00,18.17,18.184571903190307,1,-0.01457190319030488,0.01457190319030488
BINGEN,2026-06-30 00:45:00+00:00,106.0,105.2931632494448,1,0.7068367505551976,0.7068367505551976
BONN,2026-06-30 00:45:00+00:00,140.0,139.99186514491095,1,0.008134855089053872,0.008134855089053872
BREISACH,2026-06-30 00:45:00+00:00,188.0,189.12524868387266,1,-1.1252486838726554,1.1252486838726554
Basel-Rheinhalle,2026-06-30 00:45:00+00:00,519.0,516.0386684481216,1,2.961331551878402,2.961331551878402
DUISBURG-MEIDERICH SCHLEUSE OW,2026-06-30 00:45:00+00:00,24.99,24.841620598836794,1,0.14837940116320425,0.14837940116320425
DUISBURG-MEIDERICH SCHLEUSE UW,2026-06-30 00:45:00+00:00,18.17,18.184571903190307,1,-0.01457190319030488,0.01457190319030488
DUISBURG-RUHRORT,2026-06-30 00:45:00+00:00,215.0,216.3020284347148,1,-1.3020284347147992,1.3020284347147992
DÜSSELDORF,2026-06-30 00:45:00+00:00,81.0,81.57558835636775,1,-0.5755883563677457,0.5755883563677457
EMMERICH,2026-06-30 00:45:00+00:00,53.0,53.71678742621538,1,-0.716787426215383,0.716787426215383
IFFEZHEIM,2026-06-30 00:45:00+00:00,151.0,153.41789242955576,1,-2.4178924295557636,2.4178924295557636
KAUB,2026-06-30 00:45:00+00:00,85.0,84.97365172467744,1,0.026348275322561676,0.026348275322561676
KOBLENZ,2026-06-30 00:45:00+00:00,82.0,79.56314461013855,1,2.4368553898614493,2.4368553898614493
KONSTANZ-RHEIN,2026-06-30 00:45:00+00:00,313.0,313.4117307358621,1,-0.4117307358620792,0.4117307358620792
Koblenz OP,2026-06-30 00:45:00+00:00,201.0,203.81820005564308,1,-2.818200055643075,2.818200055643075
Koblenz UP,2026-06-30 00:45:00+00:00,49.0,48.226887294816194,1,0.7731127051838058,0.7731127051838058
KÖLN,2026-06-30 00:45:00+00:00,133.0,131.82484321450107,1,1.1751567854989275,1.1751567854989275
MAINZ,2026-06-30 00:45:00+00:00,186.0,186.97552374715696,1,-0.9755237471569558,0.9755237471569558
MANNHEIM,2026-06-30 00:45:00+00:00,162.0,161.504273102654,1,0.49572689734600317,0.49572689734600317
MAXAU,2026-06-30 00:45:00+00:00,411.0,410.29606646768224,1,0.7039335323177625,0.7039335323177625
REES,2026-06-30 00:45:00+00:00,96.0,96.93946925281712,1,-0.9394692528171191,0.9394692528171191
RHEINE UNTERSCHLEUSE,2026-06-30 00:45:00+00:00,204.0,208.57514729034594,1,-4.575147290345939,4.575147290345939
RHEINWEILER,2026-06-30 00:45:00+00:00,223.0,223.26722680333324,1,-0.26722680333324433,0.26722680333324433
SANKT GOAR,2026-06-30 00:45:00+00:00,174.0,173.6650208254517,1,0.3349791745482946,0.3349791745482946
SPEYER,2026-06-30 00:45:00+00:00,253.0,252.529907820395,1,0.4700921796049897,0.4700921796049897
WESEL,2026-06-30 00:45:00+00:00,150.0,150.9318798791216,1,-0.9318798791215954,0.9318798791215954
WORMS,2026-06-30 00:45:00+00:00,73.0,72.90642335288986,1,0.09357664711014024,0.09357664711014024
DUISBURG-MEIDERICH SCHLEUSE OW,2026-06-30 00:46:00+00:00,24.99,24.841620598836794,1,0.14837940116320425,0.14837940116320425
DUISBURG-MEIDERICH SCHLEUSE UW,2026-06-30 00:46:00+00:00,18.17,18.184571903190307,1,-0.01457190319030488,0.01457190319030488
DUISBURG-MEIDERICH SCHLEUSE OW,2026-06-30 00:47:00+00:00,24.99,24.841620598836794,1,0.14837940116320425,0.14837940116320425
DUISBURG-MEIDERICH SCHLEUSE UW,2026-06-30 00:47:00+00:00,18.17,18.184571903190307,1,-0.01457190319030488,0.01457190319030488
DUISBURG-MEIDERICH SCHLEUSE OW,2026-06-30 00:48:00+00:00,24.99,24.841620598836794,1,0.14837940116320425,0.14837940116320425
DUISBURG-MEIDERICH SCHLEUSE UW,2026-06-30 00:48:00+00:00,18.17,18.184571903190307,1,-0.01457190319030488,0.01457190319030488
DUISBURG-MEIDERICH SCHLEUSE OW,2026-06-30 00:49:00+00:00,24.99,24.841620598836794,1,0.14837940116320425,0.14837940116320425
DUISBURG-MEIDERICH SCHLEUSE UW,2026-06-30 00:49:00+00:00,18.17,18.184571903190307,1,-0.01457190319030488,0.01457190319030488
Basel-Rheinhalle,2026-06-30 00:50:00+00:00,519.0,515.7898426079875,1,3.2101573920125475,3.2101573920125475
DUISBURG-MEIDERICH SCHLEUSE OW,2026-06-30 00:50:00+00:00,24.99,24.841620598836794,1,0.14837940116320425,0.14837940116320425
DUISBURG-MEIDERICH SCHLEUSE UW,2026-06-30 00:50:00+00:00,18.17,18.184571903190307,1,-0.01457190319030488,0.01457190319030488
LOBITH,2026-06-30 00:50:00+00:00,704.0,704.6685094989482,1,-0.6685094989481968,0.6685094989481968
DUISBURG-MEIDERICH SCHLEUSE OW,2026-06-30 00:51:00+00:00,24.99,24.841620598836794,1,0.14837940116320425,0.14837940116320425
DUISBURG-MEIDERICH SCHLEUSE UW,2026-06-30 00:51:00+00:00,18.17,18.184571903190307,1,-0.01457190319030488,0.01457190319030488
DUISBURG-MEIDERICH SCHLEUSE OW,2026-06-30 00:52:00+00:00,24.99,24.841620598836794,1,0.14837940116320425,0.14837940116320425
DUISBURG-MEIDERICH SCHLEUSE UW,2026-06-30 00:52:00+00:00,18.17,18.184571903190307,1,-0.01457190319030488,0.01457190319030488
DUISBURG-MEIDERICH SCHLEUSE OW,2026-06-30 00:53:00+00:00,24.99,24.854904450584087,1,0.13509554941591162,0.13509554941591162
DUISBURG-MEIDERICH SCHLEUSE UW,2026-06-30 00:53:00+00:00,18.17,18.184571903190307,1,-0.01457190319030488,0.01457190319030488
DUISBURG-MEIDERICH SCHLEUSE OW,2026-06-30 00:54:00+00:00,24.99,24.854904450584087,1,0.13509554941591162,0.13509554941591162
DUISBURG-MEIDERICH SCHLEUSE UW,2026-06-30 00:54:00+00:00,18.17,18.184571903190307,1,-0.01457190319030488,0.01457190319030488
Basel-Rheinhalle,2026-06-30 00:55:00+00:00,522.0,512.3702128896311,1,9.629787110368852,9.629787110368852
DUISBURG-MEIDERICH SCHLEUSE OW,2026-06-30 00:55:00+00:00,24.99,24.854904450584087,1,0.13509554941591162,0.13509554941591162
DUISBURG-MEIDERICH SCHLEUSE UW,2026-06-30 00:55:00+00:00,18.17,18.184571903190307,1,-0.01457190319030488,0.01457190319030488
DUISBURG-MEIDERICH SCHLEUSE OW,2026-06-30 00:56:00+00:00,24.99,24.854904450584087,1,0.13509554941591162,0.13509554941591162
DUISBURG-MEIDERICH SCHLEUSE UW,2026-06-30 00:56:00+00:00,18.17,18.184571903190307,1,-0.01457190319030488,0.01457190319030488
DUISBURG-MEIDERICH SCHLEUSE OW,2026-06-30 00:57:00+00:00,24.99,24.854904450584087,1,0.13509554941591162,0.13509554941591162
DUISBURG-MEIDERICH SCHLEUSE UW,2026-06-30 00:57:00+00:00,18.17,18.184571903190307,1,-0.01457190319030488,0.01457190319030488
DUISBURG-MEIDERICH SCHLEUSE OW,2026-06-30 00:58:00+00:00,24.99,24.854904450584087,1,0.13509554941591162,0.13509554941591162
DUISBURG-MEIDERICH SCHLEUSE UW,2026-06-30 00:58:00+00:00,18.17,18.184571903190307,1,-0.01457190319030488,0.01457190319030488
DUISBURG-MEIDERICH SCHLEUSE OW,2026-06-30 00:59:00+00:00,24.99,24.854904450584087,1,0.13509554941591162,0.13509554941591162
DUISBURG-MEIDERICH SCHLEUSE UW,2026-06-30 00:59:00+00:00,18.17,18.184571903190307,1,-0.01457190319030488,0.01457190319030488
BINGEN,2026-06-30 01:00:00+00:00,106.0,105.41889685538119,1,0.5811031446188082,0.5811031446188082
BONN,2026-06-30 01:00:00+00:00,140.0,139.85098358080128,1,0.14901641919871622,0.14901641919871622
BREISACH,2026-06-30 01:00:00+00:00,185.0,192.27439148005698,1,-7.274391480056977,7.274391480056977
Basel-Rheinhalle,2026-06-30 01:00:00+00:00,522.0,510.15339767745473,1,11.846602322545266,11.846602322545266
DUISBURG-MEIDERICH SCHLEUSE OW,2026-06-30 01:00:00+00:00,24.99,24.705128874838397,1,0.28487112516160096,0.28487112516160096
DUISBURG-MEIDERICH SCHLEUSE UW,2026-06-30 01:00:00+00:00,18.17,18.032151341796016,1,0.1378486582039855,0.1378486582039855
DUISBURG-RUHRORT,2026-06-30 01:00:00+00:00,214.0,212.95833680250138,1,1.0416631974986217,1.0416631974986217
DÜSSELDORF,2026-06-30 01:00:00+00:00,80.0,79.76268211539816,1,0.23731788460183623,0.23731788460183623
EMMERICH,2026-06-30 01:00:00+00:00,53.0,54.0435146744988,1,-1.0435146744988018,1.0435146744988018
IFFEZHEIM,2026-06-30 01:00:00+00:00,149.0,155.89188819043045,1,-6.89188819043045,6.89188819043045
KAUB,2026-06-30 01:00:00+00:00,87.0,84.36443470073137,1,2.6355652992686345,2.6355652992686345
KOBLENZ,2026-06-30 01:00:00+00:00,82.0,81.48778603034886,1,0.5122139696511425,0.5122139696511425
KONSTANZ-RHEIN,2026-06-30 01:00:00+00:00,313.0,313.17064476526735,1,-0.17064476526735461,0.17064476526735461
Koblenz OP,2026-06-30 01:00:00+00:00,201.0,200.28140769953205,1,0.7185923004679466,0.7185923004679466
Koblenz UP,2026-06-30 01:00:00+00:00,49.0,46.95856542514464,1,2.0414345748553586,2.0414345748553586
KÖLN,2026-06-30 01:00:00+00:00,134.0,131.44342791158618,1,2.556572088413816,2.556572088413816
LOBITH,2026-06-30 01:00:00+00:00,704.0,704.5943685288073,1,-0.5943685288073084,0.5943685288073084
MAINZ,2026-06-30 01:00:00+00:00,185.0,186.9170386581037,1,-1.9170386581037064,1.9170386581037064
MANNHEIM,2026-06-30 01:00:00+00:00,163.0,160.7751548843787,1,2.2248451156212923,2.2248451156212923
MAXAU,2026-06-30 01:00:00+00:00,411.0,410.25460318608583,1,0.7453968139141693,0.7453968139141693
REES,2026-06-30 01:00:00+00:00,96.0,97.0449095309854,1,-1.044909530985393,1.044909530985393
RHEINE UNTERSCHLEUSE,2026-06-30 01:00:00+00:00,199.0,205.31041292461035,1,-6.310412924610347,6.310412924610347
RHEINWEILER,2026-06-30 01:00:00+00:00,223.0,224.8528017472793,1,-1.852801747279301,1.852801747279301
SANKT GOAR,2026-06-30 01:00:00+00:00,174.0,171.92475399707553,1,2.075246002924473,2.075246002924473
SPEYER,2026-06-30 01:00:00+00:00,253.0,252.23007401181968,1,0.7699259881803187,0.7699259881803187
WESEL,2026-06-30 01:00:00+00:00,151.0,151.42491970162965,1,-0.42491970162964776,0.42491970162964776
WORMS,2026-06-30 01:00:00+00:00,73.0,73.13348027357819,1,-0.13348027357818637,0.13348027357818637
DUISBURG-MEIDERICH SCHLEUSE OW,2026-06-30 01:01:00+00:00,24.99,24.726123992995575,1,0.2638760070044235,0.2638760070044235
DUISBURG-MEIDERICH SCHLEUSE UW,2026-06-30 01:01:00+00:00,18.17,18.06632545642745,1,0.10367454357255212,0.10367454357255212
DUISBURG-MEIDERICH SCHLEUSE OW,2026-06-30 01:02:00+00:00,24.99,24.712310575537575,1,0.27768942446242306,0.27768942446242306
DUISBURG-MEIDERICH SCHLEUSE UW,2026-06-30 01:02:00+00:00,18.17,18.036084882311414,1,0.13391511768858777,0.13391511768858777
DUISBURG-MEIDERICH SCHLEUSE OW,2026-06-30 01:03:00+00:00,24.99,24.70975385279615,1,0.28024614720384733,0.28024614720384733
DUISBURG-MEIDERICH SCHLEUSE UW,2026-06-30 01:03:00+00:00,18.17,18.10292642080237,1,0.06707357919763268,0.06707357919763268
DUISBURG-MEIDERICH SCHLEUSE OW,2026-06-30 01:04:00+00:00,24.99,24.71810919807327,1,0.27189080192672677,0.27189080192672677
DUISBURG-MEIDERICH SCHLEUSE UW,2026-06-30 01:04:00+00:00,18.17,18.070802612337644,1,0.09919738766235753,0.09919738766235753
Basel-Rheinhalle,2026-06-30 01:05:00+00:00,521.0,510.48658108506186,1,10.513418914938143,10.513418914938143
DUISBURG-MEIDERICH SCHLEUSE OW,2026-06-30 01:05:00+00:00,25.0,24.765817587618756,1,0.23418241238124438,0.23418241238124438
DUISBURG-MEIDERICH SCHLEUSE UW,2026-06-30 01:05:00+00:00,18.16,18.079157957614765,1,0.0808420423852354,0.0808420423852354
DUISBURG-MEIDERICH SCHLEUSE OW,2026-06-30 01:06:00+00:00,25.0,24.626828108036957,1,0.3731718919630431,0.3731718919630431
DUISBURG-MEIDERICH SCHLEUSE UW,2026-06-30 01:06:00+00:00,18.16,18.05710944700807,1,0.10289055299192995,0.10289055299192995
DUISBURG-MEIDERICH SCHLEUSE OW,2026-06-30 01:07:00+00:00,25.0,24.614564607426125,1,0.38543539257387494,0.38543539257387494
DUISBURG-MEIDERICH SCHLEUSE UW,2026-06-30 01:07:00+00:00,18.16,17.975613366967618,1,0.184386633032382,0.184386633032382
DUISBURG-MEIDERICH SCHLEUSE OW,2026-06-30 01:08:00+00:00,25.0,24.683769558434633,1,0.3162304415653665,0.3162304415653665
DUISBURG-MEIDERICH SCHLEUSE UW,2026-06-30 01:08:00+00:00,18.16,18.044818317976127,1,0.11518168202387358,0.11518168202387358
DUISBURG-MEIDERICH SCHLEUSE OW,2026-06-30 01:09:00+00:00,25.0,24.683769558434633,1,0.3162304415653665,0.3162304415653665
DUISBURG-MEIDERICH SCHLEUSE UW,2026-06-30 01:09:00+00:00,18.16,18.044818317976127,1,0.11518168202387358,0.11518168202387358
Basel-Rheinhalle,2026-06-30 01:10:00+00:00,521.0,510.0353609764471,1,10.964639023552877,10.964639023552877
DUISBURG-MEIDERICH SCHLEUSE OW,2026-06-30 01:10:00+00:00,25.0,24.683769558434633,1,0.3162304415653665,0.3162304415653665
DUISBURG-MEIDERICH SCHLEUSE UW,2026-06-30 01:10:00+00:00,18.16,18.044818317976127,1,0.11518168202387358,0.11518168202387358
LOBITH,2026-06-30 01:10:00+00:00,705.0,704.30824675748,1,0.6917532425200079,0.6917532425200079
DUISBURG-MEIDERICH SCHLEUSE OW,2026-06-30 01:11:00+00:00,25.0,24.683769558434633,1,0.3162304415653665,0.3162304415653665
DUISBURG-MEIDERICH SCHLEUSE UW,2026-06-30 01:11:00+00:00,18.16,18.049030803228852,1,0.1109691967711477,0.1109691967711477
DUISBURG-MEIDERICH SCHLEUSE OW,2026-06-30 01:12:00+00:00,25.0,24.734733121542266,1,0.26526687845773367,0.26526687845773367
DUISBURG-MEIDERICH SCHLEUSE UW,2026-06-30 01:12:00+00:00,18.16,18.099994366336485,1,0.06000563366351486,0.06000563366351486
DUISBURG-MEIDERICH SCHLEUSE OW,2026-06-30 01:13:00+00:00,25.0,24.734733121542266,1,0.26526687845773367,0.26526687845773367
DUISBURG-MEIDERICH SCHLEUSE UW,2026-06-30 01:13:00+00:00,18.16,18.09578188108376,1,0.06421811891624074,0.06421811891624074
DUISBURG-MEIDERICH SCHLEUSE OW,2026-06-30 01:14:00+00:00,25.0,24.734733121542266,1,0.26526687845773367,0.26526687845773367
DUISBURG-MEIDERICH SCHLEUSE UW,2026-06-30 01:14:00+00:00,18.16,18.09578188108376,1,0.06421811891624074,0.06421811891624074
BINGEN,2026-06-30 01:15:00+00:00,106.0,104.9786765296272,1,1.0213234703728062,1.0213234703728062
BONN,2026-06-30 01:15:00+00:00,140.0,141.13604901962475,1,-1.1360490196247497,1.1360490196247497
BREISACH,2026-06-30 01:15:00+00:00,184.0,191.68719089853857,1,-7.687190898538574,7.687190898538574
Basel-Rheinhalle,2026-06-30 01:15:00+00:00,522.0,514.0066915301754,1,7.993308469824569,7.993308469824569
DUISBURG-MEIDERICH SCHLEUSE OW,2026-06-30 01:15:00+00:00,25.0,24.734733121542266,1,0.26526687845773367,0.26526687845773367
DUISBURG-MEIDERICH SCHLEUSE UW,2026-06-30 01:15:00+00:00,18.16,18.09578188108376,1,0.06421811891624074,0.06421811891624074
DUISBURG-RUHRORT,2026-06-30 01:15:00+00:00,214.0,213.0312733515067,1,0.9687266484932877,0.9687266484932877
DÜSSELDORF,2026-06-30 01:15:00+00:00,81.0,79.73627416057855,1,1.2637258394214541,1.2637258394214541
EMMERICH,2026-06-30 01:15:00+00:00,54.0,54.4692789736525,1,-0.46927897365250004,0.46927897365250004
IFFEZHEIM,2026-06-30 01:15:00+00:00,153.0,156.31806665451003,1,-3.3180666545100337,3.3180666545100337
KAUB,2026-06-30 01:15:00+00:00,86.0,84.19494821050854,1,1.8050517894914577,1.8050517894914577
KOBLENZ,2026-06-30 01:15:00+00:00,83.0,79.75668848131443,1,3.243311518685573,3.243311518685573
KONSTANZ-RHEIN,2026-06-30 01:15:00+00:00,313.0,313.77253185886195,1,-0.772531858861953,0.772531858861953
Koblenz OP,2026-06-30 01:15:00+00:00,200.0,202.54186645770676,1,-2.5418664577067602,2.5418664577067602
Koblenz UP,2026-06-30 01:15:00+00:00,50.0,48.043073533098784,1,1.9569264669012156,1.9569264669012156
KÖLN,2026-06-30 01:15:00+00:00,134.0,131.4629981242803,1,2.53700187571971,2.53700187571971
MAINZ,2026-06-30 01:15:00+00:00,186.0,186.85903200066008,1,-0.8590320006600791,0.8590320006600791
MANNHEIM,2026-06-30 01:15:00+00:00,162.0,159.3756782983872,1,2.624321701612814,2.624321701612814
MAXAU,2026-06-30 01:15:00+00:00,411.0,409.5539381644476,1,1.4460618355524275,1.4460618355524275
REES,2026-06-30 01:15:00+00:00,96.0,97.63778988704775,1,-1.6377898870477452,1.6377898870477452
RHEINE UNTERSCHLEUSE,2026-06-30 01:15:00+00:00,197.0,205.31041292461035,1,-8.310412924610347,8.310412924610347
RHEINWEILER,2026-06-30 01:15:00+00:00,224.0,223.0188310435483,1,0.981168956451711,0.981168956451711
SANKT GOAR,2026-06-30 01:15:00+00:00,174.0,171.92747714127458,1,2.0725228587254207,2.0725228587254207
SPEYER,2026-06-30 01:15:00+00:00,254.0,251.99848468112222,1,2.001515318877779,2.001515318877779
WESEL,2026-06-30 01:15:00+00:00,151.0,151.72863834276154,1,-0.7286383427615419,0.7286383427615419
WORMS,2026-06-30 01:15:00+00:00,73.0,73.32190246372558,1,-0.3219024637255785,0.3219024637255785
DUISBURG-MEIDERICH SCHLEUSE OW,2026-06-30 01:16:00+00:00,25.0,24.734733121542266,1,0.26526687845773367,0.26526687845773367
DUISBURG-MEIDERICH SCHLEUSE UW,2026-06-30 01:16:00+00:00,18.16,18.09578188108376,1,0.06421811891624074,0.06421811891624074
DUISBURG-MEIDERICH SCHLEUSE OW,2026-06-30 01:17:00+00:00,25.0,24.734733121542266,1,0.26526687845773367,0.26526687845773367
DUISBURG-MEIDERICH SCHLEUSE UW,2026-06-30 01:17:00+00:00,18.16,18.09578188108376,1,0.06421811891624074,0.06421811891624074
DUISBURG-MEIDERICH SCHLEUSE OW,2026-06-30 01:18:00+00:00,25.0,24.734733121542266,1,0.26526687845773367,0.26526687845773367
DUISBURG-MEIDERICH SCHLEUSE UW,2026-06-30 01:18:00+00:00,18.16,18.09578188108376,1,0.06421811891624074,0.06421811891624074
DUISBURG-MEIDERICH SCHLEUSE OW,2026-06-30 01:19:00+00:00,25.0,24.734733121542266,1,0.26526687845773367,0.26526687845773367
DUISBURG-MEIDERICH SCHLEUSE UW,2026-06-30 01:19:00+00:00,18.16,18.09578188108376,1,0.06421811891624074,0.06421811891624074
Basel-Rheinhalle,2026-06-30 01:20:00+00:00,521.0,507.405192943241,1,13.59480705675901,13.59480705675901
DUISBURG-MEIDERICH SCHLEUSE OW,2026-06-30 01:20:00+00:00,25.0,24.734733121542266,1,0.26526687845773367,0.26526687845773367
DUISBURG-MEIDERICH SCHLEUSE UW,2026-06-30 01:20:00+00:00,18.16,18.09578188108376,1,0.06421811891624074,0.06421811891624074
LOBITH,2026-06-30 01:20:00+00:00,704.0,704.3802779830296,1,-0.38027798302960036,0.38027798302960036
DUISBURG-MEIDERICH SCHLEUSE OW,2026-06-30 01:21:00+00:00,25.0,24.734733121542266,1,0.26526687845773367,0.26526687845773367
DUISBURG-MEIDERICH SCHLEUSE UW,2026-06-30 01:21:00+00:00,18.16,18.09578188108376,1,0.06421811891624074,0.06421811891624074
DUISBURG-MEIDERICH SCHLEUSE OW,2026-06-30 01:22:00+00:00,25.0,24.734733121542266,1,0.26526687845773367,0.26526687845773367
DUISBURG-MEIDERICH SCHLEUSE UW,2026-06-30 01:22:00+00:00,18.16,18.09578188108376,1,0.06421811891624074,0.06421811891624074
DUISBURG-MEIDERICH SCHLEUSE OW,2026-06-30 01:23:00+00:00,25.0,24.713762525698794,1,0.28623747430120616,0.28623747430120616
DUISBURG-MEIDERICH SCHLEUSE UW,2026-06-30 01:23:00+00:00,18.16,18.09578188108376,1,0.06421811891624074,0.06421811891624074
DUISBURG-MEIDERICH SCHLEUSE OW,2026-06-30 01:24:00+00:00,25.0,24.713762525698794,1,0.28623747430120616,0.28623747430120616
DUISBURG-MEIDERICH SCHLEUSE UW,2026-06-30 01:24:00+00:00,18.16,18.06433091065135,1,0.09566908934865026,0.09566908934865026
Basel-Rheinhalle,2026-06-30 01:25:00+00:00,519.0,511.4780946920801,1,7.521905307919894,7.521905307919894
DUISBURG-MEIDERICH SCHLEUSE OW,2026-06-30 01:25:00+00:00,25.0,24.713762525698794,1,0.28623747430120616,0.28623747430120616
DUISBURG-MEIDERICH SCHLEUSE UW,2026-06-30 01:25:00+00:00,18.16,18.06433091065135,1,0.09566908934865026,0.09566908934865026
DUISBURG-MEIDERICH SCHLEUSE OW,2026-06-30 01:26:00+00:00,25.0,24.713762525698794,1,0.28623747430120616,0.28623747430120616
DUISBURG-MEIDERICH SCHLEUSE UW,2026-06-30 01:26:00+00:00,18.16,18.06433091065135,1,0.09566908934865026,0.09566908934865026
DUISBURG-MEIDERICH SCHLEUSE OW,2026-06-30 01:27:00+00:00,25.0,24.713762525698794,1,0.28623747430120616,0.28623747430120616
DUISBURG-MEIDERICH SCHLEUSE UW,2026-06-30 01:27:00+00:00,18.16,18.06433091065135,1,0.09566908934865026,0.09566908934865026
DUISBURG-MEIDERICH SCHLEUSE OW,2026-06-30 01:28:00+00:00,25.0,24.713762525698794,1,0.28623747430120616,0.28623747430120616
DUISBURG-MEIDERICH SCHLEUSE UW,2026-06-30 01:28:00+00:00,18.16,18.06433091065135,1,0.09566908934865026,0.09566908934865026
DUISBURG-MEIDERICH SCHLEUSE OW,2026-06-30 01:29:00+00:00,25.0,24.734733121542266,1,0.26526687845773367,0.26526687845773367
DUISBURG-MEIDERICH SCHLEUSE UW,2026-06-30 01:29:00+00:00,18.16,18.088182370741,1,0.07181762925900159,0.07181762925900159
BINGEN,2026-06-30 01:30:00+00:00,106.0,105.31754149059975,1,0.6824585094002487,0.6824585094002487
BONN,2026-06-30 01:30:00+00:00,139.0,141.2894661692297,1,-2.289466169229712,2.289466169229712
BREISACH,2026-06-30 01:30:00+00:00,185.0,186.68337073396552,1,-1.6833707339655177,1.6833707339655177
Basel-Rheinhalle,2026-06-30 01:30:00+00:00,519.0,513.2067113324412,1,5.793288667558841,5.793288667558841
DUISBURG-MEIDERICH SCHLEUSE OW,2026-06-30 01:30:00+00:00,25.0,24.614564555494354,1,0.3854354445056458,0.3854354445056458
DUISBURG-MEIDERICH SCHLEUSE UW,2026-06-30 01:30:00+00:00,18.16,18.111715650069073,1,0.04828434993092756,0.04828434993092756
DUISBURG-RUHRORT,2026-06-30 01:30:00+00:00,213.0,213.17871788038863,1,-0.178717880388632,0.178717880388632
DÜSSELDORF,2026-06-30 01:30:00+00:00,82.0,79.72256073428467,1,2.27743926571533,2.27743926571533
EMMERICH,2026-06-30 01:30:00+00:00,54.0,54.23788664186854,1,-0.23788664186854191,0.23788664186854191
IFFEZHEIM,2026-06-30 01:30:00+00:00,150.0,155.7700786776679,1,-5.770078677667897,5.770078677667897
KAUB,2026-06-30 01:30:00+00:00,87.0,84.30850014943692,1,2.6914998505630763,2.6914998505630763
KOBLENZ,2026-06-30 01:30:00+00:00,83.0,78.67506452308454,1,4.324935476915456,4.324935476915456
KONSTANZ-RHEIN,2026-06-30 01:30:00+00:00,313.0,312.94206988750557,1,0.05793011249443225,0.05793011249443225
Koblenz OP,2026-06-30 01:30:00+00:00,201.0,202.47018549413508,1,-1.4701854941350803,1.4701854941350803
Koblenz UP,2026-06-30 01:30:00+00:00,48.0,48.68853507457624,1,-0.6885350745762366,0.6885350745762366
KÖLN,2026-06-30 01:30:00+00:00,134.0,131.55742533715542,1,2.442574662844578,2.442574662844578
LOBITH,2026-06-30 01:30:00+00:00,704.0,704.3802779830296,1,-0.38027798302960036,0.38027798302960036
MAINZ,2026-06-30 01:30:00+00:00,186.0,186.2611292636581,1,-0.2611292636580913,0.2611292636580913
MANNHEIM,2026-06-30 01:30:00+00:00,162.0,159.48167533557242,1,2.518324664427581,2.518324664427581
MAXAU,2026-06-30 01:30:00+00:00,411.0,410.3444586341346,1,0.6555413658654174,0.6555413658654174
REES,2026-06-30 01:30:00+00:00,96.0,97.49231985333698,1,-1.49231985333698,1.49231985333698
RHEINE UNTERSCHLEUSE,2026-06-30 01:30:00+00:00,193.0,205.6450617030766,1,-12.645061703076607,12.645061703076607
RHEINWEILER,2026-06-30 01:30:00+00:00,225.0,223.19702053184304,1,1.8029794681569626,1.8029794681569626
SANKT GOAR,2026-06-30 01:30:00+00:00,175.0,171.43934692712384,1,3.560653072876164,3.560653072876164
SPEYER,2026-06-30 01:30:00+00:00,254.0,252.14804868687114,1,1.8519513131288647,1.8519513131288647
WESEL,2026-06-30 01:30:00+00:00,151.0,151.30121569945055,1,-0.3012156994505517,0.3012156994505517
WORMS,2026-06-30 01:30:00+00:00,73.0,73.41102981058779,1,-0.41102981058779164,0.41102981058779164
DUISBURG-MEIDERICH SCHLEUSE OW,2026-06-30 01:31:00+00:00,25.01,24.649263686110544,1,0.3607363138894577,0.3607363138894577
DUISBURG-MEIDERICH SCHLEUSE UW,2026-06-30 01:31:00+00:00,18.16,18.110914165609465,1,0.049085834390535155,0.049085834390535155
DUISBURG-MEIDERICH SCHLEUSE OW,2026-06-30 01:32:00+00:00,25.01,24.614564555494354,1,0.3954354445056474,0.3954354445056474
DUISBURG-MEIDERICH SCHLEUSE UW,2026-06-30 01:32:00+00:00,18.16,18.094107231594094,1,0.06589276840590585,0.06589276840590585
DUISBURG-MEIDERICH SCHLEUSE OW,2026-06-30 01:33:00+00:00,25.01,24.622919900771475,1,0.3870800992285268,0.3870800992285268
DUISBURG-MEIDERICH SCHLEUSE UW,2026-06-30 01:33:00+00:00,18.16,18.102462576871215,1,0.05753742312878529,0.05753742312878529
DUISBURG-MEIDERICH SCHLEUSE OW,2026-06-30 01:34:00+00:00,25.01,24.67062829031696,1,0.33937170968304287,0.33937170968304287
DUISBURG-MEIDERICH SCHLEUSE UW,2026-06-30 01:34:00+00:00,18.16,18.102462576871215,1,0.05753742312878529,0.05753742312878529
Basel-Rheinhalle,2026-06-30 01:35:00+00:00,519.0,512.0670312559517,1,6.932968744048253,6.932968744048253
DUISBURG-MEIDERICH SCHLEUSE OW,2026-06-30 01:35:00+00:00,25.01,24.59103127616628,1,0.4189687238337214,0.4189687238337214
DUISBURG-MEIDERICH SCHLEUSE UW,2026-06-30 01:35:00+00:00,18.16,18.09578188108376,1,0.06421811891624074,0.06421811891624074
DUISBURG-MEIDERICH SCHLEUSE OW,2026-06-30 01:36:00+00:00,25.01,24.59103127616628,1,0.4189687238337214,0.4189687238337214
DUISBURG-MEIDERICH SCHLEUSE UW,2026-06-30 01:36:00+00:00,18.16,18.09578188108376,1,0.06421811891624074,0.06421811891624074
DUISBURG-MEIDERICH SCHLEUSE OW,2026-06-30 01:37:00+00:00,25.01,24.59103127616628,1,0.4189687238337214,0.4189687238337214
DUISBURG-MEIDERICH SCHLEUSE UW,2026-06-30 01:37:00+00:00,18.16,18.09578188108376,1,0.06421811891624074,0.06421811891624074
DUISBURG-MEIDERICH SCHLEUSE OW,2026-06-30 01:38:00+00:00,25.01,24.59103127616628,1,0.4189687238337214,0.4189687238337214
DUISBURG-MEIDERICH SCHLEUSE UW,2026-06-30 01:38:00+00:00,18.17,18.09578188108376,1,0.0742181189162423,0.0742181189162423
DUISBURG-MEIDERICH SCHLEUSE OW,2026-06-30 01:39:00+00:00,25.01,24.59103127616628,1,0.4189687238337214,0.4189687238337214
DUISBURG-MEIDERICH SCHLEUSE UW,2026-06-30 01:39:00+00:00,18.17,18.09578188108376,1,0.0742181189162423,0.0742181189162423
Basel-Rheinhalle,2026-06-30 01:40:00+00:00,519.0,513.0385196954616,1,5.961480304538441,5.961480304538441
DUISBURG-MEIDERICH SCHLEUSE OW,2026-06-30 01:40:00+00:00,25.01,24.59103127616628,1,0.4189687238337214,0.4189687238337214
DUISBURG-MEIDERICH SCHLEUSE UW,2026-06-30 01:40:00+00:00,18.17,18.099994366336485,1,0.07000563366351642,0.07000563366351642
LOBITH,2026-06-30 01:40:00+00:00,704.0,704.3061370128887,1,-0.306137012888712,0.306137012888712
DUISBURG-MEIDERICH SCHLEUSE OW,2026-06-30 01:41:00+00:00,25.01,24.59103127616628,1,0.4189687238337214,0.4189687238337214
DUISBURG-MEIDERICH SCHLEUSE UW,2026-06-30 01:41:00+00:00,18.17,18.099994366336485,1,0.07000563366351642,0.07000563366351642
DUISBURG-MEIDERICH SCHLEUSE OW,2026-06-30 01:42:00+00:00,25.01,24.59103127616628,1,0.4189687238337214,0.4189687238337214
DUISBURG-MEIDERICH SCHLEUSE UW,2026-06-30 01:42:00+00:00,18.17,18.09578188108376,1,0.0742181189162423,0.0742181189162423
DUISBURG-MEIDERICH SCHLEUSE OW,2026-06-30 01:43:00+00:00,25.01,24.59103127616628,1,0.4189687238337214,0.4189687238337214
DUISBURG-MEIDERICH SCHLEUSE UW,2026-06-30 01:43:00+00:00,18.17,18.09578188108376,1,0.0742181189162423,0.0742181189162423
DUISBURG-MEIDERICH SCHLEUSE OW,2026-06-30 01:44:00+00:00,25.01,24.59103127616628,1,0.4189687238337214,0.4189687238337214
DUISBURG-MEIDERICH SCHLEUSE UW,2026-06-30 01:44:00+00:00,18.17,18.09578188108376,1,0.0742181189162423,0.0742181189162423
BINGEN,2026-06-30 01:45:00+00:00,105.0,104.91875224165742,1,0.08124775834258458,0.08124775834258458
BONN,2026-06-30 01:45:00+00:00,139.0,140.74893941600084,1,-1.7489394160008374,1.7489394160008374
BREISACH,2026-06-30 01:45:00+00:00,186.0,187.6796293096463,1,-1.6796293096462875,1.6796293096462875
Basel-Rheinhalle,2026-06-30 01:45:00+00:00,516.0,511.25733663764987,1,4.742663362350129,4.742663362350129
DUISBURG-MEIDERICH SCHLEUSE OW,2026-06-30 01:45:00+00:00,25.01,24.59103127616628,1,0.4189687238337214,0.4189687238337214
DUISBURG-MEIDERICH SCHLEUSE UW,2026-06-30 01:45:00+00:00,18.17,18.09578188108376,1,0.0742181189162423,0.0742181189162423
DUISBURG-RUHRORT,2026-06-30 01:45:00+00:00,214.0,212.67662383449797,1,1.323376165502026,1.323376165502026
DÜSSELDORF,2026-06-30 01:45:00+00:00,80.0,80.09383929239814,1,-0.09383929239814393,0.09383929239814393
EMMERICH,2026-06-30 01:45:00+00:00,53.0,53.82123911766033,1,-0.8212391176603333,0.8212391176603333
IFFEZHEIM,2026-06-30 01:45:00+00:00,149.0,155.88940078187386,1,-6.88940078187386,6.88940078187386
KAUB,2026-06-30 01:45:00+00:00,87.0,84.29731875144847,1,2.702681248551528,2.702681248551528
KOBLENZ,2026-06-30 01:45:00+00:00,83.0,78.7768827364128,1,4.2231172635871985,4.2231172635871985
KONSTANZ-RHEIN,2026-06-30 01:45:00+00:00,314.0,313.371427931714,1,0.6285720682860187,0.6285720682860187
Koblenz OP,2026-06-30 01:45:00+00:00,201.0,202.90026602756944,1,-1.9002660275694438,1.9002660275694438
Koblenz UP,2026-06-30 01:45:00+00:00,49.0,48.82778822533463,1,0.17221177466537085,0.17221177466537085
KÖLN,2026-06-30 01:45:00+00:00,134.0,131.46390318876476,1,2.5360968112352396,2.5360968112352396
MAINZ,2026-06-30 01:45:00+00:00,185.0,186.72152541105257,1,-1.7215254110525677,1.7215254110525677
MANNHEIM,2026-06-30 01:45:00+00:00,163.0,160.40007238190935,1,2.5999276180906463,2.5999276180906463
MAXAU,2026-06-30 01:45:00+00:00,411.0,410.1913034850564,1,0.8086965149436196,0.8086965149436196
REES,2026-06-30 01:45:00+00:00,96.0,97.30889322047044,1,-1.3088932204704378,1.3088932204704378
RHEINE UNTERSCHLEUSE,2026-06-30 01:45:00+00:00,191.0,205.73773238540733,1,-14.737732385407327,14.737732385407327
RHEINWEILER,2026-06-30 01:45:00+00:00,224.0,223.04155037620214,1,0.9584496237978612,0.9584496237978612
SANKT GOAR,2026-06-30 01:45:00+00:00,175.0,172.2425856228657,1,2.757414377134296,2.757414377134296
SPEYER,2026-06-30 01:45:00+00:00,254.0,252.13886691979693,1,1.861133080203075,1.861133080203075
WESEL,2026-06-30 01:45:00+00:00,151.0,151.41835970000517,1,-0.4183597000051691,0.4183597000051691
WORMS,2026-06-30 01:45:00+00:00,73.0,73.46450919372772,1,-0.4645091937277215,0.4645091937277215
DUISBURG-MEIDERICH SCHLEUSE OW,2026-06-30 01:46:00+00:00,25.01,24.59103127616628,1,0.4189687238337214,0.4189687238337214
DUISBURG-MEIDERICH SCHLEUSE UW,2026-06-30 01:46:00+00:00,18.17,18.09578188108376,1,0.0742181189162423,0.0742181189162423
DUISBURG-MEIDERICH SCHLEUSE OW,2026-06-30 01:47:00+00:00,25.01,24.59103127616628,1,0.4189687238337214,0.4189687238337214
DUISBURG-MEIDERICH SCHLEUSE UW,2026-06-30 01:47:00+00:00,18.17,18.09578188108376,1,0.0742181189162423,0.0742181189162423
DUISBURG-MEIDERICH SCHLEUSE OW,2026-06-30 01:48:00+00:00,25.01,24.59103127616628,1,0.4189687238337214,0.4189687238337214
DUISBURG-MEIDERICH SCHLEUSE UW,2026-06-30 01:48:00+00:00,18.17,18.09578188108376,1,0.0742181189162423,0.0742181189162423
DUISBURG-MEIDERICH SCHLEUSE OW,2026-06-30 01:49:00+00:00,25.01,24.59103127616628,1,0.4189687238337214,0.4189687238337214
DUISBURG-MEIDERICH SCHLEUSE UW,2026-06-30 01:49:00+00:00,18.17,18.09578188108376,1,0.0742181189162423,0.0742181189162423
Basel-Rheinhalle,2026-06-30 01:50:00+00:00,516.0,511.46409775980044,1,4.535902240199562,4.535902240199562
DUISBURG-MEIDERICH SCHLEUSE OW,2026-06-30 01:50:00+00:00,25.01,24.59103127616628,1,0.4189687238337214,0.4189687238337214
DUISBURG-MEIDERICH SCHLEUSE UW,2026-06-30 01:50:00+00:00,18.17,18.09578188108376,1,0.0742181189162423,0.0742181189162423
LOBITH,2026-06-30 01:50:00+00:00,705.0,704.3061370128887,1,0.693862987111288,0.693862987111288
DUISBURG-MEIDERICH SCHLEUSE OW,2026-06-30 01:51:00+00:00,25.01,24.59103127616628,1,0.4189687238337214,0.4189687238337214
DUISBURG-MEIDERICH SCHLEUSE UW,2026-06-30 01:51:00+00:00,18.17,18.09578188108376,1,0.0742181189162423,0.0742181189162423
DUISBURG-MEIDERICH SCHLEUSE OW,2026-06-30 01:52:00+00:00,25.01,24.570060680322808,1,0.4399393196771939,0.4399393196771939
DUISBURG-MEIDERICH SCHLEUSE UW,2026-06-30 01:52:00+00:00,18.17,18.06433091065135,1,0.10566908934865182,0.10566908934865182
DUISBURG-MEIDERICH SCHLEUSE OW,2026-06-30 01:53:00+00:00,25.01,24.570060680322808,1,0.4399393196771939,0.4399393196771939
DUISBURG-MEIDERICH SCHLEUSE UW,2026-06-30 01:53:00+00:00,18.17,18.06433091065135,1,0.10566908934865182,0.10566908934865182
DUISBURG-MEIDERICH SCHLEUSE OW,2026-06-30 01:54:00+00:00,25.01,24.570060680322808,1,0.4399393196771939,0.4399393196771939
DUISBURG-MEIDERICH SCHLEUSE UW,2026-06-30 01:54:00+00:00,18.17,18.06433091065135,1,0.10566908934865182,0.10566908934865182
Basel-Rheinhalle,2026-06-30 01:55:00+00:00,516.0,513.490892525074,1,2.5091074749260542,2.5091074749260542
DUISBURG-MEIDERICH SCHLEUSE OW,2026-06-30 01:55:00+00:00,25.01,24.989436688037873,1,0.02056331196212824,0.02056331196212824
DUISBURG-MEIDERICH SCHLEUSE UW,2026-06-30 01:55:00+00:00,18.17,18.06433091065135,1,0.10566908934865182,0.10566908934865182
DUISBURG-MEIDERICH SCHLEUSE OW,2026-06-30 01:56:00+00:00,25.01,25.301469912291587,1,-0.2914699122915856,0.2914699122915856
DUISBURG-MEIDERICH SCHLEUSE UW,2026-06-30 01:56:00+00:00,18.17,18.06433091065135,1,0.10566908934865182,0.10566908934865182
DUISBURG-MEIDERICH SCHLEUSE OW,2026-06-30 01:57:00+00:00,25.01,25.336169042907777,1,-0.32616904290777526,0.32616904290777526
DUISBURG-MEIDERICH SCHLEUSE UW,2026-06-30 01:57:00+00:00,18.17,18.06433091065135,1,0.10566908934865182,0.10566908934865182
DUISBURG-MEIDERICH SCHLEUSE OW,2026-06-30 01:58:00+00:00,25.01,25.301469912291587,1,-0.2914699122915856,0.2914699122915856
DUISBURG-MEIDERICH SCHLEUSE UW,2026-06-30 01:58:00+00:00,18.17,18.06433091065135,1,0.10566908934865182,0.10566908934865182
DUISBURG-MEIDERICH SCHLEUSE OW,2026-06-30 01:59:00+00:00,25.01,25.309825257568708,1,-0.29982525756870615,0.29982525756870615
DUISBURG-MEIDERICH SCHLEUSE UW,2026-06-30 01:59:00+00:00,18.17,18.06433091065135,1,0.10566908934865182,0.10566908934865182
BINGEN,2026-06-30 02:00:00+00:00,107.0,104.65644713499037,1,2.3435528650096273,2.3435528650096273
BONN,2026-06-30 02:00:00+00:00,139.0,140.34893012299233,1,-1.3489301229923285,1.3489301229923285
BREISACH,2026-06-30 02:00:00+00:00,185.0,187.4089991308168,1,-2.4089991308167953,2.4089991308167953
Basel-Rheinhalle,2026-06-30 02:00:00+00:00,517.0,513.4486711628894,1,3.5513288371106455,3.5513288371106455
DUISBURG-MEIDERICH SCHLEUSE OW,2026-06-30 02:00:00+00:00,25.02,25.174997864713863,1,-0.154997864713863,0.154997864713863
DUISBURG-MEIDERICH SCHLEUSE UW,2026-06-30 02:00:00+00:00,18.17,18.05656359810309,1,0.11343640189691229,0.11343640189691229
DUISBURG-RUHRORT,2026-06-30 02:00:00+00:00,214.0,211.0432942660897,1,2.9567057339102973,2.9567057339102973
DÜSSELDORF,2026-06-30 02:00:00+00:00,81.0,79.28885191299828,1,1.7111480870017175,1.7111480870017175
EMMERICH,2026-06-30 02:00:00+00:00,53.0,54.99948781585952,1,-1.999487815859517,1.999487815859517
IFFEZHEIM,2026-06-30 02:00:00+00:00,148.0,154.70528076952905,1,-6.705280769529054,6.705280769529054
KAUB,2026-06-30 02:00:00+00:00,87.0,83.45104008940552,1,3.5489599105944762,3.5489599105944762
KOBLENZ,2026-06-30 02:00:00+00:00,84.0,77.41233964133355,1,6.587660358666454,6.587660358666454
KONSTANZ-RHEIN,2026-06-30 02:00:00+00:00,313.0,313.4216273401249,1,-0.4216273401249282,0.4216273401249282
Koblenz OP,2026-06-30 02:00:00+00:00,201.0,202.83086264125123,1,-1.8308626412512297,1.8308626412512297
Koblenz UP,2026-06-30 02:00:00+00:00,48.0,48.332141374456235,1,-0.33214137445623493,0.33214137445623493
KÖLN,2026-06-30 02:00:00+00:00,134.0,131.9344037380994,1,2.0655962619005948,2.0655962619005948
LOBITH,2026-06-30 02:00:00+00:00,704.0,708.7468751976425,1,-4.746875197642453,4.746875197642453
MAINZ,2026-06-30 02:00:00+00:00,185.0,186.58912128683784,1,-1.5891212868378375,1.5891212868378375
MANNHEIM,2026-06-30 02:00:00+00:00,162.0,158.44682060413297,1,3.5531793958670335,3.5531793958670335
MAXAU,2026-06-30 02:00:00+00:00,410.0,409.7810159072222,1,0.21898409277781639,0.21898409277781639
REES,2026-06-30 02:00:00+00:00,96.0,96.5361650587064,1,-0.536165058706402,0.536165058706402
RHEINE UNTERSCHLEUSE,2026-06-30 02:00:00+00:00,191.0,213.219787950479,1,-22.219787950479002,22.219787950479002
RHEINWEILER,2026-06-30 02:00:00+00:00,222.0,223.36054902977554,1,-1.360549029775541,1.360549029775541
SANKT GOAR,2026-06-30 02:00:00+00:00,176.0,171.5049810596497,1,4.495018940350292,4.495018940350292
SPEYER,2026-06-30 02:00:00+00:00,255.0,252.69322857950598,1,2.306771420494016,2.306771420494016
WESEL,2026-06-30 02:00:00+00:00,152.0,151.36952910168316,1,0.6304708983168439,0.6304708983168439
WORMS,2026-06-30 02:00:00+00:00,73.0,73.3099662528314,1,-0.30996625283140133,0.30996625283140133
DUISBURG-MEIDERICH SCHLEUSE OW,2026-06-30 02:01:00+00:00,25.02,25.109157614076125,1,-0.08915761407612521,0.08915761407612521
DUISBURG-MEIDERICH SCHLEUSE UW,2026-06-30 02:01:00+00:00,18.17,18.05656359810309,1,0.11343640189691229,0.11343640189691229
DUISBURG-MEIDERICH SCHLEUSE OW,2026-06-30 02:02:00+00:00,25.02,25.109157614076125,1,-0.08915761407612521,0.08915761407612521
DUISBURG-MEIDERICH SCHLEUSE UW,2026-06-30 02:02:00+00:00,18.17,17.933331637103986,1,0.23666836289601534,0.23666836289601534
DUISBURG-MEIDERICH SCHLEUSE OW,2026-06-30 02:03:00+00:00,25.02,25.277936632963513,1,-0.25793663296351355,0.25793663296351355
DUISBURG-MEIDERICH SCHLEUSE UW,2026-06-30 02:03:00+00:00,18.17,18.119315160411833,1,0.05068483958816827,0.05068483958816827
DUISBURG-MEIDERICH SCHLEUSE OW,2026-06-30 02:04:00+00:00,25.02,25.277936632963513,1,-0.25793663296351355,0.25793663296351355
DUISBURG-MEIDERICH SCHLEUSE UW,2026-06-30 02:04:00+00:00,18.17,18.154014291028023,1,0.015985708971978596,0.015985708971978596
Basel-Rheinhalle,2026-06-30 02:05:00+00:00,519.0,513.6388200934031,1,5.361179906596931,5.361179906596931
DUISBURG-MEIDERICH SCHLEUSE OW,2026-06-30 02:05:00+00:00,25.02,25.277936632963513,1,-0.25793663296351355,0.25793663296351355
DUISBURG-MEIDERICH SCHLEUSE UW,2026-06-30 02:05:00+00:00,18.17,18.119315160411833,1,0.05068483958816827,0.05068483958816827
DUISBURG-MEIDERICH SCHLEUSE OW,2026-06-30 02:06:00+00:00,25.02,25.277936632963513,1,-0.25793663296351355,0.25793663296351355
DUISBURG-MEIDERICH SCHLEUSE UW,2026-06-30 02:06:00+00:00,18.17,18.127670505688954,1,0.04232949431104771,0.04232949431104771
DUISBURG-MEIDERICH SCHLEUSE OW,2026-06-30 02:07:00+00:00,25.02,25.277936632963513,1,-0.25793663296351355,0.25793663296351355
DUISBURG-MEIDERICH SCHLEUSE UW,2026-06-30 02:07:00+00:00,18.17,18.127670505688954,1,0.04232949431104771,0.04232949431104771
DUISBURG-MEIDERICH SCHLEUSE OW,2026-06-30 02:08:00+00:00,25.02,25.277936632963513,1,-0.25793663296351355,0.25793663296351355
DUISBURG-MEIDERICH SCHLEUSE UW,2026-06-30 02:08:00+00:00,18.17,18.09578188108376,1,0.0742181189162423,0.0742181189162423
DUISBURG-MEIDERICH SCHLEUSE OW,2026-06-30 02:09:00+00:00,25.02,25.277936632963513,1,-0.25793663296351355,0.25793663296351355
DUISBURG-MEIDERICH SCHLEUSE UW,2026-06-30 02:09:00+00:00,18.17,18.09578188108376,1,0.0742181189162423,0.0742181189162423
Basel-Rheinhalle,2026-06-30 02:10:00+00:00,520.0,514.2622665286252,1,5.737733471374781,5.737733471374781
DUISBURG-MEIDERICH SCHLEUSE OW,2026-06-30 02:10:00+00:00,25.02,25.277936632963513,1,-0.25793663296351355,0.25793663296351355
DUISBURG-MEIDERICH SCHLEUSE UW,2026-06-30 02:10:00+00:00,18.17,18.09578188108376,1,0.0742181189162423,0.0742181189162423
LOBITH,2026-06-30 02:10:00+00:00,704.0,708.7468751976425,1,-4.746875197642453,4.746875197642453
DUISBURG-MEIDERICH SCHLEUSE OW,2026-06-30 02:11:00+00:00,25.02,25.277936632963513,1,-0.25793663296351355,0.25793663296351355
DUISBURG-MEIDERICH SCHLEUSE UW,2026-06-30 02:11:00+00:00,18.17,18.09578188108376,1,0.0742181189162423,0.0742181189162423
DUISBURG-MEIDERICH SCHLEUSE OW,2026-06-30 02:12:00+00:00,25.02,25.277936632963513,1,-0.25793663296351355,0.25793663296351355
DUISBURG-MEIDERICH SCHLEUSE UW,2026-06-30 02:12:00+00:00,18.16,18.099994366336485,1,0.06000563366351486,0.06000563366351486
DUISBURG-MEIDERICH SCHLEUSE OW,2026-06-30 02:13:00+00:00,25.02,25.277936632963513,1,-0.25793663296351355,0.25793663296351355
DUISBURG-MEIDERICH SCHLEUSE UW,2026-06-30 02:13:00+00:00,18.16,18.099994366336485,1,0.06000563366351486,0.06000563366351486
DUISBURG-MEIDERICH SCHLEUSE OW,2026-06-30 02:14:00+00:00,25.02,25.277936632963513,1,-0.25793663296351355,0.25793663296351355
DUISBURG-MEIDERICH SCHLEUSE UW,2026-06-30 02:14:00+00:00,18.16,18.09578188108376,1,0.06421811891624074,0.06421811891624074
BINGEN,2026-06-30 02:15:00+00:00,107.0,104.72028958718731,1,2.2797104128126904,2.2797104128126904
BONN,2026-06-30 02:15:00+00:00,139.0,140.20826799641347,1,-1.2082679964134684,1.2082679964134684
BREISACH,2026-06-30 02:15:00+00:00,186.0,191.79335541978634,1,-5.793355419786337,5.793355419786337
Basel-Rheinhalle,2026-06-30 02:15:00+00:00,522.0,513.8020017481466,1,8.197998251853392,8.197998251853392
DUISBURG-MEIDERICH SCHLEUSE OW,2026-06-30 02:15:00+00:00,25.02,25.277936632963513,1,-0.25793663296351355,0.25793663296351355
DUISBURG-MEIDERICH SCHLEUSE UW,2026-06-30 02:15:00+00:00,18.16,18.09578188108376,1,0.06421811891624074,0.06421811891624074
DUISBURG-RUHRORT,2026-06-30 02:15:00+00:00,212.0,211.40282522993226,1,0.5971747700677383,0.5971747700677383
DÜSSELDORF,2026-06-30 02:15:00+00:00,81.0,78.26247357639434,1,2.737526423605658,2.737526423605658
EMMERICH,2026-06-30 02:15:00+00:00,53.0,54.57683164200158,1,-1.5768316420015793,1.5768316420015793
IFFEZHEIM,2026-06-30 02:15:00+00:00,146.0,154.81457366449868,1,-8.814573664498681,8.814573664498681
KAUB,2026-06-30 02:15:00+00:00,87.0,83.32125339334674,1,3.678746606653263,3.678746606653263
KOBLENZ,2026-06-30 02:15:00+00:00,82.0,78.86301836853924,1,3.136981631460756,3.136981631460756
KONSTANZ-RHEIN,2026-06-30 02:15:00+00:00,313.0,313.70367855666865,1,-0.703678556668649,0.703678556668649
Koblenz OP,2026-06-30 02:15:00+00:00,200.0,202.83086264125123,1,-2.8308626412512297,2.8308626412512297
Koblenz UP,2026-06-30 02:15:00+00:00,48.0,47.850960791479665,1,0.14903920852033536,0.14903920852033536
KÖLN,2026-06-30 02:15:00+00:00,134.0,131.65494752766864,1,2.3450524723313606,2.3450524723313606
MAINZ,2026-06-30 02:15:00+00:00,185.0,185.77179943589735,1,-0.7717994358973499,0.7717994358973499
MANNHEIM,2026-06-30 02:15:00+00:00,163.0,158.44682060413297,1,4.5531793958670335,4.5531793958670335
MAXAU,2026-06-30 02:15:00+00:00,410.0,409.92377794397436,1,0.07622205602564236,0.07622205602564236
REES,2026-06-30 02:15:00+00:00,96.0,96.48237855470963,1,-0.48237855470962643,0.48237855470962643
RHEINE UNTERSCHLEUSE,2026-06-30 02:15:00+00:00,206.0,213.219787950479,1,-7.219787950479002,7.219787950479002
RHEINWEILER,2026-06-30 02:15:00+00:00,222.0,223.78490470023186,1,-1.7849047002318628,1.7849047002318628
SANKT GOAR,2026-06-30 02:15:00+00:00,177.0,171.48205378209147,1,5.517946217908531,5.517946217908531
SPEYER,2026-06-30 02:15:00+00:00,254.0,252.60864844815566,1,1.3913515518443376,1.3913515518443376
WESEL,2026-06-30 02:15:00+00:00,151.0,150.05652279838347,1,0.9434772016165311,0.9434772016165311
WORMS,2026-06-30 02:15:00+00:00,73.0,73.47371414420685,1,-0.473714144206852,0.473714144206852
DUISBURG-MEIDERICH SCHLEUSE OW,2026-06-30 02:16:00+00:00,25.02,25.277936632963513,1,-0.25793663296351355,0.25793663296351355
DUISBURG-MEIDERICH SCHLEUSE UW,2026-06-30 02:16:00+00:00,18.16,18.09578188108376,1,0.06421811891624074,0.06421811891624074
DUISBURG-MEIDERICH SCHLEUSE OW,2026-06-30 02:17:00+00:00,25.02,25.277936632963513,1,-0.25793663296351355,0.25793663296351355
DUISBURG-MEIDERICH SCHLEUSE UW,2026-06-30 02:17:00+00:00,18.16,18.09578188108376,1,0.06421811891624074,0.06421811891624074
DUISBURG-MEIDERICH SCHLEUSE OW,2026-06-30 02:18:00+00:00,25.02,25.25696603712004,1,-0.23696603712004105,0.23696603712004105
DUISBURG-MEIDERICH SCHLEUSE UW,2026-06-30 02:18:00+00:00,18.16,18.09578188108376,1,0.06421811891624074,0.06421811891624074
DUISBURG-MEIDERICH SCHLEUSE OW,2026-06-30 02:19:00+00:00,25.02,25.25696603712004,1,-0.23696603712004105,0.23696603712004105
DUISBURG-MEIDERICH SCHLEUSE UW,2026-06-30 02:19:00+00:00,18.16,18.09578188108376,1,0.06421811891624074,0.06421811891624074
Basel-Rheinhalle,2026-06-30 02:20:00+00:00,524.0,514.3894006827137,1,9.610599317286301,9.610599317286301
DUISBURG-MEIDERICH SCHLEUSE OW,2026-06-30 02:20:00+00:00,25.02,25.25696603712004,1,-0.23696603712004105,0.23696603712004105
DUISBURG-MEIDERICH SCHLEUSE UW,2026-06-30 02:20:00+00:00,18.16,18.09578188108376,1,0.06421811891624074,0.06421811891624074
LOBITH,2026-06-30 02:20:00+00:00,704.0,709.6020883848228,1,-5.602088384822764,5.602088384822764
DUISBURG-MEIDERICH SCHLEUSE OW,2026-06-30 02:21:00+00:00,25.02,25.25696603712004,1,-0.23696603712004105,0.23696603712004105
DUISBURG-MEIDERICH SCHLEUSE UW,2026-06-30 02:21:00+00:00,18.16,18.09578188108376,1,0.06421811891624074,0.06421811891624074
DUISBURG-MEIDERICH SCHLEUSE OW,2026-06-30 02:22:00+00:00,25.02,25.25696603712004,1,-0.23696603712004105,0.23696603712004105
DUISBURG-MEIDERICH SCHLEUSE UW,2026-06-30 02:22:00+00:00,18.16,18.09578188108376,1,0.06421811891624074,0.06421811891624074
DUISBURG-MEIDERICH SCHLEUSE OW,2026-06-30 02:23:00+00:00,25.02,25.25696603712004,1,-0.23696603712004105,0.23696603712004105
DUISBURG-MEIDERICH SCHLEUSE UW,2026-06-30 02:23:00+00:00,18.16,18.09578188108376,1,0.06421811891624074,0.06421811891624074
DUISBURG-MEIDERICH SCHLEUSE OW,2026-06-30 02:24:00+00:00,25.02,25.277936632963513,1,-0.25793663296351355,0.25793663296351355
DUISBURG-MEIDERICH SCHLEUSE UW,2026-06-30 02:24:00+00:00,18.16,18.09578188108376,1,0.06421811891624074,0.06421811891624074
Basel-Rheinhalle,2026-06-30 02:25:00+00:00,523.0,513.2023513249941,1,9.797648675005917,9.797648675005917
DUISBURG-MEIDERICH SCHLEUSE OW,2026-06-30 02:25:00+00:00,25.02,25.301469912291587,1,-0.2814699122915876,0.2814699122915876
DUISBURG-MEIDERICH SCHLEUSE UW,2026-06-30 02:25:00+00:00,18.16,18.06433091065135,1,0.09566908934865026,0.09566908934865026
DUISBURG-MEIDERICH SCHLEUSE OW,2026-06-30 02:26:00+00:00,25.03,25.336169042907777,1,-0.3061690429077757,0.3061690429077757
DUISBURG-MEIDERICH SCHLEUSE UW,2026-06-30 02:26:00+00:00,18.16,18.06433091065135,1,0.09566908934865026,0.09566908934865026
DUISBURG-MEIDERICH SCHLEUSE OW,2026-06-30 02:27:00+00:00,25.03,25.301469912291587,1,-0.271469912291586,0.271469912291586
DUISBURG-MEIDERICH SCHLEUSE UW,2026-06-30 02:27:00+00:00,18.16,18.06433091065135,1,0.09566908934865026,0.09566908934865026
DUISBURG-MEIDERICH SCHLEUSE OW,2026-06-30 02:28:00+00:00,25.03,25.309825257568708,1,-0.2798252575687066,0.2798252575687066
DUISBURG-MEIDERICH SCHLEUSE UW,2026-06-30 02:28:00+00:00,18.16,18.06433091065135,1,0.09566908934865026,0.09566908934865026
DUISBURG-MEIDERICH SCHLEUSE OW,2026-06-30 02:29:00+00:00,25.03,25.35753364711419,1,-0.32753364711419053,0.32753364711419053
DUISBURG-MEIDERICH SCHLEUSE UW,2026-06-30 02:29:00+00:00,18.16,18.06433091065135,1,0.09566908934865026,0.09566908934865026
BINGEN,2026-06-30 02:30:00+00:00,107.0,104.7439943347108,1,2.2560056652891944,2.2560056652891944
BONN,2026-06-30 02:30:00+00:00,139.0,141.23707741610897,1,-2.237077416108974,2.237077416108974
BREISACH,2026-06-30 02:30:00+00:00,185.0,190.98944531595743,1,-5.9894453159574255,5.9894453159574255
Basel-Rheinhalle,2026-06-30 02:30:00+00:00,524.0,513.5239633068854,1,10.476036693114565,10.476036693114565
DUISBURG-MEIDERICH SCHLEUSE OW,2026-06-30 02:30:00+00:00,25.03,25.277936632963513,1,-0.24793663296351198,0.24793663296351198
DUISBURG-MEIDERICH SCHLEUSE UW,2026-06-30 02:30:00+00:00,18.16,18.06433091065135,1,0.09566908934865026,0.09566908934865026
DUISBURG-RUHRORT,2026-06-30 02:30:00+00:00,212.0,211.56179383782066,1,0.43820616217934116,0.43820616217934116
DÜSSELDORF,2026-06-30 02:30:00+00:00,82.0,78.53197695743448,1,3.4680230425655196,3.4680230425655196
EMMERICH,2026-06-30 02:30:00+00:00,53.0,54.79519438593062,1,-1.7951943859306212,1.7951943859306212
IFFEZHEIM,2026-06-30 02:30:00+00:00,149.0,154.64589762769438,1,-5.6458976276943815,5.6458976276943815
KAUB,2026-06-30 02:30:00+00:00,88.0,83.04794936339164,1,4.952050636608362,4.952050636608362
KOBLENZ,2026-06-30 02:30:00+00:00,82.0,79.17456449982066,1,2.8254355001793385,2.8254355001793385
KONSTANZ-RHEIN,2026-06-30 02:30:00+00:00,314.0,313.27354053793914,1,0.7264594620608591,0.7264594620608591
Koblenz OP,2026-06-30 02:30:00+00:00,200.0,203.31825301197614,1,-3.3182530119761395,3.3182530119761395
Koblenz UP,2026-06-30 02:30:00+00:00,47.0,47.64891530684679,1,-0.6489153068467886,0.6489153068467886
KÖLN,2026-06-30 02:30:00+00:00,134.0,131.89323857903173,1,2.106761420968269,2.106761420968269
LOBITH,2026-06-30 02:30:00+00:00,704.0,705.0373167689494,1,-1.0373167689493812,1.0373167689493812
MAINZ,2026-06-30 02:30:00+00:00,185.0,186.27532553641433,1,-1.2753255364143286,1.2753255364143286
MANNHEIM,2026-06-30 02:30:00+00:00,163.0,156.47602244393426,1,6.523977556065745,6.523977556065745
MAXAU,2026-06-30 02:30:00+00:00,411.0,410.0509511680356,1,0.949048831964376,0.949048831964376
REES,2026-06-30 02:30:00+00:00,96.0,96.7196421408341,1,-0.7196421408340967,0.7196421408340967
RHEINE UNTERSCHLEUSE,2026-06-30 02:30:00+00:00,232.0,213.0493030395422,1,18.950696960457805,18.950696960457805
RHEINWEILER,2026-06-30 02:30:00+00:00,222.0,224.53287259970907,1,-2.5328725997090658,2.5328725997090658
SANKT GOAR,2026-06-30 02:30:00+00:00,178.0,171.66128396019093,1,6.338716039809071,6.338716039809071
SPEYER,2026-06-30 02:30:00+00:00,255.0,251.99876049619502,1,3.0012395038049817,3.0012395038049817
WESEL,2026-06-30 02:30:00+00:00,152.0,150.13252861252235,1,1.86747138747765,1.86747138747765
WORMS,2026-06-30 02:30:00+00:00,73.0,73.17450330694167,1,-0.17450330694167349,0.17450330694167349
DUISBURG-MEIDERICH SCHLEUSE OW,2026-06-30 02:31:00+00:00,25.03,25.277936632963513,1,-0.24793663296351198,0.24793663296351198
DUISBURG-MEIDERICH SCHLEUSE UW,2026-06-30 02:31:00+00:00,18.16,18.06433091065135,1,0.09566908934865026,0.09566908934865026
DUISBURG-MEIDERICH SCHLEUSE OW,2026-06-30 02:32:00+00:00,25.03,25.277936632963513,1,-0.24793663296351198,0.24793663296351198
DUISBURG-MEIDERICH SCHLEUSE UW,2026-06-30 02:32:00+00:00,18.16,18.06433091065135,1,0.09566908934865026,0.09566908934865026
DUISBURG-MEIDERICH SCHLEUSE OW,2026-06-30 02:33:00+00:00,25.03,25.277936632963513,1,-0.24793663296351198,0.24793663296351198
DUISBURG-MEIDERICH SCHLEUSE UW,2026-06-30 02:33:00+00:00,18.16,18.06433091065135,1,0.09566908934865026,0.09566908934865026
DUISBURG-MEIDERICH SCHLEUSE OW,2026-06-30 02:34:00+00:00,25.03,25.277936632963513,1,-0.24793663296351198,0.24793663296351198
DUISBURG-MEIDERICH SCHLEUSE UW,2026-06-30 02:34:00+00:00,18.16,18.06433091065135,1,0.09566908934865026,0.09566908934865026
Basel-Rheinhalle,2026-06-30 02:35:00+00:00,524.0,516.7999226877995,1,7.200077312200506,7.200077312200506
DUISBURG-MEIDERICH SCHLEUSE OW,2026-06-30 02:35:00+00:00,25.03,25.277936632963513,1,-0.24793663296351198,0.24793663296351198
DUISBURG-MEIDERICH SCHLEUSE UW,2026-06-30 02:35:00+00:00,18.16,18.06433091065135,1,0.09566908934865026,0.09566908934865026
DUISBURG-MEIDERICH SCHLEUSE OW,2026-06-30 02:36:00+00:00,25.03,25.277936632963513,1,-0.24793663296351198,0.24793663296351198
DUISBURG-MEIDERICH SCHLEUSE UW,2026-06-30 02:36:00+00:00,18.16,18.088182370741,1,0.07181762925900159,0.07181762925900159
DUISBURG-MEIDERICH SCHLEUSE OW,2026-06-30 02:37:00+00:00,25.03,25.277936632963513,1,-0.24793663296351198,0.24793663296351198
DUISBURG-MEIDERICH SCHLEUSE UW,2026-06-30 02:37:00+00:00,18.16,18.111715650069073,1,0.04828434993092756,0.04828434993092756
DUISBURG-MEIDERICH SCHLEUSE OW,2026-06-30 02:38:00+00:00,25.03,25.277936632963513,1,-0.24793663296351198,0.24793663296351198
DUISBURG-MEIDERICH SCHLEUSE UW,2026-06-30 02:38:00+00:00,18.16,18.110914165609465,1,0.049085834390535155,0.049085834390535155
DUISBURG-MEIDERICH SCHLEUSE OW,2026-06-30 02:39:00+00:00,25.03,25.277936632963513,1,-0.24793663296351198,0.24793663296351198
DUISBURG-MEIDERICH SCHLEUSE UW,2026-06-30 02:39:00+00:00,18.16,18.094107231594094,1,0.06589276840590585,0.06589276840590585
Basel-Rheinhalle,2026-06-30 02:40:00+00:00,524.0,516.9761605040421,1,7.023839495957873,7.023839495957873
DUISBURG-MEIDERICH SCHLEUSE OW,2026-06-30 02:40:00+00:00,25.03,25.277936632963513,1,-0.24793663296351198,0.24793663296351198
DUISBURG-MEIDERICH SCHLEUSE UW,2026-06-30 02:40:00+00:00,18.17,18.102462576871215,1,0.06753742312878686,0.06753742312878686
LOBITH,2026-06-30 02:40:00+00:00,705.0,704.9652855433998,1,0.034714456600227095,0.034714456600227095
DUISBURG-MEIDERICH SCHLEUSE OW,2026-06-30 02:41:00+00:00,25.03,25.277936632963513,1,-0.24793663296351198,0.24793663296351198
DUISBURG-MEIDERICH SCHLEUSE UW,2026-06-30 02:41:00+00:00,18.17,18.102462576871215,1,0.06753742312878686,0.06753742312878686
DUISBURG-MEIDERICH SCHLEUSE OW,2026-06-30 02:42:00+00:00,25.03,25.277936632963513,1,-0.24793663296351198,0.24793663296351198
DUISBURG-MEIDERICH SCHLEUSE UW,2026-06-30 02:42:00+00:00,18.17,18.09578188108376,1,0.0742181189162423,0.0742181189162423
DUISBURG-MEIDERICH SCHLEUSE OW,2026-06-30 02:43:00+00:00,25.03,25.277936632963513,1,-0.24793663296351198,0.24793663296351198
DUISBURG-MEIDERICH SCHLEUSE UW,2026-06-30 02:43:00+00:00,18.17,18.09578188108376,1,0.0742181189162423,0.0742181189162423
DUISBURG-MEIDERICH SCHLEUSE OW,2026-06-30 02:44:00+00:00,25.03,25.277936632963513,1,-0.24793663296351198,0.24793663296351198
DUISBURG-MEIDERICH SCHLEUSE UW,2026-06-30 02:44:00+00:00,18.17,18.09578188108376,1,0.0742181189162423,0.0742181189162423
BINGEN,2026-06-30 02:45:00+00:00,107.0,104.97458884802757,1,2.0254111519724347,2.0254111519724347
BONN,2026-06-30 02:45:00+00:00,138.0,140.07765374760123,1,-2.0776537476012322,2.0776537476012322
BREISACH,2026-06-30 02:45:00+00:00,185.0,191.05107697635563,1,-6.051076976355631,6.051076976355631
Basel-Rheinhalle,2026-06-30 02:45:00+00:00,524.0,517.1996576349276,1,6.800342365072424,6.800342365072424
DUISBURG-MEIDERICH SCHLEUSE OW,2026-06-30 02:45:00+00:00,25.03,25.277936632963513,1,-0.24793663296351198,0.24793663296351198
DUISBURG-MEIDERICH SCHLEUSE UW,2026-06-30 02:45:00+00:00,18.17,18.09578188108376,1,0.0742181189162423,0.0742181189162423
DUISBURG-RUHRORT,2026-06-30 02:45:00+00:00,213.0,212.50986489932592,1,0.49013510067408106,0.49013510067408106
DÜSSELDORF,2026-06-30 02:45:00+00:00,82.0,79.27499064075548,1,2.725009359244524,2.725009359244524
EMMERICH,2026-06-30 02:45:00+00:00,53.0,53.430741284870976,1,-0.43074128487097596,0.43074128487097596
IFFEZHEIM,2026-06-30 02:45:00+00:00,146.0,154.2602403370015,1,-8.260240337001505,8.260240337001505
KAUB,2026-06-30 02:45:00+00:00,88.0,83.22537715347492,1,4.774622846525077,4.774622846525077
KOBLENZ,2026-06-30 02:45:00+00:00,84.0,79.053428664261,1,4.946571335738994,4.946571335738994
KONSTANZ-RHEIN,2026-06-30 02:45:00+00:00,313.0,313.22491462717676,1,-0.22491462717675859,0.22491462717675859
Koblenz OP,2026-06-30 02:45:00+00:00,202.0,202.669106676053,1,-0.6691066760529907,0.6691066760529907
Koblenz UP,2026-06-30 02:45:00+00:00,48.0,48.053883596946314,1,-0.05388359694631362,0.05388359694631362
KÖLN,2026-06-30 02:45:00+00:00,134.0,131.51520739655103,1,2.484792603448966,2.484792603448966
MAINZ,2026-06-30 02:45:00+00:00,185.0,186.28712936513665,1,-1.28712936513665,1.28712936513665
MANNHEIM,2026-06-30 02:45:00+00:00,164.0,157.96273861593332,1,6.037261384066682,6.037261384066682
MAXAU,2026-06-30 02:45:00+00:00,410.0,409.85595769284106,1,0.14404230715894073,0.14404230715894073
REES,2026-06-30 02:45:00+00:00,96.0,97.11647953536924,1,-1.116479535369237,1.116479535369237
RHEINE UNTERSCHLEUSE,2026-06-30 02:45:00+00:00,196.0,207.89039542293375,1,-11.89039542293375,11.89039542293375
RHEINWEILER,2026-06-30 02:45:00+00:00,223.0,225.05258065688608,1,-2.0525806568860787,2.0525806568860787
SANKT GOAR,2026-06-30 02:45:00+00:00,176.0,171.24163703635986,1,4.758362963640138,4.758362963640138
SPEYER,2026-06-30 02:45:00+00:00,254.0,251.83823625873347,1,2.161763741266526,2.161763741266526
WESEL,2026-06-30 02:45:00+00:00,151.0,150.4317916288368,1,0.5682083711631947,0.5682083711631947
WORMS,2026-06-30 02:45:00+00:00,74.0,73.4237805155984,1,0.5762194844016051,0.5762194844016051
DUISBURG-MEIDERICH SCHLEUSE OW,2026-06-30 02:46:00+00:00,25.03,25.277936632963513,1,-0.24793663296351198,0.24793663296351198
DUISBURG-MEIDERICH SCHLEUSE UW,2026-06-30 02:46:00+00:00,18.17,18.09578188108376,1,0.0742181189162423,0.0742181189162423
DUISBURG-MEIDERICH SCHLEUSE OW,2026-06-30 02:47:00+00:00,25.03,25.25696603712004,1,-0.2269660371200395,0.2269660371200395
DUISBURG-MEIDERICH SCHLEUSE UW,2026-06-30 02:47:00+00:00,18.17,18.099994366336485,1,0.07000563366351642,0.07000563366351642
DUISBURG-MEIDERICH SCHLEUSE OW,2026-06-30 02:48:00+00:00,25.04,25.25696603712004,1,-0.21696603712004148,0.21696603712004148
DUISBURG-MEIDERICH SCHLEUSE UW,2026-06-30 02:48:00+00:00,18.17,18.099994366336485,1,0.07000563366351642,0.07000563366351642
DUISBURG-MEIDERICH SCHLEUSE OW,2026-06-30 02:49:00+00:00,25.04,25.25696603712004,1,-0.21696603712004148,0.21696603712004148
DUISBURG-MEIDERICH SCHLEUSE UW,2026-06-30 02:49:00+00:00,18.17,18.09578188108376,1,0.0742181189162423,0.0742181189162423
Basel-Rheinhalle,2026-06-30 02:50:00+00:00,526.0,515.9025113879845,1,10.097488612015468,10.097488612015468
DUISBURG-MEIDERICH SCHLEUSE OW,2026-06-30 02:50:00+00:00,25.04,25.277936632963513,1,-0.23793663296351397,0.23793663296351397
DUISBURG-MEIDERICH SCHLEUSE UW,2026-06-30 02:50:00+00:00,18.17,18.09578188108376,1,0.0742181189162423,0.0742181189162423
LOBITH,2026-06-30 02:50:00+00:00,704.0,704.3061370128887,1,-0.306137012888712,0.306137012888712
DUISBURG-MEIDERICH SCHLEUSE OW,2026-06-30 02:51:00+00:00,25.04,25.301469912291587,1,-0.261469912291588,0.261469912291588
DUISBURG-MEIDERICH SCHLEUSE UW,2026-06-30 02:51:00+00:00,18.17,18.09578188108376,1,0.0742181189162423,0.0742181189162423
DUISBURG-MEIDERICH SCHLEUSE OW,2026-06-30 02:52:00+00:00,25.04,25.336169042907777,1,-0.2961690429077777,0.2961690429077777
DUISBURG-MEIDERICH SCHLEUSE UW,2026-06-30 02:52:00+00:00,18.17,18.09578188108376,1,0.0742181189162423,0.0742181189162423
DUISBURG-MEIDERICH SCHLEUSE OW,2026-06-30 02:53:00+00:00,25.04,25.301469912291587,1,-0.261469912291588,0.261469912291588
DUISBURG-MEIDERICH SCHLEUSE UW,2026-06-30 02:53:00+00:00,18.17,18.09578188108376,1,0.0742181189162423,0.0742181189162423
DUISBURG-MEIDERICH SCHLEUSE OW,2026-06-30 02:54:00+00:00,25.04,25.309825257568708,1,-0.26982525756870857,0.26982525756870857
DUISBURG-MEIDERICH SCHLEUSE UW,2026-06-30 02:54:00+00:00,18.17,18.09578188108376,1,0.0742181189162423,0.0742181189162423
Basel-Rheinhalle,2026-06-30 02:55:00+00:00,526.0,505.6389889132303,1,20.36101108676968,20.36101108676968
DUISBURG-MEIDERICH SCHLEUSE OW,2026-06-30 02:55:00+00:00,25.04,25.35753364711419,1,-0.3175336471141925,0.3175336471141925
DUISBURG-MEIDERICH SCHLEUSE UW,2026-06-30 02:55:00+00:00,18.17,18.09578188108376,1,0.0742181189162423,0.0742181189162423
DUISBURG-MEIDERICH SCHLEUSE OW,2026-06-30 02:56:00+00:00,25.04,25.277936632963513,1,-0.23793663296351397,0.23793663296351397
DUISBURG-MEIDERICH SCHLEUSE UW,2026-06-30 02:56:00+00:00,18.17,18.09578188108376,1,0.0742181189162423,0.0742181189162423
DUISBURG-MEIDERICH SCHLEUSE OW,2026-06-30 02:57:00+00:00,25.04,25.277936632963513,1,-0.23793663296351397,0.23793663296351397
DUISBURG-MEIDERICH SCHLEUSE UW,2026-06-30 02:57:00+00:00,18.17,18.09578188108376,1,0.0742181189162423,0.0742181189162423
DUISBURG-MEIDERICH SCHLEUSE OW,2026-06-30 02:58:00+00:00,25.04,25.277936632963513,1,-0.23793663296351397,0.23793663296351397
DUISBURG-MEIDERICH SCHLEUSE UW,2026-06-30 02:58:00+00:00,18.17,18.09578188108376,1,0.0742181189162423,0.0742181189162423
DUISBURG-MEIDERICH SCHLEUSE OW,2026-06-30 02:59:00+00:00,25.04,25.277936632963513,1,-0.23793663296351397,0.23793663296351397
DUISBURG-MEIDERICH SCHLEUSE UW,2026-06-30 02:59:00+00:00,18.17,18.06433091065135,1,0.10566908934865182,0.10566908934865182
BINGEN,2026-06-30 03:00:00+00:00,108.0,104.70945204567155,1,3.2905479543284457,3.2905479543284457
BONN,2026-06-30 03:00:00+00:00,137.0,141.23791627545774,1,-4.237916275457735,4.237916275457735
BREISACH,2026-06-30 03:00:00+00:00,186.0,191.6306212304364,1,-5.63062123043639,5.63062123043639
Basel-Rheinhalle,2026-06-30 03:00:00+00:00,527.0,518.2291534243826,1,8.770846575617384,8.770846575617384
DUISBURG-MEIDERICH SCHLEUSE OW,2026-06-30 03:00:00+00:00,25.04,25.248332386259644,1,-0.20833238625964512,0.20833238625964512
DUISBURG-MEIDERICH SCHLEUSE UW,2026-06-30 03:00:00+00:00,18.18,18.03472666394748,1,0.1452733360525187,0.1452733360525187
DUISBURG-RUHRORT,2026-06-30 03:00:00+00:00,212.0,213.03481520675126,1,-1.0348152067512615,1.0348152067512615
DÜSSELDORF,2026-06-30 03:00:00+00:00,81.0,79.46124276590076,1,1.5387572340992364,1.5387572340992364
EMMERICH,2026-06-30 03:00:00+00:00,54.0,53.24271572419757,1,0.7572842758024265,0.7572842758024265
IFFEZHEIM,2026-06-30 03:00:00+00:00,146.0,155.09813433063385,1,-9.098134330633854,9.098134330633854
KAUB,2026-06-30 03:00:00+00:00,89.0,83.37052746578702,1,5.629472534212979,5.629472534212979
KOBLENZ,2026-06-30 03:00:00+00:00,84.0,78.11047348027705,1,5.889526519722949,5.889526519722949
KONSTANZ-RHEIN,2026-06-30 03:00:00+00:00,313.0,312.8352263903631,1,0.1647736096368817,0.1647736096368817
Koblenz OP,2026-06-30 03:00:00+00:00,201.0,202.79098635646392,1,-1.7909863564639181,1.7909863564639181
Koblenz UP,2026-06-30 03:00:00+00:00,47.0,47.84576524594621,1,-0.845765245946211,0.845765245946211
KÖLN,2026-06-30 03:00:00+00:00,134.0,131.50413325336933,1,2.495866746630668,2.495866746630668
LOBITH,2026-06-30 03:00:00+00:00,704.0,704.3061370128887,1,-0.306137012888712,0.306137012888712
MAINZ,2026-06-30 03:00:00+00:00,185.0,187.076680544325,1,-2.0766805443250007,2.0766805443250007
MANNHEIM,2026-06-30 03:00:00+00:00,165.0,158.67775869699753,1,6.322241303002471,6.322241303002471
MAXAU,2026-06-30 03:00:00+00:00,410.0,412.90968466103163,1,-2.9096846610316334,2.9096846610316334
REES,2026-06-30 03:00:00+00:00,97.0,97.24927550363252,1,-0.24927550363251783,0.24927550363251783
RHEINE UNTERSCHLEUSE,2026-06-30 03:00:00+00:00,187.0,208.16053152132812,1,-21.160531521328124,21.160531521328124
RHEINWEILER,2026-06-30 03:00:00+00:00,223.0,224.72039695268109,1,-1.7203969526810852,1.7203969526810852
SANKT GOAR,2026-06-30 03:00:00+00:00,176.0,171.16151456679123,1,4.838485433208774,4.838485433208774
SPEYER,2026-06-30 03:00:00+00:00,255.0,251.90260424237547,1,3.0973957576245255,3.0973957576245255
WESEL,2026-06-30 03:00:00+00:00,152.0,150.02544300747803,1,1.9745569925219684,1.9745569925219684
WORMS,2026-06-30 03:00:00+00:00,74.0,73.00682594117359,1,0.993174058826412,0.993174058826412
DUISBURG-MEIDERICH SCHLEUSE OW,2026-06-30 03:01:00+00:00,25.04,25.251055530458668,1,-0.21105553045866898,0.21105553045866898
DUISBURG-MEIDERICH SCHLEUSE UW,2026-06-30 03:01:00+00:00,18.18,18.037449808146505,1,0.14255019185349482,0.14255019185349482
DUISBURG-MEIDERICH SCHLEUSE OW,2026-06-30 03:02:00+00:00,25.04,25.251055530458668,1,-0.21105553045866898,0.21105553045866898
DUISBURG-MEIDERICH SCHLEUSE UW,2026-06-30 03:02:00+00:00,18.18,18.037449808146505,1,0.14255019185349482,0.14255019185349482
DUISBURG-MEIDERICH SCHLEUSE OW,2026-06-30 03:03:00+00:00,25.04,25.277936632963513,1,-0.23793663296351397,0.23793663296351397
DUISBURG-MEIDERICH SCHLEUSE UW,2026-06-30 03:03:00+00:00,18.18,18.06433091065135,1,0.11566908934864983,0.11566908934864983
DUISBURG-MEIDERICH SCHLEUSE OW,2026-06-30 03:04:00+00:00,25.04,25.277936632963513,1,-0.23793663296351397,0.23793663296351397
DUISBURG-MEIDERICH SCHLEUSE UW,2026-06-30 03:04:00+00:00,18.18,18.09578188108376,1,0.08421811891624031,0.08421811891624031
Basel-Rheinhalle,2026-06-30 03:05:00+00:00,527.0,525.2435900227853,1,1.7564099772147301,1.7564099772147301
DUISBURG-MEIDERICH SCHLEUSE OW,2026-06-30 03:05:00+00:00,25.04,25.277936632963513,1,-0.23793663296351397,0.23793663296351397
DUISBURG-MEIDERICH SCHLEUSE UW,2026-06-30 03:05:00+00:00,18.18,18.119315160411833,1,0.060684839588166284,0.060684839588166284
DUISBURG-MEIDERICH SCHLEUSE OW,2026-06-30 03:06:00+00:00,25.04,25.215886634831616,1,-0.17588663483161682,0.17588663483161682
DUISBURG-MEIDERICH SCHLEUSE UW,2026-06-30 03:06:00+00:00,18.18,18.12930824772055,1,0.05069175227944811,0.05069175227944811
DUISBURG-MEIDERICH SCHLEUSE OW,2026-06-30 03:07:00+00:00,25.04,25.215886634831616,1,-0.17588663483161682,0.17588663483161682
DUISBURG-MEIDERICH SCHLEUSE UW,2026-06-30 03:07:00+00:00,18.18,18.094609117104362,1,0.08539088289563779,0.08539088289563779
DUISBURG-MEIDERICH SCHLEUSE OW,2026-06-30 03:08:00+00:00,25.04,25.215886634831616,1,-0.17588663483161682,0.17588663483161682
DUISBURG-MEIDERICH SCHLEUSE UW,2026-06-30 03:08:00+00:00,18.18,18.102964462381482,1,0.07703553761851722,0.07703553761851722
DUISBURG-MEIDERICH SCHLEUSE OW,2026-06-30 03:09:00+00:00,25.04,25.215886634831616,1,-0.17588663483161682,0.17588663483161682
DUISBURG-MEIDERICH SCHLEUSE UW,2026-06-30 03:09:00+00:00,18.18,18.102964462381482,1,0.07703553761851722,0.07703553761851722
Basel-Rheinhalle,2026-06-30 03:10:00+00:00,526.0,525.7394813843015,1,0.26051861569851553,0.26051861569851553
DUISBURG-MEIDERICH SCHLEUSE OW,2026-06-30 03:10:00+00:00,25.04,25.215886634831616,1,-0.17588663483161682,0.17588663483161682
DUISBURG-MEIDERICH SCHLEUSE UW,2026-06-30 03:10:00+00:00,18.18,18.033731882951862,1,0.14626811704813747,0.14626811704813747
LOBITH,2026-06-30 03:10:00+00:00,704.0,704.6485338100615,1,-0.6485338100615081,0.6485338100615081
DUISBURG-MEIDERICH SCHLEUSE OW,2026-06-30 03:11:00+00:00,25.04,25.215886634831616,1,-0.17588663483161682,0.17588663483161682
DUISBURG-MEIDERICH SCHLEUSE UW,2026-06-30 03:11:00+00:00,18.18,18.033731882951862,1,0.14626811704813747,0.14626811704813747
DUISBURG-MEIDERICH SCHLEUSE OW,2026-06-30 03:12:00+00:00,25.04,25.277936632963513,1,-0.23793663296351397,0.23793663296351397
DUISBURG-MEIDERICH SCHLEUSE UW,2026-06-30 03:12:00+00:00,18.17,18.09578188108376,1,0.0742181189162423,0.0742181189162423
DUISBURG-MEIDERICH SCHLEUSE OW,2026-06-30 03:13:00+00:00,25.04,25.301469912291587,1,-0.261469912291588,0.261469912291588
DUISBURG-MEIDERICH SCHLEUSE UW,2026-06-30 03:13:00+00:00,18.17,18.09578188108376,1,0.0742181189162423,0.0742181189162423
DUISBURG-MEIDERICH SCHLEUSE OW,2026-06-30 03:14:00+00:00,25.04,25.336169042907777,1,-0.2961690429077777,0.2961690429077777
DUISBURG-MEIDERICH SCHLEUSE UW,2026-06-30 03:14:00+00:00,18.17,18.099994366336485,1,0.07000563366351642,0.07000563366351642
BINGEN,2026-06-30 03:15:00+00:00,106.0,105.01827999200577,1,0.9817200079942268,0.9817200079942268
BONN,2026-06-30 03:15:00+00:00,138.0,141.4824421663541,1,-3.4824421663541045,3.4824421663541045
BREISACH,2026-06-30 03:15:00+00:00,188.0,191.74725242458103,1,-3.747252424581035,3.747252424581035
Basel-Rheinhalle,2026-06-30 03:15:00+00:00,526.0,525.5731421126409,1,0.42685788735911956,0.42685788735911956
DUISBURG-MEIDERICH SCHLEUSE OW,2026-06-30 03:15:00+00:00,25.04,25.301469912291587,1,-0.261469912291588,0.261469912291588
DUISBURG-MEIDERICH SCHLEUSE UW,2026-06-30 03:15:00+00:00,18.17,18.099994366336485,1,0.07000563366351642,0.07000563366351642
DUISBURG-RUHRORT,2026-06-30 03:15:00+00:00,212.0,212.69531661487238,1,-0.6953166148723824,0.6953166148723824
DÜSSELDORF,2026-06-30 03:15:00+00:00,82.0,79.84601667732498,1,2.1539833226750176,2.1539833226750176
EMMERICH,2026-06-30 03:15:00+00:00,53.0,50.284606883403306,1,2.715393116596694,2.715393116596694
IFFEZHEIM,2026-06-30 03:15:00+00:00,144.0,155.91144635383924,1,-11.911446353839239,11.911446353839239
KAUB,2026-06-30 03:15:00+00:00,89.0,82.87403137507795,1,6.125968624922052,6.125968624922052
KOBLENZ,2026-06-30 03:15:00+00:00,81.0,76.86433275333762,1,4.135667246662379,4.135667246662379
KONSTANZ-RHEIN,2026-06-30 03:15:00+00:00,313.0,312.7028734098479,1,0.29712659015211784,0.29712659015211784
Koblenz OP,2026-06-30 03:15:00+00:00,200.0,206.8433639494844,1,-6.843363949484399,6.843363949484399
Koblenz UP,2026-06-30 03:15:00+00:00,46.0,47.78991559109078,1,-1.7899155910907822,1.7899155910907822
KÖLN,2026-06-30 03:15:00+00:00,134.0,131.62054164322447,1,2.3794583567755296,2.3794583567755296
MAINZ,2026-06-30 03:15:00+00:00,184.0,187.3792720714712,1,-3.379272071471206,3.379272071471206
MANNHEIM,2026-06-30 03:15:00+00:00,164.0,157.87834803070376,1,6.121651969296238,6.121651969296238
MAXAU,2026-06-30 03:15:00+00:00,409.0,412.78775801143246,1,-3.7877580114324587,3.7877580114324587
REES,2026-06-30 03:15:00+00:00,96.0,97.39293403019623,1,-1.3929340301962299,1.3929340301962299
RHEINE UNTERSCHLEUSE,2026-06-30 03:15:00+00:00,186.0,208.16053152132812,1,-22.160531521328124,22.160531521328124
RHEINWEILER,2026-06-30 03:15:00+00:00,223.0,224.65338752495867,1,-1.6533875249586742,1.6533875249586742
SANKT GOAR,2026-06-30 03:15:00+00:00,176.0,170.25891355119649,1,5.7410864488035145,5.7410864488035145
SPEYER,2026-06-30 03:15:00+00:00,255.0,252.20468486213773,1,2.795315137862275,2.795315137862275
WESEL,2026-06-30 03:15:00+00:00,152.0,150.27860257898362,1,1.721397421016377,1.721397421016377
WORMS,2026-06-30 03:15:00+00:00,74.0,73.05404818657829,1,0.9459518134217149,0.9459518134217149
DUISBURG-MEIDERICH SCHLEUSE OW,2026-06-30 03:16:00+00:00,25.04,25.309825257568708,1,-0.26982525756870857,0.26982525756870857
DUISBURG-MEIDERICH SCHLEUSE UW,2026-06-30 03:16:00+00:00,18.18,18.09578188108376,1,0.08421811891624031,0.08421811891624031
DUISBURG-MEIDERICH SCHLEUSE OW,2026-06-30 03:17:00+00:00,25.04,25.35753364711419,1,-0.3175336471141925,0.3175336471141925
DUISBURG-MEIDERICH SCHLEUSE UW,2026-06-30 03:17:00+00:00,18.18,18.09578188108376,1,0.08421811891624031,0.08421811891624031
DUISBURG-MEIDERICH SCHLEUSE OW,2026-06-30 03:18:00+00:00,25.04,25.277936632963513,1,-0.23793663296351397,0.23793663296351397
DUISBURG-MEIDERICH SCHLEUSE UW,2026-06-30 03:18:00+00:00,18.18,18.09578188108376,1,0.08421811891624031,0.08421811891624031
DUISBURG-MEIDERICH SCHLEUSE OW,2026-06-30 03:19:00+00:00,25.04,25.277936632963513,1,-0.23793663296351397,0.23793663296351397
DUISBURG-MEIDERICH SCHLEUSE UW,2026-06-30 03:19:00+00:00,18.18,18.09578188108376,1,0.08421811891624031,0.08421811891624031
Basel-Rheinhalle,2026-06-30 03:20:00+00:00,526.0,525.3146521250382,1,0.6853478749618489,0.6853478749618489
DUISBURG-MEIDERICH SCHLEUSE OW,2026-06-30 03:20:00+00:00,25.04,25.277936632963513,1,-0.23793663296351397,0.23793663296351397
DUISBURG-MEIDERICH SCHLEUSE UW,2026-06-30 03:20:00+00:00,18.18,18.09578188108376,1,0.08421811891624031,0.08421811891624031
LOBITH,2026-06-30 03:20:00+00:00,704.0,704.6506435546528,1,-0.6506435546527882,0.6506435546527882
DUISBURG-MEIDERICH SCHLEUSE OW,2026-06-30 03:21:00+00:00,25.04,25.277936632963513,1,-0.23793663296351397,0.23793663296351397
DUISBURG-MEIDERICH SCHLEUSE UW,2026-06-30 03:21:00+00:00,18.18,18.09578188108376,1,0.08421811891624031,0.08421811891624031
DUISBURG-MEIDERICH SCHLEUSE OW,2026-06-30 03:22:00+00:00,25.04,25.277936632963513,1,-0.23793663296351397,0.23793663296351397
DUISBURG-MEIDERICH SCHLEUSE UW,2026-06-30 03:22:00+00:00,18.18,18.09578188108376,1,0.08421811891624031,0.08421811891624031
DUISBURG-MEIDERICH SCHLEUSE OW,2026-06-30 03:23:00+00:00,25.04,25.277936632963513,1,-0.23793663296351397,0.23793663296351397
DUISBURG-MEIDERICH SCHLEUSE UW,2026-06-30 03:23:00+00:00,18.18,18.09578188108376,1,0.08421811891624031,0.08421811891624031
DUISBURG-MEIDERICH SCHLEUSE OW,2026-06-30 03:24:00+00:00,25.04,25.277936632963513,1,-0.23793663296351397,0.23793663296351397
DUISBURG-MEIDERICH SCHLEUSE UW,2026-06-30 03:24:00+00:00,18.18,18.09578188108376,1,0.08421811891624031,0.08421811891624031
Basel-Rheinhalle,2026-06-30 03:25:00+00:00,526.0,525.7174776680594,1,0.28252233194064047,0.28252233194064047
DUISBURG-MEIDERICH SCHLEUSE OW,2026-06-30 03:25:00+00:00,25.04,25.277936632963513,1,-0.23793663296351397,0.23793663296351397
DUISBURG-MEIDERICH SCHLEUSE UW,2026-06-30 03:25:00+00:00,18.17,18.127670505688954,1,0.04232949431104771,0.04232949431104771
DUISBURG-MEIDERICH SCHLEUSE OW,2026-06-30 03:26:00+00:00,25.04,25.277936632963513,1,-0.23793663296351397,0.23793663296351397
DUISBURG-MEIDERICH SCHLEUSE UW,2026-06-30 03:26:00+00:00,18.17,18.162369636305144,1,0.007630363694858033,0.007630363694858033
DUISBURG-MEIDERICH SCHLEUSE OW,2026-06-30 03:27:00+00:00,25.04,25.277936632963513,1,-0.23793663296351397,0.23793663296351397
DUISBURG-MEIDERICH SCHLEUSE UW,2026-06-30 03:27:00+00:00,18.17,18.119315160411833,1,0.05068483958816827,0.05068483958816827
DUISBURG-MEIDERICH SCHLEUSE OW,2026-06-30 03:28:00+00:00,25.04,25.277936632963513,1,-0.23793663296351397,0.23793663296351397
DUISBURG-MEIDERICH SCHLEUSE UW,2026-06-30 03:28:00+00:00,18.17,18.127670505688954,1,0.04232949431104771,0.04232949431104771
DUISBURG-MEIDERICH SCHLEUSE OW,2026-06-30 03:29:00+00:00,25.04,25.277936632963513,1,-0.23793663296351397,0.23793663296351397
DUISBURG-MEIDERICH SCHLEUSE UW,2026-06-30 03:29:00+00:00,18.17,18.127670505688954,1,0.04232949431104771,0.04232949431104771
BINGEN,2026-06-30 03:30:00+00:00,107.0,104.58293164412368,1,2.4170683558763244,2.4170683558763244
BONN,2026-06-30 03:30:00+00:00,137.0,141.1393470609068,1,-4.1393470609068,4.1393470609068
BREISACH,2026-06-30 03:30:00+00:00,187.0,191.30024918135706,1,-4.30024918135706,4.30024918135706
Basel-Rheinhalle,2026-06-30 03:30:00+00:00,526.0,526.4628329854905,1,-0.462832985490536,0.462832985490536
DUISBURG-MEIDERICH SCHLEUSE OW,2026-06-30 03:30:00+00:00,25.04,25.277936632963513,1,-0.23793663296351397,0.23793663296351397
DUISBURG-MEIDERICH SCHLEUSE UW,2026-06-30 03:30:00+00:00,18.17,18.09578188108376,1,0.0742181189162423,0.0742181189162423
DUISBURG-RUHRORT,2026-06-30 03:30:00+00:00,214.0,212.52432927473313,1,1.4756707252668662,1.4756707252668662
DÜSSELDORF,2026-06-30 03:30:00+00:00,83.0,78.9603004672999,1,4.039699532700098,4.039699532700098
EMMERICH,2026-06-30 03:30:00+00:00,53.0,50.531124436121445,1,2.468875563878555,2.468875563878555
IFFEZHEIM,2026-06-30 03:30:00+00:00,144.0,156.95448905183287,1,-12.954489051832866,12.954489051832866
KAUB,2026-06-30 03:30:00+00:00,88.0,82.9525102564665,1,5.047489743533504,5.047489743533504
KOBLENZ,2026-06-30 03:30:00+00:00,84.0,78.77087741420941,1,5.229122585790591,5.229122585790591
KONSTANZ-RHEIN,2026-06-30 03:30:00+00:00,313.0,312.6224138775847,1,0.3775861224153232,0.3775861224153232
Koblenz OP,2026-06-30 03:30:00+00:00,201.0,202.60220802925295,1,-1.6022080292529495,1.6022080292529495
Koblenz UP,2026-06-30 03:30:00+00:00,45.0,47.831952892881226,1,-2.831952892881226,2.831952892881226
KÖLN,2026-06-30 03:30:00+00:00,134.0,131.5527637571572,1,2.4472362428427914,2.4472362428427914
LOBITH,2026-06-30 03:30:00+00:00,704.0,704.6506435546528,1,-0.6506435546527882,0.6506435546527882
MAINZ,2026-06-30 03:30:00+00:00,184.0,187.09231728735404,1,-3.092317287354035,3.092317287354035
MANNHEIM,2026-06-30 03:30:00+00:00,163.0,158.47360785244518,1,4.526392147554816,4.526392147554816
MAXAU,2026-06-30 03:30:00+00:00,409.0,412.2412737195398,1,-3.2412737195397767,3.2412737195397767
REES,2026-06-30 03:30:00+00:00,96.0,97.67538872463246,1,-1.6753887246324553,1.6753887246324553
RHEINE UNTERSCHLEUSE,2026-06-30 03:30:00+00:00,186.0,208.16053152132812,1,-22.160531521328124,22.160531521328124
RHEINWEILER,2026-06-30 03:30:00+00:00,223.0,224.45193795395164,1,-1.4519379539516422,1.4519379539516422
SANKT GOAR,2026-06-30 03:30:00+00:00,177.0,168.92584124793177,1,8.074158752068229,8.074158752068229
SPEYER,2026-06-30 03:30:00+00:00,255.0,252.272462748205,1,2.727537251795013,2.727537251795013
WESEL,2026-06-30 03:30:00+00:00,152.0,150.63418085215466,1,1.3658191478453432,1.3658191478453432
WORMS,2026-06-30 03:30:00+00:00,74.0,73.02878000755014,1,0.9712199924498606,0.9712199924498606
DUISBURG-MEIDERICH SCHLEUSE OW,2026-06-30 03:31:00+00:00,25.04,25.277936632963513,1,-0.23793663296351397,0.23793663296351397
DUISBURG-MEIDERICH SCHLEUSE UW,2026-06-30 03:31:00+00:00,18.17,18.09578188108376,1,0.0742181189162423,0.0742181189162423
DUISBURG-MEIDERICH SCHLEUSE OW,2026-06-30 03:32:00+00:00,25.04,25.277936632963513,1,-0.23793663296351397,0.23793663296351397
DUISBURG-MEIDERICH SCHLEUSE UW,2026-06-30 03:32:00+00:00,18.17,18.09578188108376,1,0.0742181189162423,0.0742181189162423
DUISBURG-MEIDERICH SCHLEUSE OW,2026-06-30 03:33:00+00:00,25.04,25.277936632963513,1,-0.23793663296351397,0.23793663296351397
DUISBURG-MEIDERICH SCHLEUSE UW,2026-06-30 03:33:00+00:00,18.17,18.09578188108376,1,0.0742181189162423,0.0742181189162423
DUISBURG-MEIDERICH SCHLEUSE OW,2026-06-30 03:34:00+00:00,25.04,25.277936632963513,1,-0.23793663296351397,0.23793663296351397
DUISBURG-MEIDERICH SCHLEUSE UW,2026-06-30 03:34:00+00:00,18.17,18.09578188108376,1,0.0742181189162423,0.0742181189162423
Basel-Rheinhalle,2026-06-30 03:35:00+00:00,526.0,534.9072873749219,1,-8.907287374921907,8.907287374921907
DUISBURG-MEIDERICH SCHLEUSE OW,2026-06-30 03:35:00+00:00,25.04,25.25696603712004,1,-0.21696603712004148,0.21696603712004148
DUISBURG-MEIDERICH SCHLEUSE UW,2026-06-30 03:35:00+00:00,18.17,18.099994366336485,1,0.07000563366351642,0.07000563366351642
DUISBURG-MEIDERICH SCHLEUSE OW,2026-06-30 03:36:00+00:00,25.04,25.25696603712004,1,-0.21696603712004148,0.21696603712004148
DUISBURG-MEIDERICH SCHLEUSE UW,2026-06-30 03:36:00+00:00,18.18,18.099994366336485,1,0.08000563366351443,0.08000563366351443
DUISBURG-MEIDERICH SCHLEUSE OW,2026-06-30 03:37:00+00:00,25.04,25.25696603712004,1,-0.21696603712004148,0.21696603712004148
DUISBURG-MEIDERICH SCHLEUSE UW,2026-06-30 03:37:00+00:00,18.18,18.13188299094168,1,0.04811700905831984,0.04811700905831984
DUISBURG-MEIDERICH SCHLEUSE OW,2026-06-30 03:38:00+00:00,25.04,25.25696603712004,1,-0.21696603712004148,0.21696603712004148
DUISBURG-MEIDERICH SCHLEUSE UW,2026-06-30 03:38:00+00:00,18.18,18.131081506482072,1,0.04891849351792743,0.04891849351792743
DUISBURG-MEIDERICH SCHLEUSE OW,2026-06-30 03:39:00+00:00,25.04,25.25696603712004,1,-0.21696603712004148,0.21696603712004148
DUISBURG-MEIDERICH SCHLEUSE UW,2026-06-30 03:39:00+00:00,18.18,18.13188299094168,1,0.04811700905831984,0.04811700905831984
Basel-Rheinhalle,2026-06-30 03:40:00+00:00,526.0,533.7580837032378,1,-7.758083703237844,7.758083703237844
DUISBURG-MEIDERICH SCHLEUSE OW,2026-06-30 03:40:00+00:00,25.04,25.25696603712004,1,-0.21696603712004148,0.21696603712004148
DUISBURG-MEIDERICH SCHLEUSE UW,2026-06-30 03:40:00+00:00,18.18,18.127670505688954,1,0.05232949431104572,0.05232949431104572
LOBITH,2026-06-30 03:40:00+00:00,704.0,704.452680738927,1,-0.45268073892702887,0.45268073892702887
DUISBURG-MEIDERICH SCHLEUSE OW,2026-06-30 03:41:00+00:00,25.04,25.25696603712004,1,-0.21696603712004148,0.21696603712004148
DUISBURG-MEIDERICH SCHLEUSE UW,2026-06-30 03:41:00+00:00,18.18,18.127670505688954,1,0.05232949431104572,0.05232949431104572
DUISBURG-MEIDERICH SCHLEUSE OW,2026-06-30 03:42:00+00:00,25.04,25.25696603712004,1,-0.21696603712004148,0.21696603712004148
DUISBURG-MEIDERICH SCHLEUSE UW,2026-06-30 03:42:00+00:00,18.18,18.127670505688954,1,0.05232949431104572,0.05232949431104572
DUISBURG-MEIDERICH SCHLEUSE OW,2026-06-30 03:43:00+00:00,25.04,25.25696603712004,1,-0.21696603712004148,0.21696603712004148
DUISBURG-MEIDERICH SCHLEUSE UW,2026-06-30 03:43:00+00:00,18.18,18.127670505688954,1,0.05232949431104572,0.05232949431104572
DUISBURG-MEIDERICH SCHLEUSE OW,2026-06-30 03:44:00+00:00,25.04,25.25696603712004,1,-0.21696603712004148,0.21696603712004148
DUISBURG-MEIDERICH SCHLEUSE UW,2026-06-30 03:44:00+00:00,18.18,18.127670505688954,1,0.05232949431104572,0.05232949431104572
BINGEN,2026-06-30 03:45:00+00:00,107.0,104.71343970622664,1,2.2865602937733627,2.2865602937733627
BONN,2026-06-30 03:45:00+00:00,137.0,141.21070867341487,1,-4.210708673414871,4.210708673414871
BREISACH,2026-06-30 03:45:00+00:00,187.0,191.7027835165161,1,-4.702783516516092,4.702783516516092
Basel-Rheinhalle,2026-06-30 03:45:00+00:00,528.0,527.1017181360842,1,0.8982818639158268,0.8982818639158268
DUISBURG-MEIDERICH SCHLEUSE OW,2026-06-30 03:45:00+00:00,25.04,25.25696603712004,1,-0.21696603712004148,0.21696603712004148
DUISBURG-MEIDERICH SCHLEUSE UW,2026-06-30 03:45:00+00:00,18.18,18.127670505688954,1,0.05232949431104572,0.05232949431104572
DUISBURG-RUHRORT,2026-06-30 03:45:00+00:00,214.0,212.41198314147493,1,1.5880168585250658,1.5880168585250658
DÜSSELDORF,2026-06-30 03:45:00+00:00,83.0,78.69265153382925,1,4.307348466170751,4.307348466170751
EMMERICH,2026-06-30 03:45:00+00:00,53.0,54.13176006165942,1,-1.1317600616594206,1.1317600616594206
IFFEZHEIM,2026-06-30 03:45:00+00:00,148.0,158.4247805808943,1,-10.424780580894293,10.424780580894293
KAUB,2026-06-30 03:45:00+00:00,89.0,83.00246913356345,1,5.9975308664365485,5.9975308664365485
KOBLENZ,2026-06-30 03:45:00+00:00,82.0,81.24112687689876,1,0.7588731231012389,0.7588731231012389
KONSTANZ-RHEIN,2026-06-30 03:45:00+00:00,313.0,312.71142575046434,1,0.2885742495356567,0.2885742495356567
Koblenz OP,2026-06-30 03:45:00+00:00,201.0,203.5846108576143,1,-2.584610857614308,2.584610857614308
Koblenz UP,2026-06-30 03:45:00+00:00,44.0,48.238968496634854,1,-4.238968496634854,4.238968496634854
KÖLN,2026-06-30 03:45:00+00:00,134.0,131.5334412175842,1,2.4665587824158024,2.4665587824158024
MAINZ,2026-06-30 03:45:00+00:00,184.0,187.23456312880234,1,-3.2345631288023355,3.2345631288023355
MANNHEIM,2026-06-30 03:45:00+00:00,164.0,157.6754780377866,1,6.324521962213396,6.324521962213396
MAXAU,2026-06-30 03:45:00+00:00,409.0,412.2170133293522,1,-3.2170133293521985,3.2170133293521985
REES,2026-06-30 03:45:00+00:00,95.0,97.7086851287428,1,-2.7086851287428004,2.7086851287428004
RHEINE UNTERSCHLEUSE,2026-06-30 03:45:00+00:00,185.0,208.25320220365884,1,-23.253202203658844,23.253202203658844
RHEINWEILER,2026-06-30 03:45:00+00:00,223.0,224.430642590224,1,-1.4306425902240107,1.4306425902240107
SANKT GOAR,2026-06-30 03:45:00+00:00,178.0,168.67751537233272,1,9.32248462766728,9.32248462766728
SPEYER,2026-06-30 03:45:00+00:00,256.0,252.10483196619865,1,3.8951680338013546,3.8951680338013546
WESEL,2026-06-30 03:45:00+00:00,152.0,151.40965858077206,1,0.5903414192279399,0.5903414192279399
WORMS,2026-06-30 03:45:00+00:00,74.0,72.76033167896453,1,1.2396683210354666,1.2396683210354666
DUISBURG-MEIDERICH SCHLEUSE OW,2026-06-30 03:46:00+00:00,25.04,25.25696603712004,1,-0.21696603712004148,0.21696603712004148
DUISBURG-MEIDERICH SCHLEUSE UW,2026-06-30 03:46:00+00:00,18.18,18.09578188108376,1,0.08421811891624031,0.08421811891624031
DUISBURG-MEIDERICH SCHLEUSE OW,2026-06-30 03:47:00+00:00,25.04,25.25696603712004,1,-0.21696603712004148,0.21696603712004148
DUISBURG-MEIDERICH SCHLEUSE UW,2026-06-30 03:47:00+00:00,18.18,18.09578188108376,1,0.08421811891624031,0.08421811891624031
DUISBURG-MEIDERICH SCHLEUSE OW,2026-06-30 03:48:00+00:00,25.04,25.25696603712004,1,-0.21696603712004148,0.21696603712004148
DUISBURG-MEIDERICH SCHLEUSE UW,2026-06-30 03:48:00+00:00,18.18,18.09578188108376,1,0.08421811891624031,0.08421811891624031
DUISBURG-MEIDERICH SCHLEUSE OW,2026-06-30 03:49:00+00:00,25.04,25.25696603712004,1,-0.21696603712004148,0.21696603712004148
DUISBURG-MEIDERICH SCHLEUSE UW,2026-06-30 03:49:00+00:00,18.18,18.09578188108376,1,0.08421811891624031,0.08421811891624031
Basel-Rheinhalle,2026-06-30 03:50:00+00:00,529.0,521.3277122902496,1,7.672287709750435,7.672287709750435
DUISBURG-MEIDERICH SCHLEUSE OW,2026-06-30 03:50:00+00:00,25.04,25.25696603712004,1,-0.21696603712004148,0.21696603712004148
DUISBURG-MEIDERICH SCHLEUSE UW,2026-06-30 03:50:00+00:00,18.18,18.127670505688954,1,0.05232949431104572,0.05232949431104572
LOBITH,2026-06-30 03:50:00+00:00,704.0,704.5247119644766,1,-0.5247119644766371,0.5247119644766371
DUISBURG-MEIDERICH SCHLEUSE OW,2026-06-30 03:51:00+00:00,25.04,25.25696603712004,1,-0.21696603712004148,0.21696603712004148
DUISBURG-MEIDERICH SCHLEUSE UW,2026-06-30 03:51:00+00:00,18.19,18.126869021229346,1,0.06313097877065488,0.06313097877065488
DUISBURG-MEIDERICH SCHLEUSE OW,2026-06-30 03:52:00+00:00,25.04,25.25696603712004,1,-0.21696603712004148,0.21696603712004148
DUISBURG-MEIDERICH SCHLEUSE UW,2026-06-30 03:52:00+00:00,18.19,18.127670505688954,1,0.062329494311047284,0.062329494311047284
DUISBURG-MEIDERICH SCHLEUSE OW,2026-06-30 03:53:00+00:00,25.04,25.25696603712004,1,-0.21696603712004148,0.21696603712004148
DUISBURG-MEIDERICH SCHLEUSE UW,2026-06-30 03:53:00+00:00,18.19,18.127670505688954,1,0.062329494311047284,0.062329494311047284
DUISBURG-MEIDERICH SCHLEUSE OW,2026-06-30 03:54:00+00:00,25.04,25.25696603712004,1,-0.21696603712004148,0.21696603712004148
DUISBURG-MEIDERICH SCHLEUSE UW,2026-06-30 03:54:00+00:00,18.19,18.127670505688954,1,0.062329494311047284,0.062329494311047284
Basel-Rheinhalle,2026-06-30 03:55:00+00:00,527.0,521.1146305708097,1,5.885369429190291,5.885369429190291
DUISBURG-MEIDERICH SCHLEUSE OW,2026-06-30 03:55:00+00:00,25.04,25.25696603712004,1,-0.21696603712004148,0.21696603712004148
DUISBURG-MEIDERICH SCHLEUSE UW,2026-06-30 03:55:00+00:00,18.19,18.09578188108376,1,0.09421811891624188,0.09421811891624188
DUISBURG-MEIDERICH SCHLEUSE OW,2026-06-30 03:56:00+00:00,25.04,25.25696603712004,1,-0.21696603712004148,0.21696603712004148
DUISBURG-MEIDERICH SCHLEUSE UW,2026-06-30 03:56:00+00:00,18.19,18.099994366336485,1,0.090005633663516,0.090005633663516
DUISBURG-MEIDERICH SCHLEUSE OW,2026-06-30 03:57:00+00:00,25.03,25.25696603712004,1,-0.2269660371200395,0.2269660371200395
DUISBURG-MEIDERICH SCHLEUSE UW,2026-06-30 03:57:00+00:00,18.19,18.09578188108376,1,0.09421811891624188,0.09421811891624188
DUISBURG-MEIDERICH SCHLEUSE OW,2026-06-30 03:58:00+00:00,25.03,25.25696603712004,1,-0.2269660371200395,0.2269660371200395
DUISBURG-MEIDERICH SCHLEUSE UW,2026-06-30 03:58:00+00:00,18.19,18.09578188108376,1,0.09421811891624188,0.09421811891624188
DUISBURG-MEIDERICH SCHLEUSE OW,2026-06-30 03:59:00+00:00,25.03,25.25696603712004,1,-0.2269660371200395,0.2269660371200395
DUISBURG-MEIDERICH SCHLEUSE UW,2026-06-30 03:59:00+00:00,18.2,18.09578188108376,1,0.10421811891623989,0.10421811891623989
BINGEN,2026-06-30 04:00:00+00:00,106.0,104.72234132469433,1,1.2776586753056733,1.2776586753056733
BONN,2026-06-30 04:00:00+00:00,137.0,141.2984879129526,1,-4.298487912952595,4.298487912952595
BREISACH,2026-06-30 04:00:00+00:00,187.0,192.62793986891236,1,-5.627939868912364,5.627939868912364
Basel-Rheinhalle,2026-06-30 04:00:00+00:00,527.0,520.525828447497,1,6.47417155250298,6.47417155250298
DUISBURG-MEIDERICH SCHLEUSE OW,2026-06-30 04:00:00+00:00,25.03,25.389014521495124,1,-0.3590145214951228,0.3590145214951228
DUISBURG-MEIDERICH SCHLEUSE UW,2026-06-30 04:00:00+00:00,18.2,18.193575917868078,1,0.006424082131921693,0.006424082131921693
DUISBURG-RUHRORT,2026-06-30 04:00:00+00:00,213.0,214.61954505080553,1,-1.6195450508055274,1.6195450508055274
DÜSSELDORF,2026-06-30 04:00:00+00:00,83.0,79.697454064142,1,3.3025459358580065,3.3025459358580065
EMMERICH,2026-06-30 04:00:00+00:00,54.0,53.50318202927201,1,0.4968179707279887,0.4968179707279887
IFFEZHEIM,2026-06-30 04:00:00+00:00,146.0,158.1784312902492,1,-12.178431290249193,12.178431290249193
KAUB,2026-06-30 04:00:00+00:00,90.0,83.0152101195371,1,6.984789880462898,6.984789880462898
KOBLENZ,2026-06-30 04:00:00+00:00,85.0,78.75917216137529,1,6.2408278386247105,6.2408278386247105
KONSTANZ-RHEIN,2026-06-30 04:00:00+00:00,313.0,312.36906428477164,1,0.630935715228361,0.630935715228361
Koblenz OP,2026-06-30 04:00:00+00:00,203.0,205.86751354609495,1,-2.867513546094955,2.867513546094955
Koblenz UP,2026-06-30 04:00:00+00:00,45.0,48.59865322845178,1,-3.5986532284517807,3.5986532284517807
KÖLN,2026-06-30 04:00:00+00:00,134.0,131.74013809666712,1,2.259861903332876,2.259861903332876
LOBITH,2026-06-30 04:00:00+00:00,704.0,704.7226747802024,1,-0.7226747802023965,0.7226747802023965
MAINZ,2026-06-30 04:00:00+00:00,184.0,187.19987597407138,1,-3.199875974071375,3.199875974071375
MANNHEIM,2026-06-30 04:00:00+00:00,163.0,158.04133770824438,1,4.958662291755616,4.958662291755616
MAXAU,2026-06-30 04:00:00+00:00,409.0,412.3411688361514,1,-3.3411688361513825,3.3411688361513825
REES,2026-06-30 04:00:00+00:00,95.0,97.77073160514267,1,-2.7707316051426716,2.7707316051426716
RHEINE UNTERSCHLEUSE,2026-06-30 04:00:00+00:00,186.0,211.8479253603329,1,-25.84792536033291,25.84792536033291
RHEINWEILER,2026-06-30 04:00:00+00:00,223.0,225.71266909149455,1,-2.712669091494547,2.712669091494547
SANKT GOAR,2026-06-30 04:00:00+00:00,178.0,168.75179195125943,1,9.248208048740565,9.248208048740565
SPEYER,2026-06-30 04:00:00+00:00,256.0,252.20748266598903,1,3.7925173340109666,3.7925173340109666
WESEL,2026-06-30 04:00:00+00:00,152.0,151.26307742532344,1,0.7369225746765551,0.7369225746765551
WORMS,2026-06-30 04:00:00+00:00,74.0,73.12741468652986,1,0.8725853134701396,0.8725853134701396
DUISBURG-MEIDERICH SCHLEUSE OW,2026-06-30 04:01:00+00:00,25.03,25.389014521495124,1,-0.3590145214951228,0.3590145214951228
DUISBURG-MEIDERICH SCHLEUSE UW,2026-06-30 04:01:00+00:00,18.2,18.225464542473272,1,-0.0254645424732729,0.0254645424732729
DUISBURG-MEIDERICH SCHLEUSE OW,2026-06-30 04:02:00+00:00,25.03,25.389014521495124,1,-0.3590145214951228,0.3590145214951228
DUISBURG-MEIDERICH SCHLEUSE UW,2026-06-30 04:02:00+00:00,18.2,18.264376158342188,1,-0.06437615834218846,0.06437615834218846
DUISBURG-MEIDERICH SCHLEUSE OW,2026-06-30 04:03:00+00:00,25.03,25.389014521495124,1,-0.3590145214951228,0.3590145214951228
DUISBURG-MEIDERICH SCHLEUSE UW,2026-06-30 04:03:00+00:00,18.2,18.225464542473272,1,-0.0254645424732729,0.0254645424732729
DUISBURG-MEIDERICH SCHLEUSE OW,2026-06-30 04:04:00+00:00,25.03,25.301026541411694,1,-0.27102654141169324,0.27102654141169324
DUISBURG-MEIDERICH SCHLEUSE UW,2026-06-30 04:04:00+00:00,18.2,18.137476562389843,1,0.06252343761015666,0.06252343761015666
Basel-Rheinhalle,2026-06-30 04:05:00+00:00,527.0,526.6429418296334,1,0.35705817036659937,0.35705817036659937
DUISBURG-MEIDERICH SCHLEUSE OW,2026-06-30 04:05:00+00:00,25.03,25.319809570486616,1,-0.2898095704866144,0.2898095704866144
DUISBURG-MEIDERICH SCHLEUSE UW,2026-06-30 04:05:00+00:00,18.2,18.156259591464764,1,0.04374040853523553,0.04374040853523553
DUISBURG-MEIDERICH SCHLEUSE OW,2026-06-30 04:06:00+00:00,25.03,25.341520226706738,1,-0.31152022670673674,0.31152022670673674
DUISBURG-MEIDERICH SCHLEUSE UW,2026-06-30 04:06:00+00:00,18.2,18.14608162307969,1,0.053918376920307765,0.053918376920307765
DUISBURG-MEIDERICH SCHLEUSE OW,2026-06-30 04:07:00+00:00,25.03,25.341520226706738,1,-0.31152022670673674,0.31152022670673674
DUISBURG-MEIDERICH SCHLEUSE UW,2026-06-30 04:07:00+00:00,18.2,18.14608162307969,1,0.053918376920307765,0.053918376920307765
DUISBURG-MEIDERICH SCHLEUSE OW,2026-06-30 04:08:00+00:00,25.03,25.341520226706738,1,-0.31152022670673674,0.31152022670673674
DUISBURG-MEIDERICH SCHLEUSE UW,2026-06-30 04:08:00+00:00,18.2,18.14608162307969,1,0.053918376920307765,0.053918376920307765
DUISBURG-MEIDERICH SCHLEUSE OW,2026-06-30 04:09:00+00:00,25.02,25.341520226706738,1,-0.3215202267067383,0.3215202267067383
DUISBURG-MEIDERICH SCHLEUSE UW,2026-06-30 04:09:00+00:00,18.2,18.14608162307969,1,0.053918376920307765,0.053918376920307765
Basel-Rheinhalle,2026-06-30 04:10:00+00:00,527.0,517.4486604148996,1,9.551339585100436,9.551339585100436
DUISBURG-MEIDERICH SCHLEUSE OW,2026-06-30 04:10:00+00:00,25.02,25.341520226706738,1,-0.3215202267067383,0.3215202267067383
DUISBURG-MEIDERICH SCHLEUSE UW,2026-06-30 04:10:00+00:00,18.2,18.143506300928227,1,0.056493699071772596,0.056493699071772596
LOBITH,2026-06-30 04:10:00+00:00,705.0,705.3076823405726,1,-0.30768234057256905,0.30768234057256905
DUISBURG-MEIDERICH SCHLEUSE OW,2026-06-30 04:11:00+00:00,25.02,25.341520226706738,1,-0.3215202267067383,0.3215202267067383
DUISBURG-MEIDERICH SCHLEUSE UW,2026-06-30 04:11:00+00:00,18.2,18.190936330952102,2,0.00906366904789735,0.00906366904789735
DUISBURG-MEIDERICH SCHLEUSE OW,2026-06-30 04:12:00+00:00,25.02,24.999138123262373,2,0.020861876737626517,0.020861876737626517
DUISBURG-MEIDERICH SCHLEUSE UW,2026-06-30 04:12:00+00:00,18.2,18.190936330952102,2,0.00906366904789735,0.00906366904789735
DUISBURG-MEIDERICH SCHLEUSE OW,2026-06-30 04:13:00+00:00,25.02,24.999138123262373,2,0.020861876737626517,0.020861876737626517
DUISBURG-MEIDERICH SCHLEUSE UW,2026-06-30 04:13:00+00:00,18.2,18.190936330952102,2,0.00906366904789735,0.00906366904789735
DUISBURG-MEIDERICH SCHLEUSE OW,2026-06-30 04:14:00+00:00,25.02,24.999138123262373,2,0.020861876737626517,0.020861876737626517
DUISBURG-MEIDERICH SCHLEUSE UW,2026-06-30 04:14:00+00:00,18.2,18.190936330952102,2,0.00906366904789735,0.00906366904789735
BINGEN,2026-06-30 04:15:00+00:00,107.0,107.41802121898668,2,-0.41802121898668076,0.41802121898668076
BONN,2026-06-30 04:15:00+00:00,138.0,140.3897271068961,2,-2.389727106896089,2.389727106896089
BREISACH,2026-06-30 04:15:00+00:00,187.0,184.98246296759646,2,2.0175370324035384,2.0175370324035384
Basel-Rheinhalle,2026-06-30 04:15:00+00:00,526.0,526.6314345631663,2,-0.6314345631662945,0.6314345631662945
DUISBURG-MEIDERICH SCHLEUSE OW,2026-06-30 04:15:00+00:00,25.02,24.999138123262373,2,0.020861876737626517,0.020861876737626517
DUISBURG-MEIDERICH SCHLEUSE UW,2026-06-30 04:15:00+00:00,18.2,18.190936330952102,2,0.00906366904789735,0.00906366904789735
DUISBURG-RUHRORT,2026-06-30 04:15:00+00:00,214.0,213.09316534773708,2,0.9068346522629156,0.9068346522629156
DÜSSELDORF,2026-06-30 04:15:00+00:00,83.0,82.06876931266956,2,0.9312306873304408,0.9312306873304408
EMMERICH,2026-06-30 04:15:00+00:00,54.0,53.59244026610116,2,0.40755973389884304,0.40755973389884304
IFFEZHEIM,2026-06-30 04:15:00+00:00,144.0,147.9007225467584,2,-3.900722546758402,3.900722546758402
KAUB,2026-06-30 04:15:00+00:00,90.0,87.51324699443924,2,2.4867530055607574,2.4867530055607574
KOBLENZ,2026-06-30 04:15:00+00:00,84.0,82.92678369488185,2,1.0732163051181516,1.0732163051181516
KONSTANZ-RHEIN,2026-06-30 04:15:00+00:00,313.0,312.92676523446244,2,0.07323476553756336,0.07323476553756336
Koblenz OP,2026-06-30 04:15:00+00:00,201.0,202.13260558296557,2,-1.1326055829655672,1.1326055829655672
Koblenz UP,2026-06-30 04:15:00+00:00,45.0,44.85831349106382,2,0.14168650893618207,0.14168650893618207
KÖLN,2026-06-30 04:15:00+00:00,134.0,133.98413627383897,2,0.01586372616102949,0.01586372616102949
MAINZ,2026-06-30 04:15:00+00:00,184.0,186.26634715006153,2,-2.2663471500615344,2.2663471500615344
MANNHEIM,2026-06-30 04:15:00+00:00,163.0,162.16917997562513,2,0.8308200243748729,0.8308200243748729
MAXAU,2026-06-30 04:15:00+00:00,408.0,409.4484647128213,2,-1.4484647128213055,1.4484647128213055
REES,2026-06-30 04:15:00+00:00,96.0,95.81704406668348,2,0.1829559333165207,0.1829559333165207
RHEINE UNTERSCHLEUSE,2026-06-30 04:15:00+00:00,187.0,193.09596517404893,2,-6.095965174048928,6.095965174048928
RHEINWEILER,2026-06-30 04:15:00+00:00,223.0,222.24812695311155,2,0.7518730468884485,0.7518730468884485
SANKT GOAR,2026-06-30 04:15:00+00:00,178.0,177.29611535414278,2,0.7038846458572152,0.7038846458572152
SPEYER,2026-06-30 04:15:00+00:00,257.0,255.71264755861233,2,1.287352441387668,1.287352441387668
WESEL,2026-06-30 04:15:00+00:00,152.0,152.4332644079575,2,-0.43326440795749477,0.43326440795749477
WORMS,2026-06-30 04:15:00+00:00,74.0,74.39792787762454,2,-0.3979278776245394,0.3979278776245394
DUISBURG-MEIDERICH SCHLEUSE OW,2026-06-30 04:16:00+00:00,25.02,24.999138123262373,2,0.020861876737626517,0.020861876737626517
DUISBURG-MEIDERICH SCHLEUSE UW,2026-06-30 04:16:00+00:00,18.2,18.190936330952102,2,0.00906366904789735,0.00906366904789735
DUISBURG-MEIDERICH SCHLEUSE OW,2026-06-30 04:17:00+00:00,25.02,24.999138123262373,2,0.020861876737626517,0.020861876737626517
DUISBURG-MEIDERICH SCHLEUSE UW,2026-06-30 04:17:00+00:00,18.21,18.190936330952102,2,0.019063669047898912,0.019063669047898912
DUISBURG-MEIDERICH SCHLEUSE OW,2026-06-30 04:18:00+00:00,25.02,24.999138123262373,2,0.020861876737626517,0.020861876737626517
DUISBURG-MEIDERICH SCHLEUSE UW,2026-06-30 04:18:00+00:00,18.2,18.190936330952102,2,0.00906366904789735,0.00906366904789735
DUISBURG-MEIDERICH SCHLEUSE OW,2026-06-30 04:19:00+00:00,25.02,24.999138123262373,2,0.020861876737626517,0.020861876737626517
DUISBURG-MEIDERICH SCHLEUSE UW,2026-06-30 04:19:00+00:00,18.2,18.190936330952102,2,0.00906366904789735,0.00906366904789735
Basel-Rheinhalle,2026-06-30 04:20:00+00:00,526.0,525.3165068866813,2,0.6834931133187183,0.6834931133187183
DUISBURG-MEIDERICH SCHLEUSE OW,2026-06-30 04:20:00+00:00,25.02,24.999138123262373,2,0.020861876737626517,0.020861876737626517
DUISBURG-MEIDERICH SCHLEUSE UW,2026-06-30 04:20:00+00:00,18.2,18.190936330952102,2,0.00906366904789735,0.00906366904789735
LOBITH,2026-06-30 04:20:00+00:00,704.0,704.2923027022593,2,-0.29230270225934873,0.29230270225934873
DUISBURG-MEIDERICH SCHLEUSE OW,2026-06-30 04:21:00+00:00,25.02,24.999138123262373,2,0.020861876737626517,0.020861876737626517
DUISBURG-MEIDERICH SCHLEUSE UW,2026-06-30 04:21:00+00:00,18.2,18.190936330952102,2,0.00906366904789735,0.00906366904789735
DUISBURG-MEIDERICH SCHLEUSE OW,2026-06-30 04:22:00+00:00,25.02,24.971808033216124,2,0.04819196678387527,0.04819196678387527
DUISBURG-MEIDERICH SCHLEUSE UW,2026-06-30 04:22:00+00:00,18.2,18.190936330952102,2,0.00906366904789735,0.00906366904789735
DUISBURG-MEIDERICH SCHLEUSE OW,2026-06-30 04:23:00+00:00,25.02,24.976791527237623,2,0.043208472762376715,0.043208472762376715
DUISBURG-MEIDERICH SCHLEUSE UW,2026-06-30 04:23:00+00:00,18.2,18.190936330952102,2,0.00906366904789735,0.00906366904789735
DUISBURG-MEIDERICH SCHLEUSE OW,2026-06-30 04:24:00+00:00,25.02,24.976791527237623,2,0.043208472762376715,0.043208472762376715
DUISBURG-MEIDERICH SCHLEUSE UW,2026-06-30 04:24:00+00:00,18.2,18.190936330952102,2,0.00906366904789735,0.00906366904789735
Basel-Rheinhalle,2026-06-30 04:25:00+00:00,525.0,524.9079557091106,2,0.09204429088936195,0.09204429088936195
DUISBURG-MEIDERICH SCHLEUSE OW,2026-06-30 04:25:00+00:00,25.02,25.00412161728387,2,0.01587838271612796,0.01587838271612796
DUISBURG-MEIDERICH SCHLEUSE UW,2026-06-30 04:25:00+00:00,18.2,18.190936330952102,2,0.00906366904789735,0.00906366904789735
DUISBURG-MEIDERICH SCHLEUSE OW,2026-06-30 04:26:00+00:00,25.02,25.00412161728387,2,0.01587838271612796,0.01587838271612796
DUISBURG-MEIDERICH SCHLEUSE UW,2026-06-30 04:26:00+00:00,18.2,18.190936330952102,2,0.00906366904789735,0.00906366904789735
DUISBURG-MEIDERICH SCHLEUSE OW,2026-06-30 04:27:00+00:00,25.01,25.00412161728387,2,0.0058783827161299484,0.0058783827161299484
DUISBURG-MEIDERICH SCHLEUSE UW,2026-06-30 04:27:00+00:00,18.2,18.190936330952102,2,0.00906366904789735,0.00906366904789735
DUISBURG-MEIDERICH SCHLEUSE OW,2026-06-30 04:28:00+00:00,25.01,25.00412161728387,2,0.0058783827161299484,0.0058783827161299484
DUISBURG-MEIDERICH SCHLEUSE UW,2026-06-30 04:28:00+00:00,18.2,18.190936330952102,2,0.00906366904789735,0.00906366904789735
DUISBURG-MEIDERICH SCHLEUSE OW,2026-06-30 04:29:00+00:00,25.01,25.00412161728387,2,0.0058783827161299484,0.0058783827161299484
DUISBURG-MEIDERICH SCHLEUSE UW,2026-06-30 04:29:00+00:00,18.2,18.190936330952102,2,0.00906366904789735,0.00906366904789735
BINGEN,2026-06-30 04:30:00+00:00,107.0,107.42460673584019,2,-0.42460673584018593,0.42460673584018593
BONN,2026-06-30 04:30:00+00:00,138.0,141.4553505309904,2,-3.455350530990387,3.455350530990387
BREISACH,2026-06-30 04:30:00+00:00,187.0,187.02177617453398,2,-0.02177617453398284,0.02177617453398284
Basel-Rheinhalle,2026-06-30 04:30:00+00:00,524.0,524.7372467652501,2,-0.73724676525012,0.73724676525012
DUISBURG-MEIDERICH SCHLEUSE OW,2026-06-30 04:30:00+00:00,25.01,24.999138123262373,2,0.010861876737628506,0.010861876737628506
DUISBURG-MEIDERICH SCHLEUSE UW,2026-06-30 04:30:00+00:00,18.2,18.190936330952102,2,0.00906366904789735,0.00906366904789735
DUISBURG-RUHRORT,2026-06-30 04:30:00+00:00,215.0,212.7655494450661,2,2.2344505549338862,2.2344505549338862
DÜSSELDORF,2026-06-30 04:30:00+00:00,83.0,82.00075091825887,2,0.9992490817411266,0.9992490817411266
EMMERICH,2026-06-30 04:30:00+00:00,54.0,53.57088922327964,2,0.429110776720357,0.429110776720357
IFFEZHEIM,2026-06-30 04:30:00+00:00,147.0,147.67695151202577,2,-0.6769515120257665,0.6769515120257665
KAUB,2026-06-30 04:30:00+00:00,90.0,87.51324699443924,2,2.4867530055607574,2.4867530055607574
KOBLENZ,2026-06-30 04:30:00+00:00,84.0,83.51024782152155,2,0.4897521784784544,0.4897521784784544
KONSTANZ-RHEIN,2026-06-30 04:30:00+00:00,314.0,312.9236114516217,2,1.0763885483783042,1.0763885483783042
Koblenz OP,2026-06-30 04:30:00+00:00,201.0,202.2149534114828,2,-1.21495341148281,1.21495341148281
Koblenz UP,2026-06-30 04:30:00+00:00,44.0,45.24248586537022,2,-1.2424858653702202,1.2424858653702202
KÖLN,2026-06-30 04:30:00+00:00,134.0,133.98077002333045,2,0.019229976669549842,0.019229976669549842
LOBITH,2026-06-30 04:30:00+00:00,704.0,704.4726369529478,2,-0.4726369529478234,0.4726369529478234
MAINZ,2026-06-30 04:30:00+00:00,184.0,187.3472440542474,2,-3.3472440542473976,3.3472440542473976
MANNHEIM,2026-06-30 04:30:00+00:00,164.0,160.4291159385925,2,3.5708840614074973,3.5708840614074973
MAXAU,2026-06-30 04:30:00+00:00,409.0,409.43406247671186,2,-0.4340624767118584,0.4340624767118584
REES,2026-06-30 04:30:00+00:00,96.0,95.92604761605776,2,0.0739523839422418,0.0739523839422418
RHEINE UNTERSCHLEUSE,2026-06-30 04:30:00+00:00,188.0,193.09596517404893,2,-5.095965174048928,5.095965174048928
RHEINWEILER,2026-06-30 04:30:00+00:00,223.0,223.54659837860092,2,-0.546598378600919,0.546598378600919
SANKT GOAR,2026-06-30 04:30:00+00:00,178.0,177.2729311359416,2,0.7270688640583955,0.7270688640583955
SPEYER,2026-06-30 04:30:00+00:00,257.0,255.7379815776278,2,1.2620184223721935,1.2620184223721935
WESEL,2026-06-30 04:30:00+00:00,152.0,152.2393401270925,2,-0.23934012709250396,0.23934012709250396
WORMS,2026-06-30 04:30:00+00:00,74.0,74.90841076765015,2,-0.9084107676501532,0.9084107676501532
DUISBURG-MEIDERICH SCHLEUSE OW,2026-06-30 04:31:00+00:00,25.01,24.999138123262373,2,0.010861876737628506,0.010861876737628506
DUISBURG-MEIDERICH SCHLEUSE UW,2026-06-30 04:31:00+00:00,18.21,18.190936330952102,2,0.019063669047898912,0.019063669047898912
DUISBURG-MEIDERICH SCHLEUSE OW,2026-06-30 04:32:00+00:00,25.01,24.999138123262373,2,0.010861876737628506,0.010861876737628506
DUISBURG-MEIDERICH SCHLEUSE UW,2026-06-30 04:32:00+00:00,18.21,18.190936330952102,2,0.019063669047898912,0.019063669047898912
DUISBURG-MEIDERICH SCHLEUSE OW,2026-06-30 04:33:00+00:00,25.01,24.999138123262373,2,0.010861876737628506,0.010861876737628506
DUISBURG-MEIDERICH SCHLEUSE UW,2026-06-30 04:33:00+00:00,18.21,18.190936330952102,2,0.019063669047898912,0.019063669047898912
DUISBURG-MEIDERICH SCHLEUSE OW,2026-06-30 04:34:00+00:00,25.01,24.999138123262373,2,0.010861876737628506,0.010861876737628506
DUISBURG-MEIDERICH SCHLEUSE UW,2026-06-30 04:34:00+00:00,18.21,18.190936330952102,2,0.019063669047898912,0.019063669047898912
Basel-Rheinhalle,2026-06-30 04:35:00+00:00,524.0,524.3224284533514,2,-0.3224284533514492,0.3224284533514492
DUISBURG-MEIDERICH SCHLEUSE OW,2026-06-30 04:35:00+00:00,25.01,25.00412161728387,2,0.0058783827161299484,0.0058783827161299484
DUISBURG-MEIDERICH SCHLEUSE UW,2026-06-30 04:35:00+00:00,18.2,18.190936330952102,2,0.00906366904789735,0.00906366904789735
DUISBURG-MEIDERICH SCHLEUSE OW,2026-06-30 04:36:00+00:00,25.01,25.00412161728387,2,0.0058783827161299484,0.0058783827161299484
DUISBURG-MEIDERICH SCHLEUSE UW,2026-06-30 04:36:00+00:00,18.2,18.190936330952102,2,0.00906366904789735,0.00906366904789735
DUISBURG-MEIDERICH SCHLEUSE OW,2026-06-30 04:37:00+00:00,25.01,25.00412161728387,2,0.0058783827161299484,0.0058783827161299484
DUISBURG-MEIDERICH SCHLEUSE UW,2026-06-30 04:37:00+00:00,18.2,18.190936330952102,2,0.00906366904789735,0.00906366904789735
DUISBURG-MEIDERICH SCHLEUSE OW,2026-06-30 04:38:00+00:00,25.01,25.00412161728387,2,0.0058783827161299484,0.0058783827161299484
DUISBURG-MEIDERICH SCHLEUSE UW,2026-06-30 04:38:00+00:00,18.2,18.190936330952102,2,0.00906366904789735,0.00906366904789735
DUISBURG-MEIDERICH SCHLEUSE OW,2026-06-30 04:39:00+00:00,25.0,25.00412161728387,2,-0.004121617283871615,0.004121617283871615
DUISBURG-MEIDERICH SCHLEUSE UW,2026-06-30 04:39:00+00:00,18.2,18.190936330952102,2,0.00906366904789735,0.00906366904789735
Basel-Rheinhalle,2026-06-30 04:40:00+00:00,524.0,524.1025789709663,2,-0.10257897096630586,0.10257897096630586
DUISBURG-MEIDERICH SCHLEUSE OW,2026-06-30 04:40:00+00:00,25.0,25.00412161728387,2,-0.004121617283871615,0.004121617283871615
DUISBURG-MEIDERICH SCHLEUSE UW,2026-06-30 04:40:00+00:00,18.2,18.190936330952102,2,0.00906366904789735,0.00906366904789735
LOBITH,2026-06-30 04:40:00+00:00,705.0,704.2959861243611,2,0.7040138756389069,0.7040138756389069
DUISBURG-MEIDERICH SCHLEUSE OW,2026-06-30 04:41:00+00:00,25.0,25.00412161728387,2,-0.004121617283871615,0.004121617283871615
DUISBURG-MEIDERICH SCHLEUSE UW,2026-06-30 04:41:00+00:00,18.2,18.190936330952102,2,0.00906366904789735,0.00906366904789735
DUISBURG-MEIDERICH SCHLEUSE OW,2026-06-30 04:42:00+00:00,25.0,24.999138123262373,2,0.0008618767376269432,0.0008618767376269432
DUISBURG-MEIDERICH SCHLEUSE UW,2026-06-30 04:42:00+00:00,18.2,18.190936330952102,2,0.00906366904789735,0.00906366904789735
DUISBURG-MEIDERICH SCHLEUSE OW,2026-06-30 04:43:00+00:00,25.0,24.999138123262373,2,0.0008618767376269432,0.0008618767376269432
DUISBURG-MEIDERICH SCHLEUSE UW,2026-06-30 04:43:00+00:00,18.2,18.190936330952102,2,0.00906366904789735,0.00906366904789735
DUISBURG-MEIDERICH SCHLEUSE OW,2026-06-30 04:44:00+00:00,25.0,24.999138123262373,2,0.0008618767376269432,0.0008618767376269432
DUISBURG-MEIDERICH SCHLEUSE UW,2026-06-30 04:44:00+00:00,18.2,18.163606240905853,2,0.036393759094146105,0.036393759094146105
BINGEN,2026-06-30 04:45:00+00:00,107.0,107.42794612464547,2,-0.427946124645473,0.427946124645473
BONN,2026-06-30 04:45:00+00:00,138.0,140.9246105078455,2,-2.9246105078455003,2.9246105078455003
BREISACH,2026-06-30 04:45:00+00:00,187.0,187.5778510273866,2,-0.5778510273866004,0.5778510273866004
Basel-Rheinhalle,2026-06-30 04:45:00+00:00,525.0,523.7790378322832,2,1.2209621677168343,1.2209621677168343
DUISBURG-MEIDERICH SCHLEUSE OW,2026-06-30 04:45:00+00:00,25.0,24.999138123262373,2,0.0008618767376269432,0.0008618767376269432
DUISBURG-MEIDERICH SCHLEUSE UW,2026-06-30 04:45:00+00:00,18.2,18.163606240905853,2,0.036393759094146105,0.036393759094146105
DUISBURG-RUHRORT,2026-06-30 04:45:00+00:00,215.0,211.79057281175182,2,3.209427188248185,3.209427188248185
DÜSSELDORF,2026-06-30 04:45:00+00:00,84.0,81.81568015397664,2,2.1843198460233566,2.1843198460233566
EMMERICH,2026-06-30 04:45:00+00:00,52.0,52.70195560058075,2,-0.701955600580753,0.701955600580753
IFFEZHEIM,2026-06-30 04:45:00+00:00,145.0,147.3799209454862,2,-2.379920945486191,2.379920945486191
KAUB,2026-06-30 04:45:00+00:00,90.0,87.47027989863999,2,2.529720101360013,2.529720101360013
KOBLENZ,2026-06-30 04:45:00+00:00,85.0,82.91490889046135,2,2.085091109538652,2.085091109538652
KONSTANZ-RHEIN,2026-06-30 04:45:00+00:00,313.0,312.9236114516217,2,0.07638854837830422,0.07638854837830422
Koblenz OP,2026-06-30 04:45:00+00:00,203.0,202.14543231597142,2,0.8545676840285807,0.8545676840285807
Koblenz UP,2026-06-30 04:45:00+00:00,35.0,45.16446527222653,2,-10.16446527222653,10.16446527222653
KÖLN,2026-06-30 04:45:00+00:00,134.0,133.98806135563495,2,0.011938644365045548,0.011938644365045548
MAINZ,2026-06-30 04:45:00+00:00,183.0,187.5644681692278,2,-4.564468169227808,4.564468169227808
MANNHEIM,2026-06-30 04:45:00+00:00,164.0,159.15409428025896,2,4.84590571974104,4.84590571974104
MAXAU,2026-06-30 04:45:00+00:00,409.0,409.6534144321019,2,-0.6534144321018971,0.6534144321018971
REES,2026-06-30 04:45:00+00:00,96.0,95.90775511883699,2,0.09224488116301188,0.09224488116301188
RHEINE UNTERSCHLEUSE,2026-06-30 04:45:00+00:00,188.0,194.6387434842292,2,-6.638743484229195,6.638743484229195
RHEINWEILER,2026-06-30 04:45:00+00:00,223.0,223.5732523318109,2,-0.5732523318108917,0.5732523318108917
SANKT GOAR,2026-06-30 04:45:00+00:00,179.0,177.1189791423461,2,1.8810208576539083,1.8810208576539083
SPEYER,2026-06-30 04:45:00+00:00,256.0,255.70546910398082,2,0.29453089601918236,0.29453089601918236
WESEL,2026-06-30 04:45:00+00:00,152.0,152.26912881420054,2,-0.2691288142005419,0.2691288142005419
WORMS,2026-06-30 04:45:00+00:00,74.0,74.73555973427409,2,-0.7355597342740907,0.7355597342740907
DUISBURG-MEIDERICH SCHLEUSE OW,2026-06-30 04:46:00+00:00,25.0,24.999138123262373,2,0.0008618767376269432,0.0008618767376269432
DUISBURG-MEIDERICH SCHLEUSE UW,2026-06-30 04:46:00+00:00,18.2,18.163606240905853,2,0.036393759094146105,0.036393759094146105
DUISBURG-MEIDERICH SCHLEUSE OW,2026-06-30 04:47:00+00:00,25.0,24.999138123262373,2,0.0008618767376269432,0.0008618767376269432
DUISBURG-MEIDERICH SCHLEUSE UW,2026-06-30 04:47:00+00:00,18.2,18.163606240905853,2,0.036393759094146105,0.036393759094146105
DUISBURG-MEIDERICH SCHLEUSE OW,2026-06-30 04:48:00+00:00,25.0,24.999138123262373,2,0.0008618767376269432,0.0008618767376269432
DUISBURG-MEIDERICH SCHLEUSE UW,2026-06-30 04:48:00+00:00,18.2,18.190936330952102,2,0.00906366904789735,0.00906366904789735
DUISBURG-MEIDERICH SCHLEUSE OW,2026-06-30 04:49:00+00:00,25.0,24.999138123262373,2,0.0008618767376269432,0.0008618767376269432
DUISBURG-MEIDERICH SCHLEUSE UW,2026-06-30 04:49:00+00:00,18.2,18.190936330952102,2,0.00906366904789735,0.00906366904789735
Basel-Rheinhalle,2026-06-30 04:50:00+00:00,526.0,524.8249807018092,2,1.1750192981908185,1.1750192981908185
DUISBURG-MEIDERICH SCHLEUSE OW,2026-06-30 04:50:00+00:00,25.0,24.999138123262373,2,0.0008618767376269432,0.0008618767376269432
DUISBURG-MEIDERICH SCHLEUSE UW,2026-06-30 04:50:00+00:00,18.2,18.190936330952102,2,0.00906366904789735,0.00906366904789735
LOBITH,2026-06-30 04:50:00+00:00,706.0,704.2849775752603,2,1.7150224247396864,1.7150224247396864
DUISBURG-MEIDERICH SCHLEUSE OW,2026-06-30 04:51:00+00:00,25.0,24.99711130577711,2,0.0028886942228893986,0.0028886942228893986
DUISBURG-MEIDERICH SCHLEUSE UW,2026-06-30 04:51:00+00:00,18.2,18.190936330952102,2,0.00906366904789735,0.00906366904789735
DUISBURG-MEIDERICH SCHLEUSE OW,2026-06-30 04:52:00+00:00,25.0,24.99711130577711,2,0.0028886942228893986,0.0028886942228893986
DUISBURG-MEIDERICH SCHLEUSE UW,2026-06-30 04:52:00+00:00,18.2,18.190936330952102,2,0.00906366904789735,0.00906366904789735
DUISBURG-MEIDERICH SCHLEUSE OW,2026-06-30 04:53:00+00:00,25.0,24.99711130577711,2,0.0028886942228893986,0.0028886942228893986
DUISBURG-MEIDERICH SCHLEUSE UW,2026-06-30 04:53:00+00:00,18.2,18.190936330952102,2,0.00906366904789735,0.00906366904789735
DUISBURG-MEIDERICH SCHLEUSE OW,2026-06-30 04:54:00+00:00,25.0,25.00209479979861,2,-0.0020947997986091593,0.0020947997986091593
DUISBURG-MEIDERICH SCHLEUSE UW,2026-06-30 04:54:00+00:00,18.2,18.190936330952102,2,0.00906366904789735,0.00906366904789735
Basel-Rheinhalle,2026-06-30 04:55:00+00:00,526.0,524.5341156438959,2,1.465884356104084,1.465884356104084
DUISBURG-MEIDERICH SCHLEUSE OW,2026-06-30 04:55:00+00:00,25.0,25.00209479979861,2,-0.0020947997986091593,0.0020947997986091593
DUISBURG-MEIDERICH SCHLEUSE UW,2026-06-30 04:55:00+00:00,18.21,18.190936330952102,2,0.019063669047898912,0.019063669047898912
DUISBURG-MEIDERICH SCHLEUSE OW,2026-06-30 04:56:00+00:00,24.99,25.00209479979861,2,-0.012094799798610723,0.012094799798610723
DUISBURG-MEIDERICH SCHLEUSE UW,2026-06-30 04:56:00+00:00,18.21,18.163606240905853,2,0.04639375909414767,0.04639375909414767
DUISBURG-MEIDERICH SCHLEUSE OW,2026-06-30 04:57:00+00:00,24.99,24.994999074046575,2,-0.004999074046576624,0.004999074046576624
DUISBURG-MEIDERICH SCHLEUSE UW,2026-06-30 04:57:00+00:00,18.21,18.163606240905853,2,0.04639375909414767,0.04639375909414767
DUISBURG-MEIDERICH SCHLEUSE OW,2026-06-30 04:58:00+00:00,24.99,24.994999074046575,2,-0.004999074046576624,0.004999074046576624
DUISBURG-MEIDERICH SCHLEUSE UW,2026-06-30 04:58:00+00:00,18.21,18.190936330952102,2,0.019063669047898912,0.019063669047898912
DUISBURG-MEIDERICH SCHLEUSE OW,2026-06-30 04:59:00+00:00,24.99,24.994999074046575,2,-0.004999074046576624,0.004999074046576624
DUISBURG-MEIDERICH SCHLEUSE UW,2026-06-30 04:59:00+00:00,18.21,18.190936330952102,2,0.019063669047898912,0.019063669047898912
BINGEN,2026-06-30 05:00:00+00:00,107.0,107.42448439153016,2,-0.42448439153015727,0.42448439153015727
BONN,2026-06-30 05:00:00+00:00,137.0,140.66630634897254,2,-3.6663063489725403,3.6663063489725403
BREISACH,2026-06-30 05:00:00+00:00,187.0,186.28458732218135,2,0.715412677818648,0.715412677818648
Basel-Rheinhalle,2026-06-30 05:00:00+00:00,526.0,523.9140376724538,2,2.0859623275462127,2.0859623275462127
DUISBURG-MEIDERICH SCHLEUSE OW,2026-06-30 05:00:00+00:00,24.99,24.994999074046575,2,-0.004999074046576624,0.004999074046576624
DUISBURG-MEIDERICH SCHLEUSE UW,2026-06-30 05:00:00+00:00,18.21,18.190936330952102,2,0.019063669047898912,0.019063669047898912
DUISBURG-RUHRORT,2026-06-30 05:00:00+00:00,215.0,211.92381343002722,2,3.0761865699727764,3.0761865699727764
DÜSSELDORF,2026-06-30 05:00:00+00:00,84.0,81.8390153077352,2,2.1609846922648046,2.1609846922648046
EMMERICH,2026-06-30 05:00:00+00:00,54.0,52.9010056731583,2,1.098994326841698,1.098994326841698
IFFEZHEIM,2026-06-30 05:00:00+00:00,147.0,147.0899097166483,2,-0.08990971664829317,0.08990971664829317
KAUB,2026-06-30 05:00:00+00:00,92.0,87.40801729341659,2,4.5919827065834085,4.5919827065834085
KOBLENZ,2026-06-30 05:00:00+00:00,83.0,82.63600064755816,2,0.36399935244183723,0.36399935244183723
KONSTANZ-RHEIN,2026-06-30 05:00:00+00:00,314.0,312.9555895771712,2,1.0444104228287756,1.0444104228287756
Koblenz OP,2026-06-30 05:00:00+00:00,205.0,200.89247392856007,2,4.107526071439935,4.107526071439935
Koblenz UP,2026-06-30 05:00:00+00:00,21.0,46.00946629418014,2,-25.009466294180143,25.009466294180143
KÖLN,2026-06-30 05:00:00+00:00,133.0,134.18512950253913,2,-1.1851295025391266,1.1851295025391266
LOBITH,2026-06-30 05:00:00+00:00,705.0,703.9565105473245,2,1.0434894526755443,1.0434894526755443
MAINZ,2026-06-30 05:00:00+00:00,183.0,187.57370982221786,2,-4.5737098222178645,4.5737098222178645
MANNHEIM,2026-06-30 05:00:00+00:00,164.0,159.33632602972463,2,4.663673970275369,4.663673970275369
MAXAU,2026-06-30 05:00:00+00:00,408.0,409.1915578095459,2,-1.191557809545884,1.191557809545884
REES,2026-06-30 05:00:00+00:00,96.0,95.9518357738006,2,0.04816422619940397,0.04816422619940397
RHEINE UNTERSCHLEUSE,2026-06-30 05:00:00+00:00,189.0,225.57484537672602,2,-36.57484537672602,36.57484537672602
RHEINWEILER,2026-06-30 05:00:00+00:00,223.0,223.60523045736036,2,-0.6052304573603635,0.6052304573603635
SANKT GOAR,2026-06-30 05:00:00+00:00,179.0,177.12486686780983,2,1.8751331321901716,1.8751331321901716
SPEYER,2026-06-30 05:00:00+00:00,257.0,256.45932621383815,2,0.5406737861618467,0.5406737861618467
WESEL,2026-06-30 05:00:00+00:00,153.0,153.1974411264078,2,-0.19744112640779576,0.19744112640779576
WORMS,2026-06-30 05:00:00+00:00,74.0,74.69315865148262,2,-0.6931586514826193,0.6931586514826193
DUISBURG-MEIDERICH SCHLEUSE OW,2026-06-30 05:01:00+00:00,24.99,24.994999074046575,2,-0.004999074046576624,0.004999074046576624
DUISBURG-MEIDERICH SCHLEUSE UW,2026-06-30 05:01:00+00:00,18.21,18.190936330952102,2,0.019063669047898912,0.019063669047898912
DUISBURG-MEIDERICH SCHLEUSE OW,2026-06-30 05:02:00+00:00,24.99,24.994999074046575,2,-0.004999074046576624,0.004999074046576624
DUISBURG-MEIDERICH SCHLEUSE UW,2026-06-30 05:02:00+00:00,18.21,18.190936330952102,2,0.019063669047898912,0.019063669047898912
DUISBURG-MEIDERICH SCHLEUSE OW,2026-06-30 05:03:00+00:00,24.99,24.983499609667717,2,0.006500390332281114,0.006500390332281114
DUISBURG-MEIDERICH SCHLEUSE UW,2026-06-30 05:03:00+00:00,18.22,18.190936330952102,2,0.029063669047896923,0.029063669047896923
DUISBURG-MEIDERICH SCHLEUSE OW,2026-06-30 05:04:00+00:00,24.99,24.983499609667717,2,0.006500390332281114,0.006500390332281114
DUISBURG-MEIDERICH SCHLEUSE UW,2026-06-30 05:04:00+00:00,18.22,18.190936330952102,2,0.029063669047896923,0.029063669047896923
Basel-Rheinhalle,2026-06-30 05:05:00+00:00,528.0,523.6678760902512,2,4.332123909748816,4.332123909748816
DUISBURG-MEIDERICH SCHLEUSE OW,2026-06-30 05:05:00+00:00,24.99,24.983499609667717,2,0.006500390332281114,0.006500390332281114
DUISBURG-MEIDERICH SCHLEUSE UW,2026-06-30 05:05:00+00:00,18.22,18.190936330952102,2,0.029063669047896923,0.029063669047896923
DUISBURG-MEIDERICH SCHLEUSE OW,2026-06-30 05:06:00+00:00,24.99,24.983499609667717,2,0.006500390332281114,0.006500390332281114
DUISBURG-MEIDERICH SCHLEUSE UW,2026-06-30 05:06:00+00:00,18.22,18.190936330952102,2,0.029063669047896923,0.029063669047896923
DUISBURG-MEIDERICH SCHLEUSE OW,2026-06-30 05:07:00+00:00,24.99,24.983499609667717,2,0.006500390332281114,0.006500390332281114
DUISBURG-MEIDERICH SCHLEUSE UW,2026-06-30 05:07:00+00:00,18.22,18.190936330952102,2,0.029063669047896923,0.029063669047896923
DUISBURG-MEIDERICH SCHLEUSE OW,2026-06-30 05:08:00+00:00,24.99,24.983499609667717,2,0.006500390332281114,0.006500390332281114
DUISBURG-MEIDERICH SCHLEUSE UW,2026-06-30 05:08:00+00:00,18.22,18.190936330952102,2,0.029063669047896923,0.029063669047896923
DUISBURG-MEIDERICH SCHLEUSE OW,2026-06-30 05:09:00+00:00,24.99,24.983499609667717,2,0.006500390332281114,0.006500390332281114
DUISBURG-MEIDERICH SCHLEUSE UW,2026-06-30 05:09:00+00:00,18.22,18.190936330952102,2,0.029063669047896923,0.029063669047896923
Basel-Rheinhalle,2026-06-30 05:10:00+00:00,530.0,523.3000072432616,2,6.699992756738425,6.699992756738425
DUISBURG-MEIDERICH SCHLEUSE OW,2026-06-30 05:10:00+00:00,24.99,24.983499609667717,2,0.006500390332281114,0.006500390332281114
DUISBURG-MEIDERICH SCHLEUSE UW,2026-06-30 05:10:00+00:00,18.22,18.190936330952102,2,0.029063669047896923,0.029063669047896923
LOBITH,2026-06-30 05:10:00+00:00,703.0,703.8200799545164,2,-0.8200799545163591,0.8200799545163591
DUISBURG-MEIDERICH SCHLEUSE OW,2026-06-30 05:11:00+00:00,24.99,24.983499609667717,2,0.006500390332281114,0.006500390332281114
DUISBURG-MEIDERICH SCHLEUSE UW,2026-06-30 05:11:00+00:00,18.22,18.190936330952102,2,0.029063669047896923,0.029063669047896923
DUISBURG-MEIDERICH SCHLEUSE OW,2026-06-30 05:12:00+00:00,24.99,24.983499609667717,2,0.006500390332281114,0.006500390332281114
DUISBURG-MEIDERICH SCHLEUSE UW,2026-06-30 05:12:00+00:00,18.22,18.190936330952102,2,0.029063669047896923,0.029063669047896923
DUISBURG-MEIDERICH SCHLEUSE OW,2026-06-30 05:13:00+00:00,24.99,24.983499609667717,2,0.006500390332281114,0.006500390332281114
DUISBURG-MEIDERICH SCHLEUSE UW,2026-06-30 05:13:00+00:00,18.22,18.190936330952102,2,0.029063669047896923,0.029063669047896923
DUISBURG-MEIDERICH SCHLEUSE OW,2026-06-30 05:14:00+00:00,24.99,24.983499609667717,2,0.006500390332281114,0.006500390332281114
DUISBURG-MEIDERICH SCHLEUSE UW,2026-06-30 05:14:00+00:00,18.22,18.190936330952102,2,0.029063669047896923,0.029063669047896923
BINGEN,2026-06-30 05:15:00+00:00,106.0,107.54041305935547,2,-1.5404130593554726,1.5404130593554726
BONN,2026-06-30 05:15:00+00:00,137.0,140.8802503105149,2,-3.8802503105148958,3.8802503105148958
BREISACH,2026-06-30 05:15:00+00:00,188.0,186.9159925068764,2,1.0840074931236074,1.0840074931236074
Basel-Rheinhalle,2026-06-30 05:15:00+00:00,528.0,523.741957605362,2,4.258042394637982,4.258042394637982
DUISBURG-MEIDERICH SCHLEUSE OW,2026-06-30 05:15:00+00:00,24.98,24.983499609667717,2,-0.0034996096677168964,0.0034996096677168964
DUISBURG-MEIDERICH SCHLEUSE UW,2026-06-30 05:15:00+00:00,18.22,18.190936330952102,2,0.029063669047896923,0.029063669047896923
DUISBURG-RUHRORT,2026-06-30 05:15:00+00:00,215.0,212.68265602319397,2,2.317343976806029,2.317343976806029
DÜSSELDORF,2026-06-30 05:15:00+00:00,82.0,81.87197885703394,2,0.12802114296606248,0.12802114296606248
EMMERICH,2026-06-30 05:15:00+00:00,53.0,53.640473447215015,2,-0.6404734472150153,0.6404734472150153
IFFEZHEIM,2026-06-30 05:15:00+00:00,147.0,146.9358875755511,2,0.06411242444889353,0.06411242444889353
KAUB,2026-06-30 05:15:00+00:00,90.0,87.4136414630807,2,2.586358536919306,2.586358536919306
KOBLENZ,2026-06-30 05:15:00+00:00,81.0,82.74000602904741,2,-1.7400060290474073,1.7400060290474073
KONSTANZ-RHEIN,2026-06-30 05:15:00+00:00,313.0,312.9792629563727,2,0.020737043627320872,0.020737043627320872
Koblenz OP,2026-06-30 05:15:00+00:00,205.0,201.45754818316263,2,3.542451816837371,3.542451816837371
Koblenz UP,2026-06-30 05:15:00+00:00,30.0,46.30322147141471,2,-16.30322147141471,16.30322147141471
KÖLN,2026-06-30 05:15:00+00:00,133.0,133.8954678415682,2,-0.8954678415682054,0.8954678415682054
MAINZ,2026-06-30 05:15:00+00:00,182.0,188.33626463002562,2,-6.3362646300256245,6.3362646300256245
MANNHEIM,2026-06-30 05:15:00+00:00,165.0,158.6670544965923,2,6.3329455034077,6.3329455034077
MAXAU,2026-06-30 05:15:00+00:00,408.0,409.16525807962825,2,-1.165258079628245,1.165258079628245
REES,2026-06-30 05:15:00+00:00,96.0,96.14179642765188,2,-0.14179642765188305,0.14179642765188305
RHEINE UNTERSCHLEUSE,2026-06-30 05:15:00+00:00,190.0,231.68491878374255,2,-41.684918783742546,41.684918783742546
RHEINWEILER,2026-06-30 05:15:00+00:00,223.0,223.6889288964995,2,-0.6889288964995046,0.6889288964995046
SANKT GOAR,2026-06-30 05:15:00+00:00,179.0,176.34145105171484,2,2.6585489482851585,2.6585489482851585
SPEYER,2026-06-30 05:15:00+00:00,258.0,256.379657502248,2,1.6203424977520058,1.6203424977520058
WESEL,2026-06-30 05:15:00+00:00,151.0,153.1606911104699,2,-2.1606911104699122,2.1606911104699122
WORMS,2026-06-30 05:15:00+00:00,74.0,74.56125717039636,2,-0.5612571703963596,0.5612571703963596
DUISBURG-MEIDERICH SCHLEUSE OW,2026-06-30 05:16:00+00:00,24.98,24.983499609667717,2,-0.0034996096677168964,0.0034996096677168964
DUISBURG-MEIDERICH SCHLEUSE UW,2026-06-30 05:16:00+00:00,18.22,18.190936330952102,2,0.029063669047896923,0.029063669047896923
DUISBURG-MEIDERICH SCHLEUSE OW,2026-06-30 05:17:00+00:00,24.98,24.983499609667717,2,-0.0034996096677168964,0.0034996096677168964
DUISBURG-MEIDERICH SCHLEUSE UW,2026-06-30 05:17:00+00:00,18.22,18.190936330952102,2,0.029063669047896923,0.029063669047896923
DUISBURG-MEIDERICH SCHLEUSE OW,2026-06-30 05:18:00+00:00,24.98,24.983499609667717,2,-0.0034996096677168964,0.0034996096677168964
DUISBURG-MEIDERICH SCHLEUSE UW,2026-06-30 05:18:00+00:00,18.22,18.190936330952102,2,0.029063669047896923,0.029063669047896923
DUISBURG-MEIDERICH SCHLEUSE OW,2026-06-30 05:19:00+00:00,24.98,24.983499609667717,2,-0.0034996096677168964,0.0034996096677168964
DUISBURG-MEIDERICH SCHLEUSE UW,2026-06-30 05:19:00+00:00,18.22,18.190936330952102,2,0.029063669047896923,0.029063669047896923
Basel-Rheinhalle,2026-06-30 05:20:00+00:00,527.0,523.9080252085197,2,3.091974791480311,3.091974791480311
DUISBURG-MEIDERICH SCHLEUSE OW,2026-06-30 05:20:00+00:00,24.98,24.980350894056055,2,-0.00035089405605504,0.00035089405605504
DUISBURG-MEIDERICH SCHLEUSE UW,2026-06-30 05:20:00+00:00,18.22,18.163606240905853,2,0.05639375909414568,0.05639375909414568
LOBITH,2026-06-30 05:20:00+00:00,705.0,704.4681914617341,2,0.5318085382658637,0.5318085382658637
DUISBURG-MEIDERICH SCHLEUSE OW,2026-06-30 05:21:00+00:00,24.98,24.980350894056055,2,-0.00035089405605504,0.00035089405605504
DUISBURG-MEIDERICH SCHLEUSE UW,2026-06-30 05:21:00+00:00,18.23,18.163606240905853,2,0.06639375909414724,0.06639375909414724
DUISBURG-MEIDERICH SCHLEUSE OW,2026-06-30 05:22:00+00:00,24.98,24.980350894056055,2,-0.00035089405605504,0.00035089405605504
DUISBURG-MEIDERICH SCHLEUSE UW,2026-06-30 05:22:00+00:00,18.23,18.163606240905853,2,0.06639375909414724,0.06639375909414724
DUISBURG-MEIDERICH SCHLEUSE OW,2026-06-30 05:23:00+00:00,24.98,24.980350894056055,2,-0.00035089405605504,0.00035089405605504
DUISBURG-MEIDERICH SCHLEUSE UW,2026-06-30 05:23:00+00:00,18.22,18.190936330952102,2,0.029063669047896923,0.029063669047896923
DUISBURG-MEIDERICH SCHLEUSE OW,2026-06-30 05:24:00+00:00,24.98,24.980350894056055,2,-0.00035089405605504,0.00035089405605504
DUISBURG-MEIDERICH SCHLEUSE UW,2026-06-30 05:24:00+00:00,18.22,18.190936330952102,2,0.029063669047896923,0.029063669047896923
Basel-Rheinhalle,2026-06-30 05:25:00+00:00,526.0,523.9841936922343,2,2.015806307765729,2.015806307765729
DUISBURG-MEIDERICH SCHLEUSE OW,2026-06-30 05:25:00+00:00,24.98,24.980350894056055,2,-0.00035089405605504,0.00035089405605504
DUISBURG-MEIDERICH SCHLEUSE UW,2026-06-30 05:25:00+00:00,18.22,18.190936330952102,2,0.029063669047896923,0.029063669047896923
DUISBURG-MEIDERICH SCHLEUSE OW,2026-06-30 05:26:00+00:00,24.98,24.980350894056055,2,-0.00035089405605504,0.00035089405605504
DUISBURG-MEIDERICH SCHLEUSE UW,2026-06-30 05:26:00+00:00,18.22,18.190936330952102,2,0.029063669047896923,0.029063669047896923
DUISBURG-MEIDERICH SCHLEUSE OW,2026-06-30 05:27:00+00:00,24.98,24.980350894056055,2,-0.00035089405605504,0.00035089405605504
DUISBURG-MEIDERICH SCHLEUSE UW,2026-06-30 05:27:00+00:00,18.22,18.190936330952102,2,0.029063669047896923,0.029063669047896923
DUISBURG-MEIDERICH SCHLEUSE OW,2026-06-30 05:28:00+00:00,24.98,24.980350894056055,2,-0.00035089405605504,0.00035089405605504
DUISBURG-MEIDERICH SCHLEUSE UW,2026-06-30 05:28:00+00:00,18.22,18.190936330952102,2,0.029063669047896923,0.029063669047896923
DUISBURG-MEIDERICH SCHLEUSE OW,2026-06-30 05:29:00+00:00,24.97,24.980350894056055,2,-0.010350894056056603,0.010350894056056603
DUISBURG-MEIDERICH SCHLEUSE UW,2026-06-30 05:29:00+00:00,18.22,18.190936330952102,2,0.029063669047896923,0.029063669047896923
BINGEN,2026-06-30 05:30:00+00:00,107.0,107.42448439153016,2,-0.42448439153015727,0.42448439153015727
BONN,2026-06-30 05:30:00+00:00,137.0,140.98624146725246,2,-3.986241467252455,3.986241467252455
BREISACH,2026-06-30 05:30:00+00:00,187.0,187.94936984072538,2,-0.9493698407253817,0.9493698407253817
Basel-Rheinhalle,2026-06-30 05:30:00+00:00,526.0,524.3792295013592,2,1.620770498640809,1.620770498640809
DUISBURG-MEIDERICH SCHLEUSE OW,2026-06-30 05:30:00+00:00,24.97,24.980350894056055,2,-0.010350894056056603,0.010350894056056603
DUISBURG-MEIDERICH SCHLEUSE UW,2026-06-30 05:30:00+00:00,18.22,18.190936330952102,2,0.029063669047896923,0.029063669047896923
DUISBURG-RUHRORT,2026-06-30 05:30:00+00:00,215.0,212.87770615808094,2,2.12229384191906,2.12229384191906
DÜSSELDORF,2026-06-30 05:30:00+00:00,84.0,81.75586573295313,2,2.2441342670468742,2.2441342670468742
EMMERICH,2026-06-30 05:30:00+00:00,53.0,53.36944455170752,2,-0.36944455170751667,0.36944455170751667
IFFEZHEIM,2026-06-30 05:30:00+00:00,146.0,145.2414120459014,2,0.7585879540986014,0.7585879540986014
KAUB,2026-06-30 05:30:00+00:00,91.0,87.49707143207397,2,3.502928567926034,3.502928567926034
KOBLENZ,2026-06-30 05:30:00+00:00,83.0,82.54869098886304,2,0.45130901113695643,0.45130901113695643
KONSTANZ-RHEIN,2026-06-30 05:30:00+00:00,313.0,312.98899423753227,2,0.011005762467732438,0.011005762467732438
Koblenz OP,2026-06-30 05:30:00+00:00,203.0,201.66125941853136,2,1.3387405814686417,1.3387405814686417
Koblenz UP,2026-06-30 05:30:00+00:00,40.0,46.15239864185641,2,-6.152398641856408,6.152398641856408
KÖLN,2026-06-30 05:30:00+00:00,133.0,133.87213268780965,2,-0.8721326878096534,0.8721326878096534
LOBITH,2026-06-30 05:30:00+00:00,706.0,704.1514266182376,2,1.848573381762435,1.848573381762435
MAINZ,2026-06-30 05:30:00+00:00,182.0,188.612046441351,2,-6.612046441350998,6.612046441350998
MANNHEIM,2026-06-30 05:30:00+00:00,163.0,158.12915800253884,2,4.870841997461156,4.870841997461156
MAXAU,2026-06-30 05:30:00+00:00,408.0,409.7033491526112,2,-1.7033491526112243,1.7033491526112243
REES,2026-06-30 05:30:00+00:00,96.0,96.2302137069463,2,-0.2302137069463015,0.2302137069463015
RHEINE UNTERSCHLEUSE,2026-06-30 05:30:00+00:00,190.0,228.663025449316,2,-38.663025449315995,38.663025449315995
RHEINWEILER,2026-06-30 05:30:00+00:00,223.0,223.38636115487603,2,-0.3863611548760275,0.3863611548760275
SANKT GOAR,2026-06-30 05:30:00+00:00,181.0,176.50822492566385,2,4.491775074336147,4.491775074336147
SPEYER,2026-06-30 05:30:00+00:00,258.0,255.8280318680267,2,2.1719681319733013,2.1719681319733013
WESEL,2026-06-30 05:30:00+00:00,153.0,153.0226945135622,2,-0.022694513562186103,0.022694513562186103
WORMS,2026-06-30 05:30:00+00:00,75.0,74.47661320023856,2,0.5233867997614396,0.5233867997614396
DUISBURG-MEIDERICH SCHLEUSE OW,2026-06-30 05:31:00+00:00,24.97,24.980350894056055,2,-0.010350894056056603,0.010350894056056603
DUISBURG-MEIDERICH SCHLEUSE UW,2026-06-30 05:31:00+00:00,18.22,18.190936330952102,2,0.029063669047896923,0.029063669047896923
DUISBURG-MEIDERICH SCHLEUSE OW,2026-06-30 05:32:00+00:00,24.97,24.980350894056055,2,-0.010350894056056603,0.010350894056056603
DUISBURG-MEIDERICH SCHLEUSE UW,2026-06-30 05:32:00+00:00,18.22,18.190936330952102,2,0.029063669047896923,0.029063669047896923
DUISBURG-MEIDERICH SCHLEUSE OW,2026-06-30 05:33:00+00:00,24.97,24.980350894056055,2,-0.010350894056056603,0.010350894056056603
DUISBURG-MEIDERICH SCHLEUSE UW,2026-06-30 05:33:00+00:00,18.22,18.190936330952102,2,0.029063669047896923,0.029063669047896923
DUISBURG-MEIDERICH SCHLEUSE OW,2026-06-30 05:34:00+00:00,24.97,24.980350894056055,2,-0.010350894056056603,0.010350894056056603
DUISBURG-MEIDERICH SCHLEUSE UW,2026-06-30 05:34:00+00:00,18.22,18.190936330952102,2,0.029063669047896923,0.029063669047896923
Basel-Rheinhalle,2026-06-30 05:35:00+00:00,525.0,524.4275439060859,2,0.5724560939140702,0.5724560939140702
DUISBURG-MEIDERICH SCHLEUSE OW,2026-06-30 05:35:00+00:00,24.97,24.980350894056055,2,-0.010350894056056603,0.010350894056056603
DUISBURG-MEIDERICH SCHLEUSE UW,2026-06-30 05:35:00+00:00,18.22,18.190936330952102,2,0.029063669047896923,0.029063669047896923
DUISBURG-MEIDERICH SCHLEUSE OW,2026-06-30 05:36:00+00:00,24.97,24.980350894056055,2,-0.010350894056056603,0.010350894056056603
DUISBURG-MEIDERICH SCHLEUSE UW,2026-06-30 05:36:00+00:00,18.23,18.190936330952102,2,0.039063669047898486,0.039063669047898486
DUISBURG-MEIDERICH SCHLEUSE OW,2026-06-30 05:37:00+00:00,24.97,24.980350894056055,2,-0.010350894056056603,0.010350894056056603
DUISBURG-MEIDERICH SCHLEUSE UW,2026-06-30 05:37:00+00:00,18.23,18.190936330952102,2,0.039063669047898486,0.039063669047898486
DUISBURG-MEIDERICH SCHLEUSE OW,2026-06-30 05:38:00+00:00,24.97,24.980350894056055,2,-0.010350894056056603,0.010350894056056603
DUISBURG-MEIDERICH SCHLEUSE UW,2026-06-30 05:38:00+00:00,18.23,18.190936330952102,2,0.039063669047898486,0.039063669047898486
DUISBURG-MEIDERICH SCHLEUSE OW,2026-06-30 05:39:00+00:00,24.97,24.980350894056055,2,-0.010350894056056603,0.010350894056056603
DUISBURG-MEIDERICH SCHLEUSE UW,2026-06-30 05:39:00+00:00,18.23,18.190936330952102,2,0.039063669047898486,0.039063669047898486
Basel-Rheinhalle,2026-06-30 05:40:00+00:00,525.0,523.9208391112221,2,1.079160888777892,1.079160888777892
DUISBURG-MEIDERICH SCHLEUSE OW,2026-06-30 05:40:00+00:00,24.97,24.980350894056055,2,-0.010350894056056603,0.010350894056056603
DUISBURG-MEIDERICH SCHLEUSE UW,2026-06-30 05:40:00+00:00,18.23,18.190936330952102,2,0.039063669047898486,0.039063669047898486
LOBITH,2026-06-30 05:40:00+00:00,703.0,704.1514266182376,2,-1.151426618237565,1.151426618237565
DUISBURG-MEIDERICH SCHLEUSE OW,2026-06-30 05:41:00+00:00,24.97,24.980350894056055,2,-0.010350894056056603,0.010350894056056603
DUISBURG-MEIDERICH SCHLEUSE UW,2026-06-30 05:41:00+00:00,18.23,18.190936330952102,2,0.039063669047898486,0.039063669047898486
DUISBURG-MEIDERICH SCHLEUSE OW,2026-06-30 05:42:00+00:00,24.97,24.980350894056055,2,-0.010350894056056603,0.010350894056056603
DUISBURG-MEIDERICH SCHLEUSE UW,2026-06-30 05:42:00+00:00,18.23,18.190936330952102,2,0.039063669047898486,0.039063669047898486
DUISBURG-MEIDERICH SCHLEUSE OW,2026-06-30 05:43:00+00:00,24.96,24.980350894056055,2,-0.020350894056054614,0.020350894056054614
DUISBURG-MEIDERICH SCHLEUSE UW,2026-06-30 05:43:00+00:00,18.23,18.190936330952102,2,0.039063669047898486,0.039063669047898486
DUISBURG-MEIDERICH SCHLEUSE OW,2026-06-30 05:44:00+00:00,24.96,24.980350894056055,2,-0.020350894056054614,0.020350894056054614
DUISBURG-MEIDERICH SCHLEUSE UW,2026-06-30 05:44:00+00:00,18.23,18.190936330952102,2,0.039063669047898486,0.039063669047898486
BINGEN,2026-06-30 05:45:00+00:00,106.0,107.54770439165995,2,-1.5477043916599484,1.5477043916599484
BONN,2026-06-30 05:45:00+00:00,138.0,140.98624146725246,2,-2.986241467252455,2.986241467252455
BREISACH,2026-06-30 05:45:00+00:00,186.0,188.24005374006433,2,-2.240053740064326,2.240053740064326
Basel-Rheinhalle,2026-06-30 05:45:00+00:00,525.0,523.8621199200375,2,1.1378800799625424,1.1378800799625424
DUISBURG-MEIDERICH SCHLEUSE OW,2026-06-30 05:45:00+00:00,24.96,24.980350894056055,2,-0.020350894056054614,0.020350894056054614
DUISBURG-MEIDERICH SCHLEUSE UW,2026-06-30 05:45:00+00:00,18.23,18.190936330952102,2,0.039063669047898486,0.039063669047898486
DUISBURG-RUHRORT,2026-06-30 05:45:00+00:00,216.0,212.87770615808094,2,3.12229384191906,3.12229384191906
DÜSSELDORF,2026-06-30 05:45:00+00:00,84.0,81.75602375804826,2,2.243976241951742,2.243976241951742
EMMERICH,2026-06-30 05:45:00+00:00,53.0,52.73983061144494,2,0.2601693885550631,0.2601693885550631
IFFEZHEIM,2026-06-30 05:45:00+00:00,148.0,145.50302503306003,2,2.4969749669399732,2.4969749669399732
KAUB,2026-06-30 05:45:00+00:00,90.0,87.61300009989928,2,2.3869999001007187,2.3869999001007187
KOBLENZ,2026-06-30 05:45:00+00:00,81.0,82.54869098886304,2,-1.5486909888630436,1.5486909888630436
KONSTANZ-RHEIN,2026-06-30 05:45:00+00:00,314.0,312.98899423753227,2,1.0110057624677324,1.0110057624677324
Koblenz OP,2026-06-30 05:45:00+00:00,207.0,201.16732911246038,2,5.832670887539621,5.832670887539621
Koblenz UP,2026-06-30 05:45:00+00:00,40.0,46.09261629888656,2,-6.092616298886561,6.092616298886561
KÖLN,2026-06-30 05:45:00+00:00,133.0,133.4656330638618,2,-0.4656330638617874,0.4656330638617874
MAINZ,2026-06-30 05:45:00+00:00,183.0,188.9983090989563,2,-5.998309098956298,5.998309098956298
MANNHEIM,2026-06-30 05:45:00+00:00,165.0,158.63074332356325,2,6.369256676436748,6.369256676436748
MAXAU,2026-06-30 05:45:00+00:00,408.0,409.17556722806506,2,-1.1755672280650629,1.1755672280650629
REES,2026-06-30 05:45:00+00:00,99.0,96.61755503622354,2,2.3824449637764644,2.3824449637764644
RHEINE UNTERSCHLEUSE,2026-06-30 05:45:00+00:00,191.0,228.41051557455964,2,-37.41051557455964,37.41051557455964
RHEINWEILER,2026-06-30 05:45:00+00:00,223.0,223.38636115487603,2,-0.3863611548760275,0.3863611548760275
SANKT GOAR,2026-06-30 05:45:00+00:00,180.0,176.56147630772054,2,3.4385236922794604,3.4385236922794604
SPEYER,2026-06-30 05:45:00+00:00,259.0,255.43721242830907,2,3.562787571690933,3.562787571690933
WESEL,2026-06-30 05:45:00+00:00,153.0,152.4127238702184,2,0.5872761297815998,0.5872761297815998
WORMS,2026-06-30 05:45:00+00:00,74.0,74.33734818914859,2,-0.3373481891485852,0.3373481891485852
DUISBURG-MEIDERICH SCHLEUSE OW,2026-06-30 05:46:00+00:00,24.96,24.980350894056055,2,-0.020350894056054614,0.020350894056054614
DUISBURG-MEIDERICH SCHLEUSE UW,2026-06-30 05:46:00+00:00,18.23,18.190936330952102,2,0.039063669047898486,0.039063669047898486
DUISBURG-MEIDERICH SCHLEUSE OW,2026-06-30 05:47:00+00:00,24.96,24.980350894056055,2,-0.020350894056054614,0.020350894056054614
DUISBURG-MEIDERICH SCHLEUSE UW,2026-06-30 05:47:00+00:00,18.22,18.190936330952102,2,0.029063669047896923,0.029063669047896923
DUISBURG-MEIDERICH SCHLEUSE OW,2026-06-30 05:48:00+00:00,24.96,24.980350894056055,2,-0.020350894056054614,0.020350894056054614
DUISBURG-MEIDERICH SCHLEUSE UW,2026-06-30 05:48:00+00:00,18.22,18.190936330952102,2,0.029063669047896923,0.029063669047896923
DUISBURG-MEIDERICH SCHLEUSE OW,2026-06-30 05:49:00+00:00,24.96,24.980350894056055,2,-0.020350894056054614,0.020350894056054614
DUISBURG-MEIDERICH SCHLEUSE UW,2026-06-30 05:49:00+00:00,18.22,18.163606240905853,2,0.05639375909414568,0.05639375909414568
Basel-Rheinhalle,2026-06-30 05:50:00+00:00,524.0,524.0364015159404,2,-0.03640151594038343,0.03640151594038343
DUISBURG-MEIDERICH SCHLEUSE OW,2026-06-30 05:50:00+00:00,24.96,24.980350894056055,2,-0.020350894056054614,0.020350894056054614
DUISBURG-MEIDERICH SCHLEUSE UW,2026-06-30 05:50:00+00:00,18.23,18.163606240905853,2,0.06639375909414724,0.06639375909414724
LOBITH,2026-06-30 05:50:00+00:00,704.0,704.0365521799127,2,-0.036552179912746396,0.036552179912746396
DUISBURG-MEIDERICH SCHLEUSE OW,2026-06-30 05:51:00+00:00,24.96,24.980350894056055,2,-0.020350894056054614,0.020350894056054614
DUISBURG-MEIDERICH SCHLEUSE UW,2026-06-30 05:51:00+00:00,18.23,18.163606240905853,2,0.06639375909414724,0.06639375909414724
DUISBURG-MEIDERICH SCHLEUSE OW,2026-06-30 05:52:00+00:00,24.96,24.980350894056055,2,-0.020350894056054614,0.020350894056054614
DUISBURG-MEIDERICH SCHLEUSE UW,2026-06-30 05:52:00+00:00,18.23,18.163606240905853,2,0.06639375909414724,0.06639375909414724
DUISBURG-MEIDERICH SCHLEUSE OW,2026-06-30 05:53:00+00:00,24.96,24.978197359730775,2,-0.018197359730773854,0.018197359730773854
DUISBURG-MEIDERICH SCHLEUSE UW,2026-06-30 05:53:00+00:00,18.23,18.190936330952102,2,0.039063669047898486,0.039063669047898486
DUISBURG-MEIDERICH SCHLEUSE OW,2026-06-30 05:54:00+00:00,24.96,24.978197359730775,2,-0.018197359730773854,0.018197359730773854
DUISBURG-MEIDERICH SCHLEUSE UW,2026-06-30 05:54:00+00:00,18.23,18.190936330952102,2,0.039063669047898486,0.039063669047898486
Basel-Rheinhalle,2026-06-30 05:55:00+00:00,524.0,525.2753492833991,2,-1.2753492833991231,1.2753492833991231
DUISBURG-MEIDERICH SCHLEUSE OW,2026-06-30 05:55:00+00:00,24.96,24.978197359730775,2,-0.018197359730773854,0.018197359730773854
DUISBURG-MEIDERICH SCHLEUSE UW,2026-06-30 05:55:00+00:00,18.23,18.190936330952102,2,0.039063669047898486,0.039063669047898486
DUISBURG-MEIDERICH SCHLEUSE OW,2026-06-30 05:56:00+00:00,24.95,24.978197359730775,2,-0.028197359730775418,0.028197359730775418
DUISBURG-MEIDERICH SCHLEUSE UW,2026-06-30 05:56:00+00:00,18.23,18.190936330952102,2,0.039063669047898486,0.039063669047898486
DUISBURG-MEIDERICH SCHLEUSE OW,2026-06-30 05:57:00+00:00,24.95,24.978197359730775,2,-0.028197359730775418,0.028197359730775418
DUISBURG-MEIDERICH SCHLEUSE UW,2026-06-30 05:57:00+00:00,18.23,18.190936330952102,2,0.039063669047898486,0.039063669047898486
DUISBURG-MEIDERICH SCHLEUSE OW,2026-06-30 05:58:00+00:00,24.95,24.978197359730775,2,-0.028197359730775418,0.028197359730775418
DUISBURG-MEIDERICH SCHLEUSE UW,2026-06-30 05:58:00+00:00,18.23,18.190936330952102,2,0.039063669047898486,0.039063669047898486
DUISBURG-MEIDERICH SCHLEUSE OW,2026-06-30 05:59:00+00:00,24.95,24.978197359730775,2,-0.028197359730775418,0.028197359730775418
DUISBURG-MEIDERICH SCHLEUSE UW,2026-06-30 05:59:00+00:00,18.23,18.190936330952102,2,0.039063669047898486,0.039063669047898486
BINGEN,2026-06-30 06:00:00+00:00,106.0,107.41787011835534,2,-1.4178701183553386,1.4178701183553386
BONN,2026-06-30 06:00:00+00:00,137.0,141.65769307813682,2,-4.657693078136816,4.657693078136816
BREISACH,2026-06-30 06:00:00+00:00,187.0,187.66275885318277,2,-0.6627588531827655,0.6627588531827655
Basel-Rheinhalle,2026-06-30 06:00:00+00:00,525.0,525.4003736109263,2,-0.40037361092629453,0.40037361092629453
DUISBURG-MEIDERICH SCHLEUSE OW,2026-06-30 06:00:00+00:00,24.95,24.946698527878386,2,0.003301472121613358,0.003301472121613358
DUISBURG-MEIDERICH SCHLEUSE UW,2026-06-30 06:00:00+00:00,18.23,18.160608720796787,2,0.06939127920321297,0.06939127920321297
DUISBURG-RUHRORT,2026-06-30 06:00:00+00:00,215.0,212.0651086269643,2,2.934891373035697,2.934891373035697
DÜSSELDORF,2026-06-30 06:00:00+00:00,85.0,81.66144794509857,2,3.3385520549014274,3.3385520549014274
EMMERICH,2026-06-30 06:00:00+00:00,54.0,52.898674323515344,2,1.101325676484656,1.101325676484656
IFFEZHEIM,2026-06-30 06:00:00+00:00,146.0,146.1462826787474,2,-0.1462826787474114,0.1462826787474114
KAUB,2026-06-30 06:00:00+00:00,91.0,86.57489974695363,2,4.425100253046367,4.425100253046367
KOBLENZ,2026-06-30 06:00:00+00:00,82.0,82.43298049194829,2,-0.43298049194828536,0.43298049194828536
KONSTANZ-RHEIN,2026-06-30 06:00:00+00:00,313.0,313.10346180111117,2,-0.1034618011111661,0.1034618011111661
Koblenz OP,2026-06-30 06:00:00+00:00,206.0,199.5463407929884,2,6.453659207011611,6.453659207011611
Koblenz UP,2026-06-30 06:00:00+00:00,41.0,46.51321242028974,2,-5.51321242028974,5.51321242028974
KÖLN,2026-06-30 06:00:00+00:00,133.0,133.6181358332771,2,-0.6181358332771083,0.6181358332771083
LOBITH,2026-06-30 06:00:00+00:00,704.0,703.9658072109207,2,0.03419278907927037,0.03419278907927037
MAINZ,2026-06-30 06:00:00+00:00,182.0,188.81144936843972,2,-6.811449368439725,6.811449368439725
MANNHEIM,2026-06-30 06:00:00+00:00,166.0,157.46830785664676,2,8.53169214335324,8.53169214335324
MAXAU,2026-06-30 06:00:00+00:00,407.0,409.26943737838434,2,-2.269437378384339,2.269437378384339
REES,2026-06-30 06:00:00+00:00,96.0,96.65892305955363,2,-0.6589230595536293,0.6589230595536293
RHEINE UNTERSCHLEUSE,2026-06-30 06:00:00+00:00,191.0,210.39324694992635,2,-19.39324694992635,19.39324694992635
RHEINWEILER,2026-06-30 06:00:00+00:00,223.0,223.86853644415731,2,-0.8685364441573142,0.8685364441573142
SANKT GOAR,2026-06-30 06:00:00+00:00,180.0,176.6372258231264,2,3.362774176873586,3.362774176873586
SPEYER,2026-06-30 06:00:00+00:00,258.0,256.24420570677,2,1.7557942932299966,1.7557942932299966
WESEL,2026-06-30 06:00:00+00:00,152.0,152.24809503221988,2,-0.24809503221987939,0.24809503221987939
WORMS,2026-06-30 06:00:00+00:00,74.0,74.23906588370266,2,-0.2390658837026649,0.2390658837026649
DUISBURG-MEIDERICH SCHLEUSE OW,2026-06-30 06:01:00+00:00,24.95,24.946698527878386,2,0.003301472121613358,0.003301472121613358
DUISBURG-MEIDERICH SCHLEUSE UW,2026-06-30 06:01:00+00:00,18.23,18.110373268817177,2,0.11962673118282297,0.11962673118282297
DUISBURG-MEIDERICH SCHLEUSE OW,2026-06-30 06:02:00+00:00,24.95,24.946698527878386,2,0.003301472121613358,0.003301472121613358
DUISBURG-MEIDERICH SCHLEUSE UW,2026-06-30 06:02:00+00:00,18.23,18.137703358863426,2,0.09229664113657421,0.09229664113657421
DUISBURG-MEIDERICH SCHLEUSE OW,2026-06-30 06:03:00+00:00,24.95,24.978197359730775,2,-0.028197359730775418,0.028197359730775418
DUISBURG-MEIDERICH SCHLEUSE UW,2026-06-30 06:03:00+00:00,18.23,18.190936330952102,2,0.039063669047898486,0.039063669047898486
DUISBURG-MEIDERICH SCHLEUSE OW,2026-06-30 06:04:00+00:00,24.94,24.978197359730775,2,-0.03819735973077343,0.03819735973077343
DUISBURG-MEIDERICH SCHLEUSE UW,2026-06-30 06:04:00+00:00,18.23,18.190936330952102,2,0.039063669047898486,0.039063669047898486
Basel-Rheinhalle,2026-06-30 06:05:00+00:00,527.0,526.3064233343318,2,0.6935766656681608,0.6935766656681608
DUISBURG-MEIDERICH SCHLEUSE OW,2026-06-30 06:05:00+00:00,24.94,24.978197359730775,2,-0.03819735973077343,0.03819735973077343
DUISBURG-MEIDERICH SCHLEUSE UW,2026-06-30 06:05:00+00:00,18.23,18.190936330952102,2,0.039063669047898486,0.039063669047898486
DUISBURG-MEIDERICH SCHLEUSE OW,2026-06-30 06:06:00+00:00,24.94,25.001532513489334,2,-0.06153251348933253,0.06153251348933253
DUISBURG-MEIDERICH SCHLEUSE UW,2026-06-30 06:06:00+00:00,18.23,18.21427148471066,2,0.015728515289339384,0.015728515289339384
DUISBURG-MEIDERICH SCHLEUSE OW,2026-06-30 06:07:00+00:00,24.94,24.998167729015968,2,-0.058167729015966785,0.058167729015966785
DUISBURG-MEIDERICH SCHLEUSE UW,2026-06-30 06:07:00+00:00,18.23,18.21427148471066,2,0.015728515289339384,0.015728515289339384
DUISBURG-MEIDERICH SCHLEUSE OW,2026-06-30 06:08:00+00:00,24.94,24.998167729015968,2,-0.058167729015966785,0.058167729015966785
DUISBURG-MEIDERICH SCHLEUSE UW,2026-06-30 06:08:00+00:00,18.23,18.21427148471066,2,0.015728515289339384,0.015728515289339384
DUISBURG-MEIDERICH SCHLEUSE OW,2026-06-30 06:09:00+00:00,24.94,24.97483257525741,2,-0.03483257525740768,0.03483257525740768
DUISBURG-MEIDERICH SCHLEUSE UW,2026-06-30 06:09:00+00:00,18.23,18.190936330952102,2,0.039063669047898486,0.039063669047898486
Basel-Rheinhalle,2026-06-30 06:10:00+00:00,525.0,524.0422589245348,2,0.957741075465151,0.957741075465151
DUISBURG-MEIDERICH SCHLEUSE OW,2026-06-30 06:10:00+00:00,24.94,24.97483257525741,2,-0.03483257525740768,0.03483257525740768
DUISBURG-MEIDERICH SCHLEUSE UW,2026-06-30 06:10:00+00:00,18.23,18.190936330952102,2,0.039063669047898486,0.039063669047898486
LOBITH,2026-06-30 06:10:00+00:00,705.0,704.2324422911183,2,0.7675577088816681,0.7675577088816681
DUISBURG-MEIDERICH SCHLEUSE OW,2026-06-30 06:11:00+00:00,24.94,24.97483257525741,2,-0.03483257525740768,0.03483257525740768
DUISBURG-MEIDERICH SCHLEUSE UW,2026-06-30 06:11:00+00:00,18.23,18.190936330952102,2,0.039063669047898486,0.039063669047898486
DUISBURG-MEIDERICH SCHLEUSE OW,2026-06-30 06:12:00+00:00,24.94,24.97483257525741,2,-0.03483257525740768,0.03483257525740768
DUISBURG-MEIDERICH SCHLEUSE UW,2026-06-30 06:12:00+00:00,18.23,18.190936330952102,2,0.039063669047898486,0.039063669047898486
DUISBURG-MEIDERICH SCHLEUSE OW,2026-06-30 06:13:00+00:00,24.94,24.97483257525741,2,-0.03483257525740768,0.03483257525740768
DUISBURG-MEIDERICH SCHLEUSE UW,2026-06-30 06:13:00+00:00,18.23,18.190936330952102,2,0.039063669047898486,0.039063669047898486
DUISBURG-MEIDERICH SCHLEUSE OW,2026-06-30 06:14:00+00:00,24.94,24.97483257525741,2,-0.03483257525740768,0.03483257525740768
DUISBURG-MEIDERICH SCHLEUSE UW,2026-06-30 06:14:00+00:00,18.24,18.190936330952102,2,0.049063669047896497,0.049063669047896497
BINGEN,2026-06-30 06:15:00+00:00,106.0,107.29866059598692,2,-1.2986605959869166,1.2986605959869166
BONN,2026-06-30 06:15:00+00:00,137.0,141.82131045485482,2,-4.8213104548548245,4.8213104548548245
BREISACH,2026-06-30 06:15:00+00:00,190.0,187.7057146191711,2,2.29428538082891,2.29428538082891
Basel-Rheinhalle,2026-06-30 06:15:00+00:00,523.0,524.7468692649448,2,-1.7468692649448485,1.7468692649448485
DUISBURG-MEIDERICH SCHLEUSE OW,2026-06-30 06:15:00+00:00,24.94,24.97483257525741,2,-0.03483257525740768,0.03483257525740768
DUISBURG-MEIDERICH SCHLEUSE UW,2026-06-30 06:15:00+00:00,18.24,18.190936330952102,2,0.049063669047896497,0.049063669047896497
DUISBURG-RUHRORT,2026-06-30 06:15:00+00:00,215.0,211.85948437870096,2,3.140515621299045,3.140515621299045
DÜSSELDORF,2026-06-30 06:15:00+00:00,84.0,82.56541825110833,2,1.4345817488916737,1.4345817488916737
EMMERICH,2026-06-30 06:15:00+00:00,52.0,53.49770747440658,2,-1.4977074744065817,1.4977074744065817
IFFEZHEIM,2026-06-30 06:15:00+00:00,144.0,146.20877718364207,2,-2.20877718364207,2.20877718364207
KAUB,2026-06-30 06:15:00+00:00,90.0,86.6015070033451,2,3.3984929966548947,3.3984929966548947
KOBLENZ,2026-06-30 06:15:00+00:00,82.0,81.73590905442609,2,0.264090945573912,0.264090945573912
KONSTANZ-RHEIN,2026-06-30 06:15:00+00:00,314.0,313.0847223322558,2,0.9152776677441921,0.9152776677441921
Koblenz OP,2026-06-30 06:15:00+00:00,207.0,199.76718570948168,2,7.23281429051832,7.23281429051832
Koblenz UP,2026-06-30 06:15:00+00:00,41.0,48.398889897376435,2,-7.398889897376435,7.398889897376435
KÖLN,2026-06-30 06:15:00+00:00,134.0,133.9055312383963,2,0.09446876160370721,0.09446876160370721
MAINZ,2026-06-30 06:15:00+00:00,181.0,188.1553007965282,2,-7.155300796528195,7.155300796528195
MANNHEIM,2026-06-30 06:15:00+00:00,165.0,157.32816425708987,2,7.671835742910133,7.671835742910133
MAXAU,2026-06-30 06:15:00+00:00,406.0,409.25376477106033,2,-3.2537647710603324,3.2537647710603324
REES,2026-06-30 06:15:00+00:00,97.0,95.99206887249505,2,1.0079311275049463,1.0079311275049463
RHEINE UNTERSCHLEUSE,2026-06-30 06:15:00+00:00,192.0,210.39324694992635,2,-18.39324694992635,18.39324694992635
RHEINWEILER,2026-06-30 06:15:00+00:00,223.0,223.79191560136925,2,-0.7919156013692543,0.7919156013692543
SANKT GOAR,2026-06-30 06:15:00+00:00,181.0,176.40863714609577,2,4.591362853904229,4.591362853904229
SPEYER,2026-06-30 06:15:00+00:00,258.0,256.4466290868302,2,1.553370913169772,1.553370913169772
WESEL,2026-06-30 06:15:00+00:00,152.0,151.88624793164072,2,0.11375206835927543,0.11375206835927543
WORMS,2026-06-30 06:15:00+00:00,74.0,74.2263687566948,2,-0.2263687566947965,0.2263687566947965
DUISBURG-MEIDERICH SCHLEUSE OW,2026-06-30 06:16:00+00:00,24.94,24.97483257525741,2,-0.03483257525740768,0.03483257525740768
DUISBURG-MEIDERICH SCHLEUSE UW,2026-06-30 06:16:00+00:00,18.24,18.190936330952102,2,0.049063669047896497,0.049063669047896497
DUISBURG-MEIDERICH SCHLEUSE OW,2026-06-30 06:17:00+00:00,24.94,24.97483257525741,2,-0.03483257525740768,0.03483257525740768
DUISBURG-MEIDERICH SCHLEUSE UW,2026-06-30 06:17:00+00:00,18.24,18.190936330952102,2,0.049063669047896497,0.049063669047896497
DUISBURG-MEIDERICH SCHLEUSE OW,2026-06-30 06:18:00+00:00,24.94,24.97483257525741,2,-0.03483257525740768,0.03483257525740768
DUISBURG-MEIDERICH SCHLEUSE UW,2026-06-30 06:18:00+00:00,18.24,18.190936330952102,2,0.049063669047896497,0.049063669047896497
DUISBURG-MEIDERICH SCHLEUSE OW,2026-06-30 06:19:00+00:00,24.94,24.97483257525741,2,-0.03483257525740768,0.03483257525740768
DUISBURG-MEIDERICH SCHLEUSE UW,2026-06-30 06:19:00+00:00,18.24,18.190936330952102,2,0.049063669047896497,0.049063669047896497
Basel-Rheinhalle,2026-06-30 06:20:00+00:00,520.0,524.46879043045,2,-4.468790430449985,4.468790430449985
DUISBURG-MEIDERICH SCHLEUSE OW,2026-06-30 06:20:00+00:00,24.93,24.96675768260122,2,-0.0367576826012197,0.0367576826012197
DUISBURG-MEIDERICH SCHLEUSE UW,2026-06-30 06:20:00+00:00,18.23,18.190936330952102,2,0.039063669047898486,0.039063669047898486
LOBITH,2026-06-30 06:20:00+00:00,704.0,704.210170341325,2,-0.21017034132501067,0.21017034132501067
DUISBURG-MEIDERICH SCHLEUSE OW,2026-06-30 06:21:00+00:00,24.93,24.96675768260122,2,-0.0367576826012197,0.0367576826012197
DUISBURG-MEIDERICH SCHLEUSE UW,2026-06-30 06:21:00+00:00,18.23,18.190936330952102,2,0.039063669047898486,0.039063669047898486
DUISBURG-MEIDERICH SCHLEUSE OW,2026-06-30 06:22:00+00:00,24.93,24.96675768260122,2,-0.0367576826012197,0.0367576826012197
DUISBURG-MEIDERICH SCHLEUSE UW,2026-06-30 06:22:00+00:00,18.23,18.190936330952102,2,0.039063669047898486,0.039063669047898486
DUISBURG-MEIDERICH SCHLEUSE OW,2026-06-30 06:23:00+00:00,24.93,24.96675768260122,2,-0.0367576826012197,0.0367576826012197
DUISBURG-MEIDERICH SCHLEUSE UW,2026-06-30 06:23:00+00:00,18.23,18.190936330952102,2,0.039063669047898486,0.039063669047898486
DUISBURG-MEIDERICH SCHLEUSE OW,2026-06-30 06:24:00+00:00,24.93,24.96675768260122,2,-0.0367576826012197,0.0367576826012197
DUISBURG-MEIDERICH SCHLEUSE UW,2026-06-30 06:24:00+00:00,18.23,18.190936330952102,2,0.039063669047898486,0.039063669047898486
Basel-Rheinhalle,2026-06-30 06:25:00+00:00,519.0,524.2315084518865,2,-5.231508451886498,5.231508451886498
DUISBURG-MEIDERICH SCHLEUSE OW,2026-06-30 06:25:00+00:00,24.93,24.96675768260122,2,-0.0367576826012197,0.0367576826012197
DUISBURG-MEIDERICH SCHLEUSE UW,2026-06-30 06:25:00+00:00,18.23,18.190936330952102,2,0.039063669047898486,0.039063669047898486
DUISBURG-MEIDERICH SCHLEUSE OW,2026-06-30 06:26:00+00:00,24.93,24.96675768260122,2,-0.0367576826012197,0.0367576826012197
DUISBURG-MEIDERICH SCHLEUSE UW,2026-06-30 06:26:00+00:00,18.23,18.190936330952102,2,0.039063669047898486,0.039063669047898486
DUISBURG-MEIDERICH SCHLEUSE OW,2026-06-30 06:27:00+00:00,24.92,24.96675768260122,2,-0.04675768260121771,0.04675768260121771
DUISBURG-MEIDERICH SCHLEUSE UW,2026-06-30 06:27:00+00:00,18.23,18.190936330952102,2,0.039063669047898486,0.039063669047898486
DUISBURG-MEIDERICH SCHLEUSE OW,2026-06-30 06:28:00+00:00,24.92,24.96675768260122,2,-0.04675768260121771,0.04675768260121771
DUISBURG-MEIDERICH SCHLEUSE UW,2026-06-30 06:28:00+00:00,18.23,18.190936330952102,2,0.039063669047898486,0.039063669047898486
DUISBURG-MEIDERICH SCHLEUSE OW,2026-06-30 06:29:00+00:00,24.92,24.96675768260122,2,-0.04675768260121771,0.04675768260121771
DUISBURG-MEIDERICH SCHLEUSE UW,2026-06-30 06:29:00+00:00,18.23,18.190936330952102,2,0.039063669047898486,0.039063669047898486
BINGEN,2026-06-30 06:30:00+00:00,106.0,107.28290171374428,2,-1.2829017137442804,1.2829017137442804
BONN,2026-06-30 06:30:00+00:00,137.0,142.01524406769883,2,-5.015244067698831,5.015244067698831
BREISACH,2026-06-30 06:30:00+00:00,194.0,186.56483395043045,2,7.4351660495695455,7.4351660495695455
Basel-Rheinhalle,2026-06-30 06:30:00+00:00,519.0,522.570496372524,2,-3.5704963725239622,3.5704963725239622
DUISBURG-MEIDERICH SCHLEUSE OW,2026-06-30 06:30:00+00:00,24.92,24.96675768260122,2,-0.04675768260121771,0.04675768260121771
DUISBURG-MEIDERICH SCHLEUSE UW,2026-06-30 06:30:00+00:00,18.23,18.190936330952102,2,0.039063669047898486,0.039063669047898486
DUISBURG-RUHRORT,2026-06-30 06:30:00+00:00,215.0,211.86727923955485,2,3.132720760445153,3.132720760445153
DÜSSELDORF,2026-06-30 06:30:00+00:00,84.0,81.86429578148176,2,2.135704218518242,2.135704218518242
EMMERICH,2026-06-30 06:30:00+00:00,54.0,52.89155305635973,2,1.108446943640267,1.108446943640267
IFFEZHEIM,2026-06-30 06:30:00+00:00,147.0,146.20939322049045,2,0.7906067795095453,0.7906067795095453
KAUB,2026-06-30 06:30:00+00:00,91.0,86.35091207051563,2,4.6490879294843666,4.6490879294843666
KOBLENZ,2026-06-30 06:30:00+00:00,83.0,82.35541640863244,2,0.6445835913675637,0.6445835913675637
KONSTANZ-RHEIN,2026-06-30 06:30:00+00:00,314.0,313.04057670060195,2,0.959423299398054,0.959423299398054
Koblenz OP,2026-06-30 06:30:00+00:00,207.0,199.52259637730145,2,7.477403622698546,7.477403622698546
Koblenz UP,2026-06-30 06:30:00+00:00,44.0,48.57851903322182,2,-4.5785190332218235,4.5785190332218235
KÖLN,2026-06-30 06:30:00+00:00,133.0,134.32286574177604,2,-1.3228657417760417,1.3228657417760417
LOBITH,2026-06-30 06:30:00+00:00,705.0,704.0036362849855,2,0.9963637150144677,0.9963637150144677
MAINZ,2026-06-30 06:30:00+00:00,181.0,186.93823019551022,2,-5.938230195510215,5.938230195510215
MANNHEIM,2026-06-30 06:30:00+00:00,165.0,157.25066063605846,2,7.749339363941544,7.749339363941544
MAXAU,2026-06-30 06:30:00+00:00,406.0,409.0687210861272,2,-3.068721086127198,3.068721086127198
REES,2026-06-30 06:30:00+00:00,97.0,95.88528613938215,2,1.1147138606178544,1.1147138606178544
RHEINE UNTERSCHLEUSE,2026-06-30 06:30:00+00:00,192.0,199.4298821762592,2,-7.429882176259213,7.429882176259213
RHEINWEILER,2026-06-30 06:30:00+00:00,223.0,224.40218715672196,2,-1.4021871567219648,1.4021871567219648
SANKT GOAR,2026-06-30 06:30:00+00:00,180.0,176.36917643223364,2,3.630823567766356,3.630823567766356
SPEYER,2026-06-30 06:30:00+00:00,260.0,255.6947492519822,2,4.305250748017812,4.305250748017812
WESEL,2026-06-30 06:30:00+00:00,151.0,152.3509102826552,2,-1.3509102826552066,1.3509102826552066
WORMS,2026-06-30 06:30:00+00:00,74.0,74.2773656876845,2,-0.2773656876844939,0.2773656876844939
DUISBURG-MEIDERICH SCHLEUSE OW,2026-06-30 06:31:00+00:00,24.92,24.96675768260122,2,-0.04675768260121771,0.04675768260121771
DUISBURG-MEIDERICH SCHLEUSE UW,2026-06-30 06:31:00+00:00,18.23,18.190936330952102,2,0.039063669047898486,0.039063669047898486
DUISBURG-MEIDERICH SCHLEUSE OW,2026-06-30 06:32:00+00:00,24.92,24.96675768260122,2,-0.04675768260121771,0.04675768260121771
DUISBURG-MEIDERICH SCHLEUSE UW,2026-06-30 06:32:00+00:00,18.23,18.190936330952102,2,0.039063669047898486,0.039063669047898486
DUISBURG-MEIDERICH SCHLEUSE OW,2026-06-30 06:33:00+00:00,24.92,24.96675768260122,2,-0.04675768260121771,0.04675768260121771
DUISBURG-MEIDERICH SCHLEUSE UW,2026-06-30 06:33:00+00:00,18.23,18.190936330952102,2,0.039063669047898486,0.039063669047898486
DUISBURG-MEIDERICH SCHLEUSE OW,2026-06-30 06:34:00+00:00,24.92,24.96675768260122,2,-0.04675768260121771,0.04675768260121771
DUISBURG-MEIDERICH SCHLEUSE UW,2026-06-30 06:34:00+00:00,18.23,18.190936330952102,2,0.039063669047898486,0.039063669047898486
Basel-Rheinhalle,2026-06-30 06:35:00+00:00,520.0,522.9167814374017,2,-2.91678143740171,2.91678143740171
DUISBURG-MEIDERICH SCHLEUSE OW,2026-06-30 06:35:00+00:00,24.92,24.96675768260122,2,-0.04675768260121771,0.04675768260121771
DUISBURG-MEIDERICH SCHLEUSE UW,2026-06-30 06:35:00+00:00,18.23,18.190936330952102,2,0.039063669047898486,0.039063669047898486
DUISBURG-MEIDERICH SCHLEUSE OW,2026-06-30 06:36:00+00:00,24.92,24.96675768260122,2,-0.04675768260121771,0.04675768260121771
DUISBURG-MEIDERICH SCHLEUSE UW,2026-06-30 06:36:00+00:00,18.23,18.190936330952102,2,0.039063669047898486,0.039063669047898486
DUISBURG-MEIDERICH SCHLEUSE OW,2026-06-30 06:37:00+00:00,24.92,24.96675768260122,2,-0.04675768260121771,0.04675768260121771
DUISBURG-MEIDERICH SCHLEUSE UW,2026-06-30 06:37:00+00:00,18.23,18.190936330952102,2,0.039063669047898486,0.039063669047898486
DUISBURG-MEIDERICH SCHLEUSE OW,2026-06-30 06:38:00+00:00,24.92,24.96675768260122,2,-0.04675768260121771,0.04675768260121771
DUISBURG-MEIDERICH SCHLEUSE UW,2026-06-30 06:38:00+00:00,18.23,18.190936330952102,2,0.039063669047898486,0.039063669047898486
DUISBURG-MEIDERICH SCHLEUSE OW,2026-06-30 06:39:00+00:00,24.92,24.96675768260122,2,-0.04675768260121771,0.04675768260121771
DUISBURG-MEIDERICH SCHLEUSE UW,2026-06-30 06:39:00+00:00,18.23,18.212652223109806,2,0.017347776890193956,0.017347776890193956
Basel-Rheinhalle,2026-06-30 06:40:00+00:00,520.0,522.9274254143954,2,-2.9274254143954295,2.9274254143954295
DUISBURG-MEIDERICH SCHLEUSE OW,2026-06-30 06:40:00+00:00,24.91,24.96675768260122,2,-0.05675768260121927,0.05675768260121927
DUISBURG-MEIDERICH SCHLEUSE UW,2026-06-30 06:40:00+00:00,18.23,18.212652223109806,2,0.017347776890193956,0.017347776890193956
LOBITH,2026-06-30 06:40:00+00:00,705.0,704.0036362849855,2,0.9963637150144677,0.9963637150144677
DUISBURG-MEIDERICH SCHLEUSE OW,2026-06-30 06:41:00+00:00,24.91,24.96675768260122,2,-0.05675768260121927,0.05675768260121927
DUISBURG-MEIDERICH SCHLEUSE UW,2026-06-30 06:41:00+00:00,18.22,18.212652223109806,2,0.007347776890192392,0.007347776890192392
DUISBURG-MEIDERICH SCHLEUSE OW,2026-06-30 06:42:00+00:00,24.91,24.96675768260122,2,-0.05675768260121927,0.05675768260121927
DUISBURG-MEIDERICH SCHLEUSE UW,2026-06-30 06:42:00+00:00,18.22,18.190936330952102,2,0.029063669047896923,0.029063669047896923
DUISBURG-MEIDERICH SCHLEUSE OW,2026-06-30 06:43:00+00:00,24.91,24.96675768260122,2,-0.05675768260121927,0.05675768260121927
DUISBURG-MEIDERICH SCHLEUSE UW,2026-06-30 06:43:00+00:00,18.22,18.190936330952102,2,0.029063669047896923,0.029063669047896923
DUISBURG-MEIDERICH SCHLEUSE OW,2026-06-30 06:44:00+00:00,24.91,24.96675768260122,2,-0.05675768260121927,0.05675768260121927
DUISBURG-MEIDERICH SCHLEUSE UW,2026-06-30 06:44:00+00:00,18.22,18.190936330952102,2,0.029063669047896923,0.029063669047896923
BINGEN,2026-06-30 06:45:00+00:00,106.0,107.37060497207662,2,-1.3706049720766202,1.3706049720766202
BONN,2026-06-30 06:45:00+00:00,137.0,141.60907780318183,2,-4.609077803181833,4.609077803181833
BREISACH,2026-06-30 06:45:00+00:00,192.0,186.4352339035364,2,5.564766096463586,5.564766096463586
Basel-Rheinhalle,2026-06-30 06:45:00+00:00,520.0,522.8339289044561,2,-2.8339289044561156,2.8339289044561156
DUISBURG-MEIDERICH SCHLEUSE OW,2026-06-30 06:45:00+00:00,24.91,24.96675768260122,2,-0.05675768260121927,0.05675768260121927
DUISBURG-MEIDERICH SCHLEUSE UW,2026-06-30 06:45:00+00:00,18.22,18.190936330952102,2,0.029063669047896923,0.029063669047896923
DUISBURG-RUHRORT,2026-06-30 06:45:00+00:00,215.0,212.47140834832467,2,2.5285916516753275,2.5285916516753275
DÜSSELDORF,2026-06-30 06:45:00+00:00,83.0,81.73295009373375,2,1.2670499062662515,1.2670499062662515
EMMERICH,2026-06-30 06:45:00+00:00,53.0,52.82570142772151,2,0.174298572278488,0.174298572278488
IFFEZHEIM,2026-06-30 06:45:00+00:00,144.0,146.20939322049045,2,-2.2093932204904547,2.2093932204904547
KAUB,2026-06-30 06:45:00+00:00,91.0,86.31791797500927,2,4.682082024990734,4.682082024990734
KOBLENZ,2026-06-30 06:45:00+00:00,83.0,82.3535133600336,2,0.6464866399663975,0.6464866399663975
KONSTANZ-RHEIN,2026-06-30 06:45:00+00:00,313.0,312.95243153634584,2,0.04756846365415868,0.04756846365415868
Koblenz OP,2026-06-30 06:45:00+00:00,207.0,199.7854433284895,2,7.214556671510508,7.214556671510508
Koblenz UP,2026-06-30 06:45:00+00:00,57.0,48.56069144941593,2,8.439308550584073,8.439308550584073
KÖLN,2026-06-30 06:45:00+00:00,133.0,133.7880571977787,2,-0.7880571977786985,0.7880571977786985
MAINZ,2026-06-30 06:45:00+00:00,183.0,186.98710663058992,2,-3.9871066305899205,3.9871066305899205
MANNHEIM,2026-06-30 06:45:00+00:00,166.0,157.3037305467185,2,8.696269453281502,8.696269453281502
MAXAU,2026-06-30 06:45:00+00:00,405.0,409.0687210861272,2,-4.068721086127198,4.068721086127198
REES,2026-06-30 06:45:00+00:00,96.0,96.14133180458408,2,-0.1413318045840839,0.1413318045840839
RHEINE UNTERSCHLEUSE,2026-06-30 06:45:00+00:00,192.0,200.1057176320336,2,-8.105717632033588,8.105717632033588
RHEINWEILER,2026-06-30 06:45:00+00:00,223.0,224.3328797635226,2,-1.3328797635226124,1.3328797635226124
SANKT GOAR,2026-06-30 06:45:00+00:00,181.0,176.5735501775327,2,4.426449822467305,4.426449822467305
SPEYER,2026-06-30 06:45:00+00:00,258.0,256.3551448852576,2,1.6448551147424268,1.6448551147424268
WESEL,2026-06-30 06:45:00+00:00,152.0,150.9911806892078,2,1.0088193107922052,1.0088193107922052
WORMS,2026-06-30 06:45:00+00:00,74.0,74.3989667116484,2,-0.3989667116483986,0.3989667116483986
DUISBURG-MEIDERICH SCHLEUSE OW,2026-06-30 06:46:00+00:00,24.91,24.96675768260122,2,-0.05675768260121927,0.05675768260121927
DUISBURG-MEIDERICH SCHLEUSE UW,2026-06-30 06:46:00+00:00,18.21,18.190936330952102,2,0.019063669047898912,0.019063669047898912
DUISBURG-MEIDERICH SCHLEUSE OW,2026-06-30 06:47:00+00:00,24.91,24.96675768260122,2,-0.05675768260121927,0.05675768260121927
DUISBURG-MEIDERICH SCHLEUSE UW,2026-06-30 06:47:00+00:00,18.21,18.190936330952102,2,0.019063669047898912,0.019063669047898912
DUISBURG-MEIDERICH SCHLEUSE OW,2026-06-30 06:48:00+00:00,24.91,24.96675768260122,2,-0.05675768260121927,0.05675768260121927
DUISBURG-MEIDERICH SCHLEUSE UW,2026-06-30 06:48:00+00:00,18.22,18.190936330952102,2,0.029063669047896923,0.029063669047896923
DUISBURG-MEIDERICH SCHLEUSE OW,2026-06-30 06:49:00+00:00,24.91,24.96675768260122,2,-0.05675768260121927,0.05675768260121927
DUISBURG-MEIDERICH SCHLEUSE UW,2026-06-30 06:49:00+00:00,18.22,18.190936330952102,2,0.029063669047896923,0.029063669047896923
Basel-Rheinhalle,2026-06-30 06:50:00+00:00,519.0,522.545947174211,2,-3.545947174211051,3.545947174211051
DUISBURG-MEIDERICH SCHLEUSE OW,2026-06-30 06:50:00+00:00,24.91,24.96675768260122,2,-0.05675768260121927,0.05675768260121927
DUISBURG-MEIDERICH SCHLEUSE UW,2026-06-30 06:50:00+00:00,18.22,18.190936330952102,2,0.029063669047896923,0.029063669047896923
LOBITH,2026-06-30 06:50:00+00:00,705.0,704.1009457817125,2,0.8990542182874606,0.8990542182874606
DUISBURG-MEIDERICH SCHLEUSE OW,2026-06-30 06:51:00+00:00,24.91,24.96675768260122,2,-0.05675768260121927,0.05675768260121927
DUISBURG-MEIDERICH SCHLEUSE UW,2026-06-30 06:51:00+00:00,18.22,18.190936330952102,2,0.029063669047896923,0.029063669047896923
DUISBURG-MEIDERICH SCHLEUSE OW,2026-06-30 06:52:00+00:00,24.91,24.96675768260122,2,-0.05675768260121927,0.05675768260121927
DUISBURG-MEIDERICH SCHLEUSE UW,2026-06-30 06:52:00+00:00,18.22,18.190936330952102,2,0.029063669047896923,0.029063669047896923
DUISBURG-MEIDERICH SCHLEUSE OW,2026-06-30 06:53:00+00:00,24.91,24.96675768260122,2,-0.05675768260121927,0.05675768260121927
DUISBURG-MEIDERICH SCHLEUSE UW,2026-06-30 06:53:00+00:00,18.22,18.190936330952102,2,0.029063669047896923,0.029063669047896923
DUISBURG-MEIDERICH SCHLEUSE OW,2026-06-30 06:54:00+00:00,24.91,24.96675768260122,2,-0.05675768260121927,0.05675768260121927
DUISBURG-MEIDERICH SCHLEUSE UW,2026-06-30 06:54:00+00:00,18.22,18.190936330952102,2,0.029063669047896923,0.029063669047896923
Basel-Rheinhalle,2026-06-30 06:55:00+00:00,519.0,520.5586393039374,2,-1.5586393039374116,1.5586393039374116
DUISBURG-MEIDERICH SCHLEUSE OW,2026-06-30 06:55:00+00:00,24.91,24.96675768260122,2,-0.05675768260121927,0.05675768260121927
DUISBURG-MEIDERICH SCHLEUSE UW,2026-06-30 06:55:00+00:00,18.22,18.190936330952102,2,0.029063669047896923,0.029063669047896923
DUISBURG-MEIDERICH SCHLEUSE OW,2026-06-30 06:56:00+00:00,24.91,24.96675768260122,2,-0.05675768260121927,0.05675768260121927
DUISBURG-MEIDERICH SCHLEUSE UW,2026-06-30 06:56:00+00:00,18.22,18.190936330952102,2,0.029063669047896923,0.029063669047896923
DUISBURG-MEIDERICH SCHLEUSE OW,2026-06-30 06:57:00+00:00,24.91,24.96675768260122,2,-0.05675768260121927,0.05675768260121927
DUISBURG-MEIDERICH SCHLEUSE UW,2026-06-30 06:57:00+00:00,18.22,18.190936330952102,2,0.029063669047896923,0.029063669047896923
DUISBURG-MEIDERICH SCHLEUSE OW,2026-06-30 06:58:00+00:00,24.91,24.96675768260122,2,-0.05675768260121927,0.05675768260121927
DUISBURG-MEIDERICH SCHLEUSE UW,2026-06-30 06:58:00+00:00,18.22,18.190936330952102,2,0.029063669047896923,0.029063669047896923
DUISBURG-MEIDERICH SCHLEUSE OW,2026-06-30 06:59:00+00:00,24.91,24.96675768260122,2,-0.05675768260121927,0.05675768260121927
DUISBURG-MEIDERICH SCHLEUSE UW,2026-06-30 06:59:00+00:00,18.22,18.190936330952102,2,0.029063669047896923,0.029063669047896923
BINGEN,2026-06-30 07:00:00+00:00,106.0,107.25357489306545,2,-1.2535748930654478,1.2535748930654478
BONN,2026-06-30 07:00:00+00:00,137.0,141.2927984851808,2,-4.2927984851808105,4.2927984851808105
BREISACH,2026-06-30 07:00:00+00:00,190.0,186.50604348454613,2,3.493956515453874,3.493956515453874
Basel-Rheinhalle,2026-06-30 07:00:00+00:00,518.0,520.0178235089232,2,-2.017823508923243,2.017823508923243
DUISBURG-MEIDERICH SCHLEUSE OW,2026-06-30 07:00:00+00:00,24.91,25.949959219710784,2,-1.0399592197107843,1.0399592197107843
DUISBURG-MEIDERICH SCHLEUSE UW,2026-06-30 07:00:00+00:00,18.21,19.42755524556285,2,-1.217555245562849,1.217555245562849
DUISBURG-RUHRORT,2026-06-30 07:00:00+00:00,215.0,212.52465973038136,2,2.4753402696186413,2.4753402696186413
DÜSSELDORF,2026-06-30 07:00:00+00:00,83.0,81.75955735012522,2,1.2404426498747796,1.2404426498747796
EMMERICH,2026-06-30 07:00:00+00:00,54.0,53.03995503457432,2,0.9600449654256806,0.9600449654256806
IFFEZHEIM,2026-06-30 07:00:00+00:00,145.0,146.10203135203702,2,-1.1020313520370166,1.1020313520370166
KAUB,2026-06-30 07:00:00+00:00,92.0,86.26291844182954,2,5.737081558170459,5.737081558170459
KOBLENZ,2026-06-30 07:00:00+00:00,85.0,82.30042241343992,2,2.699577586560082,2.699577586560082
KONSTANZ-RHEIN,2026-06-30 07:00:00+00:00,314.0,312.98633501086573,2,1.01366498913427,1.01366498913427
Koblenz OP,2026-06-30 07:00:00+00:00,206.0,199.7854433284895,2,6.214556671510508,6.214556671510508
Koblenz UP,2026-06-30 07:00:00+00:00,64.0,48.53129801452967,2,15.468701985470332,15.468701985470332
KÖLN,2026-06-30 07:00:00+00:00,133.0,134.03912558765762,2,-1.0391255876576224,1.0391255876576224
LOBITH,2026-06-30 07:00:00+00:00,705.0,703.5118545413195,2,1.488145458680492,1.488145458680492
MAINZ,2026-06-30 07:00:00+00:00,182.0,186.58044916632863,2,-4.580449166328634,4.580449166328634
MANNHEIM,2026-06-30 07:00:00+00:00,166.0,158.33780428663093,2,7.662195713369073,7.662195713369073
MAXAU,2026-06-30 07:00:00+00:00,405.0,409.1091993858738,2,-4.109199385873808,4.109199385873808
REES,2026-06-30 07:00:00+00:00,97.0,96.23370577457064,2,0.7662942254293625,0.7662942254293625
RHEINE UNTERSCHLEUSE,2026-06-30 07:00:00+00:00,192.0,195.5540292375013,2,-3.554029237501311,3.554029237501311
RHEINWEILER,2026-06-30 07:00:00+00:00,223.0,224.39651062273032,2,-1.3965106227303181,1.3965106227303181
SANKT GOAR,2026-06-30 07:00:00+00:00,181.0,176.49604655650128,2,4.503953443498716,4.503953443498716
SPEYER,2026-06-30 07:00:00+00:00,259.0,255.8057917047624,2,3.194208295237587,3.194208295237587
WESEL,2026-06-30 07:00:00+00:00,153.0,151.82927478883488,2,1.17072521116512,1.17072521116512
WORMS,2026-06-30 07:00:00+00:00,74.0,74.72467258312635,2,-0.724672583126349,0.724672583126349
DUISBURG-MEIDERICH SCHLEUSE OW,2026-06-30 07:01:00+00:00,24.91,25.949959219710784,2,-1.0399592197107843,1.0399592197107843
DUISBURG-MEIDERICH SCHLEUSE UW,2026-06-30 07:01:00+00:00,18.21,19.42755524556285,2,-1.217555245562849,1.217555245562849
DUISBURG-MEIDERICH SCHLEUSE OW,2026-06-30 07:02:00+00:00,24.91,25.920083898977694,2,-1.010083898977694,1.010083898977694
DUISBURG-MEIDERICH SCHLEUSE UW,2026-06-30 07:02:00+00:00,18.21,19.39767992482976,2,-1.1876799248297587,1.1876799248297587
DUISBURG-MEIDERICH SCHLEUSE OW,2026-06-30 07:03:00+00:00,24.91,25.920083898977694,2,-1.010083898977694,1.010083898977694
DUISBURG-MEIDERICH SCHLEUSE UW,2026-06-30 07:03:00+00:00,18.21,19.39767992482976,2,-1.1876799248297587,1.1876799248297587
DUISBURG-MEIDERICH SCHLEUSE OW,2026-06-30 07:04:00+00:00,24.91,26.736435922536455,2,-1.8264359225364544,1.8264359225364544
DUISBURG-MEIDERICH SCHLEUSE UW,2026-06-30 07:04:00+00:00,18.21,20.438023198739934,2,-2.2280231987399333,2.2280231987399333
Basel-Rheinhalle,2026-06-30 07:05:00+00:00,518.0,519.9621932292623,2,-1.9621932292623114,1.9621932292623114
DUISBURG-MEIDERICH SCHLEUSE OW,2026-06-30 07:05:00+00:00,24.91,27.72178878831047,2,-2.8117887883104693,2.8117887883104693
DUISBURG-MEIDERICH SCHLEUSE UW,2026-06-30 07:05:00+00:00,18.21,21.691305747163568,2,-3.4813057471635673,3.4813057471635673
DUISBURG-MEIDERICH SCHLEUSE OW,2026-06-30 07:06:00+00:00,24.91,27.92609713628998,2,-3.0160971362899787,3.0160971362899787
DUISBURG-MEIDERICH SCHLEUSE UW,2026-06-30 07:06:00+00:00,18.21,21.967776459001584,2,-3.757776459001583,3.757776459001583
DUISBURG-MEIDERICH SCHLEUSE OW,2026-06-30 07:07:00+00:00,24.91,27.92609713628998,2,-3.0160971362899787,3.0160971362899787
DUISBURG-MEIDERICH SCHLEUSE UW,2026-06-30 07:07:00+00:00,18.21,21.967776459001584,2,-3.757776459001583,3.757776459001583
DUISBURG-MEIDERICH SCHLEUSE OW,2026-06-30 07:08:00+00:00,24.91,27.943761106500048,2,-3.033761106500048,3.033761106500048
DUISBURG-MEIDERICH SCHLEUSE UW,2026-06-30 07:08:00+00:00,18.21,21.985440429211653,2,-3.7754404292116526,3.7754404292116526
DUISBURG-MEIDERICH SCHLEUSE OW,2026-06-30 07:09:00+00:00,24.91,27.943761106500048,2,-3.033761106500048,3.033761106500048
DUISBURG-MEIDERICH SCHLEUSE UW,2026-06-30 07:09:00+00:00,18.21,21.96372453705395,2,-3.753724537053948,3.753724537053948
Basel-Rheinhalle,2026-06-30 07:10:00+00:00,519.0,519.7529165816783,2,-0.7529165816782779,0.7529165816782779
DUISBURG-MEIDERICH SCHLEUSE OW,2026-06-30 07:10:00+00:00,24.91,27.943761106500048,2,-3.033761106500048,3.033761106500048
DUISBURG-MEIDERICH SCHLEUSE UW,2026-06-30 07:10:00+00:00,18.21,21.96372453705395,2,-3.753724537053948,3.753724537053948
LOBITH,2026-06-30 07:10:00+00:00,704.0,703.5118545413195,2,0.4881454586804921,0.4881454586804921
DUISBURG-MEIDERICH SCHLEUSE OW,2026-06-30 07:11:00+00:00,24.91,27.943761106500048,2,-3.033761106500048,3.033761106500048
DUISBURG-MEIDERICH SCHLEUSE UW,2026-06-30 07:11:00+00:00,18.22,21.96372453705395,2,-3.74372453705395,3.74372453705395
DUISBURG-MEIDERICH SCHLEUSE OW,2026-06-30 07:12:00+00:00,24.91,28.026008827095634,2,-3.1160088270956336,3.1160088270956336
DUISBURG-MEIDERICH SCHLEUSE UW,2026-06-30 07:12:00+00:00,18.22,22.045972257649534,2,-3.8259722576495356,3.8259722576495356
DUISBURG-MEIDERICH SCHLEUSE OW,2026-06-30 07:13:00+00:00,24.91,28.026008827095634,2,-3.1160088270956336,3.1160088270956336
DUISBURG-MEIDERICH SCHLEUSE UW,2026-06-30 07:13:00+00:00,18.21,22.045972257649534,2,-3.8359722576495336,3.8359722576495336
DUISBURG-MEIDERICH SCHLEUSE OW,2026-06-30 07:14:00+00:00,24.91,28.026008827095634,2,-3.1160088270956336,3.1160088270956336
DUISBURG-MEIDERICH SCHLEUSE UW,2026-06-30 07:14:00+00:00,18.21,22.045972257649534,2,-3.8359722576495336,3.8359722576495336
BINGEN,2026-06-30 07:15:00+00:00,105.0,107.13605624334538,2,-2.1360562433453794,2.1360562433453794
BONN,2026-06-30 07:15:00+00:00,137.0,141.11275752740906,2,-4.112757527409059,4.112757527409059
BREISACH,2026-06-30 07:15:00+00:00,189.0,187.13939642697656,2,1.8606035730234396,1.8606035730234396
Basel-Rheinhalle,2026-06-30 07:15:00+00:00,521.0,519.8827571379595,2,1.1172428620404844,1.1172428620404844
DUISBURG-MEIDERICH SCHLEUSE OW,2026-06-30 07:15:00+00:00,24.91,28.026008827095634,2,-3.1160088270956336,3.1160088270956336
DUISBURG-MEIDERICH SCHLEUSE UW,2026-06-30 07:15:00+00:00,18.21,22.045972257649534,2,-3.8359722576495336,3.8359722576495336
DUISBURG-RUHRORT,2026-06-30 07:15:00+00:00,215.0,212.66979385098352,2,2.330206149016476,2.330206149016476
DÜSSELDORF,2026-06-30 07:15:00+00:00,84.0,81.78016298344036,2,2.2198370165596373,2.2198370165596373
EMMERICH,2026-06-30 07:15:00+00:00,51.0,53.42340969252506,2,-2.4234096925250626,2.4234096925250626
IFFEZHEIM,2026-06-30 07:15:00+00:00,144.0,147.151187962947,2,-3.151187962947006,3.151187962947006
KAUB,2026-06-30 07:15:00+00:00,92.0,86.02270985813358,2,5.977290141866419,5.977290141866419
KOBLENZ,2026-06-30 07:15:00+00:00,86.0,82.59999447672378,2,3.4000055232762207,3.4000055232762207
KONSTANZ-RHEIN,2026-06-30 07:15:00+00:00,314.0,312.98633501086573,2,1.01366498913427,1.01366498913427
Koblenz OP,2026-06-30 07:15:00+00:00,205.0,199.80771527828284,2,5.192284721717158,5.192284721717158
Koblenz UP,2026-06-30 07:15:00+00:00,65.0,48.424024581598,2,16.575975418402003,16.575975418402003
KÖLN,2026-06-30 07:15:00+00:00,133.0,134.50398483492336,2,-1.503984834923358,1.503984834923358
MAINZ,2026-06-30 07:15:00+00:00,183.0,186.83962209698058,2,-3.8396220969805768,3.8396220969805768
MANNHEIM,2026-06-30 07:15:00+00:00,167.0,159.16155983139623,2,7.838440168603768,7.838440168603768
MAXAU,2026-06-30 07:15:00+00:00,405.0,409.2603717568876,2,-4.260371756887594,4.260371756887594
REES,2026-06-30 07:15:00+00:00,96.0,96.21786083703594,2,-0.21786083703594272,0.21786083703594272
RHEINE UNTERSCHLEUSE,2026-06-30 07:15:00+00:00,192.0,195.4991735536163,2,-3.499173553616288,3.499173553616288
RHEINWEILER,2026-06-30 07:15:00+00:00,223.0,224.14262970473877,2,-1.1426297047387663,1.1426297047387663
SANKT GOAR,2026-06-30 07:15:00+00:00,181.0,176.49604655650128,2,4.503953443498716,4.503953443498716
SPEYER,2026-06-30 07:15:00+00:00,259.0,255.21062116531954,2,3.7893788346804627,3.7893788346804627
WESEL,2026-06-30 07:15:00+00:00,152.0,151.6217240059347,2,0.3782759940652909,0.3782759940652909
WORMS,2026-06-30 07:15:00+00:00,74.0,74.72467258312635,2,-0.724672583126349,0.724672583126349
DUISBURG-MEIDERICH SCHLEUSE OW,2026-06-30 07:16:00+00:00,24.91,28.026008827095634,2,-3.1160088270956336,3.1160088270956336
DUISBURG-MEIDERICH SCHLEUSE UW,2026-06-30 07:16:00+00:00,18.21,22.045972257649534,2,-3.8359722576495336,3.8359722576495336
DUISBURG-MEIDERICH SCHLEUSE OW,2026-06-30 07:17:00+00:00,24.91,28.026008827095634,2,-3.1160088270956336,3.1160088270956336
DUISBURG-MEIDERICH SCHLEUSE UW,2026-06-30 07:17:00+00:00,18.21,22.045972257649534,2,-3.8359722576495336,3.8359722576495336
DUISBURG-MEIDERICH SCHLEUSE OW,2026-06-30 07:18:00+00:00,24.91,28.026008827095634,2,-3.1160088270956336,3.1160088270956336
DUISBURG-MEIDERICH SCHLEUSE UW,2026-06-30 07:18:00+00:00,18.21,22.045972257649534,2,-3.8359722576495336,3.8359722576495336
DUISBURG-MEIDERICH SCHLEUSE OW,2026-06-30 07:19:00+00:00,24.91,28.026008827095634,2,-3.1160088270956336,3.1160088270956336
DUISBURG-MEIDERICH SCHLEUSE UW,2026-06-30 07:19:00+00:00,18.21,22.045972257649534,2,-3.8359722576495336,3.8359722576495336
Basel-Rheinhalle,2026-06-30 07:20:00+00:00,521.0,520.1541067128146,2,0.8458932871853904,0.8458932871853904
DUISBURG-MEIDERICH SCHLEUSE OW,2026-06-30 07:20:00+00:00,24.91,28.026008827095634,2,-3.1160088270956336,3.1160088270956336
DUISBURG-MEIDERICH SCHLEUSE UW,2026-06-30 07:20:00+00:00,18.21,22.045972257649534,2,-3.8359722576495336,3.8359722576495336
LOBITH,2026-06-30 07:20:00+00:00,705.0,703.3969801029947,2,1.6030198970053107,1.6030198970053107
DUISBURG-MEIDERICH SCHLEUSE OW,2026-06-30 07:21:00+00:00,24.91,28.026008827095634,2,-3.1160088270956336,3.1160088270956336
DUISBURG-MEIDERICH SCHLEUSE UW,2026-06-30 07:21:00+00:00,18.21,22.045972257649534,2,-3.8359722576495336,3.8359722576495336
DUISBURG-MEIDERICH SCHLEUSE OW,2026-06-30 07:22:00+00:00,24.91,28.026008827095634,2,-3.1160088270956336,3.1160088270956336
DUISBURG-MEIDERICH SCHLEUSE UW,2026-06-30 07:22:00+00:00,18.21,22.045972257649534,2,-3.8359722576495336,3.8359722576495336
DUISBURG-MEIDERICH SCHLEUSE OW,2026-06-30 07:23:00+00:00,24.91,28.026008827095634,2,-3.1160088270956336,3.1160088270956336
DUISBURG-MEIDERICH SCHLEUSE UW,2026-06-30 07:23:00+00:00,18.21,22.045972257649534,2,-3.8359722576495336,3.8359722576495336
DUISBURG-MEIDERICH SCHLEUSE OW,2026-06-30 07:24:00+00:00,24.91,28.026008827095634,2,-3.1160088270956336,3.1160088270956336
DUISBURG-MEIDERICH SCHLEUSE UW,2026-06-30 07:24:00+00:00,18.21,22.045972257649534,2,-3.8359722576495336,3.8359722576495336
Basel-Rheinhalle,2026-06-30 07:25:00+00:00,519.0,520.7978712401637,2,-1.7978712401636585,1.7978712401636585
DUISBURG-MEIDERICH SCHLEUSE OW,2026-06-30 07:25:00+00:00,24.92,28.026008827095634,2,-3.106008827095632,3.106008827095632
DUISBURG-MEIDERICH SCHLEUSE UW,2026-06-30 07:25:00+00:00,18.21,22.045972257649534,2,-3.8359722576495336,3.8359722576495336
DUISBURG-MEIDERICH SCHLEUSE OW,2026-06-30 07:26:00+00:00,24.92,28.026008827095634,2,-3.106008827095632,3.106008827095632
DUISBURG-MEIDERICH SCHLEUSE UW,2026-06-30 07:26:00+00:00,18.21,22.045972257649534,2,-3.8359722576495336,3.8359722576495336
DUISBURG-MEIDERICH SCHLEUSE OW,2026-06-30 07:27:00+00:00,24.92,28.026008827095634,2,-3.106008827095632,3.106008827095632
DUISBURG-MEIDERICH SCHLEUSE UW,2026-06-30 07:27:00+00:00,18.21,22.045972257649534,2,-3.8359722576495336,3.8359722576495336
DUISBURG-MEIDERICH SCHLEUSE OW,2026-06-30 07:28:00+00:00,24.92,28.026008827095634,2,-3.106008827095632,3.106008827095632
DUISBURG-MEIDERICH SCHLEUSE UW,2026-06-30 07:28:00+00:00,18.21,22.045972257649534,2,-3.8359722576495336,3.8359722576495336
DUISBURG-MEIDERICH SCHLEUSE OW,2026-06-30 07:29:00+00:00,24.92,28.026008827095634,2,-3.106008827095632,3.106008827095632
DUISBURG-MEIDERICH SCHLEUSE UW,2026-06-30 07:29:00+00:00,18.21,22.045972257649534,2,-3.8359722576495336,3.8359722576495336
BINGEN,2026-06-30 07:30:00+00:00,106.0,107.18201629309759,2,-1.1820162930975897,1.1820162930975897
BONN,2026-06-30 07:30:00+00:00,137.0,140.60595156074163,2,-3.60595156074163,3.60595156074163
BREISACH,2026-06-30 07:30:00+00:00,191.0,186.658438780908,2,4.341561219092,4.341561219092
Basel-Rheinhalle,2026-06-30 07:30:00+00:00,519.0,520.8274410072169,2,-1.827441007216862,1.827441007216862
DUISBURG-MEIDERICH SCHLEUSE OW,2026-06-30 07:30:00+00:00,24.92,28.026008827095634,2,-3.106008827095632,3.106008827095632
DUISBURG-MEIDERICH SCHLEUSE UW,2026-06-30 07:30:00+00:00,18.21,22.045972257649534,2,-3.8359722576495336,3.8359722576495336
DUISBURG-RUHRORT,2026-06-30 07:30:00+00:00,216.0,212.8880411364883,2,3.1119588635116884,3.1119588635116884
DÜSSELDORF,2026-06-30 07:30:00+00:00,83.0,82.75399752100476,2,0.24600247899523708,0.24600247899523708
EMMERICH,2026-06-30 07:30:00+00:00,54.0,53.41707306470295,2,0.5829269352970528,0.5829269352970528
IFFEZHEIM,2026-06-30 07:30:00+00:00,143.0,146.59155258054963,2,-3.5915525805496316,3.5915525805496316
KAUB,2026-06-30 07:30:00+00:00,90.0,85.87433316990754,2,4.125666830092456,4.125666830092456
KOBLENZ,2026-06-30 07:30:00+00:00,86.0,82.56406399756234,2,3.435936002437657,3.435936002437657
KONSTANZ-RHEIN,2026-06-30 07:30:00+00:00,314.0,313.00088649656425,2,0.9991135034357512,0.9991135034357512
Koblenz OP,2026-06-30 07:30:00+00:00,205.0,199.51080345302708,2,5.48919654697292,5.48919654697292
Koblenz UP,2026-06-30 07:30:00+00:00,67.0,48.404085391627,2,18.595914608373,18.595914608373
KÖLN,2026-06-30 07:30:00+00:00,133.0,134.5123588407482,2,-1.5123588407481918,1.5123588407481918
LOBITH,2026-06-30 07:30:00+00:00,704.0,703.4796985969376,2,0.5203014030623763,0.5203014030623763
MAINZ,2026-06-30 07:30:00+00:00,185.0,186.8746221113538,2,-1.8746221113538013,1.8746221113538013
MANNHEIM,2026-06-30 07:30:00+00:00,166.0,159.6950388104538,2,6.304961189546191,6.304961189546191
MAXAU,2026-06-30 07:30:00+00:00,405.0,409.4578781030477,2,-4.457878103047676,4.457878103047676
REES,2026-06-30 07:30:00+00:00,97.0,96.45107133567997,2,0.5489286643200302,0.5489286643200302
RHEINE UNTERSCHLEUSE,2026-06-30 07:30:00+00:00,193.0,186.63804322188733,2,6.3619567781126705,6.3619567781126705
RHEINWEILER,2026-06-30 07:30:00+00:00,223.0,222.8141730608084,2,0.18582693919159965,0.18582693919159965
SANKT GOAR,2026-06-30 07:30:00+00:00,181.0,177.18992218899584,2,3.810077811004163,3.810077811004163
SPEYER,2026-06-30 07:30:00+00:00,261.0,255.25768512466502,2,5.7423148753349835,5.7423148753349835
WESEL,2026-06-30 07:30:00+00:00,153.0,151.90952131489996,2,1.090478685100038,1.090478685100038
WORMS,2026-06-30 07:30:00+00:00,75.0,74.73922406882484,2,0.26077593117516074,0.26077593117516074
DUISBURG-MEIDERICH SCHLEUSE OW,2026-06-30 07:31:00+00:00,24.92,28.026008827095634,2,-3.106008827095632,3.106008827095632
DUISBURG-MEIDERICH SCHLEUSE UW,2026-06-30 07:31:00+00:00,18.21,22.045972257649534,2,-3.8359722576495336,3.8359722576495336
DUISBURG-MEIDERICH SCHLEUSE OW,2026-06-30 07:32:00+00:00,24.93,28.026008827095634,2,-3.096008827095634,3.096008827095634
DUISBURG-MEIDERICH SCHLEUSE UW,2026-06-30 07:32:00+00:00,18.21,22.045972257649534,2,-3.8359722576495336,3.8359722576495336
DUISBURG-MEIDERICH SCHLEUSE OW,2026-06-30 07:33:00+00:00,24.93,28.026008827095634,2,-3.096008827095634,3.096008827095634
DUISBURG-MEIDERICH SCHLEUSE UW,2026-06-30 07:33:00+00:00,18.21,22.045972257649534,2,-3.8359722576495336,3.8359722576495336
DUISBURG-MEIDERICH SCHLEUSE OW,2026-06-30 07:34:00+00:00,24.93,28.026008827095634,2,-3.096008827095634,3.096008827095634
DUISBURG-MEIDERICH SCHLEUSE UW,2026-06-30 07:34:00+00:00,18.21,22.045972257649534,2,-3.8359722576495336,3.8359722576495336
Basel-Rheinhalle,2026-06-30 07:35:00+00:00,520.0,521.1090718390808,2,-1.1090718390807979,1.1090718390807979
DUISBURG-MEIDERICH SCHLEUSE OW,2026-06-30 07:35:00+00:00,24.93,28.026008827095634,2,-3.096008827095634,3.096008827095634
DUISBURG-MEIDERICH SCHLEUSE UW,2026-06-30 07:35:00+00:00,18.21,22.045972257649534,2,-3.8359722576495336,3.8359722576495336
DUISBURG-MEIDERICH SCHLEUSE OW,2026-06-30 07:36:00+00:00,24.93,28.026008827095634,2,-3.096008827095634,3.096008827095634
DUISBURG-MEIDERICH SCHLEUSE UW,2026-06-30 07:36:00+00:00,18.21,22.045972257649534,2,-3.8359722576495336,3.8359722576495336
DUISBURG-MEIDERICH SCHLEUSE OW,2026-06-30 07:37:00+00:00,24.93,28.026008827095634,2,-3.096008827095634,3.096008827095634
DUISBURG-MEIDERICH SCHLEUSE UW,2026-06-30 07:37:00+00:00,18.21,22.045972257649534,2,-3.8359722576495336,3.8359722576495336
DUISBURG-MEIDERICH SCHLEUSE OW,2026-06-30 07:38:00+00:00,24.93,28.026008827095634,2,-3.096008827095634,3.096008827095634
DUISBURG-MEIDERICH SCHLEUSE UW,2026-06-30 07:38:00+00:00,18.21,22.045972257649534,2,-3.8359722576495336,3.8359722576495336
DUISBURG-MEIDERICH SCHLEUSE OW,2026-06-30 07:39:00+00:00,24.93,28.026008827095634,2,-3.096008827095634,3.096008827095634
DUISBURG-MEIDERICH SCHLEUSE UW,2026-06-30 07:39:00+00:00,18.21,22.045972257649534,2,-3.8359722576495336,3.8359722576495336
Basel-Rheinhalle,2026-06-30 07:40:00+00:00,519.0,520.8253988342842,2,-1.825398834284215,1.825398834284215
DUISBURG-MEIDERICH SCHLEUSE OW,2026-06-30 07:40:00+00:00,24.93,28.026008827095634,2,-3.096008827095634,3.096008827095634
DUISBURG-MEIDERICH SCHLEUSE UW,2026-06-30 07:40:00+00:00,18.21,22.045972257649534,2,-3.8359722576495336,3.8359722576495336
LOBITH,2026-06-30 07:40:00+00:00,703.0,703.7250621278184,2,-0.7250621278184326,0.7250621278184326
DUISBURG-MEIDERICH SCHLEUSE OW,2026-06-30 07:41:00+00:00,24.93,28.026008827095634,2,-3.096008827095634,3.096008827095634
DUISBURG-MEIDERICH SCHLEUSE UW,2026-06-30 07:41:00+00:00,18.21,22.045972257649534,2,-3.8359722576495336,3.8359722576495336
DUISBURG-MEIDERICH SCHLEUSE OW,2026-06-30 07:42:00+00:00,24.93,28.026008827095634,2,-3.096008827095634,3.096008827095634
DUISBURG-MEIDERICH SCHLEUSE UW,2026-06-30 07:42:00+00:00,18.2,22.045972257649534,2,-3.845972257649535,3.845972257649535
DUISBURG-MEIDERICH SCHLEUSE OW,2026-06-30 07:43:00+00:00,24.93,28.026008827095634,2,-3.096008827095634,3.096008827095634
DUISBURG-MEIDERICH SCHLEUSE UW,2026-06-30 07:43:00+00:00,18.2,22.045972257649534,2,-3.845972257649535,3.845972257649535
DUISBURG-MEIDERICH SCHLEUSE OW,2026-06-30 07:44:00+00:00,24.93,28.026008827095634,2,-3.096008827095634,3.096008827095634
DUISBURG-MEIDERICH SCHLEUSE UW,2026-06-30 07:44:00+00:00,18.21,22.045972257649534,2,-3.8359722576495336,3.8359722576495336
BINGEN,2026-06-30 07:45:00+00:00,106.0,107.07434117495445,2,-1.074341174954455,1.074341174954455
BONN,2026-06-30 07:45:00+00:00,136.0,140.0709912587886,2,-4.0709912587886095,4.0709912587886095
BREISACH,2026-06-30 07:45:00+00:00,193.0,187.3302733907525,2,5.669726609247505,5.669726609247505
Basel-Rheinhalle,2026-06-30 07:45:00+00:00,517.0,520.6554148762191,2,-3.6554148762190835,3.6554148762190835
DUISBURG-MEIDERICH SCHLEUSE OW,2026-06-30 07:45:00+00:00,24.93,24.949337960253462,3,-0.019337960253462683,0.019337960253462683
DUISBURG-MEIDERICH SCHLEUSE UW,2026-06-30 07:45:00+00:00,18.21,18.256897985925477,3,-0.046897985925475894,0.046897985925475894
DUISBURG-RUHRORT,2026-06-30 07:45:00+00:00,215.0,215.81333963066183,3,-0.8133396306618295,0.8133396306618295
DÜSSELDORF,2026-06-30 07:45:00+00:00,85.0,83.5845218293906,3,1.4154781706094042,1.4154781706094042
EMMERICH,2026-06-30 07:45:00+00:00,53.0,52.67239106304583,3,0.3276089369541708,0.3276089369541708
IFFEZHEIM,2026-06-30 07:45:00+00:00,141.0,141.5320342352871,3,-0.5320342352871137,0.5320342352871137
KAUB,2026-06-30 07:45:00+00:00,91.0,92.26358205939846,3,-1.263582059398459,1.263582059398459
KOBLENZ,2026-06-30 07:45:00+00:00,87.0,85.27994862075823,3,1.7200513792417667,1.7200513792417667
KONSTANZ-RHEIN,2026-06-30 07:45:00+00:00,314.0,313.2081779372706,3,0.791822062729409,0.791822062729409
Koblenz OP,2026-06-30 07:45:00+00:00,205.0,205.01843907852316,3,-0.018439078523158514,0.018439078523158514
Koblenz UP,2026-06-30 07:45:00+00:00,67.0,59.4853557575557,3,7.514644242444298,7.514644242444298
KÖLN,2026-06-30 07:45:00+00:00,133.0,133.64670810946274,3,-0.646708109462736,0.646708109462736
MAINZ,2026-06-30 07:45:00+00:00,185.0,184.20339838991885,3,0.7966016100811544,0.7966016100811544
MANNHEIM,2026-06-30 07:45:00+00:00,166.0,165.26786478411597,3,0.7321352158840284,0.7321352158840284
MAXAU,2026-06-30 07:45:00+00:00,404.0,406.2902226632536,3,-2.290222663253587,2.290222663253587
REES,2026-06-30 07:45:00+00:00,97.0,96.48762607260656,3,0.5123739273934405,0.5123739273934405
RHEINE UNTERSCHLEUSE,2026-06-30 07:45:00+00:00,193.0,183.64394446460653,3,9.356055535393466,9.356055535393466
RHEINWEILER,2026-06-30 07:45:00+00:00,223.0,223.0822458316803,3,-0.08224583168029653,0.08224583168029653
SANKT GOAR,2026-06-30 07:45:00+00:00,182.0,180.7024634636635,3,1.2975365363365086,1.2975365363365086
SPEYER,2026-06-30 07:45:00+00:00,260.0,260.4926418939108,3,-0.49264189391078617,0.49264189391078617
WESEL,2026-06-30 07:45:00+00:00,155.0,151.2793537896632,3,3.7206462103368096,3.7206462103368096
WORMS,2026-06-30 07:45:00+00:00,74.0,75.19175469117488,3,-1.1917546911748786,1.1917546911748786
DUISBURG-MEIDERICH SCHLEUSE OW,2026-06-30 07:46:00+00:00,24.93,24.949337960253462,3,-0.019337960253462683,0.019337960253462683
DUISBURG-MEIDERICH SCHLEUSE UW,2026-06-30 07:46:00+00:00,18.21,18.256897985925477,3,-0.046897985925475894,0.046897985925475894
DUISBURG-MEIDERICH SCHLEUSE OW,2026-06-30 07:47:00+00:00,24.93,24.949337960253462,3,-0.019337960253462683,0.019337960253462683
DUISBURG-MEIDERICH SCHLEUSE UW,2026-06-30 07:47:00+00:00,18.21,18.256897985925477,3,-0.046897985925475894,0.046897985925475894
DUISBURG-MEIDERICH SCHLEUSE OW,2026-06-30 07:48:00+00:00,24.93,24.949337960253462,3,-0.019337960253462683,0.019337960253462683
DUISBURG-MEIDERICH SCHLEUSE UW,2026-06-30 07:48:00+00:00,18.21,18.256897985925477,3,-0.046897985925475894,0.046897985925475894
DUISBURG-MEIDERICH SCHLEUSE OW,2026-06-30 07:49:00+00:00,24.94,24.958881141683307,3,-0.018881141683305458,0.018881141683305458
DUISBURG-MEIDERICH SCHLEUSE UW,2026-06-30 07:49:00+00:00,18.21,18.256897985925477,3,-0.046897985925475894,0.046897985925475894
Basel-Rheinhalle,2026-06-30 07:50:00+00:00,517.0,519.0382264644007,3,-2.0382264644007364,2.0382264644007364
DUISBURG-MEIDERICH SCHLEUSE OW,2026-06-30 07:50:00+00:00,24.94,24.963307899479588,3,-0.02330789947958678,0.02330789947958678
DUISBURG-MEIDERICH SCHLEUSE UW,2026-06-30 07:50:00+00:00,18.21,18.256897985925477,3,-0.046897985925475894,0.046897985925475894
LOBITH,2026-06-30 07:50:00+00:00,705.0,703.514009241013,3,1.4859907589869863,1.4859907589869863
DUISBURG-MEIDERICH SCHLEUSE OW,2026-06-30 07:51:00+00:00,24.94,24.91582484706491,3,0.024175152935089983,0.024175152935089983
DUISBURG-MEIDERICH SCHLEUSE UW,2026-06-30 07:51:00+00:00,18.21,18.256897985925477,3,-0.046897985925475894,0.046897985925475894
DUISBURG-MEIDERICH SCHLEUSE OW,2026-06-30 07:52:00+00:00,24.94,24.963307899479588,3,-0.02330789947958678,0.02330789947958678
DUISBURG-MEIDERICH SCHLEUSE UW,2026-06-30 07:52:00+00:00,18.21,18.256897985925477,3,-0.046897985925475894,0.046897985925475894
DUISBURG-MEIDERICH SCHLEUSE OW,2026-06-30 07:53:00+00:00,24.94,24.963307899479588,3,-0.02330789947958678,0.02330789947958678
DUISBURG-MEIDERICH SCHLEUSE UW,2026-06-30 07:53:00+00:00,18.21,18.256897985925477,3,-0.046897985925475894,0.046897985925475894
DUISBURG-MEIDERICH SCHLEUSE OW,2026-06-30 07:54:00+00:00,24.94,24.963307899479588,3,-0.02330789947958678,0.02330789947958678
DUISBURG-MEIDERICH SCHLEUSE UW,2026-06-30 07:54:00+00:00,18.21,18.256897985925477,3,-0.046897985925475894,0.046897985925475894
Basel-Rheinhalle,2026-06-30 07:55:00+00:00,519.0,519.3503115933265,3,-0.3503115933265235,0.3503115933265235
DUISBURG-MEIDERICH SCHLEUSE OW,2026-06-30 07:55:00+00:00,24.94,24.958881141683307,3,-0.018881141683305458,0.018881141683305458
DUISBURG-MEIDERICH SCHLEUSE UW,2026-06-30 07:55:00+00:00,18.21,18.256897985925477,3,-0.046897985925475894,0.046897985925475894
DUISBURG-MEIDERICH SCHLEUSE OW,2026-06-30 07:56:00+00:00,24.95,24.958881141683307,3,-0.008881141683307447,0.008881141683307447
DUISBURG-MEIDERICH SCHLEUSE UW,2026-06-30 07:56:00+00:00,18.21,18.256897985925477,3,-0.046897985925475894,0.046897985925475894
DUISBURG-MEIDERICH SCHLEUSE OW,2026-06-30 07:57:00+00:00,24.95,24.91139808926863,3,0.038601910731369315,0.038601910731369315
DUISBURG-MEIDERICH SCHLEUSE UW,2026-06-30 07:57:00+00:00,18.21,18.256897985925477,3,-0.046897985925475894,0.046897985925475894
DUISBURG-MEIDERICH SCHLEUSE OW,2026-06-30 07:58:00+00:00,24.95,24.91139808926863,3,0.038601910731369315,0.038601910731369315
DUISBURG-MEIDERICH SCHLEUSE UW,2026-06-30 07:58:00+00:00,18.21,18.256897985925477,3,-0.046897985925475894,0.046897985925475894
DUISBURG-MEIDERICH SCHLEUSE OW,2026-06-30 07:59:00+00:00,24.95,24.91139808926863,3,0.038601910731369315,0.038601910731369315
DUISBURG-MEIDERICH SCHLEUSE UW,2026-06-30 07:59:00+00:00,18.21,18.256897985925477,3,-0.046897985925475894,0.046897985925475894
BINGEN,2026-06-30 08:00:00+00:00,106.0,106.42457933715248,3,-0.42457933715247975,0.42457933715247975
BONN,2026-06-30 08:00:00+00:00,137.0,138.28222457756263,3,-1.28222457756263,1.28222457756263
BREISACH,2026-06-30 08:00:00+00:00,190.0,191.6936850031142,3,-1.6936850031142114,1.6936850031142114
Basel-Rheinhalle,2026-06-30 08:00:00+00:00,520.0,519.5306713496367,3,0.46932865036330895,0.46932865036330895
DUISBURG-MEIDERICH SCHLEUSE OW,2026-06-30 08:00:00+00:00,24.95,24.998014919387142,3,-0.04801491938714264,0.04801491938714264
DUISBURG-MEIDERICH SCHLEUSE UW,2026-06-30 08:00:00+00:00,18.21,18.296031763629312,3,-0.08603176362931109,0.08603176362931109
DUISBURG-RUHRORT,2026-06-30 08:00:00+00:00,215.0,216.4638060982582,3,-1.4638060982582033,1.4638060982582033
DÜSSELDORF,2026-06-30 08:00:00+00:00,85.0,82.82268593579217,3,2.1773140642078346,2.1773140642078346
EMMERICH,2026-06-30 08:00:00+00:00,54.0,53.0596509730134,3,0.9403490269866026,0.9403490269866026
IFFEZHEIM,2026-06-30 08:00:00+00:00,140.0,140.97389913706814,3,-0.9738991370681447,0.9738991370681447
KAUB,2026-06-30 08:00:00+00:00,91.0,92.18514079715054,3,-1.185140797150538,1.185140797150538
KOBLENZ,2026-06-30 08:00:00+00:00,88.0,84.63362053730243,3,3.366379462697566,3.366379462697566
KONSTANZ-RHEIN,2026-06-30 08:00:00+00:00,314.0,313.1254759655001,3,0.8745240344999274,0.8745240344999274
Koblenz OP,2026-06-30 08:00:00+00:00,207.0,205.39252063594816,3,1.6074793640518408,1.6074793640518408
Koblenz UP,2026-06-30 08:00:00+00:00,67.0,58.020803075794454,3,8.979196924205546,8.979196924205546
KÖLN,2026-06-30 08:00:00+00:00,132.0,133.4331118905549,3,-1.4331118905548976,1.4331118905548976
LOBITH,2026-06-30 08:00:00+00:00,704.0,703.8713124906794,3,0.12868750932057083,0.12868750932057083
MAINZ,2026-06-30 08:00:00+00:00,184.0,185.23144800479648,3,-1.2314480047964764,1.2314480047964764
MANNHEIM,2026-06-30 08:00:00+00:00,167.0,164.66926001796182,3,2.330739982038182,2.330739982038182
MAXAU,2026-06-30 08:00:00+00:00,404.0,406.8551029176541,3,-2.855102917654108,2.855102917654108
REES,2026-06-30 08:00:00+00:00,97.0,96.81678803395081,3,0.18321196604918555,0.18321196604918555
RHEINE UNTERSCHLEUSE,2026-06-30 08:00:00+00:00,193.0,184.54623104799643,3,8.453768952003571,8.453768952003571
RHEINWEILER,2026-06-30 08:00:00+00:00,223.0,223.27339683494677,3,-0.2733968349467659,0.2733968349467659
SANKT GOAR,2026-06-30 08:00:00+00:00,183.0,180.75138671514947,3,2.248613284850535,2.248613284850535
SPEYER,2026-06-30 08:00:00+00:00,260.0,260.33631333032497,3,-0.3363133303249697,0.3363133303249697
WESEL,2026-06-30 08:00:00+00:00,155.0,151.64867412630153,3,3.351325873698471,3.351325873698471
WORMS,2026-06-30 08:00:00+00:00,75.0,74.5227641338049,3,0.4772358661951017,0.4772358661951017
DUISBURG-MEIDERICH SCHLEUSE OW,2026-06-30 08:01:00+00:00,24.95,30.035287898030955,3,-5.0852878980309555,5.0852878980309555
DUISBURG-MEIDERICH SCHLEUSE UW,2026-06-30 08:01:00+00:00,18.21,24.321853226531108,3,-6.111853226531107,6.111853226531107
DUISBURG-MEIDERICH SCHLEUSE OW,2026-06-30 08:02:00+00:00,24.95,30.57314932581591,3,-5.623149325815909,5.623149325815909
DUISBURG-MEIDERICH SCHLEUSE UW,2026-06-30 08:02:00+00:00,18.21,24.87223096054386,3,-6.662230960543859,6.662230960543859
DUISBURG-MEIDERICH SCHLEUSE OW,2026-06-30 08:03:00+00:00,24.95,30.89715297352671,3,-5.947152973526709,5.947152973526709
DUISBURG-MEIDERICH SCHLEUSE UW,2026-06-30 08:03:00+00:00,18.21,25.177072797384575,3,-6.967072797384574,6.967072797384574
DUISBURG-MEIDERICH SCHLEUSE OW,2026-06-30 08:04:00+00:00,24.95,30.89715297352671,3,-5.947152973526709,5.947152973526709
DUISBURG-MEIDERICH SCHLEUSE UW,2026-06-30 08:04:00+00:00,18.21,25.177072797384575,3,-6.967072797384574,6.967072797384574
Basel-Rheinhalle,2026-06-30 08:05:00+00:00,521.0,518.583888688945,3,2.416111311055033,2.416111311055033
DUISBURG-MEIDERICH SCHLEUSE OW,2026-06-30 08:05:00+00:00,24.95,30.871539867295652,3,-5.921539867295653,5.921539867295653
DUISBURG-MEIDERICH SCHLEUSE UW,2026-06-30 08:05:00+00:00,18.21,25.170621502023604,3,-6.960621502023603,6.960621502023603
DUISBURG-MEIDERICH SCHLEUSE OW,2026-06-30 08:06:00+00:00,24.95,30.87131010862059,3,-5.921310108620592,5.921310108620592
DUISBURG-MEIDERICH SCHLEUSE UW,2026-06-30 08:06:00+00:00,18.21,25.170391743348542,3,-6.960391743348541,6.960391743348541
DUISBURG-MEIDERICH SCHLEUSE OW,2026-06-30 08:07:00+00:00,24.96,30.87131010862059,3,-5.91131010862059,5.91131010862059
DUISBURG-MEIDERICH SCHLEUSE UW,2026-06-30 08:07:00+00:00,18.21,25.174818501144824,3,-6.964818501144823,6.964818501144823
DUISBURG-MEIDERICH SCHLEUSE OW,2026-06-30 08:08:00+00:00,24.96,30.87131010862059,3,-5.91131010862059,5.91131010862059
DUISBURG-MEIDERICH SCHLEUSE UW,2026-06-30 08:08:00+00:00,18.21,25.174818501144824,3,-6.964818501144823,6.964818501144823
DUISBURG-MEIDERICH SCHLEUSE OW,2026-06-30 08:09:00+00:00,24.96,30.87131010862059,3,-5.91131010862059,5.91131010862059
DUISBURG-MEIDERICH SCHLEUSE UW,2026-06-30 08:09:00+00:00,18.21,25.174818501144824,3,-6.964818501144823,6.964818501144823
Basel-Rheinhalle,2026-06-30 08:10:00+00:00,525.0,518.1229339961594,3,6.877066003840582,6.877066003840582
DUISBURG-MEIDERICH SCHLEUSE OW,2026-06-30 08:10:00+00:00,24.96,30.87131010862059,3,-5.91131010862059,5.91131010862059
DUISBURG-MEIDERICH SCHLEUSE UW,2026-06-30 08:10:00+00:00,18.21,25.174818501144824,3,-6.964818501144823,6.964818501144823
LOBITH,2026-06-30 08:10:00+00:00,705.0,703.7179181298104,3,1.282081870189586,1.282081870189586
DUISBURG-MEIDERICH SCHLEUSE OW,2026-06-30 08:11:00+00:00,24.96,30.87131010862059,3,-5.91131010862059,5.91131010862059
DUISBURG-MEIDERICH SCHLEUSE UW,2026-06-30 08:11:00+00:00,18.21,25.174818501144824,3,-6.964818501144823,6.964818501144823
DUISBURG-MEIDERICH SCHLEUSE OW,2026-06-30 08:12:00+00:00,24.97,30.871539867295652,3,-5.901539867295654,5.901539867295654
DUISBURG-MEIDERICH SCHLEUSE UW,2026-06-30 08:12:00+00:00,18.21,25.175048259819885,3,-6.965048259819884,6.965048259819884
DUISBURG-MEIDERICH SCHLEUSE OW,2026-06-30 08:13:00+00:00,24.97,30.886460236159067,3,-5.916460236159068,5.916460236159068
DUISBURG-MEIDERICH SCHLEUSE UW,2026-06-30 08:13:00+00:00,18.21,25.175048259819885,3,-6.965048259819884,6.965048259819884
DUISBURG-MEIDERICH SCHLEUSE OW,2026-06-30 08:14:00+00:00,24.97,30.886460236159067,3,-5.916460236159068,5.916460236159068
DUISBURG-MEIDERICH SCHLEUSE UW,2026-06-30 08:14:00+00:00,18.21,25.170621502023604,3,-6.960621502023603,6.960621502023603
BINGEN,2026-06-30 08:15:00+00:00,105.0,106.28043289074884,3,-1.2804328907488411,1.2804328907488411
BONN,2026-06-30 08:15:00+00:00,137.0,138.33360016986938,3,-1.333600169869385,1.333600169869385
BREISACH,2026-06-30 08:15:00+00:00,189.0,187.36663430571164,3,1.6333656942883579,1.6333656942883579
Basel-Rheinhalle,2026-06-30 08:15:00+00:00,524.0,518.1925002628357,3,5.807499737164335,5.807499737164335
DUISBURG-MEIDERICH SCHLEUSE OW,2026-06-30 08:15:00+00:00,24.97,30.83897718374439,3,-5.868977183744391,5.868977183744391
DUISBURG-MEIDERICH SCHLEUSE UW,2026-06-30 08:15:00+00:00,18.21,25.170621502023604,3,-6.960621502023603,6.960621502023603
DUISBURG-RUHRORT,2026-06-30 08:15:00+00:00,215.0,216.19975958586812,3,-1.1997595858681223,1.1997595858681223
DÜSSELDORF,2026-06-30 08:15:00+00:00,86.0,82.99194338170061,3,3.008056618299392,3.008056618299392
EMMERICH,2026-06-30 08:15:00+00:00,53.0,52.694016935123024,3,0.30598306487697613,0.30598306487697613
IFFEZHEIM,2026-06-30 08:15:00+00:00,142.0,141.00850204042464,3,0.991497959575355,0.991497959575355
KAUB,2026-06-30 08:15:00+00:00,91.0,91.8905381805565,3,-0.8905381805565042,0.8905381805565042
KOBLENZ,2026-06-30 08:15:00+00:00,89.0,83.77804791641984,3,5.221952083580163,5.221952083580163
KONSTANZ-RHEIN,2026-06-30 08:15:00+00:00,314.0,312.67124288291353,3,1.328757117086468,1.328757117086468
Koblenz OP,2026-06-30 08:15:00+00:00,206.0,204.4825519994016,3,1.5174480005983924,1.5174480005983924
Koblenz UP,2026-06-30 08:15:00+00:00,67.0,56.93324203219184,3,10.066757967808158,10.066757967808158
KÖLN,2026-06-30 08:15:00+00:00,133.0,133.2754413233207,3,-0.27544132332070603,0.27544132332070603
MAINZ,2026-06-30 08:15:00+00:00,185.0,185.48020709903955,3,-0.4802070990395464,0.4802070990395464
MANNHEIM,2026-06-30 08:15:00+00:00,166.0,164.62792239049,3,1.3720776095100007,1.3720776095100007
MAXAU,2026-06-30 08:15:00+00:00,404.0,407.43096455687635,3,-3.430964556876347,3.430964556876347
REES,2026-06-30 08:15:00+00:00,97.0,96.3629085055273,3,0.6370914944726991,0.6370914944726991
RHEINE UNTERSCHLEUSE,2026-06-30 08:15:00+00:00,193.0,191.2451437376685,3,1.7548562623314865,1.7548562623314865
RHEINWEILER,2026-06-30 08:15:00+00:00,223.0,222.79346566085292,3,0.2065343391470833,0.2065343391470833
SANKT GOAR,2026-06-30 08:15:00+00:00,181.0,180.97148506594453,3,0.028514934055465346,0.028514934055465346
SPEYER,2026-06-30 08:15:00+00:00,260.0,260.2858003949895,3,-0.2858003949895078,0.2858003949895078
WESEL,2026-06-30 08:15:00+00:00,154.0,151.50023897221428,3,2.4997610277857234,2.4997610277857234
WORMS,2026-06-30 08:15:00+00:00,75.0,74.10761655809715,3,0.8923834419028509,0.8923834419028509
DUISBURG-MEIDERICH SCHLEUSE OW,2026-06-30 08:16:00+00:00,24.97,30.886460236159067,3,-5.916460236159068,5.916460236159068
DUISBURG-MEIDERICH SCHLEUSE UW,2026-06-30 08:16:00+00:00,18.2,25.170621502023604,3,-6.970621502023604,6.970621502023604
DUISBURG-MEIDERICH SCHLEUSE OW,2026-06-30 08:17:00+00:00,24.97,30.886460236159067,3,-5.916460236159068,5.916460236159068
DUISBURG-MEIDERICH SCHLEUSE UW,2026-06-30 08:17:00+00:00,18.2,25.170621502023604,3,-6.970621502023604,6.970621502023604
DUISBURG-MEIDERICH SCHLEUSE OW,2026-06-30 08:18:00+00:00,24.97,30.886460236159067,3,-5.916460236159068,5.916460236159068
DUISBURG-MEIDERICH SCHLEUSE UW,2026-06-30 08:18:00+00:00,18.2,25.170621502023604,3,-6.970621502023604,6.970621502023604
DUISBURG-MEIDERICH SCHLEUSE OW,2026-06-30 08:19:00+00:00,24.97,30.886460236159067,3,-5.916460236159068,5.916460236159068
DUISBURG-MEIDERICH SCHLEUSE UW,2026-06-30 08:19:00+00:00,18.2,25.170621502023604,3,-6.970621502023604,6.970621502023604
Basel-Rheinhalle,2026-06-30 08:20:00+00:00,522.0,518.6945211005856,3,3.3054788994144246,3.3054788994144246
DUISBURG-MEIDERICH SCHLEUSE OW,2026-06-30 08:20:00+00:00,24.97,30.886460236159067,3,-5.916460236159068,5.916460236159068
DUISBURG-MEIDERICH SCHLEUSE UW,2026-06-30 08:20:00+00:00,18.2,25.170621502023604,3,-6.970621502023604,6.970621502023604
LOBITH,2026-06-30 08:20:00+00:00,706.0,703.2100865513245,3,2.78991344867552,2.78991344867552
DUISBURG-MEIDERICH SCHLEUSE OW,2026-06-30 08:21:00+00:00,24.97,30.83897718374439,3,-5.868977183744391,5.868977183744391
DUISBURG-MEIDERICH SCHLEUSE UW,2026-06-30 08:21:00+00:00,18.2,25.170621502023604,3,-6.970621502023604,6.970621502023604
DUISBURG-MEIDERICH SCHLEUSE OW,2026-06-30 08:22:00+00:00,24.97,30.83897718374439,3,-5.868977183744391,5.868977183744391
DUISBURG-MEIDERICH SCHLEUSE UW,2026-06-30 08:22:00+00:00,18.19,25.170621502023604,3,-6.980621502023602,6.980621502023602
DUISBURG-MEIDERICH SCHLEUSE OW,2026-06-30 08:23:00+00:00,24.98,30.83897718374439,3,-5.85897718374439,5.85897718374439
DUISBURG-MEIDERICH SCHLEUSE UW,2026-06-30 08:23:00+00:00,18.19,25.170621502023604,3,-6.980621502023602,6.980621502023602
DUISBURG-MEIDERICH SCHLEUSE OW,2026-06-30 08:24:00+00:00,24.98,30.886460236159067,3,-5.906460236159067,5.906460236159067
DUISBURG-MEIDERICH SCHLEUSE UW,2026-06-30 08:24:00+00:00,18.19,25.170621502023604,3,-6.980621502023602,6.980621502023602
Basel-Rheinhalle,2026-06-30 08:25:00+00:00,522.0,519.2403356711138,3,2.759664328886174,2.759664328886174
DUISBURG-MEIDERICH SCHLEUSE OW,2026-06-30 08:25:00+00:00,24.98,30.886460236159067,3,-5.906460236159067,5.906460236159067
DUISBURG-MEIDERICH SCHLEUSE UW,2026-06-30 08:25:00+00:00,18.19,25.170621502023604,3,-6.980621502023602,6.980621502023602
DUISBURG-MEIDERICH SCHLEUSE OW,2026-06-30 08:26:00+00:00,24.98,30.886460236159067,3,-5.906460236159067,5.906460236159067
DUISBURG-MEIDERICH SCHLEUSE UW,2026-06-30 08:26:00+00:00,18.19,25.170621502023604,3,-6.980621502023602,6.980621502023602
DUISBURG-MEIDERICH SCHLEUSE OW,2026-06-30 08:27:00+00:00,24.98,30.886460236159067,3,-5.906460236159067,5.906460236159067
DUISBURG-MEIDERICH SCHLEUSE UW,2026-06-30 08:27:00+00:00,18.19,25.170621502023604,3,-6.980621502023602,6.980621502023602
DUISBURG-MEIDERICH SCHLEUSE OW,2026-06-30 08:28:00+00:00,24.98,30.886460236159067,3,-5.906460236159067,5.906460236159067
DUISBURG-MEIDERICH SCHLEUSE UW,2026-06-30 08:28:00+00:00,18.19,25.170621502023604,3,-6.980621502023602,6.980621502023602
DUISBURG-MEIDERICH SCHLEUSE OW,2026-06-30 08:29:00+00:00,24.98,30.886460236159067,3,-5.906460236159067,5.906460236159067
DUISBURG-MEIDERICH SCHLEUSE UW,2026-06-30 08:29:00+00:00,18.19,25.170621502023604,3,-6.980621502023602,6.980621502023602
BINGEN,2026-06-30 08:30:00+00:00,105.0,106.40281684856893,3,-1.402816848568932,1.402816848568932
BONN,2026-06-30 08:30:00+00:00,136.0,138.88080700385407,3,-2.8808070038540734,2.8808070038540734
BREISACH,2026-06-30 08:30:00+00:00,190.0,187.74947998009685,3,2.250520019903149,2.250520019903149
Basel-Rheinhalle,2026-06-30 08:30:00+00:00,522.0,519.0468244759329,3,2.953175524067092,2.953175524067092
DUISBURG-MEIDERICH SCHLEUSE OW,2026-06-30 08:30:00+00:00,24.98,30.886460236159067,3,-5.906460236159067,5.906460236159067
DUISBURG-MEIDERICH SCHLEUSE UW,2026-06-30 08:30:00+00:00,18.19,25.170621502023604,3,-6.980621502023602,6.980621502023602
DUISBURG-RUHRORT,2026-06-30 08:30:00+00:00,216.0,216.98582556771422,3,-0.9858255677142154,0.9858255677142154
DÜSSELDORF,2026-06-30 08:30:00+00:00,84.0,84.7398884784888,3,-0.739888478488794,0.739888478488794
EMMERICH,2026-06-30 08:30:00+00:00,52.0,54.233805293618005,3,-2.233805293618005,2.233805293618005
IFFEZHEIM,2026-06-30 08:30:00+00:00,140.0,141.1989200209478,3,-1.19892002094781,1.19892002094781
KAUB,2026-06-30 08:30:00+00:00,90.0,91.63635069680699,3,-1.6363506968069856,1.6363506968069856
KOBLENZ,2026-06-30 08:30:00+00:00,90.0,83.93638840009888,3,6.063611599901122,6.063611599901122
KONSTANZ-RHEIN,2026-06-30 08:30:00+00:00,314.0,312.54966662254344,3,1.450333377456559,1.450333377456559
Koblenz OP,2026-06-30 08:30:00+00:00,206.0,204.3649137919714,3,1.6350862080286106,1.6350862080286106
Koblenz UP,2026-06-30 08:30:00+00:00,67.0,56.362258216511805,3,10.637741783488195,10.637741783488195
KÖLN,2026-06-30 08:30:00+00:00,132.0,134.0592519558735,3,-2.059251955873492,2.059251955873492
LOBITH,2026-06-30 08:30:00+00:00,703.0,702.9805183174167,3,0.019481682583318616,0.019481682583318616
MAINZ,2026-06-30 08:30:00+00:00,184.0,186.04494907153216,3,-2.0449490715321588,2.0449490715321588
MANNHEIM,2026-06-30 08:30:00+00:00,166.0,164.38292683374968,3,1.6170731662503215,1.6170731662503215
MAXAU,2026-06-30 08:30:00+00:00,404.0,407.41685787371614,3,-3.4168578737161397,3.4168578737161397
REES,2026-06-30 08:30:00+00:00,97.0,96.38779311925363,3,0.6122068807463705,0.6122068807463705
RHEINE UNTERSCHLEUSE,2026-06-30 08:30:00+00:00,194.0,193.73256846912227,3,0.26743153087772953,0.26743153087772953
RHEINWEILER,2026-06-30 08:30:00+00:00,223.0,222.82623008189597,3,0.17376991810402842,0.17376991810402842
SANKT GOAR,2026-06-30 08:30:00+00:00,182.0,187.4993146082197,3,-5.4993146082196915,5.4993146082196915
SPEYER,2026-06-30 08:30:00+00:00,260.0,260.1895182713869,3,-0.1895182713868735,0.1895182713868735
WESEL,2026-06-30 08:30:00+00:00,153.0,151.8123872172634,3,1.1876127827366076,1.1876127827366076
WORMS,2026-06-30 08:30:00+00:00,75.0,74.18441008267712,3,0.8155899173228818,0.8155899173228818
DUISBURG-MEIDERICH SCHLEUSE OW,2026-06-30 08:31:00+00:00,24.98,30.924873768909926,3,-5.944873768909925,5.944873768909925
DUISBURG-MEIDERICH SCHLEUSE UW,2026-06-30 08:31:00+00:00,18.19,25.170621502023604,3,-6.980621502023602,6.980621502023602
DUISBURG-MEIDERICH SCHLEUSE OW,2026-06-30 08:32:00+00:00,24.98,32.266477062305384,3,-7.286477062305384,7.286477062305384
DUISBURG-MEIDERICH SCHLEUSE UW,2026-06-30 08:32:00+00:00,18.19,25.170621502023604,3,-6.980621502023602,6.980621502023602
DUISBURG-MEIDERICH SCHLEUSE OW,2026-06-30 08:33:00+00:00,24.99,30.877390716495245,3,-5.887390716495247,5.887390716495247
DUISBURG-MEIDERICH SCHLEUSE UW,2026-06-30 08:33:00+00:00,18.19,25.170621502023604,3,-6.980621502023602,6.980621502023602
DUISBURG-MEIDERICH SCHLEUSE OW,2026-06-30 08:34:00+00:00,24.99,30.90571195803984,3,-5.915711958039843,5.915711958039843
DUISBURG-MEIDERICH SCHLEUSE UW,2026-06-30 08:34:00+00:00,18.18,25.170621502023604,3,-6.990621502023604,6.990621502023604
Basel-Rheinhalle,2026-06-30 08:35:00+00:00,522.0,519.3695546417134,3,2.630445358286579,2.630445358286579
DUISBURG-MEIDERICH SCHLEUSE OW,2026-06-30 08:35:00+00:00,24.99,30.90571195803984,3,-5.915711958039843,5.915711958039843
DUISBURG-MEIDERICH SCHLEUSE UW,2026-06-30 08:35:00+00:00,18.18,25.170621502023604,3,-6.990621502023604,6.990621502023604
DUISBURG-MEIDERICH SCHLEUSE OW,2026-06-30 08:36:00+00:00,24.99,30.858228905625165,3,-5.868228905625166,5.868228905625166
DUISBURG-MEIDERICH SCHLEUSE UW,2026-06-30 08:36:00+00:00,18.18,25.170621502023604,3,-6.990621502023604,6.990621502023604
DUISBURG-MEIDERICH SCHLEUSE OW,2026-06-30 08:37:00+00:00,24.99,32.21899400989071,3,-7.228994009890709,7.228994009890709
DUISBURG-MEIDERICH SCHLEUSE UW,2026-06-30 08:37:00+00:00,18.18,25.170621502023604,3,-6.990621502023604,6.990621502023604
DUISBURG-MEIDERICH SCHLEUSE OW,2026-06-30 08:38:00+00:00,24.99,32.21899400989071,3,-7.228994009890709,7.228994009890709
DUISBURG-MEIDERICH SCHLEUSE UW,2026-06-30 08:38:00+00:00,18.18,25.170621502023604,3,-6.990621502023604,6.990621502023604
DUISBURG-MEIDERICH SCHLEUSE OW,2026-06-30 08:39:00+00:00,24.99,32.21899400989071,3,-7.228994009890709,7.228994009890709
DUISBURG-MEIDERICH SCHLEUSE UW,2026-06-30 08:39:00+00:00,18.18,25.170621502023604,3,-6.990621502023604,6.990621502023604
Basel-Rheinhalle,2026-06-30 08:40:00+00:00,523.0,519.0322349788269,3,3.967765021173136,3.967765021173136
DUISBURG-MEIDERICH SCHLEUSE OW,2026-06-30 08:40:00+00:00,24.99,32.21899400989071,3,-7.228994009890709,7.228994009890709
DUISBURG-MEIDERICH SCHLEUSE UW,2026-06-30 08:40:00+00:00,18.18,25.170621502023604,3,-6.990621502023604,6.990621502023604
LOBITH,2026-06-30 08:40:00+00:00,703.0,702.9704611435291,3,0.02953885647093557,0.02953885647093557
DUISBURG-MEIDERICH SCHLEUSE OW,2026-06-30 08:41:00+00:00,24.99,32.266477062305384,3,-7.276477062305386,7.276477062305386
DUISBURG-MEIDERICH SCHLEUSE UW,2026-06-30 08:41:00+00:00,18.18,25.175048259819885,3,-6.995048259819885,6.995048259819885
DUISBURG-MEIDERICH SCHLEUSE OW,2026-06-30 08:42:00+00:00,24.99,32.266477062305384,3,-7.276477062305386,7.276477062305386
DUISBURG-MEIDERICH SCHLEUSE UW,2026-06-30 08:42:00+00:00,18.18,25.175048259819885,3,-6.995048259819885,6.995048259819885
DUISBURG-MEIDERICH SCHLEUSE OW,2026-06-30 08:43:00+00:00,24.99,32.266477062305384,3,-7.276477062305386,7.276477062305386
DUISBURG-MEIDERICH SCHLEUSE UW,2026-06-30 08:43:00+00:00,18.18,25.175048259819885,3,-6.995048259819885,6.995048259819885
DUISBURG-MEIDERICH SCHLEUSE OW,2026-06-30 08:44:00+00:00,24.99,32.266477062305384,3,-7.276477062305386,7.276477062305386
DUISBURG-MEIDERICH SCHLEUSE UW,2026-06-30 08:44:00+00:00,18.18,25.175048259819885,3,-6.995048259819885,6.995048259819885
BINGEN,2026-06-30 08:45:00+00:00,105.0,106.54646577232997,3,-1.5464657723299666,1.5464657723299666
BONN,2026-06-30 08:45:00+00:00,137.0,138.91026154567888,3,-1.9102615456788783,1.9102615456788783
BREISACH,2026-06-30 08:45:00+00:00,193.0,187.82487098416516,3,5.175129015834841,5.175129015834841
Basel-Rheinhalle,2026-06-30 08:45:00+00:00,521.0,518.3886284992158,3,2.61137150078423,2.61137150078423
DUISBURG-MEIDERICH SCHLEUSE OW,2026-06-30 08:45:00+00:00,25.0,32.266477062305384,3,-7.266477062305384,7.266477062305384
DUISBURG-MEIDERICH SCHLEUSE UW,2026-06-30 08:45:00+00:00,18.18,25.175048259819885,3,-6.995048259819885,6.995048259819885
DUISBURG-RUHRORT,2026-06-30 08:45:00+00:00,215.0,217.49429154873422,3,-2.4942915487342248,2.4942915487342248
DÜSSELDORF,2026-06-30 08:45:00+00:00,82.0,85.37951510783779,3,-3.37951510783779,3.37951510783779
EMMERICH,2026-06-30 08:45:00+00:00,53.0,55.18902950202207,3,-2.1890295020220734,2.1890295020220734
IFFEZHEIM,2026-06-30 08:45:00+00:00,138.0,142.02755484701174,3,-4.027554847011743,4.027554847011743
KAUB,2026-06-30 08:45:00+00:00,90.0,92.304075666252,3,-2.304075666252004,2.304075666252004
KOBLENZ,2026-06-30 08:45:00+00:00,90.0,84.89065076227713,3,5.109349237722867,5.109349237722867
KONSTANZ-RHEIN,2026-06-30 08:45:00+00:00,314.0,312.6943752601428,3,1.305624739857194,1.305624739857194
Koblenz OP,2026-06-30 08:45:00+00:00,206.0,204.64732986295724,3,1.3526701370427645,1.3526701370427645
Koblenz UP,2026-06-30 08:45:00+00:00,68.0,56.84561228665126,3,11.15438771334874,11.15438771334874
KÖLN,2026-06-30 08:45:00+00:00,132.0,134.57006203376898,3,-2.570062033768977,2.570062033768977
MAINZ,2026-06-30 08:45:00+00:00,184.0,185.88464693927347,3,-1.8846469392734662,1.8846469392734662
MANNHEIM,2026-06-30 08:45:00+00:00,167.0,164.88203534676524,3,2.1179646532347647,2.1179646532347647
MAXAU,2026-06-30 08:45:00+00:00,403.0,407.67306909337503,3,-4.673069093375034,4.673069093375034
REES,2026-06-30 08:45:00+00:00,98.0,96.76829612742254,3,1.2317038725774552,1.2317038725774552
RHEINE UNTERSCHLEUSE,2026-06-30 08:45:00+00:00,194.0,190.3892519275161,3,3.6107480724838865,3.6107480724838865
RHEINWEILER,2026-06-30 08:45:00+00:00,223.0,223.15085319578475,3,-0.1508531957847481,0.1508531957847481
SANKT GOAR,2026-06-30 08:45:00+00:00,181.0,181.45620330481057,3,-0.4562033048105718,0.4562033048105718
SPEYER,2026-06-30 08:45:00+00:00,261.0,260.39595067435005,3,0.6040493256499531,0.6040493256499531
WESEL,2026-06-30 08:45:00+00:00,154.0,152.9164004796702,3,1.0835995203298125,1.0835995203298125
WORMS,2026-06-30 08:45:00+00:00,75.0,74.48754693696613,3,0.512453063033874,0.512453063033874
DUISBURG-MEIDERICH SCHLEUSE OW,2026-06-30 08:46:00+00:00,25.0,32.266477062305384,3,-7.266477062305384,7.266477062305384
DUISBURG-MEIDERICH SCHLEUSE UW,2026-06-30 08:46:00+00:00,18.19,25.170621502023604,3,-6.980621502023602,6.980621502023602
DUISBURG-MEIDERICH SCHLEUSE OW,2026-06-30 08:47:00+00:00,25.0,32.27145342147753,3,-7.271453421477531,7.271453421477531
DUISBURG-MEIDERICH SCHLEUSE UW,2026-06-30 08:47:00+00:00,18.19,25.170621502023604,3,-6.980621502023602,6.980621502023602
DUISBURG-MEIDERICH SCHLEUSE OW,2026-06-30 08:48:00+00:00,25.0,32.27145342147753,3,-7.271453421477531,7.271453421477531
DUISBURG-MEIDERICH SCHLEUSE UW,2026-06-30 08:48:00+00:00,18.19,25.170621502023604,3,-6.980621502023602,6.980621502023602
DUISBURG-MEIDERICH SCHLEUSE OW,2026-06-30 08:49:00+00:00,25.0,32.223970369062855,3,-7.2239703690628545,7.2239703690628545
DUISBURG-MEIDERICH SCHLEUSE UW,2026-06-30 08:49:00+00:00,18.19,25.170621502023604,3,-6.980621502023602,6.980621502023602
Basel-Rheinhalle,2026-06-30 08:50:00+00:00,520.0,517.9842063016913,3,2.0157936983086984,2.0157936983086984
DUISBURG-MEIDERICH SCHLEUSE OW,2026-06-30 08:50:00+00:00,25.0,32.27145342147753,3,-7.271453421477531,7.271453421477531
DUISBURG-MEIDERICH SCHLEUSE UW,2026-06-30 08:50:00+00:00,18.19,25.170621502023604,3,-6.980621502023602,6.980621502023602
LOBITH,2026-06-30 08:50:00+00:00,704.0,703.1197908521539,3,0.8802091478461307,0.8802091478461307
DUISBURG-MEIDERICH SCHLEUSE OW,2026-06-30 08:51:00+00:00,25.0,32.27145342147753,3,-7.271453421477531,7.271453421477531
DUISBURG-MEIDERICH SCHLEUSE UW,2026-06-30 08:51:00+00:00,18.19,25.170621502023604,3,-6.980621502023602,6.980621502023602
DUISBURG-MEIDERICH SCHLEUSE OW,2026-06-30 08:52:00+00:00,25.0,32.27145342147753,3,-7.271453421477531,7.271453421477531
DUISBURG-MEIDERICH SCHLEUSE UW,2026-06-30 08:52:00+00:00,18.19,25.170621502023604,3,-6.980621502023602,6.980621502023602
DUISBURG-MEIDERICH SCHLEUSE OW,2026-06-30 08:53:00+00:00,25.0,30.91068831721199,3,-5.910688317211989,5.910688317211989
DUISBURG-MEIDERICH SCHLEUSE UW,2026-06-30 08:53:00+00:00,18.19,25.170621502023604,3,-6.980621502023602,6.980621502023602
DUISBURG-MEIDERICH SCHLEUSE OW,2026-06-30 08:54:00+00:00,25.0,30.91068831721199,3,-5.910688317211989,5.910688317211989
DUISBURG-MEIDERICH SCHLEUSE UW,2026-06-30 08:54:00+00:00,18.2,26.71617698870249,3,-8.51617698870249,8.51617698870249
Basel-Rheinhalle,2026-06-30 08:55:00+00:00,520.0,517.8880469592065,3,2.111953040793537,2.111953040793537
DUISBURG-MEIDERICH SCHLEUSE OW,2026-06-30 08:55:00+00:00,25.0,30.91068831721199,3,-5.910688317211989,5.910688317211989
DUISBURG-MEIDERICH SCHLEUSE UW,2026-06-30 08:55:00+00:00,18.2,25.170621502023604,3,-6.970621502023604,6.970621502023604
DUISBURG-MEIDERICH SCHLEUSE OW,2026-06-30 08:56:00+00:00,25.0,30.91068831721199,3,-5.910688317211989,5.910688317211989
DUISBURG-MEIDERICH SCHLEUSE UW,2026-06-30 08:56:00+00:00,18.2,25.170621502023604,3,-6.970621502023604,6.970621502023604
DUISBURG-MEIDERICH SCHLEUSE OW,2026-06-30 08:57:00+00:00,25.0,30.920852305623573,3,-5.920852305623573,5.920852305623573
DUISBURG-MEIDERICH SCHLEUSE UW,2026-06-30 08:57:00+00:00,18.2,25.170621502023604,3,-6.970621502023604,6.970621502023604
DUISBURG-MEIDERICH SCHLEUSE OW,2026-06-30 08:58:00+00:00,25.0,30.920852305623573,3,-5.920852305623573,5.920852305623573
DUISBURG-MEIDERICH SCHLEUSE UW,2026-06-30 08:58:00+00:00,18.2,25.154220933584387,3,-6.954220933584388,6.954220933584388
DUISBURG-MEIDERICH SCHLEUSE OW,2026-06-30 08:59:00+00:00,25.0,30.873369253208896,3,-5.873369253208896,5.873369253208896
DUISBURG-MEIDERICH SCHLEUSE UW,2026-06-30 08:59:00+00:00,18.2,26.699776420263273,3,-8.499776420263274,8.499776420263274
BINGEN,2026-06-30 09:00:00+00:00,104.0,106.75685865558347,3,-2.7568586555834713,2.7568586555834713
BONN,2026-06-30 09:00:00+00:00,136.0,139.3671000791078,3,-3.367100079107786,3.367100079107786
BREISACH,2026-06-30 09:00:00+00:00,194.0,187.2313987731637,3,6.768601226836296,6.768601226836296
Basel-Rheinhalle,2026-06-30 09:00:00+00:00,521.0,517.9169744662338,3,3.083025533766204,3.083025533766204
DUISBURG-MEIDERICH SCHLEUSE OW,2026-06-30 09:00:00+00:00,25.0,30.115091229502507,3,-5.115091229502507,5.115091229502507
DUISBURG-MEIDERICH SCHLEUSE UW,2026-06-30 09:00:00+00:00,18.2,24.356270886975363,3,-6.1562708869753635,6.1562708869753635
DUISBURG-RUHRORT,2026-06-30 09:00:00+00:00,215.0,218.58693135009997,3,-3.5869313500999738,3.5869313500999738
DÜSSELDORF,2026-06-30 09:00:00+00:00,83.0,83.80066609531644,3,-0.8006660953164442,0.8006660953164442
EMMERICH,2026-06-30 09:00:00+00:00,52.0,53.69798829128449,3,-1.6979882912844886,1.6979882912844886
IFFEZHEIM,2026-06-30 09:00:00+00:00,141.0,141.5806116555187,3,-0.5806116555187089,0.5806116555187089
KAUB,2026-06-30 09:00:00+00:00,91.0,92.17278372254428,3,-1.1727837225442812,1.1727837225442812
KOBLENZ,2026-06-30 09:00:00+00:00,90.0,83.61997739752594,3,6.380022602474057,6.380022602474057
KONSTANZ-RHEIN,2026-06-30 09:00:00+00:00,314.0,312.34859023737454,3,1.6514097626254625,1.6514097626254625
Koblenz OP,2026-06-30 09:00:00+00:00,205.0,205.5934893327183,3,-0.593489332718292,0.593489332718292
Koblenz UP,2026-06-30 09:00:00+00:00,69.0,55.135391106671605,3,13.864608893328395,13.864608893328395
KÖLN,2026-06-30 09:00:00+00:00,132.0,135.42994163484744,3,-3.429941634847438,3.429941634847438
LOBITH,2026-06-30 09:00:00+00:00,703.0,703.0103210909891,3,-0.01032109098912315,0.01032109098912315
MAINZ,2026-06-30 09:00:00+00:00,185.0,186.125354545455,3,-1.1253545454549965,1.1253545454549965
MANNHEIM,2026-06-30 09:00:00+00:00,166.0,164.71307465291315,3,1.28692534708685,1.28692534708685
MAXAU,2026-06-30 09:00:00+00:00,403.0,407.9180856123302,3,-4.918085612330174,4.918085612330174
REES,2026-06-30 09:00:00+00:00,97.0,95.72539345858523,3,1.2746065414147694,1.2746065414147694
RHEINE UNTERSCHLEUSE,2026-06-30 09:00:00+00:00,194.0,184.6944114357106,3,9.305588564289394,9.305588564289394
RHEINWEILER,2026-06-30 09:00:00+00:00,223.0,223.09157730166476,3,-0.0915773016647563,0.0915773016647563
SANKT GOAR,2026-06-30 09:00:00+00:00,182.0,180.66290701514345,3,1.3370929848565538,1.3370929848565538
SPEYER,2026-06-30 09:00:00+00:00,260.0,260.4223731790443,3,-0.42237317904431393,0.42237317904431393
WESEL,2026-06-30 09:00:00+00:00,154.0,152.82133271200868,3,1.178667287991317,1.178667287991317
WORMS,2026-06-30 09:00:00+00:00,75.0,74.6960635288196,3,0.3039364711804069,0.3039364711804069
DUISBURG-MEIDERICH SCHLEUSE OW,2026-06-30 09:01:00+00:00,25.0,29.897136290237967,3,-4.897136290237967,4.897136290237967
DUISBURG-MEIDERICH SCHLEUSE UW,2026-06-30 09:01:00+00:00,18.2,24.138315947710822,3,-5.938315947710823,5.938315947710823
DUISBURG-MEIDERICH SCHLEUSE OW,2026-06-30 09:02:00+00:00,25.0,29.897136290237967,3,-4.897136290237967,4.897136290237967
DUISBURG-MEIDERICH SCHLEUSE UW,2026-06-30 09:02:00+00:00,18.2,24.138315947710822,3,-5.938315947710823,5.938315947710823
DUISBURG-MEIDERICH SCHLEUSE OW,2026-06-30 09:03:00+00:00,25.0,30.141200528276514,3,-5.141200528276514,5.141200528276514
DUISBURG-MEIDERICH SCHLEUSE UW,2026-06-30 09:03:00+00:00,18.2,24.38238018574937,3,-6.18238018574937,6.18238018574937
DUISBURG-MEIDERICH SCHLEUSE OW,2026-06-30 09:04:00+00:00,25.0,30.141200528276514,3,-5.141200528276514,5.141200528276514
DUISBURG-MEIDERICH SCHLEUSE UW,2026-06-30 09:04:00+00:00,18.21,24.38238018574937,3,-6.172380185749368,6.172380185749368
Basel-Rheinhalle,2026-06-30 09:05:00+00:00,516.0,517.0675851853046,3,-1.0675851853045515,1.0675851853045515
DUISBURG-MEIDERICH SCHLEUSE OW,2026-06-30 09:05:00+00:00,25.0,30.141200528276514,3,-5.141200528276514,5.141200528276514
DUISBURG-MEIDERICH SCHLEUSE UW,2026-06-30 09:05:00+00:00,18.21,24.38238018574937,3,-6.172380185749368,6.172380185749368
DUISBURG-MEIDERICH SCHLEUSE OW,2026-06-30 09:06:00+00:00,25.0,30.140970769601452,3,-5.140970769601452,5.140970769601452
DUISBURG-MEIDERICH SCHLEUSE UW,2026-06-30 09:06:00+00:00,18.21,24.382150427074308,3,-6.172150427074307,6.172150427074307
DUISBURG-MEIDERICH SCHLEUSE OW,2026-06-30 09:07:00+00:00,25.0,30.140970769601452,3,-5.140970769601452,5.140970769601452
DUISBURG-MEIDERICH SCHLEUSE UW,2026-06-30 09:07:00+00:00,18.21,24.382150427074308,3,-6.172150427074307,6.172150427074307
DUISBURG-MEIDERICH SCHLEUSE OW,2026-06-30 09:08:00+00:00,25.0,30.140970769601452,3,-5.140970769601452,5.140970769601452
DUISBURG-MEIDERICH SCHLEUSE UW,2026-06-30 09:08:00+00:00,18.21,24.382150427074308,3,-6.172150427074307,6.172150427074307
DUISBURG-MEIDERICH SCHLEUSE OW,2026-06-30 09:09:00+00:00,25.01,29.74650175070128,3,-4.736501750701279,4.736501750701279
DUISBURG-MEIDERICH SCHLEUSE UW,2026-06-30 09:09:00+00:00,18.21,24.086738729835556,3,-5.876738729835555,5.876738729835555
Basel-Rheinhalle,2026-06-30 09:10:00+00:00,514.0,516.7729149279901,3,-2.7729149279900867,2.7729149279900867
DUISBURG-MEIDERICH SCHLEUSE OW,2026-06-30 09:10:00+00:00,25.01,29.74650175070128,3,-4.736501750701279,4.736501750701279
DUISBURG-MEIDERICH SCHLEUSE UW,2026-06-30 09:10:00+00:00,18.21,24.103139298274773,3,-5.893139298274772,5.893139298274772
LOBITH,2026-06-30 09:10:00+00:00,704.0,703.081122172651,3,0.9188778273489788,0.9188778273489788
DUISBURG-MEIDERICH SCHLEUSE OW,2026-06-30 09:11:00+00:00,25.01,29.699018698286604,3,-4.689018698286603,4.689018698286603
DUISBURG-MEIDERICH SCHLEUSE UW,2026-06-30 09:11:00+00:00,18.21,24.103139298274773,3,-5.893139298274772,5.893139298274772
DUISBURG-MEIDERICH SCHLEUSE OW,2026-06-30 09:12:00+00:00,25.01,29.6247243311223,3,-4.6147243311223,4.6147243311223
DUISBURG-MEIDERICH SCHLEUSE UW,2026-06-30 09:12:00+00:00,18.21,23.981361878695793,3,-5.771361878695792,5.771361878695792
DUISBURG-MEIDERICH SCHLEUSE OW,2026-06-30 09:13:00+00:00,25.01,29.67220738353698,3,-4.662207383536977,4.662207383536977
DUISBURG-MEIDERICH SCHLEUSE UW,2026-06-30 09:13:00+00:00,18.21,24.02884493111047,3,-5.818844931110469,5.818844931110469
DUISBURG-MEIDERICH SCHLEUSE OW,2026-06-30 09:14:00+00:00,25.01,29.636321867673246,3,-4.626321867673244,4.626321867673244
DUISBURG-MEIDERICH SCHLEUSE UW,2026-06-30 09:14:00+00:00,18.21,24.02884493111047,3,-5.818844931110469,5.818844931110469
BINGEN,2026-06-30 09:15:00+00:00,105.0,106.82325509513788,3,-1.8232550951378812,1.8232550951378812
BONN,2026-06-30 09:15:00+00:00,137.0,139.19685875237963,3,-2.196858752379626,2.196858752379626
BREISACH,2026-06-30 09:15:00+00:00,195.0,187.06357018328907,3,7.936429816710927,7.936429816710927
Basel-Rheinhalle,2026-06-30 09:15:00+00:00,516.0,517.0609728096437,3,-1.0609728096436584,1.0609728096436584
DUISBURG-MEIDERICH SCHLEUSE OW,2026-06-30 09:15:00+00:00,25.01,29.67220738353698,3,-4.662207383536977,4.662207383536977
DUISBURG-MEIDERICH SCHLEUSE UW,2026-06-30 09:15:00+00:00,18.21,23.992959415246737,3,-5.7829594152467365,5.7829594152467365
DUISBURG-RUHRORT,2026-06-30 09:15:00+00:00,216.0,218.07004379504502,3,-2.0700437950450237,2.0700437950450237
DÜSSELDORF,2026-06-30 09:15:00+00:00,86.0,83.38659917273004,3,2.613400827269956,2.613400827269956
EMMERICH,2026-06-30 09:15:00+00:00,53.0,53.342836237941185,3,-0.3428362379411851,0.3428362379411851
IFFEZHEIM,2026-06-30 09:15:00+00:00,138.0,137.4594567538603,3,0.5405432461396913,0.5405432461396913
KAUB,2026-06-30 09:15:00+00:00,91.0,92.62944687333311,3,-1.6294468733331087,1.6294468733331087
KOBLENZ,2026-06-30 09:15:00+00:00,91.0,81.15257742590134,3,9.847422574098658,9.847422574098658
KONSTANZ-RHEIN,2026-06-30 09:15:00+00:00,314.0,312.26107367720965,3,1.7389263227903484,1.7389263227903484
Koblenz OP,2026-06-30 09:15:00+00:00,205.0,205.2275312280015,3,-0.22753122800151004,0.22753122800151004
Koblenz UP,2026-06-30 09:15:00+00:00,69.0,54.4386236994882,3,14.561376300511803,14.561376300511803
KÖLN,2026-06-30 09:15:00+00:00,131.0,134.9753632799881,3,-3.975363279988102,3.975363279988102
MAINZ,2026-06-30 09:15:00+00:00,184.0,185.8064338959851,3,-1.8064338959850943,1.8064338959850943
MANNHEIM,2026-06-30 09:15:00+00:00,166.0,164.54108396661272,3,1.4589160333872826,1.4589160333872826
MAXAU,2026-06-30 09:15:00+00:00,403.0,406.9990008238548,3,-3.9990008238547716,3.9990008238547716
REES,2026-06-30 09:15:00+00:00,97.0,95.90994384161367,3,1.0900561583863322,1.0900561583863322
RHEINE UNTERSCHLEUSE,2026-06-30 09:15:00+00:00,194.0,184.80418634963817,3,9.195813650361828,9.195813650361828
RHEINWEILER,2026-06-30 09:15:00+00:00,223.0,223.0555046375376,3,-0.05550463753760937,0.05550463753760937
SANKT GOAR,2026-06-30 09:15:00+00:00,182.0,180.95382211397055,3,1.0461778860294544,1.0461778860294544
SPEYER,2026-06-30 09:15:00+00:00,261.0,260.57276283944543,3,0.4272371605545686,0.4272371605545686
WESEL,2026-06-30 09:15:00+00:00,153.0,153.00913937070982,3,-0.00913937070981774,0.00913937070981774
WORMS,2026-06-30 09:15:00+00:00,75.0,74.12757698594473,3,0.872423014055272,0.872423014055272
DUISBURG-MEIDERICH SCHLEUSE OW,2026-06-30 09:16:00+00:00,25.01,29.67220738353698,3,-4.662207383536977,4.662207383536977
DUISBURG-MEIDERICH SCHLEUSE UW,2026-06-30 09:16:00+00:00,18.21,24.02884493111047,3,-5.818844931110469,5.818844931110469
DUISBURG-MEIDERICH SCHLEUSE OW,2026-06-30 09:17:00+00:00,25.01,29.67220738353698,3,-4.662207383536977,4.662207383536977
DUISBURG-MEIDERICH SCHLEUSE UW,2026-06-30 09:17:00+00:00,18.21,24.02884493111047,3,-5.818844931110469,5.818844931110469
DUISBURG-MEIDERICH SCHLEUSE OW,2026-06-30 09:18:00+00:00,25.01,29.67220738353698,3,-4.662207383536977,4.662207383536977
DUISBURG-MEIDERICH SCHLEUSE UW,2026-06-30 09:18:00+00:00,18.21,23.992959415246737,3,-5.7829594152467365,5.7829594152467365
DUISBURG-MEIDERICH SCHLEUSE OW,2026-06-30 09:19:00+00:00,25.01,29.67220738353698,3,-4.662207383536977,4.662207383536977
DUISBURG-MEIDERICH SCHLEUSE UW,2026-06-30 09:19:00+00:00,18.21,23.992959415246737,3,-5.7829594152467365,5.7829594152467365
Basel-Rheinhalle,2026-06-30 09:20:00+00:00,518.0,518.1824470694592,3,-0.18244706945915823,0.18244706945915823
DUISBURG-MEIDERICH SCHLEUSE OW,2026-06-30 09:20:00+00:00,25.01,29.67220738353698,3,-4.662207383536977,4.662207383536977
DUISBURG-MEIDERICH SCHLEUSE UW,2026-06-30 09:20:00+00:00,18.21,23.94547636283206,3,-5.73547636283206,5.73547636283206
LOBITH,2026-06-30 09:20:00+00:00,704.0,702.9783934322775,3,1.0216065677225288,1.0216065677225288
DUISBURG-MEIDERICH SCHLEUSE OW,2026-06-30 09:21:00+00:00,25.01,29.67220738353698,3,-4.662207383536977,4.662207383536977
DUISBURG-MEIDERICH SCHLEUSE UW,2026-06-30 09:21:00+00:00,18.21,24.02884493111047,3,-5.818844931110469,5.818844931110469
DUISBURG-MEIDERICH SCHLEUSE OW,2026-06-30 09:22:00+00:00,25.01,29.67220738353698,3,-4.662207383536977,4.662207383536977
DUISBURG-MEIDERICH SCHLEUSE UW,2026-06-30 09:22:00+00:00,18.21,24.02884493111047,3,-5.818844931110469,5.818844931110469
DUISBURG-MEIDERICH SCHLEUSE OW,2026-06-30 09:23:00+00:00,25.01,29.67220738353698,3,-4.662207383536977,4.662207383536977
DUISBURG-MEIDERICH SCHLEUSE UW,2026-06-30 09:23:00+00:00,18.21,23.992959415246737,3,-5.7829594152467365,5.7829594152467365
DUISBURG-MEIDERICH SCHLEUSE OW,2026-06-30 09:24:00+00:00,25.01,29.67220738353698,3,-4.662207383536977,4.662207383536977
DUISBURG-MEIDERICH SCHLEUSE UW,2026-06-30 09:24:00+00:00,18.21,24.02884493111047,3,-5.818844931110469,5.818844931110469
Basel-Rheinhalle,2026-06-30 09:25:00+00:00,519.0,518.3566089225485,3,0.643391077451497,0.643391077451497
DUISBURG-MEIDERICH SCHLEUSE OW,2026-06-30 09:25:00+00:00,25.01,29.67220738353698,3,-4.662207383536977,4.662207383536977
DUISBURG-MEIDERICH SCHLEUSE UW,2026-06-30 09:25:00+00:00,18.2,24.02884493111047,3,-5.828844931110471,5.828844931110471
DUISBURG-MEIDERICH SCHLEUSE OW,2026-06-30 09:26:00+00:00,25.01,29.67220738353698,3,-4.662207383536977,4.662207383536977
DUISBURG-MEIDERICH SCHLEUSE UW,2026-06-30 09:26:00+00:00,18.2,24.02884493111047,3,-5.828844931110471,5.828844931110471
DUISBURG-MEIDERICH SCHLEUSE OW,2026-06-30 09:27:00+00:00,25.01,29.67220738353698,3,-4.662207383536977,4.662207383536977
DUISBURG-MEIDERICH SCHLEUSE UW,2026-06-30 09:27:00+00:00,18.21,24.02884493111047,3,-5.818844931110469,5.818844931110469
DUISBURG-MEIDERICH SCHLEUSE OW,2026-06-30 09:28:00+00:00,25.01,29.67220738353698,3,-4.662207383536977,4.662207383536977
DUISBURG-MEIDERICH SCHLEUSE UW,2026-06-30 09:28:00+00:00,18.21,24.02884493111047,3,-5.818844931110469,5.818844931110469
DUISBURG-MEIDERICH SCHLEUSE OW,2026-06-30 09:29:00+00:00,25.01,29.67220738353698,3,-4.662207383536977,4.662207383536977
DUISBURG-MEIDERICH SCHLEUSE UW,2026-06-30 09:29:00+00:00,18.21,24.02884493111047,3,-5.818844931110469,5.818844931110469
BINGEN,2026-06-30 09:30:00+00:00,105.0,106.65131302122126,3,-1.651313021221256,1.651313021221256
BONN,2026-06-30 09:30:00+00:00,136.0,138.955719047208,3,-2.9557190472079924,2.9557190472079924
BREISACH,2026-06-30 09:30:00+00:00,195.0,186.90746944795183,3,8.092530552048174,8.092530552048174
Basel-Rheinhalle,2026-06-30 09:30:00+00:00,522.0,518.6038572618711,3,3.3961427381289013,3.3961427381289013
DUISBURG-MEIDERICH SCHLEUSE OW,2026-06-30 09:30:00+00:00,25.01,29.67220738353698,3,-4.662207383536977,4.662207383536977
DUISBURG-MEIDERICH SCHLEUSE UW,2026-06-30 09:30:00+00:00,18.21,23.981361878695793,3,-5.771361878695792,5.771361878695792
DUISBURG-RUHRORT,2026-06-30 09:30:00+00:00,216.0,218.72101190922953,3,-2.7210119092295315,2.7210119092295315
DÜSSELDORF,2026-06-30 09:30:00+00:00,86.0,84.34651100845853,3,1.6534889915414652,1.6534889915414652
EMMERICH,2026-06-30 09:30:00+00:00,52.0,53.112115324683586,3,-1.112115324683586,1.112115324683586
IFFEZHEIM,2026-06-30 09:30:00+00:00,136.0,138.15305382574448,3,-2.153053825744479,2.153053825744479
KAUB,2026-06-30 09:30:00+00:00,91.0,92.83712248987447,3,-1.8371224898744742,1.8371224898744742
KOBLENZ,2026-06-30 09:30:00+00:00,91.0,83.13455303871947,3,7.865446961280526,7.865446961280526
KONSTANZ-RHEIN,2026-06-30 09:30:00+00:00,314.0,312.1939510378186,3,1.8060489621814213,1.8060489621814213
Koblenz OP,2026-06-30 09:30:00+00:00,206.0,205.3808795037719,3,0.6191204962281063,0.6191204962281063
Koblenz UP,2026-06-30 09:30:00+00:00,70.0,53.18387330399551,3,16.81612669600449,16.81612669600449
KÖLN,2026-06-30 09:30:00+00:00,131.0,135.08240056923563,3,-4.082400569235631,4.082400569235631
LOBITH,2026-06-30 09:30:00+00:00,703.0,703.137833042601,3,-0.13783304260095974,0.13783304260095974
MAINZ,2026-06-30 09:30:00+00:00,182.0,186.438240265288,3,-4.4382402652879875,4.4382402652879875
MANNHEIM,2026-06-30 09:30:00+00:00,166.0,164.56204982624925,3,1.4379501737507496,1.4379501737507496
MAXAU,2026-06-30 09:30:00+00:00,403.0,407.1456747116138,3,-4.145674711613822,4.145674711613822
REES,2026-06-30 09:30:00+00:00,96.0,95.87373122290836,3,0.12626877709163864,0.12626877709163864
RHEINE UNTERSCHLEUSE,2026-06-30 09:30:00+00:00,194.0,184.80418634963817,3,9.195813650361828,9.195813650361828
RHEINWEILER,2026-06-30 09:30:00+00:00,223.0,223.36442750992063,3,-0.3644275099206311,0.3644275099206311
SANKT GOAR,2026-06-30 09:30:00+00:00,181.0,180.69970348216097,3,0.3002965178390298,0.3002965178390298
SPEYER,2026-06-30 09:30:00+00:00,261.0,260.64606566212854,3,0.3539343378714648,0.3539343378714648
WESEL,2026-06-30 09:30:00+00:00,154.0,152.81434559412386,3,1.1856544058761358,1.1856544058761358
WORMS,2026-06-30 09:30:00+00:00,75.0,74.27235667151139,3,0.727643328488611,0.727643328488611
DUISBURG-MEIDERICH SCHLEUSE OW,2026-06-30 09:31:00+00:00,25.01,29.67220738353698,3,-4.662207383536977,4.662207383536977
DUISBURG-MEIDERICH SCHLEUSE UW,2026-06-30 09:31:00+00:00,18.2,24.02884493111047,3,-5.828844931110471,5.828844931110471
DUISBURG-MEIDERICH SCHLEUSE OW,2026-06-30 09:32:00+00:00,25.01,29.67220738353698,3,-4.662207383536977,4.662207383536977
DUISBURG-MEIDERICH SCHLEUSE UW,2026-06-30 09:32:00+00:00,18.2,24.02884493111047,3,-5.828844931110471,5.828844931110471
DUISBURG-MEIDERICH SCHLEUSE OW,2026-06-30 09:33:00+00:00,25.01,29.67220738353698,3,-4.662207383536977,4.662207383536977
DUISBURG-MEIDERICH SCHLEUSE UW,2026-06-30 09:33:00+00:00,18.2,23.992959415246737,3,-5.792959415246738,5.792959415246738
DUISBURG-MEIDERICH SCHLEUSE OW,2026-06-30 09:34:00+00:00,25.01,29.717341886490424,3,-4.707341886490422,4.707341886490422
DUISBURG-MEIDERICH SCHLEUSE UW,2026-06-30 09:34:00+00:00,18.2,24.02884493111047,3,-5.828844931110471,5.828844931110471
Basel-Rheinhalle,2026-06-30 09:35:00+00:00,519.0,518.5488625950723,3,0.45113740492774923,0.45113740492774923
DUISBURG-MEIDERICH SCHLEUSE OW,2026-06-30 09:35:00+00:00,25.01,29.629151088918583,3,-4.619151088918581,4.619151088918581
DUISBURG-MEIDERICH SCHLEUSE UW,2026-06-30 09:35:00+00:00,18.2,24.02884493111047,3,-5.828844931110471,5.828844931110471
DUISBURG-MEIDERICH SCHLEUSE OW,2026-06-30 09:36:00+00:00,25.01,29.67663414133326,3,-4.666634141333258,4.666634141333258
DUISBURG-MEIDERICH SCHLEUSE UW,2026-06-30 09:36:00+00:00,18.2,24.02884493111047,3,-5.828844931110471,5.828844931110471
DUISBURG-MEIDERICH SCHLEUSE OW,2026-06-30 09:37:00+00:00,25.01,29.67663414133326,3,-4.666634141333258,4.666634141333258
DUISBURG-MEIDERICH SCHLEUSE UW,2026-06-30 09:37:00+00:00,18.2,24.02884493111047,3,-5.828844931110471,5.828844931110471
DUISBURG-MEIDERICH SCHLEUSE OW,2026-06-30 09:38:00+00:00,25.01,29.640748625469527,3,-4.630748625469526,4.630748625469526
DUISBURG-MEIDERICH SCHLEUSE UW,2026-06-30 09:38:00+00:00,18.19,24.02884493111047,3,-5.838844931110469,5.838844931110469
DUISBURG-MEIDERICH SCHLEUSE OW,2026-06-30 09:39:00+00:00,25.01,29.67220738353698,3,-4.662207383536977,4.662207383536977
DUISBURG-MEIDERICH SCHLEUSE UW,2026-06-30 09:39:00+00:00,18.19,24.02884493111047,3,-5.838844931110469,5.838844931110469
Basel-Rheinhalle,2026-06-30 09:40:00+00:00,519.0,517.9630664451804,3,1.0369335548195977,1.0369335548195977
DUISBURG-MEIDERICH SCHLEUSE OW,2026-06-30 09:40:00+00:00,25.01,29.67220738353698,3,-4.662207383536977,4.662207383536977
DUISBURG-MEIDERICH SCHLEUSE UW,2026-06-30 09:40:00+00:00,18.19,24.02884493111047,3,-5.838844931110469,5.838844931110469
LOBITH,2026-06-30 09:40:00+00:00,704.0,702.9556025401839,3,1.0443974598160821,1.0443974598160821
DUISBURG-MEIDERICH SCHLEUSE OW,2026-06-30 09:41:00+00:00,25.0,29.67220738353698,3,-4.672207383536978,4.672207383536978
DUISBURG-MEIDERICH SCHLEUSE UW,2026-06-30 09:41:00+00:00,18.19,24.02884493111047,3,-5.838844931110469,5.838844931110469
DUISBURG-MEIDERICH SCHLEUSE OW,2026-06-30 09:42:00+00:00,25.0,29.67220738353698,3,-4.672207383536978,4.672207383536978
DUISBURG-MEIDERICH SCHLEUSE UW,2026-06-30 09:42:00+00:00,18.19,24.02884493111047,3,-5.838844931110469,5.838844931110469
DUISBURG-MEIDERICH SCHLEUSE OW,2026-06-30 09:43:00+00:00,25.0,29.67220738353698,3,-4.672207383536978,4.672207383536978
DUISBURG-MEIDERICH SCHLEUSE UW,2026-06-30 09:43:00+00:00,18.19,24.02884493111047,3,-5.838844931110469,5.838844931110469
DUISBURG-MEIDERICH SCHLEUSE OW,2026-06-30 09:44:00+00:00,25.0,29.67220738353698,3,-4.672207383536978,4.672207383536978
DUISBURG-MEIDERICH SCHLEUSE UW,2026-06-30 09:44:00+00:00,18.2,24.02884493111047,3,-5.828844931110471,5.828844931110471
BINGEN,2026-06-30 09:45:00+00:00,105.0,107.04112971104895,3,-2.041129711048953,2.041129711048953
BONN,2026-06-30 09:45:00+00:00,137.0,139.30219543849978,3,-2.30219543849978,2.30219543849978
BREISACH,2026-06-30 09:45:00+00:00,195.0,187.45394998220613,3,7.546050017793874,7.546050017793874
Basel-Rheinhalle,2026-06-30 09:45:00+00:00,522.0,517.6799055895493,3,4.320094410450679,4.320094410450679
DUISBURG-MEIDERICH SCHLEUSE OW,2026-06-30 09:45:00+00:00,25.0,29.67220738353698,3,-4.672207383536978,4.672207383536978
DUISBURG-MEIDERICH SCHLEUSE UW,2026-06-30 09:45:00+00:00,18.2,24.02884493111047,3,-5.828844931110471,5.828844931110471
DUISBURG-RUHRORT,2026-06-30 09:45:00+00:00,215.0,218.67558981600413,3,-3.675589816004134,3.675589816004134
DÜSSELDORF,2026-06-30 09:45:00+00:00,87.0,84.49100788350233,3,2.508992116497666,2.508992116497666
EMMERICH,2026-06-30 09:45:00+00:00,54.0,53.643860451136135,3,0.35613954886386523,0.35613954886386523
IFFEZHEIM,2026-06-30 09:45:00+00:00,138.0,142.31080352084578,3,-4.310803520845781,4.310803520845781
KAUB,2026-06-30 09:45:00+00:00,89.0,92.99044800350013,3,-3.990448003500134,3.990448003500134
KOBLENZ,2026-06-30 09:45:00+00:00,91.0,83.04151494283421,3,7.958485057165788,7.958485057165788
KONSTANZ-RHEIN,2026-06-30 09:45:00+00:00,314.0,312.34859023737454,3,1.6514097626254625,1.6514097626254625
Koblenz OP,2026-06-30 09:45:00+00:00,205.0,205.25761980622244,3,-0.2576198062224364,0.2576198062224364
Koblenz UP,2026-06-30 09:45:00+00:00,70.0,54.2983339870645,3,15.701666012935497,15.701666012935497
KÖLN,2026-06-30 09:45:00+00:00,133.0,134.5706785694316,3,-1.5706785694316068,1.5706785694316068
MAINZ,2026-06-30 09:45:00+00:00,181.0,186.76249164189701,3,-5.7624916418970145,5.7624916418970145
MANNHEIM,2026-06-30 09:45:00+00:00,167.0,164.7801115996846,3,2.219888400315398,2.219888400315398
MAXAU,2026-06-30 09:45:00+00:00,402.0,407.37389152569244,3,-5.373891525692443,5.373891525692443
REES,2026-06-30 09:45:00+00:00,96.0,96.24718089955358,3,-0.2471808995535838,0.2471808995535838
RHEINE UNTERSCHLEUSE,2026-06-30 09:45:00+00:00,194.0,184.59072754178734,3,9.409272458212655,9.409272458212655
RHEINWEILER,2026-06-30 09:45:00+00:00,223.0,223.51906670947665,3,-0.5190667094766468,0.5190667094766468
SANKT GOAR,2026-06-30 09:45:00+00:00,182.0,186.74260381066193,3,-4.742603810661933,4.742603810661933
SPEYER,2026-06-30 09:45:00+00:00,261.0,260.61051860571035,3,0.38948139428964623,0.38948139428964623
WESEL,2026-06-30 09:45:00+00:00,154.0,153.09574906714946,3,0.9042509328505446,0.9042509328505446
WORMS,2026-06-30 09:45:00+00:00,76.0,74.65540616959666,3,1.3445938304033405,1.3445938304033405
DUISBURG-MEIDERICH SCHLEUSE OW,2026-06-30 09:46:00+00:00,25.0,29.67220738353698,3,-4.672207383536978,4.672207383536978
DUISBURG-MEIDERICH SCHLEUSE UW,2026-06-30 09:46:00+00:00,18.2,24.02884493111047,3,-5.828844931110471,5.828844931110471
DUISBURG-MEIDERICH SCHLEUSE OW,2026-06-30 09:47:00+00:00,25.0,29.67220738353698,3,-4.672207383536978,4.672207383536978
DUISBURG-MEIDERICH SCHLEUSE UW,2026-06-30 09:47:00+00:00,18.2,24.02884493111047,3,-5.828844931110471,5.828844931110471
DUISBURG-MEIDERICH SCHLEUSE OW,2026-06-30 09:48:00+00:00,25.0,29.67220738353698,3,-4.672207383536978,4.672207383536978
DUISBURG-MEIDERICH SCHLEUSE UW,2026-06-30 09:48:00+00:00,18.2,24.02884493111047,3,-5.828844931110471,5.828844931110471
DUISBURG-MEIDERICH SCHLEUSE OW,2026-06-30 09:49:00+00:00,25.0,29.67220738353698,3,-4.672207383536978,4.672207383536978
DUISBURG-MEIDERICH SCHLEUSE UW,2026-06-30 09:49:00+00:00,18.2,24.02884493111047,3,-5.828844931110471,5.828844931110471
Basel-Rheinhalle,2026-06-30 09:50:00+00:00,519.0,517.6498053843131,3,1.3501946156868598,1.3501946156868598
DUISBURG-MEIDERICH SCHLEUSE OW,2026-06-30 09:50:00+00:00,25.0,29.67220738353698,3,-4.672207383536978,4.672207383536978
DUISBURG-MEIDERICH SCHLEUSE UW,2026-06-30 09:50:00+00:00,18.2,24.03327168890675,3,-5.833271688906752,5.833271688906752
LOBITH,2026-06-30 09:50:00+00:00,704.0,702.9662261827615,3,1.0337738172385116,1.0337738172385116
DUISBURG-MEIDERICH SCHLEUSE OW,2026-06-30 09:51:00+00:00,25.0,29.67220738353698,3,-4.672207383536978,4.672207383536978
DUISBURG-MEIDERICH SCHLEUSE UW,2026-06-30 09:51:00+00:00,18.2,24.03327168890675,3,-5.833271688906752,5.833271688906752
DUISBURG-MEIDERICH SCHLEUSE OW,2026-06-30 09:52:00+00:00,25.0,29.67220738353698,3,-4.672207383536978,4.672207383536978
DUISBURG-MEIDERICH SCHLEUSE UW,2026-06-30 09:52:00+00:00,18.2,24.03327168890675,3,-5.833271688906752,5.833271688906752
DUISBURG-MEIDERICH SCHLEUSE OW,2026-06-30 09:53:00+00:00,25.0,29.67220738353698,3,-4.672207383536978,4.672207383536978
DUISBURG-MEIDERICH SCHLEUSE UW,2026-06-30 09:53:00+00:00,18.2,24.03327168890675,3,-5.833271688906752,5.833271688906752
DUISBURG-MEIDERICH SCHLEUSE OW,2026-06-30 09:54:00+00:00,25.0,29.67220738353698,3,-4.672207383536978,4.672207383536978
DUISBURG-MEIDERICH SCHLEUSE UW,2026-06-30 09:54:00+00:00,18.2,24.03327168890675,3,-5.833271688906752,5.833271688906752
Basel-Rheinhalle,2026-06-30 09:55:00+00:00,519.0,518.1967011590435,3,0.8032988409564723,0.8032988409564723
DUISBURG-MEIDERICH SCHLEUSE OW,2026-06-30 09:55:00+00:00,25.0,29.67220738353698,3,-4.672207383536978,4.672207383536978
DUISBURG-MEIDERICH SCHLEUSE UW,2026-06-30 09:55:00+00:00,18.2,24.03327168890675,3,-5.833271688906752,5.833271688906752
DUISBURG-MEIDERICH SCHLEUSE OW,2026-06-30 09:56:00+00:00,25.0,29.67220738353698,3,-4.672207383536978,4.672207383536978
DUISBURG-MEIDERICH SCHLEUSE UW,2026-06-30 09:56:00+00:00,18.2,24.03327168890675,3,-5.833271688906752,5.833271688906752
DUISBURG-MEIDERICH SCHLEUSE OW,2026-06-30 09:57:00+00:00,25.0,29.67220738353698,3,-4.672207383536978,4.672207383536978
DUISBURG-MEIDERICH SCHLEUSE UW,2026-06-30 09:57:00+00:00,18.2,24.03327168890675,3,-5.833271688906752,5.833271688906752
DUISBURG-MEIDERICH SCHLEUSE OW,2026-06-30 09:58:00+00:00,25.0,29.67220738353698,3,-4.672207383536978,4.672207383536978
DUISBURG-MEIDERICH SCHLEUSE UW,2026-06-30 09:58:00+00:00,18.2,23.99738617304302,3,-5.797386173043019,5.797386173043019
DUISBURG-MEIDERICH SCHLEUSE OW,2026-06-30 09:59:00+00:00,25.0,29.67220738353698,3,-4.672207383536978,4.672207383536978
DUISBURG-MEIDERICH SCHLEUSE UW,2026-06-30 09:59:00+00:00,18.2,24.03327168890675,3,-5.833271688906752,5.833271688906752
BINGEN,2026-06-30 10:00:00+00:00,105.0,106.85340120531984,3,-1.853401205319841,1.853401205319841
BONN,2026-06-30 10:00:00+00:00,137.0,139.36084208065535,3,-2.3608420806553454,2.3608420806553454
BREISACH,2026-06-30 10:00:00+00:00,193.0,187.8223482802442,3,5.177651719755801,5.177651719755801
Basel-Rheinhalle,2026-06-30 10:00:00+00:00,519.0,518.1423800642582,3,0.8576199357418091,0.8576199357418091
DUISBURG-MEIDERICH SCHLEUSE OW,2026-06-30 10:00:00+00:00,25.0,29.646098084762972,3,-4.646098084762972,4.646098084762972
DUISBURG-MEIDERICH SCHLEUSE UW,2026-06-30 10:00:00+00:00,18.21,24.002735632336464,3,-5.792735632336463,5.792735632336463
DUISBURG-RUHRORT,2026-06-30 10:00:00+00:00,217.0,218.61931373930477,3,-1.619313739304772,1.619313739304772
DÜSSELDORF,2026-06-30 10:00:00+00:00,86.0,84.4668928428918,3,1.5331071571082049,1.5331071571082049
EMMERICH,2026-06-30 10:00:00+00:00,53.0,53.60083830714451,3,-0.6008383071445067,0.6008383071445067
IFFEZHEIM,2026-06-30 10:00:00+00:00,137.0,142.0022046949002,3,-5.0022046949002,5.0022046949002
KAUB,2026-06-30 10:00:00+00:00,90.0,92.41989803801822,3,-2.419898038018218,2.419898038018218
KOBLENZ,2026-06-30 10:00:00+00:00,92.0,83.79863878804872,3,8.20136121195128,8.20136121195128
KONSTANZ-RHEIN,2026-06-30 10:00:00+00:00,313.0,312.4157128767656,3,0.5842871232343896,0.5842871232343896
Koblenz OP,2026-06-30 10:00:00+00:00,205.0,205.26957012774227,3,-0.26957012774226996,0.26957012774226996
Koblenz UP,2026-06-30 10:00:00+00:00,70.0,54.03943417510733,3,15.960565824892669,15.960565824892669
KÖLN,2026-06-30 10:00:00+00:00,131.0,134.5621251877874,3,-3.5621251877873874,3.5621251877873874
LOBITH,2026-06-30 10:00:00+00:00,704.0,703.5660868276487,3,0.4339131723512537,0.4339131723512537
MAINZ,2026-06-30 10:00:00+00:00,182.0,186.76249164189701,3,-4.7624916418970145,4.7624916418970145
MANNHEIM,2026-06-30 10:00:00+00:00,167.0,164.83361695210004,3,2.1663830478999557,2.1663830478999557
MAXAU,2026-06-30 10:00:00+00:00,402.0,407.3385097007532,3,-5.338509700753207,5.338509700753207
REES,2026-06-30 10:00:00+00:00,96.0,96.09682064493057,3,-0.09682064493057396,0.09682064493057396
RHEINE UNTERSCHLEUSE,2026-06-30 10:00:00+00:00,194.0,186.15506254289025,3,7.844937457109751,7.844937457109751
RHEINWEILER,2026-06-30 10:00:00+00:00,223.0,223.51906670947665,3,-0.5190667094766468,0.5190667094766468
SANKT GOAR,2026-06-30 10:00:00+00:00,181.0,187.0602476496186,3,-6.060247649618589,6.060247649618589
SPEYER,2026-06-30 10:00:00+00:00,261.0,260.906857780803,3,0.0931422191969773,0.0931422191969773
WESEL,2026-06-30 10:00:00+00:00,154.0,153.10079593954018,3,0.899204060459823,0.899204060459823
WORMS,2026-06-30 10:00:00+00:00,75.0,74.67021543895807,3,0.329784561041933,0.329784561041933
DUISBURG-MEIDERICH SCHLEUSE OW,2026-06-30 10:01:00+00:00,25.0,29.42814314549843,3,-4.4281431454984315,4.4281431454984315
DUISBURG-MEIDERICH SCHLEUSE UW,2026-06-30 10:01:00+00:00,18.21,23.784780693071923,3,-5.574780693071922,5.574780693071922
DUISBURG-MEIDERICH SCHLEUSE OW,2026-06-30 10:02:00+00:00,25.0,29.42814314549843,3,-4.4281431454984315,4.4281431454984315
DUISBURG-MEIDERICH SCHLEUSE UW,2026-06-30 10:02:00+00:00,18.21,23.74889517720819,3,-5.53889517720819,5.53889517720819
DUISBURG-MEIDERICH SCHLEUSE OW,2026-06-30 10:03:00+00:00,25.0,29.67220738353698,3,-4.672207383536978,4.672207383536978
DUISBURG-MEIDERICH SCHLEUSE UW,2026-06-30 10:03:00+00:00,18.21,23.992959415246737,3,-5.7829594152467365,5.7829594152467365
DUISBURG-MEIDERICH SCHLEUSE OW,2026-06-30 10:04:00+00:00,25.0,29.702094694304517,3,-4.702094694304517,4.702094694304517
DUISBURG-MEIDERICH SCHLEUSE UW,2026-06-30 10:04:00+00:00,18.21,24.022846726014276,3,-5.812846726014275,5.812846726014275
Basel-Rheinhalle,2026-06-30 10:05:00+00:00,519.0,518.3967271478613,3,0.6032728521387298,0.6032728521387298
DUISBURG-MEIDERICH SCHLEUSE OW,2026-06-30 10:05:00+00:00,24.99,29.702094694304517,3,-4.712094694304518,4.712094694304518
DUISBURG-MEIDERICH SCHLEUSE UW,2026-06-30 10:05:00+00:00,18.22,24.022846726014276,3,-5.802846726014277,5.802846726014277
DUISBURG-MEIDERICH SCHLEUSE OW,2026-06-30 10:06:00+00:00,24.99,29.7469994385829,3,-4.756999438582902,4.756999438582902
DUISBURG-MEIDERICH SCHLEUSE UW,2026-06-30 10:06:00+00:00,18.22,24.058502483202947,3,-5.838502483202948,5.838502483202948
DUISBURG-MEIDERICH SCHLEUSE OW,2026-06-30 10:07:00+00:00,24.99,29.706291693425737,3,-4.716291693425738,4.716291693425738
DUISBURG-MEIDERICH SCHLEUSE UW,2026-06-30 10:07:00+00:00,18.22,24.022616967339214,3,-5.802616967339215,5.802616967339215
DUISBURG-MEIDERICH SCHLEUSE OW,2026-06-30 10:08:00+00:00,24.99,29.706291693425737,3,-4.716291693425738,4.716291693425738
DUISBURG-MEIDERICH SCHLEUSE UW,2026-06-30 10:08:00+00:00,18.22,24.022616967339214,3,-5.802616967339215,5.802616967339215
DUISBURG-MEIDERICH SCHLEUSE OW,2026-06-30 10:09:00+00:00,24.99,29.706291693425737,3,-4.716291693425738,4.716291693425738
DUISBURG-MEIDERICH SCHLEUSE UW,2026-06-30 10:09:00+00:00,18.22,24.022616967339214,3,-5.802616967339215,5.802616967339215
Basel-Rheinhalle,2026-06-30 10:10:00+00:00,519.0,519.2458048652665,3,-0.24580486526645018,0.24580486526645018
DUISBURG-MEIDERICH SCHLEUSE OW,2026-06-30 10:10:00+00:00,24.99,29.670406177562004,3,-4.680406177562006,4.680406177562006
DUISBURG-MEIDERICH SCHLEUSE UW,2026-06-30 10:10:00+00:00,18.22,24.022616967339214,3,-5.802616967339215,5.802616967339215
LOBITH,2026-06-30 10:10:00+00:00,705.0,703.3366015744596,3,1.6633984255404357,1.6633984255404357
DUISBURG-MEIDERICH SCHLEUSE OW,2026-06-30 10:11:00+00:00,24.99,29.701864935629455,3,-4.711864935629457,4.711864935629457
DUISBURG-MEIDERICH SCHLEUSE UW,2026-06-30 10:11:00+00:00,18.22,24.022616967339214,3,-5.802616967339215,5.802616967339215
DUISBURG-MEIDERICH SCHLEUSE OW,2026-06-30 10:12:00+00:00,24.99,29.82930044096324,3,-4.8393004409632425,4.8393004409632425
DUISBURG-MEIDERICH SCHLEUSE UW,2026-06-30 10:12:00+00:00,18.22,24.150052472673,3,-5.930052472673001,5.930052472673001
DUISBURG-MEIDERICH SCHLEUSE OW,2026-06-30 10:13:00+00:00,24.99,29.82930044096324,3,-4.8393004409632425,4.8393004409632425
DUISBURG-MEIDERICH SCHLEUSE UW,2026-06-30 10:13:00+00:00,18.22,24.150052472673,3,-5.930052472673001,5.930052472673001
DUISBURG-MEIDERICH SCHLEUSE OW,2026-06-30 10:14:00+00:00,24.99,29.82930044096324,3,-4.8393004409632425,4.8393004409632425
DUISBURG-MEIDERICH SCHLEUSE UW,2026-06-30 10:14:00+00:00,18.23,24.185937988536732,3,-5.955937988536732,5.955937988536732
BINGEN,2026-06-30 10:15:00+00:00,105.0,106.5528365180251,3,-1.552836518025103,1.552836518025103
BONN,2026-06-30 10:15:00+00:00,137.0,139.68413759445863,3,-2.684137594458633,2.684137594458633
BREISACH,2026-06-30 10:15:00+00:00,193.0,187.64577029693677,3,5.3542297030632255,5.3542297030632255
Basel-Rheinhalle,2026-06-30 10:15:00+00:00,514.0,518.8494387037314,3,-4.84943870373138,4.84943870373138
DUISBURG-MEIDERICH SCHLEUSE OW,2026-06-30 10:15:00+00:00,24.99,29.82930044096324,3,-4.8393004409632425,4.8393004409632425
DUISBURG-MEIDERICH SCHLEUSE UW,2026-06-30 10:15:00+00:00,18.22,24.185937988536732,3,-5.965937988536734,5.965937988536734
DUISBURG-RUHRORT,2026-06-30 10:15:00+00:00,217.0,218.6607898900971,3,-1.6607898900971065,1.6607898900971065
DÜSSELDORF,2026-06-30 10:15:00+00:00,87.0,84.0041326992958,3,2.995867300704205,2.995867300704205
EMMERICH,2026-06-30 10:15:00+00:00,53.0,53.57739166243227,3,-0.5773916624322695,0.5773916624322695
IFFEZHEIM,2026-06-30 10:15:00+00:00,135.0,137.8641127830163,3,-2.86411278301631,2.86411278301631
KAUB,2026-06-30 10:15:00+00:00,89.0,92.52592408567666,3,-3.525924085676664,3.525924085676664
KOBLENZ,2026-06-30 10:15:00+00:00,93.0,83.42539837777693,3,9.57460162222307,9.57460162222307
KONSTANZ-RHEIN,2026-06-30 10:15:00+00:00,313.0,312.20609359856326,3,0.7939064014367432,0.7939064014367432
Koblenz OP,2026-06-30 10:15:00+00:00,204.0,205.18637526296257,3,-1.1863752629625708,1.1863752629625708
Koblenz UP,2026-06-30 10:15:00+00:00,72.0,53.395526732247816,3,18.604473267752184,18.604473267752184
KÖLN,2026-06-30 10:15:00+00:00,132.0,134.34417024852286,3,-2.3441702485228575,2.3441702485228575
MAINZ,2026-06-30 10:15:00+00:00,181.0,186.24696991028344,3,-5.24696991028344,5.24696991028344
MANNHEIM,2026-06-30 10:15:00+00:00,167.0,165.21403649592702,3,1.7859635040729813,1.7859635040729813
MAXAU,2026-06-30 10:15:00+00:00,402.0,406.4903538165948,3,-4.490353816594791,4.490353816594791
REES,2026-06-30 10:15:00+00:00,96.0,95.66769031917666,3,0.332309680823343,0.332309680823343
RHEINE UNTERSCHLEUSE,2026-06-30 10:15:00+00:00,194.0,186.20942568951682,3,7.79057431048318,7.79057431048318
RHEINWEILER,2026-06-30 10:15:00+00:00,223.0,223.32698831189614,3,-0.3269883118961445,0.3269883118961445
SANKT GOAR,2026-06-30 10:15:00+00:00,182.0,187.11034804364252,3,-5.110348043642517,5.110348043642517
SPEYER,2026-06-30 10:15:00+00:00,262.0,260.99775152789,3,1.0022484721100113,1.0022484721100113
WESEL,2026-06-30 10:15:00+00:00,154.0,153.29584391412078,3,0.7041560858792195,0.7041560858792195
WORMS,2026-06-30 10:15:00+00:00,76.0,74.8882837638998,3,1.111716236100193,1.111716236100193
DUISBURG-MEIDERICH SCHLEUSE OW,2026-06-30 10:16:00+00:00,24.99,29.82930044096324,3,-4.8393004409632425,4.8393004409632425
DUISBURG-MEIDERICH SCHLEUSE UW,2026-06-30 10:16:00+00:00,18.22,24.185937988536732,3,-5.965937988536734,5.965937988536734
DUISBURG-MEIDERICH SCHLEUSE OW,2026-06-30 10:17:00+00:00,24.99,29.82930044096324,3,-4.8393004409632425,4.8393004409632425
DUISBURG-MEIDERICH SCHLEUSE UW,2026-06-30 10:17:00+00:00,18.22,24.185937988536732,3,-5.965937988536734,5.965937988536734
DUISBURG-MEIDERICH SCHLEUSE OW,2026-06-30 10:18:00+00:00,24.99,29.82930044096324,3,-4.8393004409632425,4.8393004409632425
DUISBURG-MEIDERICH SCHLEUSE UW,2026-06-30 10:18:00+00:00,18.22,24.185937988536732,3,-5.965937988536734,5.965937988536734
DUISBURG-MEIDERICH SCHLEUSE OW,2026-06-30 10:19:00+00:00,24.98,29.82930044096324,3,-4.8493004409632405,4.8493004409632405
DUISBURG-MEIDERICH SCHLEUSE UW,2026-06-30 10:19:00+00:00,18.22,24.185937988536732,3,-5.965937988536734,5.965937988536734
Basel-Rheinhalle,2026-06-30 10:20:00+00:00,513.0,518.8408506261675,3,-5.84085062616748,5.84085062616748
DUISBURG-MEIDERICH SCHLEUSE OW,2026-06-30 10:20:00+00:00,24.98,29.82930044096324,3,-4.8493004409632405,4.8493004409632405
DUISBURG-MEIDERICH SCHLEUSE UW,2026-06-30 10:20:00+00:00,18.23,24.185937988536732,3,-5.955937988536732,5.955937988536732
LOBITH,2026-06-30 10:20:00+00:00,704.0,703.0736229779238,3,0.9263770220761671,0.9263770220761671
DUISBURG-MEIDERICH SCHLEUSE OW,2026-06-30 10:21:00+00:00,24.98,29.82930044096324,3,-4.8493004409632405,4.8493004409632405
DUISBURG-MEIDERICH SCHLEUSE UW,2026-06-30 10:21:00+00:00,18.23,24.185937988536732,3,-5.955937988536732,5.955937988536732
DUISBURG-MEIDERICH SCHLEUSE OW,2026-06-30 10:22:00+00:00,24.98,29.82930044096324,3,-4.8493004409632405,4.8493004409632405
DUISBURG-MEIDERICH SCHLEUSE UW,2026-06-30 10:22:00+00:00,18.23,24.185937988536732,3,-5.955937988536732,5.955937988536732
DUISBURG-MEIDERICH SCHLEUSE OW,2026-06-30 10:23:00+00:00,24.98,29.82930044096324,3,-4.8493004409632405,4.8493004409632405
DUISBURG-MEIDERICH SCHLEUSE UW,2026-06-30 10:23:00+00:00,18.23,24.185937988536732,3,-5.955937988536732,5.955937988536732
DUISBURG-MEIDERICH SCHLEUSE OW,2026-06-30 10:24:00+00:00,24.98,29.82930044096324,3,-4.8493004409632405,4.8493004409632405
DUISBURG-MEIDERICH SCHLEUSE UW,2026-06-30 10:24:00+00:00,18.23,24.185937988536732,3,-5.955937988536732,5.955937988536732
Basel-Rheinhalle,2026-06-30 10:25:00+00:00,513.0,518.6896370467156,3,-5.689637046715575,5.689637046715575
DUISBURG-MEIDERICH SCHLEUSE OW,2026-06-30 10:25:00+00:00,24.98,29.82930044096324,3,-4.8493004409632405,4.8493004409632405
DUISBURG-MEIDERICH SCHLEUSE UW,2026-06-30 10:25:00+00:00,18.23,24.185937988536732,3,-5.955937988536732,5.955937988536732
DUISBURG-MEIDERICH SCHLEUSE OW,2026-06-30 10:26:00+00:00,24.98,29.82930044096324,3,-4.8493004409632405,4.8493004409632405
DUISBURG-MEIDERICH SCHLEUSE UW,2026-06-30 10:26:00+00:00,18.23,24.138454936122056,3,-5.908454936122055,5.908454936122055
DUISBURG-MEIDERICH SCHLEUSE OW,2026-06-30 10:27:00+00:00,24.98,29.82930044096324,3,-4.8493004409632405,4.8493004409632405
DUISBURG-MEIDERICH SCHLEUSE UW,2026-06-30 10:27:00+00:00,18.23,24.185937988536732,3,-5.955937988536732,5.955937988536732
DUISBURG-MEIDERICH SCHLEUSE OW,2026-06-30 10:28:00+00:00,24.98,29.82930044096324,3,-4.8493004409632405,4.8493004409632405
DUISBURG-MEIDERICH SCHLEUSE UW,2026-06-30 10:28:00+00:00,18.23,24.185937988536732,3,-5.955937988536732,5.955937988536732
DUISBURG-MEIDERICH SCHLEUSE OW,2026-06-30 10:29:00+00:00,24.98,29.88850806042074,3,-4.90850806042074,4.90850806042074
DUISBURG-MEIDERICH SCHLEUSE UW,2026-06-30 10:29:00+00:00,18.23,24.102569420258323,3,-5.872569420258323,5.872569420258323
BINGEN,2026-06-30 10:30:00+00:00,104.0,106.5528365180251,3,-2.552836518025103,2.552836518025103
BONN,2026-06-30 10:30:00+00:00,137.0,139.92201448982004,3,-2.922014489820043,2.922014489820043
BREISACH,2026-06-30 10:30:00+00:00,196.0,187.90053994651862,3,8.09946005348138,8.09946005348138
Basel-Rheinhalle,2026-06-30 10:30:00+00:00,513.0,518.9444359461247,3,-5.944435946124713,5.944435946124713
DUISBURG-MEIDERICH SCHLEUSE OW,2026-06-30 10:30:00+00:00,24.98,29.933642563374185,3,-4.953642563374185,4.953642563374185
DUISBURG-MEIDERICH SCHLEUSE UW,2026-06-30 10:30:00+00:00,18.23,24.102569420258323,3,-5.872569420258323,5.872569420258323
DUISBURG-RUHRORT,2026-06-30 10:30:00+00:00,217.0,218.52221569961569,3,-1.5222156996156855,1.5222156996156855
DÜSSELDORF,2026-06-30 10:30:00+00:00,88.0,83.83387274064148,3,4.166127259358518,4.166127259358518
EMMERICH,2026-06-30 10:30:00+00:00,53.0,53.28239148412573,3,-0.282391484125732,0.282391484125732
IFFEZHEIM,2026-06-30 10:30:00+00:00,136.0,141.54298678427097,3,-5.5429867842709655,5.5429867842709655
KAUB,2026-06-30 10:30:00+00:00,90.0,92.79747797991628,3,-2.7974779799162803,2.7974779799162803
KOBLENZ,2026-06-30 10:30:00+00:00,92.0,83.87840720968796,3,8.121592790312036,8.121592790312036
KONSTANZ-RHEIN,2026-06-30 10:30:00+00:00,313.0,311.9923739983989,3,1.0076260016011247,1.0076260016011247
Koblenz OP,2026-06-30 10:30:00+00:00,204.0,205.41771555151547,3,-1.417715551515471,1.417715551515471
Koblenz UP,2026-06-30 10:30:00+00:00,72.0,54.33570189851916,3,17.66429810148084,17.66429810148084
KÖLN,2026-06-30 10:30:00+00:00,130.0,134.41839547929882,3,-4.418395479298823,4.418395479298823
LOBITH,2026-06-30 10:30:00+00:00,705.0,702.7447851231955,3,2.25521487680453,2.25521487680453
MAINZ,2026-06-30 10:30:00+00:00,180.0,186.18857175668134,3,-6.188571756681341,6.188571756681341
MANNHEIM,2026-06-30 10:30:00+00:00,167.0,165.2937752580015,3,1.7062247419985113,1.7062247419985113
MAXAU,2026-06-30 10:30:00+00:00,401.0,407.1858236258013,3,-6.185823625801277,6.185823625801277
REES,2026-06-30 10:30:00+00:00,96.0,95.93585021208351,3,0.06414978791649162,0.06414978791649162
RHEINE UNTERSCHLEUSE,2026-06-30 10:30:00+00:00,194.0,182.67705199354182,3,11.322948006458176,11.322948006458176
RHEINWEILER,2026-06-30 10:30:00+00:00,223.0,223.46909589290536,3,-0.4690958929053579,0.4690958929053579
SANKT GOAR,2026-06-30 10:30:00+00:00,182.0,187.0840836909161,3,-5.0840836909160885,5.0840836909160885
SPEYER,2026-06-30 10:30:00+00:00,262.0,261.0880549280143,3,0.9119450719857127,0.9119450719857127
WESEL,2026-06-30 10:30:00+00:00,154.0,153.04637446579966,3,0.9536255342003415,0.9536255342003415
WORMS,2026-06-30 10:30:00+00:00,76.0,74.96802252597428,3,1.031977474025723,1.031977474025723
DUISBURG-MEIDERICH SCHLEUSE OW,2026-06-30 10:31:00+00:00,24.98,29.89293481821702,3,-4.912934818217021,4.912934818217021
DUISBURG-MEIDERICH SCHLEUSE UW,2026-06-30 10:31:00+00:00,18.23,24.102569420258323,3,-5.872569420258323,5.872569420258323
DUISBURG-MEIDERICH SCHLEUSE OW,2026-06-30 10:32:00+00:00,24.98,29.89293481821702,3,-4.912934818217021,4.912934818217021
DUISBURG-MEIDERICH SCHLEUSE UW,2026-06-30 10:32:00+00:00,18.23,24.102569420258323,3,-5.872569420258323,5.872569420258323
DUISBURG-MEIDERICH SCHLEUSE OW,2026-06-30 10:33:00+00:00,24.98,29.89293481821702,3,-4.912934818217021,4.912934818217021
DUISBURG-MEIDERICH SCHLEUSE UW,2026-06-30 10:33:00+00:00,18.23,24.102569420258323,3,-5.872569420258323,5.872569420258323
DUISBURG-MEIDERICH SCHLEUSE OW,2026-06-30 10:34:00+00:00,24.98,29.85704930235329,3,-4.877049302353289,4.877049302353289
DUISBURG-MEIDERICH SCHLEUSE UW,2026-06-30 10:34:00+00:00,18.22,24.150052472673,3,-5.930052472673001,5.930052472673001
Basel-Rheinhalle,2026-06-30 10:35:00+00:00,514.0,518.7496384469715,3,-4.749638446971517,4.749638446971517
DUISBURG-MEIDERICH SCHLEUSE OW,2026-06-30 10:35:00+00:00,24.98,29.88850806042074,3,-4.90850806042074,4.90850806042074
DUISBURG-MEIDERICH SCHLEUSE UW,2026-06-30 10:35:00+00:00,18.23,24.188610612342206,3,-5.958610612342206,5.958610612342206
DUISBURG-MEIDERICH SCHLEUSE OW,2026-06-30 10:36:00+00:00,24.98,29.88850806042074,3,-4.90850806042074,4.90850806042074
DUISBURG-MEIDERICH SCHLEUSE UW,2026-06-30 10:36:00+00:00,18.23,25.734166099021092,3,-7.504166099021091,7.504166099021091
DUISBURG-MEIDERICH SCHLEUSE OW,2026-06-30 10:37:00+00:00,24.98,29.88850806042074,3,-4.90850806042074,4.90850806042074
DUISBURG-MEIDERICH SCHLEUSE UW,2026-06-30 10:37:00+00:00,18.23,25.734166099021092,3,-7.504166099021091,7.504166099021091
DUISBURG-MEIDERICH SCHLEUSE OW,2026-06-30 10:38:00+00:00,24.97,29.88850806042074,3,-4.918508060420741,4.918508060420741
DUISBURG-MEIDERICH SCHLEUSE UW,2026-06-30 10:38:00+00:00,18.23,25.700849795682185,3,-7.470849795682184,7.470849795682184
DUISBURG-MEIDERICH SCHLEUSE OW,2026-06-30 10:39:00+00:00,24.97,29.88850806042074,3,-4.918508060420741,4.918508060420741
DUISBURG-MEIDERICH SCHLEUSE UW,2026-06-30 10:39:00+00:00,18.22,25.734166099021092,3,-7.514166099021093,7.514166099021093
Basel-Rheinhalle,2026-06-30 10:40:00+00:00,515.0,518.6521703880435,3,-3.652170388043487,3.652170388043487
DUISBURG-MEIDERICH SCHLEUSE OW,2026-06-30 10:40:00+00:00,24.97,29.88850806042074,3,-4.918508060420741,4.918508060420741
DUISBURG-MEIDERICH SCHLEUSE UW,2026-06-30 10:40:00+00:00,18.22,25.734166099021092,3,-7.514166099021093,7.514166099021093
LOBITH,2026-06-30 10:40:00+00:00,703.0,702.7358273916017,3,0.2641726083983258,0.2641726083983258
DUISBURG-MEIDERICH SCHLEUSE OW,2026-06-30 10:41:00+00:00,24.97,29.88850806042074,3,-4.918508060420741,4.918508060420741
DUISBURG-MEIDERICH SCHLEUSE UW,2026-06-30 10:41:00+00:00,18.23,25.734166099021092,3,-7.504166099021091,7.504166099021091
DUISBURG-MEIDERICH SCHLEUSE OW,2026-06-30 10:42:00+00:00,24.97,29.88850806042074,3,-4.918508060420741,4.918508060420741
DUISBURG-MEIDERICH SCHLEUSE UW,2026-06-30 10:42:00+00:00,18.23,24.188610612342206,3,-5.958610612342206,5.958610612342206
DUISBURG-MEIDERICH SCHLEUSE OW,2026-06-30 10:43:00+00:00,24.97,29.878344072009156,3,-4.908344072009157,4.908344072009157
DUISBURG-MEIDERICH SCHLEUSE UW,2026-06-30 10:43:00+00:00,18.23,24.188610612342206,3,-5.958610612342206,5.958610612342206
DUISBURG-MEIDERICH SCHLEUSE OW,2026-06-30 10:44:00+00:00,24.97,29.878344072009156,3,-4.908344072009157,4.908344072009157
DUISBURG-MEIDERICH SCHLEUSE UW,2026-06-30 10:44:00+00:00,18.23,24.19117982486703,3,-5.961179824867031,5.961179824867031
BINGEN,2026-06-30 10:45:00+00:00,105.0,106.73460193085285,3,-1.7346019308528469,1.7346019308528469
BONN,2026-06-30 10:45:00+00:00,137.0,140.60475009631782,3,-3.604750096317815,3.604750096317815
BREISACH,2026-06-30 10:45:00+00:00,194.0,187.46329219924672,3,6.536707800753277,6.536707800753277
Basel-Rheinhalle,2026-06-30 10:45:00+00:00,514.0,518.9006234546375,3,-4.900623454637525,4.900623454637525
DUISBURG-MEIDERICH SCHLEUSE OW,2026-06-30 10:45:00+00:00,24.97,29.878344072009156,3,-4.908344072009157,4.908344072009157
DUISBURG-MEIDERICH SCHLEUSE UW,2026-06-30 10:45:00+00:00,18.23,24.19117982486703,3,-5.961179824867031,5.961179824867031
DUISBURG-RUHRORT,2026-06-30 10:45:00+00:00,216.0,218.3878257476223,3,-2.387825747622287,2.387825747622287
DÜSSELDORF,2026-06-30 10:45:00+00:00,86.0,84.1997943042557,3,1.800205695744296,1.800205695744296
EMMERICH,2026-06-30 10:45:00+00:00,53.0,53.51269119016101,3,-0.5126911901610072,0.5126911901610072
IFFEZHEIM,2026-06-30 10:45:00+00:00,137.0,139.45965862531585,3,-2.4596586253158534,2.4596586253158534
KAUB,2026-06-30 10:45:00+00:00,89.0,92.88194701008533,3,-3.8819470100853266,3.8819470100853266
KOBLENZ,2026-06-30 10:45:00+00:00,93.0,83.71315294883361,3,9.28684705116639,9.28684705116639
KONSTANZ-RHEIN,2026-06-30 10:45:00+00:00,313.0,312.13487063721016,3,0.865129362789844,0.865129362789844
Koblenz OP,2026-06-30 10:45:00+00:00,203.0,205.2211505792181,3,-2.22115057921809,2.22115057921809
Koblenz UP,2026-06-30 10:45:00+00:00,72.0,48.592775928080115,3,23.407224071919885,23.407224071919885
KÖLN,2026-06-30 10:45:00+00:00,131.0,134.66245971733738,3,-3.6624597173373843,3.6624597173373843
MAINZ,2026-06-30 10:45:00+00:00,180.0,185.9369462036036,3,-5.936946203603611,5.936946203603611
MANNHEIM,2026-06-30 10:45:00+00:00,167.0,164.85431371170733,3,2.1456862882926657,2.1456862882926657
MAXAU,2026-06-30 10:45:00+00:00,401.0,407.33256305688803,3,-6.332563056888034,6.332563056888034
REES,2026-06-30 10:45:00+00:00,96.0,96.12984024256481,3,-0.12984024256481064,0.12984024256481064
RHEINE UNTERSCHLEUSE,2026-06-30 10:45:00+00:00,195.0,181.87839097007395,3,13.121609029926049,13.121609029926049
RHEINWEILER,2026-06-30 10:45:00+00:00,223.0,223.52163335938508,3,-0.5216333593850777,0.5216333593850777
SANKT GOAR,2026-06-30 10:45:00+00:00,181.0,187.3472238838869,3,-6.3472238838868975,6.3472238838868975
SPEYER,2026-06-30 10:45:00+00:00,263.0,260.60712259300306,3,2.392877406996945,2.392877406996945
WESEL,2026-06-30 10:45:00+00:00,155.0,153.6427014971222,3,1.3572985028777964,1.3572985028777964
WORMS,2026-06-30 10:45:00+00:00,77.0,74.52260591063141,3,2.4773940893685875,2.4773940893685875
DUISBURG-MEIDERICH SCHLEUSE OW,2026-06-30 10:46:00+00:00,24.97,29.878344072009156,3,-4.908344072009157,4.908344072009157
DUISBURG-MEIDERICH SCHLEUSE UW,2026-06-30 10:46:00+00:00,18.23,24.19117982486703,3,-5.961179824867031,5.961179824867031
DUISBURG-MEIDERICH SCHLEUSE OW,2026-06-30 10:47:00+00:00,24.97,29.878344072009156,3,-4.908344072009157,4.908344072009157
DUISBURG-MEIDERICH SCHLEUSE UW,2026-06-30 10:47:00+00:00,18.23,24.1552943090033,3,-5.925294309003299,5.925294309003299
DUISBURG-MEIDERICH SCHLEUSE OW,2026-06-30 10:48:00+00:00,24.97,29.842458556145424,3,-4.872458556145425,4.872458556145425
DUISBURG-MEIDERICH SCHLEUSE UW,2026-06-30 10:48:00+00:00,18.23,24.1552943090033,3,-5.925294309003299,5.925294309003299
DUISBURG-MEIDERICH SCHLEUSE OW,2026-06-30 10:49:00+00:00,24.97,29.878344072009156,3,-4.908344072009157,4.908344072009157
DUISBURG-MEIDERICH SCHLEUSE UW,2026-06-30 10:49:00+00:00,18.23,24.1552943090033,3,-5.925294309003299,5.925294309003299
Basel-Rheinhalle,2026-06-30 10:50:00+00:00,514.0,519.2217464102692,3,-5.2217464102692475,5.2217464102692475
DUISBURG-MEIDERICH SCHLEUSE OW,2026-06-30 10:50:00+00:00,24.97,29.878344072009156,3,-4.908344072009157,4.908344072009157
DUISBURG-MEIDERICH SCHLEUSE UW,2026-06-30 10:50:00+00:00,18.22,24.1552943090033,3,-5.9352943090033,5.9352943090033
LOBITH,2026-06-30 10:50:00+00:00,703.0,702.808870415395,3,0.1911295846050507,0.1911295846050507
DUISBURG-MEIDERICH SCHLEUSE OW,2026-06-30 10:51:00+00:00,24.97,29.878344072009156,3,-4.908344072009157,4.908344072009157
DUISBURG-MEIDERICH SCHLEUSE UW,2026-06-30 10:51:00+00:00,18.22,24.19117982486703,3,-5.971179824867033,5.971179824867033
DUISBURG-MEIDERICH SCHLEUSE OW,2026-06-30 10:52:00+00:00,24.96,29.878344072009156,3,-4.918344072009155,4.918344072009155
DUISBURG-MEIDERICH SCHLEUSE UW,2026-06-30 10:52:00+00:00,18.22,24.19117982486703,3,-5.971179824867033,5.971179824867033
DUISBURG-MEIDERICH SCHLEUSE OW,2026-06-30 10:53:00+00:00,24.96,29.878344072009156,3,-4.918344072009155,4.918344072009155
DUISBURG-MEIDERICH SCHLEUSE UW,2026-06-30 10:53:00+00:00,18.22,24.19117982486703,3,-5.971179824867033,5.971179824867033
DUISBURG-MEIDERICH SCHLEUSE OW,2026-06-30 10:54:00+00:00,24.96,29.878344072009156,3,-4.918344072009155,4.918344072009155
DUISBURG-MEIDERICH SCHLEUSE UW,2026-06-30 10:54:00+00:00,18.22,24.19117982486703,3,-5.971179824867033,5.971179824867033
Basel-Rheinhalle,2026-06-30 10:55:00+00:00,517.0,518.7357065031721,3,-1.7357065031720822,1.7357065031720822
DUISBURG-MEIDERICH SCHLEUSE OW,2026-06-30 10:55:00+00:00,24.96,29.878344072009156,3,-4.918344072009155,4.918344072009155
DUISBURG-MEIDERICH SCHLEUSE UW,2026-06-30 10:55:00+00:00,18.22,24.19117982486703,3,-5.971179824867033,5.971179824867033
DUISBURG-MEIDERICH SCHLEUSE OW,2026-06-30 10:56:00+00:00,24.96,29.878344072009156,3,-4.918344072009155,4.918344072009155
DUISBURG-MEIDERICH SCHLEUSE UW,2026-06-30 10:56:00+00:00,18.22,24.19117982486703,3,-5.971179824867033,5.971179824867033
DUISBURG-MEIDERICH SCHLEUSE OW,2026-06-30 10:57:00+00:00,24.96,29.878344072009156,3,-4.918344072009155,4.918344072009155
DUISBURG-MEIDERICH SCHLEUSE UW,2026-06-30 10:57:00+00:00,18.22,24.19117982486703,3,-5.971179824867033,5.971179824867033
DUISBURG-MEIDERICH SCHLEUSE OW,2026-06-30 10:58:00+00:00,24.96,29.878344072009156,3,-4.918344072009155,4.918344072009155
DUISBURG-MEIDERICH SCHLEUSE UW,2026-06-30 10:58:00+00:00,18.22,24.188610612342206,3,-5.968610612342207,5.968610612342207
DUISBURG-MEIDERICH SCHLEUSE OW,2026-06-30 10:59:00+00:00,24.96,29.878344072009156,3,-4.918344072009155,4.918344072009155
DUISBURG-MEIDERICH SCHLEUSE UW,2026-06-30 10:59:00+00:00,18.22,24.19117982486703,3,-5.971179824867033,5.971179824867033
BINGEN,2026-06-30 11:00:00+00:00,105.0,106.81085939630258,3,-1.8108593963025754,1.8108593963025754
BONN,2026-06-30 11:00:00+00:00,137.0,140.75417780091584,3,-3.7541778009158406,3.7541778009158406
BREISACH,2026-06-30 11:00:00+00:00,193.0,188.3372562055149,3,4.662743794485095,4.662743794485095
Basel-Rheinhalle,2026-06-30 11:00:00+00:00,514.0,518.9945507466958,3,-4.994550746695836,4.994550746695836
DUISBURG-MEIDERICH SCHLEUSE OW,2026-06-30 11:00:00+00:00,24.96,29.85223477323515,3,-4.892234773235149,4.892234773235149
DUISBURG-MEIDERICH SCHLEUSE UW,2026-06-30 11:00:00+00:00,18.22,24.169497283889307,3,-5.949497283889308,5.949497283889308
DUISBURG-RUHRORT,2026-06-30 11:00:00+00:00,217.0,219.31973708114774,3,-2.3197370811477356,2.3197370811477356
DÜSSELDORF,2026-06-30 11:00:00+00:00,87.0,83.89178538654947,3,3.108214613450528,3.108214613450528
EMMERICH,2026-06-30 11:00:00+00:00,53.0,53.80937581319981,3,-0.8093758131998072,0.8093758131998072
IFFEZHEIM,2026-06-30 11:00:00+00:00,135.0,143.71872452125305,3,-8.718724521253051,8.718724521253051
KAUB,2026-06-30 11:00:00+00:00,89.0,98.00898234753241,3,-9.00898234753241,9.00898234753241
KOBLENZ,2026-06-30 11:00:00+00:00,94.0,83.8546188720444,3,10.145381127955602,10.145381127955602
KONSTANZ-RHEIN,2026-06-30 11:00:00+00:00,314.0,312.2620763838689,3,1.737923616131127,1.737923616131127
Koblenz OP,2026-06-30 11:00:00+00:00,204.0,203.88609382253784,3,0.11390617746215526,0.11390617746215526
Koblenz UP,2026-06-30 11:00:00+00:00,74.0,48.238838280840696,3,25.761161719159304,25.761161719159304
KÖLN,2026-06-30 11:00:00+00:00,131.0,135.48929828326914,3,-4.489298283269136,4.489298283269136
LOBITH,2026-06-30 11:00:00+00:00,703.0,703.1321895857276,3,-0.13218958572758766,0.13218958572758766
MAINZ,2026-06-30 11:00:00+00:00,180.0,186.6689039522404,3,-6.668903952240413,6.668903952240413
MANNHEIM,2026-06-30 11:00:00+00:00,167.0,161.786369428371,3,5.213630571629011,5.213630571629011
MAXAU,2026-06-30 11:00:00+00:00,401.0,407.69624157850683,3,-6.696241578506829,6.696241578506829
REES,2026-06-30 11:00:00+00:00,97.0,95.73849895093393,3,1.2615010490660694,1.2615010490660694
RHEINE UNTERSCHLEUSE,2026-06-30 11:00:00+00:00,195.0,183.97385011479753,3,11.026149885202472,11.026149885202472
RHEINWEILER,2026-06-30 11:00:00+00:00,223.0,223.79228759193322,3,-0.7922875919332171,0.7922875919332171
SANKT GOAR,2026-06-30 11:00:00+00:00,181.0,186.89765077236666,3,-5.89765077236666,5.89765077236666
SPEYER,2026-06-30 11:00:00+00:00,261.0,260.8153192982822,3,0.18468070171780937,0.18468070171780937
WESEL,2026-06-30 11:00:00+00:00,154.0,152.49043212270865,3,1.509567877291346,1.509567877291346
WORMS,2026-06-30 11:00:00+00:00,76.0,74.61188094232038,3,1.3881190576796172,1.3881190576796172
DUISBURG-MEIDERICH SCHLEUSE OW,2026-06-30 11:01:00+00:00,24.96,29.63427983397061,3,-4.674279833970608,4.674279833970608
DUISBURG-MEIDERICH SCHLEUSE UW,2026-06-30 11:01:00+00:00,18.22,23.951542344624766,3,-5.731542344624767,5.731542344624767
DUISBURG-MEIDERICH SCHLEUSE OW,2026-06-30 11:02:00+00:00,24.95,29.66268886034675,3,-4.712688860346752,4.712688860346752
DUISBURG-MEIDERICH SCHLEUSE UW,2026-06-30 11:02:00+00:00,18.22,23.979951371000908,3,-5.759951371000909,5.759951371000909
DUISBURG-MEIDERICH SCHLEUSE OW,2026-06-30 11:03:00+00:00,24.95,29.91117985618158,3,-4.96117985618158,4.96117985618158
DUISBURG-MEIDERICH SCHLEUSE UW,2026-06-30 11:03:00+00:00,18.22,24.22144639651463,3,-6.0014463965146305,6.0014463965146305
DUISBURG-MEIDERICH SCHLEUSE OW,2026-06-30 11:04:00+00:00,24.95,29.91117985618158,3,-4.96117985618158,4.96117985618158
DUISBURG-MEIDERICH SCHLEUSE UW,2026-06-30 11:04:00+00:00,18.22,24.22144639651463,3,-6.0014463965146305,6.0014463965146305
Basel-Rheinhalle,2026-06-30 11:05:00+00:00,514.0,519.4483816757255,3,-5.4483816757255,5.4483816757255
DUISBURG-MEIDERICH SCHLEUSE OW,2026-06-30 11:05:00+00:00,24.95,29.91117985618158,3,-4.96117985618158,4.96117985618158
DUISBURG-MEIDERICH SCHLEUSE UW,2026-06-30 11:05:00+00:00,18.22,24.224015609039455,3,-6.004015609039456,6.004015609039456
DUISBURG-MEIDERICH SCHLEUSE OW,2026-06-30 11:06:00+00:00,24.95,29.910950097506518,3,-4.960950097506519,4.960950097506519
DUISBURG-MEIDERICH SCHLEUSE UW,2026-06-30 11:06:00+00:00,18.22,24.223785850364393,3,-6.003785850364395,6.003785850364395
DUISBURG-MEIDERICH SCHLEUSE OW,2026-06-30 11:07:00+00:00,24.95,29.875064581642786,3,-4.925064581642786,4.925064581642786
DUISBURG-MEIDERICH SCHLEUSE UW,2026-06-30 11:07:00+00:00,18.22,24.223785850364393,3,-6.003785850364395,6.003785850364395
DUISBURG-MEIDERICH SCHLEUSE OW,2026-06-30 11:08:00+00:00,24.95,29.906523339710237,3,-4.9565233397102375,4.9565233397102375
DUISBURG-MEIDERICH SCHLEUSE UW,2026-06-30 11:08:00+00:00,18.22,24.223785850364393,3,-6.003785850364395,6.003785850364395
DUISBURG-MEIDERICH SCHLEUSE OW,2026-06-30 11:09:00+00:00,24.95,29.906523339710237,3,-4.9565233397102375,4.9565233397102375
DUISBURG-MEIDERICH SCHLEUSE UW,2026-06-30 11:09:00+00:00,18.22,24.223785850364393,3,-6.003785850364395,6.003785850364395
Basel-Rheinhalle,2026-06-30 11:10:00+00:00,512.0,519.2568877986758,3,-7.256887798675848,7.256887798675848
DUISBURG-MEIDERICH SCHLEUSE OW,2026-06-30 11:10:00+00:00,24.95,29.906523339710237,3,-4.9565233397102375,4.9565233397102375
DUISBURG-MEIDERICH SCHLEUSE UW,2026-06-30 11:10:00+00:00,18.22,24.223785850364393,3,-6.003785850364395,6.003785850364395
LOBITH,2026-06-30 11:10:00+00:00,703.0,703.0793627239358,3,-0.07936272393578747,0.07936272393578747
DUISBURG-MEIDERICH SCHLEUSE OW,2026-06-30 11:11:00+00:00,24.95,29.906523339710237,3,-4.9565233397102375,4.9565233397102375
DUISBURG-MEIDERICH SCHLEUSE UW,2026-06-30 11:11:00+00:00,18.22,24.219359092568112,3,-5.999359092568113,5.999359092568113
DUISBURG-MEIDERICH SCHLEUSE OW,2026-06-30 11:12:00+00:00,24.95,29.9067530983853,3,-4.956753098385299,4.956753098385299
DUISBURG-MEIDERICH SCHLEUSE UW,2026-06-30 11:12:00+00:00,18.22,24.219588851243174,3,-5.999588851243175,5.999588851243175
DUISBURG-MEIDERICH SCHLEUSE OW,2026-06-30 11:13:00+00:00,24.95,29.9067530983853,3,-4.956753098385299,4.956753098385299
DUISBURG-MEIDERICH SCHLEUSE UW,2026-06-30 11:13:00+00:00,18.22,24.219588851243174,3,-5.999588851243175,5.999588851243175
DUISBURG-MEIDERICH SCHLEUSE OW,2026-06-30 11:14:00+00:00,24.95,29.9067530983853,3,-4.956753098385299,4.956753098385299
DUISBURG-MEIDERICH SCHLEUSE UW,2026-06-30 11:14:00+00:00,18.22,24.217019638718348,3,-5.997019638718349,5.997019638718349
BINGEN,2026-06-30 11:15:00+00:00,105.0,106.65199925056635,3,-1.651999250566348,1.651999250566348
BONN,2026-06-30 11:15:00+00:00,137.0,140.43437674762123,3,-3.4343767476212292,3.4343767476212292
BREISACH,2026-06-30 11:15:00+00:00,196.0,188.00573502173776,3,7.994264978262237,7.994264978262237
Basel-Rheinhalle,2026-06-30 11:15:00+00:00,511.0,519.608888283123,3,-8.608888283122951,8.608888283122951
DUISBURG-MEIDERICH SCHLEUSE OW,2026-06-30 11:15:00+00:00,24.95,29.9067530983853,3,-4.956753098385299,4.956753098385299
DUISBURG-MEIDERICH SCHLEUSE UW,2026-06-30 11:15:00+00:00,18.22,24.22144639651463,3,-6.0014463965146305,6.0014463965146305
DUISBURG-RUHRORT,2026-06-30 11:15:00+00:00,217.0,219.2134421378192,3,-2.213442137819186,2.213442137819186
DÜSSELDORF,2026-06-30 11:15:00+00:00,87.0,82.99968206588757,3,4.000317934112431,4.000317934112431
EMMERICH,2026-06-30 11:15:00+00:00,54.0,53.033610916446236,3,0.9663890835537643,0.9663890835537643
IFFEZHEIM,2026-06-30 11:15:00+00:00,133.0,143.08311776803302,3,-10.08311776803302,10.08311776803302
KAUB,2026-06-30 11:15:00+00:00,90.0,93.06245744842263,3,-3.0624574484226343,3.0624574484226343
KOBLENZ,2026-06-30 11:15:00+00:00,94.0,81.34687843888752,3,12.653121561112485,12.653121561112485
KONSTANZ-RHEIN,2026-06-30 11:15:00+00:00,313.0,312.1310820454717,3,0.8689179545282855,0.8689179545282855
Koblenz OP,2026-06-30 11:15:00+00:00,203.0,203.28213822865848,3,-0.28213822865848215,0.28213822865848215
Koblenz UP,2026-06-30 11:15:00+00:00,73.0,47.84158093560049,3,25.15841906439951,25.15841906439951
KÖLN,2026-06-30 11:15:00+00:00,131.0,132.5754301899573,4,-1.5754301899573022,1.5754301899573022
MAINZ,2026-06-30 11:15:00+00:00,180.0,183.5131817061033,4,-3.513181706103296,3.513181706103296
MANNHEIM,2026-06-30 11:15:00+00:00,168.0,165.65911958888836,4,2.340880411111641,2.340880411111641
MAXAU,2026-06-30 11:15:00+00:00,401.0,400.8918353109937,4,0.10816468900628706,0.10816468900628706
REES,2026-06-30 11:15:00+00:00,98.0,95.73241034825051,4,2.267589651749489,2.267589651749489
RHEINE UNTERSCHLEUSE,2026-06-30 11:15:00+00:00,195.0,194.9551301470611,4,0.04486985293888779,0.04486985293888779
RHEINWEILER,2026-06-30 11:15:00+00:00,224.0,222.93115158608745,4,1.0688484139125478,1.0688484139125478
SANKT GOAR,2026-06-30 11:15:00+00:00,181.0,179.14160063759098,4,1.858399362409017,1.858399362409017
SPEYER,2026-06-30 11:15:00+00:00,262.0,261.47363400340913,4,0.5263659965908687,0.5263659965908687
WESEL,2026-06-30 11:15:00+00:00,156.0,153.27772082946282,4,2.7222791705371776,2.7222791705371776
WORMS,2026-06-30 11:15:00+00:00,77.0,75.53585013254653,4,1.4641498674534716,1.4641498674534716
DUISBURG-MEIDERICH SCHLEUSE OW,2026-06-30 11:16:00+00:00,24.95,25.035582089808184,4,-0.08558208980818449,0.08558208980818449
DUISBURG-MEIDERICH SCHLEUSE UW,2026-06-30 11:16:00+00:00,18.22,18.329741965304155,4,-0.10974196530415625,0.10974196530415625
DUISBURG-MEIDERICH SCHLEUSE OW,2026-06-30 11:17:00+00:00,24.95,25.042010072188592,4,-0.09201007218859303,0.09201007218859303
DUISBURG-MEIDERICH SCHLEUSE UW,2026-06-30 11:17:00+00:00,18.22,18.329741965304155,4,-0.10974196530415625,0.10974196530415625
DUISBURG-MEIDERICH SCHLEUSE OW,2026-06-30 11:18:00+00:00,24.95,25.037527898845575,4,-0.08752789884557544,0.08752789884557544
DUISBURG-MEIDERICH SCHLEUSE UW,2026-06-30 11:18:00+00:00,18.23,18.329741965304155,4,-0.09974196530415469,0.09974196530415469
DUISBURG-MEIDERICH SCHLEUSE OW,2026-06-30 11:19:00+00:00,24.95,25.0298297483171,4,-0.0798297483170991,0.0798297483170991
DUISBURG-MEIDERICH SCHLEUSE UW,2026-06-30 11:19:00+00:00,18.23,18.329741965304155,4,-0.09974196530415469,0.09974196530415469
Basel-Rheinhalle,2026-06-30 11:20:00+00:00,514.0,514.7246715794554,4,-0.7246715794553893,0.7246715794553893
DUISBURG-MEIDERICH SCHLEUSE OW,2026-06-30 11:20:00+00:00,24.95,25.0298297483171,4,-0.0798297483170991,0.0798297483170991
DUISBURG-MEIDERICH SCHLEUSE UW,2026-06-30 11:20:00+00:00,18.23,18.323313982923747,4,-0.09331398292374615,0.09331398292374615
LOBITH,2026-06-30 11:20:00+00:00,704.0,703.2950611493743,4,0.7049388506256946,0.7049388506256946
DUISBURG-MEIDERICH SCHLEUSE OW,2026-06-30 11:21:00+00:00,24.94,25.0298297483171,4,-0.08982974831709711,0.08982974831709711
DUISBURG-MEIDERICH SCHLEUSE UW,2026-06-30 11:21:00+00:00,18.23,18.323313982923747,4,-0.09331398292374615,0.09331398292374615
DUISBURG-MEIDERICH SCHLEUSE OW,2026-06-30 11:22:00+00:00,24.94,25.027883939279707,4,-0.08788393927970617,0.08788393927970617
DUISBURG-MEIDERICH SCHLEUSE UW,2026-06-30 11:22:00+00:00,18.23,18.323313982923747,4,-0.09331398292374615,0.09331398292374615
DUISBURG-MEIDERICH SCHLEUSE OW,2026-06-30 11:23:00+00:00,24.94,25.027883939279707,4,-0.08788393927970617,0.08788393927970617
DUISBURG-MEIDERICH SCHLEUSE UW,2026-06-30 11:23:00+00:00,18.23,18.323313982923747,4,-0.09331398292374615,0.09331398292374615
DUISBURG-MEIDERICH SCHLEUSE OW,2026-06-30 11:24:00+00:00,24.94,25.027883939279707,4,-0.08788393927970617,0.08788393927970617
DUISBURG-MEIDERICH SCHLEUSE UW,2026-06-30 11:24:00+00:00,18.23,18.323313982923747,4,-0.09331398292374615,0.09331398292374615
Basel-Rheinhalle,2026-06-30 11:25:00+00:00,513.0,515.1785102863006,4,-2.178510286300593,2.178510286300593
DUISBURG-MEIDERICH SCHLEUSE OW,2026-06-30 11:25:00+00:00,24.94,25.027883939279707,4,-0.08788393927970617,0.08788393927970617
DUISBURG-MEIDERICH SCHLEUSE UW,2026-06-30 11:25:00+00:00,18.23,18.323313982923747,4,-0.09331398292374615,0.09331398292374615
DUISBURG-MEIDERICH SCHLEUSE OW,2026-06-30 11:26:00+00:00,24.94,25.027883939279707,4,-0.08788393927970617,0.08788393927970617
DUISBURG-MEIDERICH SCHLEUSE UW,2026-06-30 11:26:00+00:00,18.23,18.323313982923747,4,-0.09331398292374615,0.09331398292374615
DUISBURG-MEIDERICH SCHLEUSE OW,2026-06-30 11:27:00+00:00,24.94,25.0298297483171,4,-0.08982974831709711,0.08982974831709711
DUISBURG-MEIDERICH SCHLEUSE UW,2026-06-30 11:27:00+00:00,18.23,18.323313982923747,4,-0.09331398292374615,0.09331398292374615
DUISBURG-MEIDERICH SCHLEUSE OW,2026-06-30 11:28:00+00:00,24.94,25.0298297483171,4,-0.08982974831709711,0.08982974831709711
DUISBURG-MEIDERICH SCHLEUSE UW,2026-06-30 11:28:00+00:00,18.23,18.323313982923747,4,-0.09331398292374615,0.09331398292374615
DUISBURG-MEIDERICH SCHLEUSE OW,2026-06-30 11:29:00+00:00,24.94,25.02607189803437,4,-0.0860718980343691,0.0860718980343691
DUISBURG-MEIDERICH SCHLEUSE UW,2026-06-30 11:29:00+00:00,18.23,18.323313982923747,4,-0.09331398292374615,0.09331398292374615
BINGEN,2026-06-30 11:30:00+00:00,104.0,105.33252579414918,4,-1.332525794149177,1.332525794149177
BONN,2026-06-30 11:30:00+00:00,138.0,136.2444349586856,4,1.7555650413144122,1.7555650413144122
BREISACH,2026-06-30 11:30:00+00:00,195.0,194.09420434342715,4,0.9057956565728489,0.9057956565728489
Basel-Rheinhalle,2026-06-30 11:30:00+00:00,513.0,515.0991062311207,4,-2.099106231120686,2.099106231120686
DUISBURG-MEIDERICH SCHLEUSE OW,2026-06-30 11:30:00+00:00,24.94,25.02607189803437,4,-0.0860718980343691,0.0860718980343691
DUISBURG-MEIDERICH SCHLEUSE UW,2026-06-30 11:30:00+00:00,18.23,18.323313982923747,4,-0.09331398292374615,0.09331398292374615
DUISBURG-RUHRORT,2026-06-30 11:30:00+00:00,217.0,217.44799328772666,4,-0.4479932877266606,0.4479932877266606
DÜSSELDORF,2026-06-30 11:30:00+00:00,88.0,86.93309989840232,4,1.0669001015976818,1.0669001015976818
EMMERICH,2026-06-30 11:30:00+00:00,54.0,58.20929603835986,4,-4.209296038359859,4.209296038359859
IFFEZHEIM,2026-06-30 11:30:00+00:00,136.0,135.1772496257817,4,0.8227503742182876,0.8227503742182876
KAUB,2026-06-30 11:30:00+00:00,90.0,90.00732434417054,4,-0.007324344170541508,0.007324344170541508
KOBLENZ,2026-06-30 11:30:00+00:00,95.0,89.75963789855037,4,5.240362101449634,5.240362101449634
KONSTANZ-RHEIN,2026-06-30 11:30:00+00:00,314.0,312.5646773365687,4,1.4353226634312932,1.4353226634312932
Koblenz OP,2026-06-30 11:30:00+00:00,203.0,201.73272513400082,4,1.267274865999184,1.267274865999184
Koblenz UP,2026-06-30 11:30:00+00:00,73.0,69.0306463707441,4,3.969353629255906,3.969353629255906
KÖLN,2026-06-30 11:30:00+00:00,130.0,131.7471392415646,4,-1.7471392415646108,1.7471392415646108
LOBITH,2026-06-30 11:30:00+00:00,703.0,703.5703395685368,4,-0.5703395685368378,0.5703395685368378
MAINZ,2026-06-30 11:30:00+00:00,179.0,184.2575140558682,4,-5.257514055868199,5.257514055868199
MANNHEIM,2026-06-30 11:30:00+00:00,169.0,165.79210428047014,4,3.2078957195298585,3.2078957195298585
MAXAU,2026-06-30 11:30:00+00:00,400.0,400.8307843289318,4,-0.8307843289318271,0.8307843289318271
REES,2026-06-30 11:30:00+00:00,97.0,95.7162188505292,4,1.2837811494707978,1.2837811494707978
RHEINE UNTERSCHLEUSE,2026-06-30 11:30:00+00:00,195.0,193.5357096509237,4,1.4642903490762933,1.4642903490762933
RHEINWEILER,2026-06-30 11:30:00+00:00,223.0,221.61154045663616,4,1.3884595433638367,1.3884595433638367
SANKT GOAR,2026-06-30 11:30:00+00:00,181.0,188.32301430667053,4,-7.3230143066705295,7.3230143066705295
SPEYER,2026-06-30 11:30:00+00:00,262.0,261.5223287993696,4,0.4776712006304251,0.4776712006304251
WESEL,2026-06-30 11:30:00+00:00,154.0,153.585334845154,4,0.41466515484600563,0.41466515484600563
WORMS,2026-06-30 11:30:00+00:00,76.0,75.45247216296825,4,0.5475278370317511,0.5475278370317511
DUISBURG-MEIDERICH SCHLEUSE OW,2026-06-30 11:31:00+00:00,24.94,25.02607189803437,4,-0.0860718980343691,0.0860718980343691
DUISBURG-MEIDERICH SCHLEUSE UW,2026-06-30 11:31:00+00:00,18.23,18.323313982923747,4,-0.09331398292374615,0.09331398292374615
DUISBURG-MEIDERICH SCHLEUSE OW,2026-06-30 11:32:00+00:00,24.94,25.02412608899698,4,-0.08412608899697815,0.08412608899697815
DUISBURG-MEIDERICH SCHLEUSE UW,2026-06-30 11:32:00+00:00,18.23,18.323313982923747,4,-0.09331398292374615,0.09331398292374615
DUISBURG-MEIDERICH SCHLEUSE OW,2026-06-30 11:33:00+00:00,24.94,25.02412608899698,4,-0.08412608899697815,0.08412608899697815
DUISBURG-MEIDERICH SCHLEUSE UW,2026-06-30 11:33:00+00:00,18.23,18.323313982923747,4,-0.09331398292374615,0.09331398292374615
DUISBURG-MEIDERICH SCHLEUSE OW,2026-06-30 11:34:00+00:00,24.94,25.02412608899698,4,-0.08412608899697815,0.08412608899697815
DUISBURG-MEIDERICH SCHLEUSE UW,2026-06-30 11:34:00+00:00,18.23,18.323313982923747,4,-0.09331398292374615,0.09331398292374615
Basel-Rheinhalle,2026-06-30 11:35:00+00:00,516.0,515.4834576223236,4,0.5165423776763873,0.5165423776763873
DUISBURG-MEIDERICH SCHLEUSE OW,2026-06-30 11:35:00+00:00,24.94,25.02412608899698,4,-0.08412608899697815,0.08412608899697815
DUISBURG-MEIDERICH SCHLEUSE UW,2026-06-30 11:35:00+00:00,18.23,18.323313982923747,4,-0.09331398292374615,0.09331398292374615
DUISBURG-MEIDERICH SCHLEUSE OW,2026-06-30 11:36:00+00:00,24.94,25.02412608899698,4,-0.08412608899697815,0.08412608899697815
DUISBURG-MEIDERICH SCHLEUSE UW,2026-06-30 11:36:00+00:00,18.23,18.323313982923747,4,-0.09331398292374615,0.09331398292374615
DUISBURG-MEIDERICH SCHLEUSE OW,2026-06-30 11:37:00+00:00,24.93,25.02412608899698,4,-0.09412608899697972,0.09412608899697972
DUISBURG-MEIDERICH SCHLEUSE UW,2026-06-30 11:37:00+00:00,18.23,18.325259791961138,4,-0.0952597919611371,0.0952597919611371
DUISBURG-MEIDERICH SCHLEUSE OW,2026-06-30 11:38:00+00:00,24.93,25.02412608899698,4,-0.09412608899697972,0.09412608899697972
DUISBURG-MEIDERICH SCHLEUSE UW,2026-06-30 11:38:00+00:00,18.23,18.325259791961138,4,-0.0952597919611371,0.0952597919611371
DUISBURG-MEIDERICH SCHLEUSE OW,2026-06-30 11:39:00+00:00,24.93,25.02412608899698,4,-0.09412608899697972,0.09412608899697972
DUISBURG-MEIDERICH SCHLEUSE UW,2026-06-30 11:39:00+00:00,18.23,18.325259791961138,4,-0.0952597919611371,0.0952597919611371
Basel-Rheinhalle,2026-06-30 11:40:00+00:00,515.0,515.3153162886659,4,-0.3153162886659402,0.3153162886659402
DUISBURG-MEIDERICH SCHLEUSE OW,2026-06-30 11:40:00+00:00,24.93,25.02412608899698,4,-0.09412608899697972,0.09412608899697972
DUISBURG-MEIDERICH SCHLEUSE UW,2026-06-30 11:40:00+00:00,18.23,18.325259791961138,4,-0.0952597919611371,0.0952597919611371
LOBITH,2026-06-30 11:40:00+00:00,704.0,703.5437302557626,4,0.45626974423737465,0.45626974423737465
DUISBURG-MEIDERICH SCHLEUSE OW,2026-06-30 11:41:00+00:00,24.93,25.02412608899698,4,-0.09412608899697972,0.09412608899697972
DUISBURG-MEIDERICH SCHLEUSE UW,2026-06-30 11:41:00+00:00,18.23,18.325259791961138,4,-0.0952597919611371,0.0952597919611371
DUISBURG-MEIDERICH SCHLEUSE OW,2026-06-30 11:42:00+00:00,24.93,25.02412608899698,4,-0.09412608899697972,0.09412608899697972
DUISBURG-MEIDERICH SCHLEUSE UW,2026-06-30 11:42:00+00:00,18.23,18.326048151620384,4,-0.09604815162038349,0.09604815162038349
DUISBURG-MEIDERICH SCHLEUSE OW,2026-06-30 11:43:00+00:00,24.93,25.02412608899698,4,-0.09412608899697972,0.09412608899697972
DUISBURG-MEIDERICH SCHLEUSE UW,2026-06-30 11:43:00+00:00,18.23,18.341274664943235,4,-0.11127466494323457,0.11127466494323457
DUISBURG-MEIDERICH SCHLEUSE OW,2026-06-30 11:44:00+00:00,24.93,25.02412608899698,4,-0.09412608899697972,0.09412608899697972
DUISBURG-MEIDERICH SCHLEUSE UW,2026-06-30 11:44:00+00:00,18.23,18.341274664943235,4,-0.11127466494323457,0.11127466494323457
BINGEN,2026-06-30 11:45:00+00:00,104.0,104.87187939544319,4,-0.8718793954431874,0.8718793954431874
BONN,2026-06-30 11:45:00+00:00,137.0,138.09384449911863,4,-1.0938444991186316,1.0938444991186316
BREISACH,2026-06-30 11:45:00+00:00,193.0,192.70039352804727,4,0.29960647195272827,0.29960647195272827
Basel-Rheinhalle,2026-06-30 11:45:00+00:00,514.0,514.7002695272764,4,-0.7002695272764186,0.7002695272764186
DUISBURG-MEIDERICH SCHLEUSE OW,2026-06-30 11:45:00+00:00,24.93,25.02412608899698,4,-0.09412608899697972,0.09412608899697972
DUISBURG-MEIDERICH SCHLEUSE UW,2026-06-30 11:45:00+00:00,18.23,18.341274664943235,4,-0.11127466494323457,0.11127466494323457
DUISBURG-RUHRORT,2026-06-30 11:45:00+00:00,218.0,217.62689101086917,4,0.37310898913082724,0.37310898913082724
DÜSSELDORF,2026-06-30 11:45:00+00:00,88.0,88.49087547989136,4,-0.4908754798913577,0.4908754798913577
EMMERICH,2026-06-30 11:45:00+00:00,53.0,58.30599324276707,4,-5.305993242767073,5.305993242767073
IFFEZHEIM,2026-06-30 11:45:00+00:00,134.0,136.5799775626697,4,-2.5799775626697112,2.5799775626697112
KAUB,2026-06-30 11:45:00+00:00,89.0,90.09715317845945,4,-1.0971531784594504,1.0971531784594504
KOBLENZ,2026-06-30 11:45:00+00:00,93.0,88.72691838787122,4,4.273081612128777,4.273081612128777
KONSTANZ-RHEIN,2026-06-30 11:45:00+00:00,314.0,312.6955326445868,4,1.3044673554131805,1.3044673554131805
Koblenz OP,2026-06-30 11:45:00+00:00,200.0,202.92944247782873,4,-2.9294424778287294,2.9294424778287294
Koblenz UP,2026-06-30 11:45:00+00:00,74.0,68.95527097922303,4,5.04472902077697,5.04472902077697
KÖLN,2026-06-30 11:45:00+00:00,130.0,131.87410434240036,4,-1.8741043424003578,1.8741043424003578
MAINZ,2026-06-30 11:45:00+00:00,179.0,184.2575140558682,4,-5.257514055868199,5.257514055868199
MANNHEIM,2026-06-30 11:45:00+00:00,169.0,162.42336915198297,4,6.576630848017032,6.576630848017032
MAXAU,2026-06-30 11:45:00+00:00,400.0,402.32435574554273,4,-2.324355745542732,2.324355745542732
REES,2026-06-30 11:45:00+00:00,97.0,95.97246074231676,4,1.0275392576832445,1.0275392576832445
RHEINE UNTERSCHLEUSE,2026-06-30 11:45:00+00:00,195.0,191.23856587068417,4,3.7614341293158304,3.7614341293158304
RHEINWEILER,2026-06-30 11:45:00+00:00,223.0,221.61154045663616,4,1.3884595433638367,1.3884595433638367
SANKT GOAR,2026-06-30 11:45:00+00:00,181.0,188.4756087590351,4,-7.4756087590351115,7.4756087590351115
SPEYER,2026-06-30 11:45:00+00:00,262.0,261.71264995228285,4,0.28735004771715467,0.28735004771715467
WESEL,2026-06-30 11:45:00+00:00,155.0,154.1705113974331,4,0.8294886025668973,0.8294886025668973
WORMS,2026-06-30 11:45:00+00:00,76.0,75.45332165463056,4,0.5466783453694433,0.5466783453694433
DUISBURG-MEIDERICH SCHLEUSE OW,2026-06-30 11:46:00+00:00,24.93,25.030554071377388,4,-0.10055407137738825,0.10055407137738825
DUISBURG-MEIDERICH SCHLEUSE UW,2026-06-30 11:46:00+00:00,18.23,18.341274664943235,4,-0.11127466494323457,0.11127466494323457
DUISBURG-MEIDERICH SCHLEUSE OW,2026-06-30 11:47:00+00:00,24.93,25.030554071377388,4,-0.10055407137738825,0.10055407137738825
DUISBURG-MEIDERICH SCHLEUSE UW,2026-06-30 11:47:00+00:00,18.23,18.332476134000792,4,-0.10247613400079203,0.10247613400079203
DUISBURG-MEIDERICH SCHLEUSE OW,2026-06-30 11:48:00+00:00,24.93,25.027198233256417,4,-0.09719823325641741,0.09719823325641741
DUISBURG-MEIDERICH SCHLEUSE UW,2026-06-30 11:48:00+00:00,18.23,18.326048151620384,4,-0.09604815162038349,0.09604815162038349
DUISBURG-MEIDERICH SCHLEUSE OW,2026-06-30 11:49:00+00:00,24.93,25.03599676419886,4,-0.10599676419885995,0.10599676419885995
DUISBURG-MEIDERICH SCHLEUSE UW,2026-06-30 11:49:00+00:00,18.23,18.326048151620384,4,-0.09604815162038349,0.09604815162038349
Basel-Rheinhalle,2026-06-30 11:50:00+00:00,514.0,515.101970957933,4,-1.1019709579329628,1.1019709579329628
DUISBURG-MEIDERICH SCHLEUSE OW,2026-06-30 11:50:00+00:00,24.93,25.027198233256417,4,-0.09719823325641741,0.09719823325641741
DUISBURG-MEIDERICH SCHLEUSE UW,2026-06-30 11:50:00+00:00,18.23,18.326048151620384,4,-0.09604815162038349,0.09604815162038349
LOBITH,2026-06-30 11:50:00+00:00,704.0,703.5675589652637,4,0.4324410347362573,0.4324410347362573
DUISBURG-MEIDERICH SCHLEUSE OW,2026-06-30 11:51:00+00:00,24.93,25.02077025087601,4,-0.09077025087600887,0.09077025087600887
DUISBURG-MEIDERICH SCHLEUSE UW,2026-06-30 11:51:00+00:00,18.23,18.326048151620384,4,-0.09604815162038349,0.09604815162038349
DUISBURG-MEIDERICH SCHLEUSE OW,2026-06-30 11:52:00+00:00,24.93,25.02077025087601,4,-0.09077025087600887,0.09077025087600887
DUISBURG-MEIDERICH SCHLEUSE UW,2026-06-30 11:52:00+00:00,18.23,18.326048151620384,4,-0.09604815162038349,0.09604815162038349
DUISBURG-MEIDERICH SCHLEUSE OW,2026-06-30 11:53:00+00:00,24.93,25.02077025087601,4,-0.09077025087600887,0.09077025087600887
DUISBURG-MEIDERICH SCHLEUSE UW,2026-06-30 11:53:00+00:00,18.23,18.326048151620384,4,-0.09604815162038349,0.09604815162038349
DUISBURG-MEIDERICH SCHLEUSE OW,2026-06-30 11:54:00+00:00,24.93,25.02077025087601,4,-0.09077025087600887,0.09077025087600887
DUISBURG-MEIDERICH SCHLEUSE UW,2026-06-30 11:54:00+00:00,18.23,18.326048151620384,4,-0.09604815162038349,0.09604815162038349
Basel-Rheinhalle,2026-06-30 11:55:00+00:00,513.0,515.2605525310764,4,-2.260552531076428,2.260552531076428
DUISBURG-MEIDERICH SCHLEUSE OW,2026-06-30 11:55:00+00:00,24.93,25.02077025087601,4,-0.09077025087600887,0.09077025087600887
DUISBURG-MEIDERICH SCHLEUSE UW,2026-06-30 11:55:00+00:00,18.23,18.326048151620384,4,-0.09604815162038349,0.09604815162038349
DUISBURG-MEIDERICH SCHLEUSE OW,2026-06-30 11:56:00+00:00,24.93,25.02077025087601,4,-0.09077025087600887,0.09077025087600887
DUISBURG-MEIDERICH SCHLEUSE UW,2026-06-30 11:56:00+00:00,18.23,18.326048151620384,4,-0.09604815162038349,0.09604815162038349
DUISBURG-MEIDERICH SCHLEUSE OW,2026-06-30 11:57:00+00:00,24.93,25.02077025087601,4,-0.09077025087600887,0.09077025087600887
DUISBURG-MEIDERICH SCHLEUSE UW,2026-06-30 11:57:00+00:00,18.23,18.326048151620384,4,-0.09604815162038349,0.09604815162038349
DUISBURG-MEIDERICH SCHLEUSE OW,2026-06-30 11:58:00+00:00,24.93,25.02077025087601,4,-0.09077025087600887,0.09077025087600887
DUISBURG-MEIDERICH SCHLEUSE UW,2026-06-30 11:58:00+00:00,18.23,18.326048151620384,4,-0.09604815162038349,0.09604815162038349
DUISBURG-MEIDERICH SCHLEUSE OW,2026-06-30 11:59:00+00:00,24.93,25.02077025087601,4,-0.09077025087600887,0.09077025087600887
DUISBURG-MEIDERICH SCHLEUSE UW,2026-06-30 11:59:00+00:00,18.23,18.326048151620384,4,-0.09604815162038349,0.09604815162038349
BINGEN,2026-06-30 12:00:00+00:00,104.0,104.98604551452817,4,-0.9860455145281719,0.9860455145281719
BONN,2026-06-30 12:00:00+00:00,137.0,136.5367566899979,4,0.46324331000209895,0.46324331000209895
BREISACH,2026-06-30 12:00:00+00:00,192.0,193.5832465448984,4,-1.583246544898401,1.583246544898401
Basel-Rheinhalle,2026-06-30 12:00:00+00:00,513.0,515.5755394500156,4,-2.57553945001564,2.57553945001564
DUISBURG-MEIDERICH SCHLEUSE OW,2026-06-30 12:00:00+00:00,24.93,24.807084778810687,4,0.12291522118931297,0.12291522118931297
DUISBURG-MEIDERICH SCHLEUSE UW,2026-06-30 12:00:00+00:00,18.23,18.11598447116906,4,0.11401552883094013,0.11401552883094013
DUISBURG-RUHRORT,2026-06-30 12:00:00+00:00,217.0,216.6478906104595,4,0.3521093895404874,0.3521093895404874
DÜSSELDORF,2026-06-30 12:00:00+00:00,88.0,87.0736053634,4,0.9263946365999942,0.9263946365999942
EMMERICH,2026-06-30 12:00:00+00:00,53.0,57.670212110747585,4,-4.670212110747585,4.670212110747585
IFFEZHEIM,2026-06-30 12:00:00+00:00,133.0,135.32052426124991,4,-2.320524261249915,2.320524261249915
KAUB,2026-06-30 12:00:00+00:00,89.0,89.95943672815207,4,-0.9594367281520704,0.9594367281520704
KOBLENZ,2026-06-30 12:00:00+00:00,93.0,86.92950098069706,4,6.070499019302943,6.070499019302943
KONSTANZ-RHEIN,2026-06-30 12:00:00+00:00,313.0,312.48838478059486,4,0.5116152194051438,0.5116152194051438
Koblenz OP,2026-06-30 12:00:00+00:00,201.0,201.01293941157724,4,-0.01293941157723566,0.01293941157723566
Koblenz UP,2026-06-30 12:00:00+00:00,74.0,64.51750507882262,4,9.482494921177377,9.482494921177377
KÖLN,2026-06-30 12:00:00+00:00,131.0,131.658233316398,4,-0.6582333163979968,0.6582333163979968
LOBITH,2026-06-30 12:00:00+00:00,705.0,703.7141286764988,4,1.2858713235011692,1.2858713235011692
MAINZ,2026-06-30 12:00:00+00:00,180.0,184.04312080164593,4,-4.043120801645927,4.043120801645927
MANNHEIM,2026-06-30 12:00:00+00:00,168.0,161.18730085290454,4,6.812699147095458,6.812699147095458
MAXAU,2026-06-30 12:00:00+00:00,400.0,400.6424785201575,4,-0.6424785201575105,0.6424785201575105
REES,2026-06-30 12:00:00+00:00,97.0,96.66805045452614,4,0.33194954547386146,0.33194954547386146
RHEINE UNTERSCHLEUSE,2026-06-30 12:00:00+00:00,195.0,191.43383942368575,4,3.566160576314246,3.566160576314246
RHEINWEILER,2026-06-30 12:00:00+00:00,224.0,221.61154045663616,4,2.3884595433638367,2.3884595433638367
SANKT GOAR,2026-06-30 12:00:00+00:00,180.0,188.46618047940512,4,-8.466180479405125,8.466180479405125
SPEYER,2026-06-30 12:00:00+00:00,262.0,261.36046159653176,4,0.6395384034682365,0.6395384034682365
WESEL,2026-06-30 12:00:00+00:00,156.0,152.7208085378135,4,3.2791914621865033,3.2791914621865033
WORMS,2026-06-30 12:00:00+00:00,76.0,75.03189632381131,4,0.9681036761886901,0.9681036761886901
DUISBURG-MEIDERICH SCHLEUSE OW,2026-06-30 12:01:00+00:00,24.93,24.807084778810687,4,0.12291522118931297,0.12291522118931297
DUISBURG-MEIDERICH SCHLEUSE UW,2026-06-30 12:01:00+00:00,18.23,18.11598447116906,4,0.11401552883094013,0.11401552883094013
DUISBURG-MEIDERICH SCHLEUSE OW,2026-06-30 12:02:00+00:00,24.93,24.809030587848078,4,0.12096941215192203,0.12096941215192203
DUISBURG-MEIDERICH SCHLEUSE UW,2026-06-30 12:02:00+00:00,18.23,18.11598447116906,4,0.11401552883094013,0.11401552883094013
DUISBURG-MEIDERICH SCHLEUSE OW,2026-06-30 12:03:00+00:00,24.92,25.058768743235206,4,-0.13876874323520383,0.13876874323520383
DUISBURG-MEIDERICH SCHLEUSE UW,2026-06-30 12:03:00+00:00,18.23,18.357618661599172,4,-0.1276186615991719,0.1276186615991719
DUISBURG-MEIDERICH SCHLEUSE OW,2026-06-30 12:04:00+00:00,24.93,25.058768743235206,4,-0.12876874323520582,0.12876874323520582
DUISBURG-MEIDERICH SCHLEUSE UW,2026-06-30 12:04:00+00:00,18.23,18.357618661599172,4,-0.1276186615991719,0.1276186615991719
Basel-Rheinhalle,2026-06-30 12:05:00+00:00,511.0,515.729427542683,4,-4.72942754268297,4.72942754268297
DUISBURG-MEIDERICH SCHLEUSE OW,2026-06-30 12:05:00+00:00,24.93,25.058768743235206,4,-0.12876874323520582,0.12876874323520582
DUISBURG-MEIDERICH SCHLEUSE UW,2026-06-30 12:05:00+00:00,18.23,18.359564470636563,4,-0.12956447063656285,0.12956447063656285
DUISBURG-MEIDERICH SCHLEUSE OW,2026-06-30 12:06:00+00:00,24.93,24.92082981767514,4,0.009170182324858445,0.009170182324858445
DUISBURG-MEIDERICH SCHLEUSE UW,2026-06-30 12:06:00+00:00,18.23,18.2216255450765,4,0.008374454923501418,0.008374454923501418
DUISBURG-MEIDERICH SCHLEUSE OW,2026-06-30 12:07:00+00:00,24.93,24.914401835294733,4,0.015598164705266981,0.015598164705266981
DUISBURG-MEIDERICH SCHLEUSE UW,2026-06-30 12:07:00+00:00,18.23,18.2216255450765,4,0.008374454923501418,0.008374454923501418
DUISBURG-MEIDERICH SCHLEUSE OW,2026-06-30 12:08:00+00:00,24.93,24.914401835294733,4,0.015598164705266981,0.015598164705266981
DUISBURG-MEIDERICH SCHLEUSE UW,2026-06-30 12:08:00+00:00,18.23,18.2216255450765,4,0.008374454923501418,0.008374454923501418
DUISBURG-MEIDERICH SCHLEUSE OW,2026-06-30 12:09:00+00:00,24.93,24.914401835294733,4,0.015598164705266981,0.015598164705266981
DUISBURG-MEIDERICH SCHLEUSE UW,2026-06-30 12:09:00+00:00,18.23,18.2216255450765,4,0.008374454923501418,0.008374454923501418
Basel-Rheinhalle,2026-06-30 12:10:00+00:00,511.0,515.7747568249515,4,-4.77475682495151,4.77475682495151
DUISBURG-MEIDERICH SCHLEUSE OW,2026-06-30 12:10:00+00:00,24.92,24.914401835294733,4,0.005598164705268971,0.005598164705268971
DUISBURG-MEIDERICH SCHLEUSE UW,2026-06-30 12:10:00+00:00,18.23,18.2216255450765,4,0.008374454923501418,0.008374454923501418
LOBITH,2026-06-30 12:10:00+00:00,705.0,703.7831351017527,4,1.2168648982473087,1.2168648982473087
DUISBURG-MEIDERICH SCHLEUSE OW,2026-06-30 12:11:00+00:00,24.92,24.914401835294733,4,0.005598164705268971,0.005598164705268971
DUISBURG-MEIDERICH SCHLEUSE UW,2026-06-30 12:11:00+00:00,18.23,18.2216255450765,4,0.008374454923501418,0.008374454923501418
DUISBURG-MEIDERICH SCHLEUSE OW,2026-06-30 12:12:00+00:00,24.92,24.914401835294733,4,0.005598164705268971,0.005598164705268971
DUISBURG-MEIDERICH SCHLEUSE UW,2026-06-30 12:12:00+00:00,18.23,18.2216255450765,4,0.008374454923501418,0.008374454923501418
DUISBURG-MEIDERICH SCHLEUSE OW,2026-06-30 12:13:00+00:00,24.92,24.914401835294733,4,0.005598164705268971,0.005598164705268971
DUISBURG-MEIDERICH SCHLEUSE UW,2026-06-30 12:13:00+00:00,18.22,18.2216255450765,4,-0.0016255450765001456,0.0016255450765001456
DUISBURG-MEIDERICH SCHLEUSE OW,2026-06-30 12:14:00+00:00,24.92,24.914401835294733,4,0.005598164705268971,0.005598164705268971
DUISBURG-MEIDERICH SCHLEUSE UW,2026-06-30 12:14:00+00:00,18.22,18.2216255450765,4,-0.0016255450765001456,0.0016255450765001456
BINGEN,2026-06-30 12:15:00+00:00,104.0,104.87465241309422,4,-0.8746524130942248,0.8746524130942248
BONN,2026-06-30 12:15:00+00:00,137.0,136.59860994561691,4,0.4013900543830857,0.4013900543830857
BREISACH,2026-06-30 12:15:00+00:00,195.0,193.6447174120729,4,1.3552825879270927,1.3552825879270927
Basel-Rheinhalle,2026-06-30 12:15:00+00:00,512.0,514.1769370059156,4,-2.176937005915647,2.176937005915647
DUISBURG-MEIDERICH SCHLEUSE OW,2026-06-30 12:15:00+00:00,24.92,24.914401835294733,4,0.005598164705268971,0.005598164705268971
DUISBURG-MEIDERICH SCHLEUSE UW,2026-06-30 12:15:00+00:00,18.22,18.2216255450765,4,-0.0016255450765001456,0.0016255450765001456
DUISBURG-RUHRORT,2026-06-30 12:15:00+00:00,217.0,216.66411391551225,4,0.33588608448775403,0.33588608448775403
DÜSSELDORF,2026-06-30 12:15:00+00:00,88.0,88.34831557466758,4,-0.34831557466758056,0.34831557466758056
EMMERICH,2026-06-30 12:15:00+00:00,53.0,58.76615097400927,4,-5.766150974009271,5.766150974009271
IFFEZHEIM,2026-06-30 12:15:00+00:00,135.0,134.54423663225148,4,0.4557633677485171,0.4557633677485171
KAUB,2026-06-30 12:15:00+00:00,89.0,89.9821927176075,4,-0.9821927176075036,0.9821927176075036
KOBLENZ,2026-06-30 12:15:00+00:00,94.0,88.42943564843927,4,5.5705643515607335,5.5705643515607335
KONSTANZ-RHEIN,2026-06-30 12:15:00+00:00,313.0,312.56214154886396,4,0.4378584511360373,0.4378584511360373
Koblenz OP,2026-06-30 12:15:00+00:00,200.0,200.27347817222147,4,-0.2734781722214734,0.2734781722214734
Koblenz UP,2026-06-30 12:15:00+00:00,75.0,60.61566401035202,4,14.38433598964798,14.38433598964798
KÖLN,2026-06-30 12:15:00+00:00,131.0,132.8939059859827,4,-1.8939059859827125,1.8939059859827125
MAINZ,2026-06-30 12:15:00+00:00,179.0,183.69963731248373,4,-4.6996373124837305,4.6996373124837305
MANNHEIM,2026-06-30 12:15:00+00:00,168.0,159.39065275704496,4,8.609347242955039,8.609347242955039
MAXAU,2026-06-30 12:15:00+00:00,399.0,401.0403314264131,4,-2.040331426413104,2.040331426413104
REES,2026-06-30 12:15:00+00:00,97.0,95.54467477626679,4,1.4553252237332117,1.4553252237332117
RHEINE UNTERSCHLEUSE,2026-06-30 12:15:00+00:00,195.0,191.43383942368575,4,3.566160576314246,3.566160576314246
RHEINWEILER,2026-06-30 12:15:00+00:00,223.0,221.61154045663616,4,1.3884595433638367,1.3884595433638367
SANKT GOAR,2026-06-30 12:15:00+00:00,180.0,188.3701118757166,4,-8.370111875716589,8.370111875716589
SPEYER,2026-06-30 12:15:00+00:00,262.0,261.82340711141933,4,0.17659288858067157,0.17659288858067157
WESEL,2026-06-30 12:15:00+00:00,155.0,153.6842017076939,4,1.3157982923061127,1.3157982923061127
WORMS,2026-06-30 12:15:00+00:00,76.0,74.99651673924579,4,1.0034832607542086,1.0034832607542086
DUISBURG-MEIDERICH SCHLEUSE OW,2026-06-30 12:16:00+00:00,24.92,24.914401835294733,4,0.005598164705268971,0.005598164705268971
DUISBURG-MEIDERICH SCHLEUSE UW,2026-06-30 12:16:00+00:00,18.22,18.2216255450765,4,-0.0016255450765001456,0.0016255450765001456
DUISBURG-MEIDERICH SCHLEUSE OW,2026-06-30 12:17:00+00:00,24.92,24.914401835294733,4,0.005598164705268971,0.005598164705268971
DUISBURG-MEIDERICH SCHLEUSE UW,2026-06-30 12:17:00+00:00,18.22,18.2216255450765,4,-0.0016255450765001456,0.0016255450765001456
DUISBURG-MEIDERICH SCHLEUSE OW,2026-06-30 12:18:00+00:00,24.92,24.914401835294733,4,0.005598164705268971,0.005598164705268971
DUISBURG-MEIDERICH SCHLEUSE UW,2026-06-30 12:18:00+00:00,18.22,18.2216255450765,4,-0.0016255450765001456,0.0016255450765001456
DUISBURG-MEIDERICH SCHLEUSE OW,2026-06-30 12:19:00+00:00,24.92,24.914401835294733,4,0.005598164705268971,0.005598164705268971
DUISBURG-MEIDERICH SCHLEUSE UW,2026-06-30 12:19:00+00:00,18.22,18.2216255450765,4,-0.0016255450765001456,0.0016255450765001456
Basel-Rheinhalle,2026-06-30 12:20:00+00:00,513.0,513.5995202314189,4,-0.5995202314188646,0.5995202314188646
DUISBURG-MEIDERICH SCHLEUSE OW,2026-06-30 12:20:00+00:00,24.92,24.914401835294733,4,0.005598164705268971,0.005598164705268971
DUISBURG-MEIDERICH SCHLEUSE UW,2026-06-30 12:20:00+00:00,18.22,18.2216255450765,4,-0.0016255450765001456,0.0016255450765001456
LOBITH,2026-06-30 12:20:00+00:00,703.0,703.8135845461671,4,-0.8135845461671352,0.8135845461671352
DUISBURG-MEIDERICH SCHLEUSE OW,2026-06-30 12:21:00+00:00,24.92,24.914401835294733,4,0.005598164705268971,0.005598164705268971
DUISBURG-MEIDERICH SCHLEUSE UW,2026-06-30 12:21:00+00:00,18.22,18.2216255450765,4,-0.0016255450765001456,0.0016255450765001456
DUISBURG-MEIDERICH SCHLEUSE OW,2026-06-30 12:22:00+00:00,24.92,24.914401835294733,4,0.005598164705268971,0.005598164705268971
DUISBURG-MEIDERICH SCHLEUSE UW,2026-06-30 12:22:00+00:00,18.22,18.2216255450765,4,-0.0016255450765001456,0.0016255450765001456
DUISBURG-MEIDERICH SCHLEUSE OW,2026-06-30 12:23:00+00:00,24.92,24.914401835294733,4,0.005598164705268971,0.005598164705268971
DUISBURG-MEIDERICH SCHLEUSE UW,2026-06-30 12:23:00+00:00,18.22,18.2216255450765,4,-0.0016255450765001456,0.0016255450765001456
DUISBURG-MEIDERICH SCHLEUSE OW,2026-06-30 12:24:00+00:00,24.92,24.916347644332124,4,0.0036523556678780267,0.0036523556678780267
DUISBURG-MEIDERICH SCHLEUSE UW,2026-06-30 12:24:00+00:00,18.22,18.2216255450765,4,-0.0016255450765001456,0.0016255450765001456
Basel-Rheinhalle,2026-06-30 12:25:00+00:00,513.0,512.8306365717858,4,0.16936342821418293,0.16936342821418293
DUISBURG-MEIDERICH SCHLEUSE OW,2026-06-30 12:25:00+00:00,24.92,24.916347644332124,4,0.0036523556678780267,0.0036523556678780267
DUISBURG-MEIDERICH SCHLEUSE UW,2026-06-30 12:25:00+00:00,18.22,18.2216255450765,4,-0.0016255450765001456,0.0016255450765001456
DUISBURG-MEIDERICH SCHLEUSE OW,2026-06-30 12:26:00+00:00,24.92,24.916347644332124,4,0.0036523556678780267,0.0036523556678780267
DUISBURG-MEIDERICH SCHLEUSE UW,2026-06-30 12:26:00+00:00,18.22,18.2216255450765,4,-0.0016255450765001456,0.0016255450765001456
DUISBURG-MEIDERICH SCHLEUSE OW,2026-06-30 12:27:00+00:00,24.93,24.914401835294733,4,0.015598164705266981,0.015598164705266981
DUISBURG-MEIDERICH SCHLEUSE UW,2026-06-30 12:27:00+00:00,18.22,18.2216255450765,4,-0.0016255450765001456,0.0016255450765001456
DUISBURG-MEIDERICH SCHLEUSE OW,2026-06-30 12:28:00+00:00,24.93,24.929628348617584,4,0.0003716513824159051,0.0003716513824159051
DUISBURG-MEIDERICH SCHLEUSE UW,2026-06-30 12:28:00+00:00,18.22,18.2216255450765,4,-0.0016255450765001456,0.0016255450765001456
DUISBURG-MEIDERICH SCHLEUSE OW,2026-06-30 12:29:00+00:00,24.93,24.929628348617584,4,0.0003716513824159051,0.0003716513824159051
DUISBURG-MEIDERICH SCHLEUSE UW,2026-06-30 12:29:00+00:00,18.22,18.2216255450765,4,-0.0016255450765001456,0.0016255450765001456
BINGEN,2026-06-30 12:30:00+00:00,104.0,104.87465241309422,4,-0.8746524130942248,0.8746524130942248
BONN,2026-06-30 12:30:00+00:00,138.0,136.43154645506118,4,1.5684535449388193,1.5684535449388193
BREISACH,2026-06-30 12:30:00+00:00,195.0,193.3634533200251,4,1.6365466799749129,1.6365466799749129
Basel-Rheinhalle,2026-06-30 12:30:00+00:00,514.0,513.0297052102941,4,0.9702947897059175,0.9702947897059175
DUISBURG-MEIDERICH SCHLEUSE OW,2026-06-30 12:30:00+00:00,24.93,24.929628348617584,4,0.0003716513824159051,0.0003716513824159051
DUISBURG-MEIDERICH SCHLEUSE UW,2026-06-30 12:30:00+00:00,18.22,18.2216255450765,4,-0.0016255450765001456,0.0016255450765001456
DUISBURG-RUHRORT,2026-06-30 12:30:00+00:00,219.0,216.68781749821528,4,2.3121825017847186,2.3121825017847186
DÜSSELDORF,2026-06-30 12:30:00+00:00,88.0,88.40865409336243,4,-0.4086540933624292,0.4086540933624292
EMMERICH,2026-06-30 12:30:00+00:00,54.0,59.4087307459021,4,-5.408730745902098,5.408730745902098
IFFEZHEIM,2026-06-30 12:30:00+00:00,135.0,134.85491692984226,4,0.1450830701577388,0.1450830701577388
KAUB,2026-06-30 12:30:00+00:00,88.0,90.71890236821466,4,-2.718902368214657,2.718902368214657
KOBLENZ,2026-06-30 12:30:00+00:00,93.0,85.37293844952471,4,7.62706155047529,7.62706155047529
KONSTANZ-RHEIN,2026-06-30 12:30:00+00:00,313.0,312.6818777779088,4,0.31812222209117635,0.31812222209117635
Koblenz OP,2026-06-30 12:30:00+00:00,199.0,202.2093930255587,4,-3.209393025558711,3.209393025558711
Koblenz UP,2026-06-30 12:30:00+00:00,75.0,60.330273624291024,4,14.669726375708976,14.669726375708976
KÖLN,2026-06-30 12:30:00+00:00,131.0,132.93579424651676,4,-1.935794246516764,1.935794246516764
LOBITH,2026-06-30 12:30:00+00:00,703.0,704.1818703928518,4,-1.1818703928518062,1.1818703928518062
MAINZ,2026-06-30 12:30:00+00:00,180.0,184.30926929904973,4,-4.309269299049731,4.309269299049731
MANNHEIM,2026-06-30 12:30:00+00:00,169.0,159.90994306451313,4,9.09005693548687,9.09005693548687
MAXAU,2026-06-30 12:30:00+00:00,399.0,402.14183375456213,4,-3.1418337545621284,3.1418337545621284
REES,2026-06-30 12:30:00+00:00,97.0,95.48971795055401,4,1.5102820494459905,1.5102820494459905
RHEINE UNTERSCHLEUSE,2026-06-30 12:30:00+00:00,195.0,191.9236762296012,4,3.076323770398801,3.076323770398801
RHEINWEILER,2026-06-30 12:30:00+00:00,224.0,221.75266371787842,4,2.24733628212158,2.24733628212158
SANKT GOAR,2026-06-30 12:30:00+00:00,180.0,188.62658778606993,4,-8.626587786069933,8.626587786069933
SPEYER,2026-06-30 12:30:00+00:00,262.0,261.8727919073929,4,0.1272080926070771,0.1272080926070771
WESEL,2026-06-30 12:30:00+00:00,155.0,153.2217634528128,4,1.7782365471871913,1.7782365471871913
WORMS,2026-06-30 12:30:00+00:00,76.0,75.39365127672886,4,0.6063487232711395,0.6063487232711395
DUISBURG-MEIDERICH SCHLEUSE OW,2026-06-30 12:31:00+00:00,24.93,24.929628348617584,4,0.0003716513824159051,0.0003716513824159051
DUISBURG-MEIDERICH SCHLEUSE UW,2026-06-30 12:31:00+00:00,18.22,18.2216255450765,4,-0.0016255450765001456,0.0016255450765001456
DUISBURG-MEIDERICH SCHLEUSE OW,2026-06-30 12:32:00+00:00,24.93,24.929628348617584,4,0.0003716513824159051,0.0003716513824159051
DUISBURG-MEIDERICH SCHLEUSE UW,2026-06-30 12:32:00+00:00,18.23,18.2216255450765,4,0.008374454923501418,0.008374454923501418
DUISBURG-MEIDERICH SCHLEUSE OW,2026-06-30 12:33:00+00:00,24.93,24.929628348617584,4,0.0003716513824159051,0.0003716513824159051
DUISBURG-MEIDERICH SCHLEUSE UW,2026-06-30 12:33:00+00:00,18.23,18.2216255450765,4,0.008374454923501418,0.008374454923501418
DUISBURG-MEIDERICH SCHLEUSE OW,2026-06-30 12:34:00+00:00,24.93,24.914401835294733,4,0.015598164705266981,0.015598164705266981
DUISBURG-MEIDERICH SCHLEUSE UW,2026-06-30 12:34:00+00:00,18.23,18.2216255450765,4,0.008374454923501418,0.008374454923501418
Basel-Rheinhalle,2026-06-30 12:35:00+00:00,518.0,512.9885520588065,4,5.0114479411935235,5.0114479411935235
DUISBURG-MEIDERICH SCHLEUSE OW,2026-06-30 12:35:00+00:00,24.93,24.929628348617584,4,0.0003716513824159051,0.0003716513824159051
DUISBURG-MEIDERICH SCHLEUSE UW,2026-06-30 12:35:00+00:00,18.23,18.2216255450765,4,0.008374454923501418,0.008374454923501418
DUISBURG-MEIDERICH SCHLEUSE OW,2026-06-30 12:36:00+00:00,24.92,24.929628348617584,4,-0.009628348617582105,0.009628348617582105
DUISBURG-MEIDERICH SCHLEUSE UW,2026-06-30 12:36:00+00:00,18.23,18.2216255450765,4,0.008374454923501418,0.008374454923501418
DUISBURG-MEIDERICH SCHLEUSE OW,2026-06-30 12:37:00+00:00,24.92,24.913175621688993,4,0.006824378311009127,0.006824378311009127
DUISBURG-MEIDERICH SCHLEUSE UW,2026-06-30 12:37:00+00:00,18.23,18.21694556734247,4,0.013054432657529702,0.013054432657529702
DUISBURG-MEIDERICH SCHLEUSE OW,2026-06-30 12:38:00+00:00,24.92,24.90437709074655,4,0.015622909253451667,0.015622909253451667
DUISBURG-MEIDERICH SCHLEUSE UW,2026-06-30 12:38:00+00:00,18.22,18.232172080665322,4,-0.012172080665322937,0.012172080665322937
DUISBURG-MEIDERICH SCHLEUSE OW,2026-06-30 12:39:00+00:00,24.92,24.90437709074655,4,0.015622909253451667,0.015622909253451667
DUISBURG-MEIDERICH SCHLEUSE UW,2026-06-30 12:39:00+00:00,18.23,18.232172080665322,4,-0.0021720806653213742,0.0021720806653213742
Basel-Rheinhalle,2026-06-30 12:40:00+00:00,517.0,513.1258602814664,4,3.87413971853357,3.87413971853357
DUISBURG-MEIDERICH SCHLEUSE OW,2026-06-30 12:40:00+00:00,24.93,24.89794910836614,4,0.032050891633858214,0.032050891633858214
DUISBURG-MEIDERICH SCHLEUSE UW,2026-06-30 12:40:00+00:00,18.23,18.232172080665322,4,-0.0021720806653213742,0.0021720806653213742
LOBITH,2026-06-30 12:40:00+00:00,704.0,703.9973793802919,4,0.0026206197080682614,0.0026206197080682614
DUISBURG-MEIDERICH SCHLEUSE OW,2026-06-30 12:41:00+00:00,24.92,24.89794910836614,4,0.022050891633860203,0.022050891633860203
DUISBURG-MEIDERICH SCHLEUSE UW,2026-06-30 12:41:00+00:00,18.23,18.232172080665322,4,-0.0021720806653213742,0.0021720806653213742
DUISBURG-MEIDERICH SCHLEUSE OW,2026-06-30 12:42:00+00:00,24.93,24.89794910836614,4,0.032050891633858214,0.032050891633858214
DUISBURG-MEIDERICH SCHLEUSE UW,2026-06-30 12:42:00+00:00,18.23,18.22337354972288,4,0.006626450277121165,0.006626450277121165
DUISBURG-MEIDERICH SCHLEUSE OW,2026-06-30 12:43:00+00:00,24.93,24.89794910836614,4,0.032050891633858214,0.032050891633858214
DUISBURG-MEIDERICH SCHLEUSE UW,2026-06-30 12:43:00+00:00,18.23,18.21694556734247,4,0.013054432657529702,0.013054432657529702
DUISBURG-MEIDERICH SCHLEUSE OW,2026-06-30 12:44:00+00:00,24.93,24.89794910836614,4,0.032050891633858214,0.032050891633858214
DUISBURG-MEIDERICH SCHLEUSE UW,2026-06-30 12:44:00+00:00,18.23,18.21694556734247,4,0.013054432657529702,0.013054432657529702
BINGEN,2026-06-30 12:45:00+00:00,104.0,105.09210795869976,4,-1.0921079586997564,1.0921079586997564
BONN,2026-06-30 12:45:00+00:00,137.0,136.2898480554158,4,0.7101519445841973,0.7101519445841973
BREISACH,2026-06-30 12:45:00+00:00,193.0,192.62275160585918,4,0.3772483941408211,0.3772483941408211
Basel-Rheinhalle,2026-06-30 12:45:00+00:00,517.0,513.5345075338462,4,3.465492466153819,3.465492466153819
DUISBURG-MEIDERICH SCHLEUSE OW,2026-06-30 12:45:00+00:00,24.93,24.89794910836614,4,0.032050891633858214,0.032050891633858214
DUISBURG-MEIDERICH SCHLEUSE UW,2026-06-30 12:45:00+00:00,18.23,18.21694556734247,4,0.013054432657529702,0.013054432657529702
DUISBURG-RUHRORT,2026-06-30 12:45:00+00:00,218.0,217.33048646819248,4,0.6695135318075245,0.6695135318075245
DÜSSELDORF,2026-06-30 12:45:00+00:00,88.0,88.08088471266785,4,-0.08088471266785291,0.08088471266785291
EMMERICH,2026-06-30 12:45:00+00:00,53.0,59.65060537655012,4,-6.650605376550118,6.650605376550118
IFFEZHEIM,2026-06-30 12:45:00+00:00,134.0,135.52927816806513,4,-1.529278168065133,1.529278168065133
KAUB,2026-06-30 12:45:00+00:00,88.0,90.03652795710016,4,-2.036527957100162,2.036527957100162
KOBLENZ,2026-06-30 12:45:00+00:00,93.0,88.22216964875896,4,4.777830351241036,4.777830351241036
KONSTANZ-RHEIN,2026-06-30 12:45:00+00:00,313.0,312.5185460669713,4,0.48145393302871753,0.48145393302871753
Koblenz OP,2026-06-30 12:45:00+00:00,198.0,202.71861545734095,4,-4.718615457340945,4.718615457340945
Koblenz UP,2026-06-30 12:45:00+00:00,70.0,61.01900888475736,4,8.980991115242638,8.980991115242638
KÖLN,2026-06-30 12:45:00+00:00,131.0,132.99437891795904,4,-1.9943789179590397,1.9943789179590397
MAINZ,2026-06-30 12:45:00+00:00,181.0,185.19196150017072,4,-4.19196150017072,4.19196150017072
MANNHEIM,2026-06-30 12:45:00+00:00,169.0,159.1878733714958,4,9.812126628504188,9.812126628504188
MAXAU,2026-06-30 12:45:00+00:00,399.0,402.8966603249652,4,-3.8966603249651826,3.8966603249651826
REES,2026-06-30 12:45:00+00:00,98.0,96.38571835432234,4,1.6142816456776643,1.6142816456776643
RHEINE UNTERSCHLEUSE,2026-06-30 12:45:00+00:00,195.0,189.33626602280688,4,5.663733977193118,5.663733977193118
RHEINWEILER,2026-06-30 12:45:00+00:00,225.0,221.75266371787842,4,3.24733628212158,3.24733628212158
SANKT GOAR,2026-06-30 12:45:00+00:00,181.0,188.66118676584057,4,-7.661186765840569,7.661186765840569
SPEYER,2026-06-30 12:45:00+00:00,262.0,262.1521165498815,4,-0.15211654988149803,0.15211654988149803
WESEL,2026-06-30 12:45:00+00:00,155.0,153.50350877829572,4,1.4964912217042752,1.4964912217042752
WORMS,2026-06-30 12:45:00+00:00,77.0,75.5516845799052,4,1.4483154200948007,1.4483154200948007
DUISBURG-MEIDERICH SCHLEUSE OW,2026-06-30 12:46:00+00:00,24.93,24.89794910836614,4,0.032050891633858214,0.032050891633858214
DUISBURG-MEIDERICH SCHLEUSE UW,2026-06-30 12:46:00+00:00,18.23,18.21694556734247,4,0.013054432657529702,0.013054432657529702
DUISBURG-MEIDERICH SCHLEUSE OW,2026-06-30 12:47:00+00:00,24.93,24.89794910836614,4,0.032050891633858214,0.032050891633858214
DUISBURG-MEIDERICH SCHLEUSE UW,2026-06-30 12:47:00+00:00,18.23,18.21694556734247,4,0.013054432657529702,0.013054432657529702
DUISBURG-MEIDERICH SCHLEUSE OW,2026-06-30 12:48:00+00:00,24.93,24.89794910836614,4,0.032050891633858214,0.032050891633858214
DUISBURG-MEIDERICH SCHLEUSE UW,2026-06-30 12:48:00+00:00,18.23,18.21694556734247,4,0.013054432657529702,0.013054432657529702
DUISBURG-MEIDERICH SCHLEUSE OW,2026-06-30 12:49:00+00:00,24.93,24.89794910836614,4,0.032050891633858214,0.032050891633858214
DUISBURG-MEIDERICH SCHLEUSE UW,2026-06-30 12:49:00+00:00,18.23,18.21694556734247,4,0.013054432657529702,0.013054432657529702
Basel-Rheinhalle,2026-06-30 12:50:00+00:00,516.0,513.8763804083205,4,2.1236195916794713,2.1236195916794713
DUISBURG-MEIDERICH SCHLEUSE OW,2026-06-30 12:50:00+00:00,24.93,24.89794910836614,4,0.032050891633858214,0.032050891633858214
DUISBURG-MEIDERICH SCHLEUSE UW,2026-06-30 12:50:00+00:00,18.23,18.21694556734247,4,0.013054432657529702,0.013054432657529702
LOBITH,2026-06-30 12:50:00+00:00,704.0,703.9514302041047,4,0.04856979589533239,0.04856979589533239
DUISBURG-MEIDERICH SCHLEUSE OW,2026-06-30 12:51:00+00:00,24.93,24.89794910836614,4,0.032050891633858214,0.032050891633858214
DUISBURG-MEIDERICH SCHLEUSE UW,2026-06-30 12:51:00+00:00,18.23,18.21694556734247,4,0.013054432657529702,0.013054432657529702
DUISBURG-MEIDERICH SCHLEUSE OW,2026-06-30 12:52:00+00:00,24.93,24.92082981767514,4,0.009170182324858445,0.009170182324858445
DUISBURG-MEIDERICH SCHLEUSE UW,2026-06-30 12:52:00+00:00,18.23,18.21694556734247,4,0.013054432657529702,0.013054432657529702
DUISBURG-MEIDERICH SCHLEUSE OW,2026-06-30 12:53:00+00:00,24.93,24.92082981767514,4,0.009170182324858445,0.009170182324858445
DUISBURG-MEIDERICH SCHLEUSE UW,2026-06-30 12:53:00+00:00,18.23,18.21694556734247,4,0.013054432657529702,0.013054432657529702
DUISBURG-MEIDERICH SCHLEUSE OW,2026-06-30 12:54:00+00:00,24.93,24.92082981767514,4,0.009170182324858445,0.009170182324858445
DUISBURG-MEIDERICH SCHLEUSE UW,2026-06-30 12:54:00+00:00,18.23,18.21694556734247,4,0.013054432657529702,0.013054432657529702
Basel-Rheinhalle,2026-06-30 12:55:00+00:00,515.0,515.4274301411834,4,-0.4274301411834358,0.4274301411834358
DUISBURG-MEIDERICH SCHLEUSE OW,2026-06-30 12:55:00+00:00,24.93,24.92082981767514,4,0.009170182324858445,0.009170182324858445
DUISBURG-MEIDERICH SCHLEUSE UW,2026-06-30 12:55:00+00:00,18.23,18.21694556734247,4,0.013054432657529702,0.013054432657529702
DUISBURG-MEIDERICH SCHLEUSE OW,2026-06-30 12:56:00+00:00,24.93,24.92082981767514,4,0.009170182324858445,0.009170182324858445
DUISBURG-MEIDERICH SCHLEUSE UW,2026-06-30 12:56:00+00:00,18.23,18.219679736039108,4,0.010320263960892362,0.010320263960892362
DUISBURG-MEIDERICH SCHLEUSE OW,2026-06-30 12:57:00+00:00,24.93,24.914401835294733,4,0.015598164705266981,0.015598164705266981
DUISBURG-MEIDERICH SCHLEUSE UW,2026-06-30 12:57:00+00:00,18.23,18.23490624936196,4,-0.004906249361958714,0.004906249361958714
DUISBURG-MEIDERICH SCHLEUSE OW,2026-06-30 12:58:00+00:00,24.93,24.914401835294733,4,0.015598164705266981,0.015598164705266981
DUISBURG-MEIDERICH SCHLEUSE UW,2026-06-30 12:58:00+00:00,18.23,18.23490624936196,4,-0.004906249361958714,0.004906249361958714
DUISBURG-MEIDERICH SCHLEUSE OW,2026-06-30 12:59:00+00:00,24.93,24.914401835294733,4,0.015598164705266981,0.015598164705266981
DUISBURG-MEIDERICH SCHLEUSE UW,2026-06-30 12:59:00+00:00,18.23,18.23490624936196,4,-0.004906249361958714,0.004906249361958714
BINGEN,2026-06-30 13:00:00+00:00,104.0,104.98102082867551,4,-0.9810208286755113,0.9810208286755113
BONN,2026-06-30 13:00:00+00:00,137.0,136.39183888629873,4,0.6081611137012715,0.6081611137012715
BREISACH,2026-06-30 13:00:00+00:00,195.0,192.28325556300243,4,2.7167444369975726,2.7167444369975726
Basel-Rheinhalle,2026-06-30 13:00:00+00:00,515.0,514.0814197581858,4,0.9185802418141975,0.9185802418141975
DUISBURG-MEIDERICH SCHLEUSE OW,2026-06-30 13:00:00+00:00,24.93,24.90094098904172,4,0.02905901095827801,0.02905901095827801
DUISBURG-MEIDERICH SCHLEUSE UW,2026-06-30 13:00:00+00:00,18.23,18.158651714928933,4,0.07134828507106761,0.07134828507106761
DUISBURG-RUHRORT,2026-06-30 13:00:00+00:00,218.0,217.75848836721408,4,0.24151163278591525,0.24151163278591525
DÜSSELDORF,2026-06-30 13:00:00+00:00,89.0,87.43599227056625,4,1.5640077294337544,1.5640077294337544
EMMERICH,2026-06-30 13:00:00+00:00,53.0,58.33838737537919,4,-5.338387375379192,5.338387375379192
IFFEZHEIM,2026-06-30 13:00:00+00:00,133.0,134.86450326075243,4,-1.8645032607524286,1.8645032607524286
KAUB,2026-06-30 13:00:00+00:00,88.0,90.11672137709408,4,-2.1167213770940805,2.1167213770940805
KOBLENZ,2026-06-30 13:00:00+00:00,92.0,89.17341366233306,4,2.8265863376669387,2.8265863376669387
KONSTANZ-RHEIN,2026-06-30 13:00:00+00:00,313.0,312.58457066972096,4,0.4154293302790393,0.4154293302790393
Koblenz OP,2026-06-30 13:00:00+00:00,200.0,203.05786249394703,4,-3.0578624939470274,3.0578624939470274
Koblenz UP,2026-06-30 13:00:00+00:00,58.0,76.65985298340115,4,-18.65985298340115,18.65985298340115
KÖLN,2026-06-30 13:00:00+00:00,130.0,132.91735399006635,4,-2.9173539900663457,2.9173539900663457
LOBITH,2026-06-30 13:00:00+00:00,704.0,703.62616466368,4,0.3738353363199849,0.3738353363199849
MAINZ,2026-06-30 13:00:00+00:00,181.0,185.44344169480115,4,-4.443441694801152,4.443441694801152
MANNHEIM,2026-06-30 13:00:00+00:00,169.0,158.1843039360848,4,10.815696063915198,10.815696063915198
MAXAU,2026-06-30 13:00:00+00:00,399.0,402.7930600148052,4,-3.793060014805178,3.793060014805178
REES,2026-06-30 13:00:00+00:00,97.0,96.39950870215132,4,0.6004912978486772,0.6004912978486772
RHEINE UNTERSCHLEUSE,2026-06-30 13:00:00+00:00,195.0,192.21090730237864,4,2.7890926976213564,2.7890926976213564
RHEINWEILER,2026-06-30 13:00:00+00:00,225.0,221.61154045663616,4,3.3884595433638367,3.3884595433638367
SANKT GOAR,2026-06-30 13:00:00+00:00,179.0,188.29029326141813,4,-9.290293261418128,9.290293261418128
SPEYER,2026-06-30 13:00:00+00:00,262.0,260.9798717576346,4,1.020128242365388,1.020128242365388
WESEL,2026-06-30 13:00:00+00:00,154.0,153.94383762428694,4,0.0561623757130576,0.0561623757130576
WORMS,2026-06-30 13:00:00+00:00,77.0,74.67753339077612,4,2.3224666092238806,2.3224666092238806
DUISBURG-MEIDERICH SCHLEUSE OW,2026-06-30 13:01:00+00:00,24.92,24.902886798079113,4,0.017113201920889054,0.017113201920889054
DUISBURG-MEIDERICH SCHLEUSE UW,2026-06-30 13:01:00+00:00,18.23,18.170613360164335,4,0.05938663983566528,0.05938663983566528
DUISBURG-MEIDERICH SCHLEUSE OW,2026-06-30 13:02:00+00:00,24.92,25.03531133952145,4,-0.11531133952144756,0.11531133952144756
DUISBURG-MEIDERICH SCHLEUSE UW,2026-06-30 13:02:00+00:00,18.23,18.335909262531796,4,-0.10590926253179589,0.10590926253179589
DUISBURG-MEIDERICH SCHLEUSE OW,2026-06-30 13:03:00+00:00,24.92,25.118112614326428,4,-0.19811261432642624,0.19811261432642624
DUISBURG-MEIDERICH SCHLEUSE UW,2026-06-30 13:03:00+00:00,18.23,18.439843241999395,4,-0.20984324199939408,0.20984324199939408
DUISBURG-MEIDERICH SCHLEUSE OW,2026-06-30 13:04:00+00:00,24.93,25.118112614326428,4,-0.18811261432642823,0.18811261432642823
DUISBURG-MEIDERICH SCHLEUSE UW,2026-06-30 13:04:00+00:00,18.23,18.439843241999395,4,-0.20984324199939408,0.20984324199939408
Basel-Rheinhalle,2026-06-30 13:05:00+00:00,515.0,513.9598793150502,4,1.040120684949784,1.040120684949784
DUISBURG-MEIDERICH SCHLEUSE OW,2026-06-30 13:05:00+00:00,24.93,25.13456534125502,4,-0.20456534125501946,0.20456534125501946
DUISBURG-MEIDERICH SCHLEUSE UW,2026-06-30 13:05:00+00:00,18.23,18.439843241999395,4,-0.20984324199939408,0.20984324199939408
DUISBURG-MEIDERICH SCHLEUSE OW,2026-06-30 13:06:00+00:00,24.93,25.381134803395796,4,-0.4511348033957958,0.4511348033957958
DUISBURG-MEIDERICH SCHLEUSE UW,2026-06-30 13:06:00+00:00,18.23,18.68641270414017,4,-0.45641270414017043,0.45641270414017043
DUISBURG-MEIDERICH SCHLEUSE OW,2026-06-30 13:07:00+00:00,24.93,25.381134803395796,4,-0.4511348033957958,0.4511348033957958
DUISBURG-MEIDERICH SCHLEUSE UW,2026-06-30 13:07:00+00:00,18.23,18.68641270414017,4,-0.45641270414017043,0.45641270414017043
DUISBURG-MEIDERICH SCHLEUSE OW,2026-06-30 13:08:00+00:00,24.93,25.381134803395796,4,-0.4511348033957958,0.4511348033957958
DUISBURG-MEIDERICH SCHLEUSE UW,2026-06-30 13:08:00+00:00,18.23,18.68641270414017,4,-0.45641270414017043,0.45641270414017043
DUISBURG-MEIDERICH SCHLEUSE OW,2026-06-30 13:09:00+00:00,24.93,25.381134803395796,4,-0.4511348033957958,0.4511348033957958
DUISBURG-MEIDERICH SCHLEUSE UW,2026-06-30 13:09:00+00:00,18.23,18.679984721759762,4,-0.4499847217597619,0.4499847217597619
Basel-Rheinhalle,2026-06-30 13:10:00+00:00,518.0,513.9962128034273,4,4.003787196572716,4.003787196572716
DUISBURG-MEIDERICH SCHLEUSE OW,2026-06-30 13:10:00+00:00,24.93,25.381134803395796,4,-0.4511348033957958,0.4511348033957958
DUISBURG-MEIDERICH SCHLEUSE UW,2026-06-30 13:10:00+00:00,18.23,18.679984721759762,4,-0.4499847217597619,0.4499847217597619
LOBITH,2026-06-30 13:10:00+00:00,704.0,704.1162994684205,4,-0.11629946842049321,0.11629946842049321
DUISBURG-MEIDERICH SCHLEUSE OW,2026-06-30 13:11:00+00:00,24.93,25.381134803395796,4,-0.4511348033957958,0.4511348033957958
DUISBURG-MEIDERICH SCHLEUSE UW,2026-06-30 13:11:00+00:00,18.23,18.679984721759762,4,-0.4499847217597619,0.4499847217597619
DUISBURG-MEIDERICH SCHLEUSE OW,2026-06-30 13:12:00+00:00,24.93,25.374706821015387,4,-0.4447068210153873,0.4447068210153873
DUISBURG-MEIDERICH SCHLEUSE UW,2026-06-30 13:12:00+00:00,18.23,18.679984721759762,4,-0.4499847217597619,0.4499847217597619
DUISBURG-MEIDERICH SCHLEUSE OW,2026-06-30 13:13:00+00:00,24.93,25.374706821015387,4,-0.4447068210153873,0.4447068210153873
DUISBURG-MEIDERICH SCHLEUSE UW,2026-06-30 13:13:00+00:00,18.23,18.679984721759762,4,-0.4499847217597619,0.4499847217597619
DUISBURG-MEIDERICH SCHLEUSE OW,2026-06-30 13:14:00+00:00,24.93,25.374706821015387,4,-0.4447068210153873,0.4447068210153873
DUISBURG-MEIDERICH SCHLEUSE UW,2026-06-30 13:14:00+00:00,18.23,18.679984721759762,4,-0.4499847217597619,0.4499847217597619
BINGEN,2026-06-30 13:15:00+00:00,104.0,104.65166106426105,4,-0.6516610642610488,0.6516610642610488
BONN,2026-06-30 13:15:00+00:00,137.0,137.16117095143312,4,-0.161170951433121,0.161170951433121
BREISACH,2026-06-30 13:15:00+00:00,195.0,192.59094470061333,4,2.409055299386665,2.409055299386665
Basel-Rheinhalle,2026-06-30 13:15:00+00:00,520.0,513.1659215336432,4,6.8340784663568,6.8340784663568
DUISBURG-MEIDERICH SCHLEUSE OW,2026-06-30 13:15:00+00:00,24.93,25.374706821015387,4,-0.4447068210153873,0.4447068210153873
DUISBURG-MEIDERICH SCHLEUSE UW,2026-06-30 13:15:00+00:00,18.23,18.679984721759762,4,-0.4499847217597619,0.4499847217597619
DUISBURG-RUHRORT,2026-06-30 13:15:00+00:00,219.0,217.85023142219202,4,1.1497685778079756,1.1497685778079756
DÜSSELDORF,2026-06-30 13:15:00+00:00,89.0,87.35346321578754,4,1.6465367842124579,1.6465367842124579
EMMERICH,2026-06-30 13:15:00+00:00,54.0,62.31800244836649,4,-8.318002448366492,8.318002448366492
IFFEZHEIM,2026-06-30 13:15:00+00:00,136.0,134.23690825967952,4,1.7630917403204762,1.7630917403204762
KAUB,2026-06-30 13:15:00+00:00,88.0,89.76085778143532,4,-1.7608577814353197,1.7608577814353197
KOBLENZ,2026-06-30 13:15:00+00:00,91.0,92.65081467748298,4,-1.650814677482984,1.650814677482984
KONSTANZ-RHEIN,2026-06-30 13:15:00+00:00,313.0,312.54075451666654,4,0.4592454833334614,0.4592454833334614
Koblenz OP,2026-06-30 13:15:00+00:00,199.0,203.1213656396526,4,-4.121365639652595,4.121365639652595
Koblenz UP,2026-06-30 13:15:00+00:00,66.0,76.41761148962996,4,-10.417611489629962,10.417611489629962
KÖLN,2026-06-30 13:15:00+00:00,131.0,132.9805463374135,4,-1.9805463374135002,1.9805463374135002
MAINZ,2026-06-30 13:15:00+00:00,181.0,185.6040269255685,4,-4.6040269255684905,4.6040269255684905
MANNHEIM,2026-06-30 13:15:00+00:00,169.0,158.14649235790438,4,10.853507642095622,10.853507642095622
MAXAU,2026-06-30 13:15:00+00:00,396.0,402.76788931466456,4,-6.767889314664558,6.767889314664558
REES,2026-06-30 13:15:00+00:00,97.0,96.16654484631634,4,0.8334551536836585,0.8334551536836585
RHEINE UNTERSCHLEUSE,2026-06-30 13:15:00+00:00,195.0,192.11150169050626,4,2.888498309493741,2.888498309493741
RHEINWEILER,2026-06-30 13:15:00+00:00,225.0,221.61154045663616,4,3.3884595433638367,3.3884595433638367
SANKT GOAR,2026-06-30 13:15:00+00:00,180.0,188.00987110755392,4,-8.00987110755392,8.00987110755392
SPEYER,2026-06-30 13:15:00+00:00,262.0,261.9566348884913,4,0.04336511150870592,0.04336511150870592
WESEL,2026-06-30 13:15:00+00:00,156.0,153.554271009283,4,2.4457289907169866,2.4457289907169866
WORMS,2026-06-30 13:15:00+00:00,77.0,74.70267690784357,4,2.2973230921564323,2.2973230921564323
DUISBURG-MEIDERICH SCHLEUSE OW,2026-06-30 13:16:00+00:00,24.93,25.374706821015387,4,-0.4447068210153873,0.4447068210153873
DUISBURG-MEIDERICH SCHLEUSE UW,2026-06-30 13:16:00+00:00,18.23,18.679984721759762,4,-0.4499847217597619,0.4499847217597619
DUISBURG-MEIDERICH SCHLEUSE OW,2026-06-30 13:17:00+00:00,24.93,25.374706821015387,4,-0.4447068210153873,0.4447068210153873
DUISBURG-MEIDERICH SCHLEUSE UW,2026-06-30 13:17:00+00:00,18.23,18.679984721759762,4,-0.4499847217597619,0.4499847217597619
DUISBURG-MEIDERICH SCHLEUSE OW,2026-06-30 13:18:00+00:00,24.93,25.374706821015387,4,-0.4447068210153873,0.4447068210153873
DUISBURG-MEIDERICH SCHLEUSE UW,2026-06-30 13:18:00+00:00,18.22,18.679984721759762,4,-0.45998472175976346,0.45998472175976346
DUISBURG-MEIDERICH SCHLEUSE OW,2026-06-30 13:19:00+00:00,24.93,25.374706821015387,4,-0.4447068210153873,0.4447068210153873
DUISBURG-MEIDERICH SCHLEUSE UW,2026-06-30 13:19:00+00:00,18.22,18.679984721759762,4,-0.45998472175976346,0.45998472175976346
Basel-Rheinhalle,2026-06-30 13:20:00+00:00,520.0,513.1190497062221,4,6.880950293777914,6.880950293777914
DUISBURG-MEIDERICH SCHLEUSE OW,2026-06-30 13:20:00+00:00,24.93,25.374706821015387,4,-0.4447068210153873,0.4447068210153873
DUISBURG-MEIDERICH SCHLEUSE UW,2026-06-30 13:20:00+00:00,18.22,18.679984721759762,4,-0.45998472175976346,0.45998472175976346
LOBITH,2026-06-30 13:20:00+00:00,703.0,704.1423555942815,4,-1.1423555942815256,1.1423555942815256
DUISBURG-MEIDERICH SCHLEUSE OW,2026-06-30 13:21:00+00:00,24.94,25.374706821015387,4,-0.4347068210153857,0.4347068210153857
DUISBURG-MEIDERICH SCHLEUSE UW,2026-06-30 13:21:00+00:00,18.22,18.679984721759762,4,-0.45998472175976346,0.45998472175976346
DUISBURG-MEIDERICH SCHLEUSE OW,2026-06-30 13:22:00+00:00,24.94,25.374706821015387,4,-0.4347068210153857,0.4347068210153857
DUISBURG-MEIDERICH SCHLEUSE UW,2026-06-30 13:22:00+00:00,18.22,18.679984721759762,4,-0.45998472175976346,0.45998472175976346
DUISBURG-MEIDERICH SCHLEUSE OW,2026-06-30 13:23:00+00:00,24.94,25.374706821015387,4,-0.4347068210153857,0.4347068210153857
DUISBURG-MEIDERICH SCHLEUSE UW,2026-06-30 13:23:00+00:00,18.22,18.679984721759762,4,-0.45998472175976346,0.45998472175976346
DUISBURG-MEIDERICH SCHLEUSE OW,2026-06-30 13:24:00+00:00,24.94,25.374706821015387,4,-0.4347068210153857,0.4347068210153857
DUISBURG-MEIDERICH SCHLEUSE UW,2026-06-30 13:24:00+00:00,18.22,18.679984721759762,4,-0.45998472175976346,0.45998472175976346
Basel-Rheinhalle,2026-06-30 13:25:00+00:00,520.0,513.2679172233087,4,6.7320827766913,6.7320827766913
DUISBURG-MEIDERICH SCHLEUSE OW,2026-06-30 13:25:00+00:00,24.94,25.374706821015387,4,-0.4347068210153857,0.4347068210153857
DUISBURG-MEIDERICH SCHLEUSE UW,2026-06-30 13:25:00+00:00,18.22,18.679984721759762,4,-0.45998472175976346,0.45998472175976346
DUISBURG-MEIDERICH SCHLEUSE OW,2026-06-30 13:26:00+00:00,24.94,25.389933334338238,4,-0.4499333343382368,0.4499333343382368
DUISBURG-MEIDERICH SCHLEUSE UW,2026-06-30 13:26:00+00:00,18.22,18.681930530797153,4,-0.4619305307971544,0.4619305307971544
DUISBURG-MEIDERICH SCHLEUSE OW,2026-06-30 13:27:00+00:00,24.94,25.389933334338238,4,-0.4499333343382368,0.4499333343382368
DUISBURG-MEIDERICH SCHLEUSE UW,2026-06-30 13:27:00+00:00,18.22,18.681930530797153,4,-0.4619305307971544,0.4619305307971544
DUISBURG-MEIDERICH SCHLEUSE OW,2026-06-30 13:28:00+00:00,24.94,25.373480607409647,4,-0.43348060740964556,0.43348060740964556
DUISBURG-MEIDERICH SCHLEUSE UW,2026-06-30 13:28:00+00:00,18.22,18.681930530797153,4,-0.4619305307971544,0.4619305307971544
DUISBURG-MEIDERICH SCHLEUSE OW,2026-06-30 13:29:00+00:00,24.94,25.389933334338238,4,-0.4499333343382368,0.4499333343382368
DUISBURG-MEIDERICH SCHLEUSE UW,2026-06-30 13:29:00+00:00,18.22,18.681930530797153,4,-0.4619305307971544,0.4619305307971544
BINGEN,2026-06-30 13:30:00+00:00,104.0,104.68975423699933,4,-0.6897542369993346,0.6897542369993346
BONN,2026-06-30 13:30:00+00:00,138.0,137.56114580782182,4,0.43885419217818367,0.43885419217818367
BREISACH,2026-06-30 13:30:00+00:00,194.0,192.64259394924187,4,1.3574060507581294,1.3574060507581294
Basel-Rheinhalle,2026-06-30 13:30:00+00:00,520.0,513.8938776291551,4,6.106122370844901,6.106122370844901
DUISBURG-MEIDERICH SCHLEUSE OW,2026-06-30 13:30:00+00:00,24.94,25.389933334338238,4,-0.4499333343382368,0.4499333343382368
DUISBURG-MEIDERICH SCHLEUSE UW,2026-06-30 13:30:00+00:00,18.22,18.681930530797153,4,-0.4619305307971544,0.4619305307971544
DUISBURG-RUHRORT,2026-06-30 13:30:00+00:00,219.0,217.6190224238832,4,1.3809775761168055,1.3809775761168055
DÜSSELDORF,2026-06-30 13:30:00+00:00,89.0,87.64135932433778,4,1.3586406756622154,1.3586406756622154
EMMERICH,2026-06-30 13:30:00+00:00,54.0,60.582717052055514,4,-6.582717052055514,6.582717052055514
IFFEZHEIM,2026-06-30 13:30:00+00:00,135.0,135.0827952509937,4,-0.08279525099371199,0.08279525099371199
KAUB,2026-06-30 13:30:00+00:00,88.0,90.28140043807777,4,-2.2814004380777675,2.2814004380777675
KOBLENZ,2026-06-30 13:30:00+00:00,92.0,92.94478571275673,4,-0.9447857127567261,0.9447857127567261
KONSTANZ-RHEIN,2026-06-30 13:30:00+00:00,313.0,312.4599781049406,4,0.5400218950593967,0.5400218950593967
Koblenz OP,2026-06-30 13:30:00+00:00,199.0,204.36679076104357,4,-5.366790761043575,5.366790761043575
Koblenz UP,2026-06-30 13:30:00+00:00,65.0,76.26951920527588,4,-11.269519205275884,11.269519205275884
KÖLN,2026-06-30 13:30:00+00:00,131.0,132.98948160094872,4,-1.9894816009487215,1.9894816009487215
LOBITH,2026-06-30 13:30:00+00:00,703.0,704.087052343903,4,-1.0870523439029967,1.0870523439029967
MAINZ,2026-06-30 13:30:00+00:00,182.0,187.5726270716446,4,-5.572627071644604,5.572627071644604
MANNHEIM,2026-06-30 13:30:00+00:00,169.0,158.24796261919812,4,10.75203738080188,10.75203738080188
MAXAU,2026-06-30 13:30:00+00:00,398.0,402.7540004867137,4,-4.754000486713721,4.754000486713721
REES,2026-06-30 13:30:00+00:00,97.0,95.72655085259039,4,1.2734491474096075,1.2734491474096075
RHEINE UNTERSCHLEUSE,2026-06-30 13:30:00+00:00,195.0,191.99312224046233,4,3.006877759537673,3.006877759537673
RHEINWEILER,2026-06-30 13:30:00+00:00,225.0,221.60250867795446,4,3.397491322045539,3.397491322045539
SANKT GOAR,2026-06-30 13:30:00+00:00,179.0,188.14140543378883,4,-9.141405433788833,9.141405433788833
SPEYER,2026-06-30 13:30:00+00:00,262.0,261.84550180723966,4,0.15449819276034304,0.15449819276034304
WESEL,2026-06-30 13:30:00+00:00,154.0,153.7895959934653,4,0.21040400653470215,0.21040400653470215
WORMS,2026-06-30 13:30:00+00:00,77.0,74.9152407734298,4,2.084759226570199,2.084759226570199
DUISBURG-MEIDERICH SCHLEUSE OW,2026-06-30 13:31:00+00:00,24.94,25.389933334338238,4,-0.4499333343382368,0.4499333343382368
DUISBURG-MEIDERICH SCHLEUSE UW,2026-06-30 13:31:00+00:00,18.23,18.681930530797153,4,-0.45193053079715284,0.45193053079715284
DUISBURG-MEIDERICH SCHLEUSE OW,2026-06-30 13:32:00+00:00,24.95,25.389933334338238,4,-0.4399333343382388,0.4399333343382388
DUISBURG-MEIDERICH SCHLEUSE UW,2026-06-30 13:32:00+00:00,18.23,18.681930530797153,4,-0.45193053079715284,0.45193053079715284
DUISBURG-MEIDERICH SCHLEUSE OW,2026-06-30 13:33:00+00:00,24.95,25.389933334338238,4,-0.4399333343382388,0.4399333343382388
DUISBURG-MEIDERICH SCHLEUSE UW,2026-06-30 13:33:00+00:00,18.23,18.681930530797153,4,-0.45193053079715284,0.45193053079715284
DUISBURG-MEIDERICH SCHLEUSE OW,2026-06-30 13:34:00+00:00,24.95,25.374706821015387,4,-0.4247068210153877,0.4247068210153877
DUISBURG-MEIDERICH SCHLEUSE UW,2026-06-30 13:34:00+00:00,18.23,18.681930530797153,4,-0.45193053079715284,0.45193053079715284
Basel-Rheinhalle,2026-06-30 13:35:00+00:00,519.0,513.8049908372444,4,5.195009162755582,5.195009162755582
DUISBURG-MEIDERICH SCHLEUSE OW,2026-06-30 13:35:00+00:00,24.95,25.374706821015387,4,-0.4247068210153877,0.4247068210153877
DUISBURG-MEIDERICH SCHLEUSE UW,2026-06-30 13:35:00+00:00,18.22,18.681930530797153,4,-0.4619305307971544,0.4619305307971544
DUISBURG-MEIDERICH SCHLEUSE OW,2026-06-30 13:36:00+00:00,24.95,25.374706821015387,4,-0.4247068210153877,0.4247068210153877
DUISBURG-MEIDERICH SCHLEUSE UW,2026-06-30 13:36:00+00:00,18.22,18.681930530797153,4,-0.4619305307971544,0.4619305307971544
DUISBURG-MEIDERICH SCHLEUSE OW,2026-06-30 13:37:00+00:00,24.95,25.374706821015387,4,-0.4247068210153877,0.4247068210153877
DUISBURG-MEIDERICH SCHLEUSE UW,2026-06-30 13:37:00+00:00,18.22,18.681930530797153,4,-0.4619305307971544,0.4619305307971544
DUISBURG-MEIDERICH SCHLEUSE OW,2026-06-30 13:38:00+00:00,24.95,25.374706821015387,4,-0.4247068210153877,0.4247068210153877
DUISBURG-MEIDERICH SCHLEUSE UW,2026-06-30 13:38:00+00:00,18.22,18.681930530797153,4,-0.4619305307971544,0.4619305307971544
DUISBURG-MEIDERICH SCHLEUSE OW,2026-06-30 13:39:00+00:00,24.95,25.374706821015387,4,-0.4247068210153877,0.4247068210153877
DUISBURG-MEIDERICH SCHLEUSE UW,2026-06-30 13:39:00+00:00,18.22,18.681930530797153,4,-0.4619305307971544,0.4619305307971544
Basel-Rheinhalle,2026-06-30 13:40:00+00:00,520.0,513.8829662605553,4,6.117033739444651,6.117033739444651
DUISBURG-MEIDERICH SCHLEUSE OW,2026-06-30 13:40:00+00:00,24.95,25.374706821015387,4,-0.4247068210153877,0.4247068210153877
DUISBURG-MEIDERICH SCHLEUSE UW,2026-06-30 13:40:00+00:00,18.22,18.681930530797153,4,-0.4619305307971544,0.4619305307971544
LOBITH,2026-06-30 13:40:00+00:00,704.0,703.9966178033159,4,0.0033821966841287576,0.0033821966841287576
DUISBURG-MEIDERICH SCHLEUSE OW,2026-06-30 13:41:00+00:00,24.95,25.374706821015387,4,-0.4247068210153877,0.4247068210153877
DUISBURG-MEIDERICH SCHLEUSE UW,2026-06-30 13:41:00+00:00,18.22,18.681930530797153,4,-0.4619305307971544,0.4619305307971544
DUISBURG-MEIDERICH SCHLEUSE OW,2026-06-30 13:42:00+00:00,24.95,25.374706821015387,4,-0.4247068210153877,0.4247068210153877
DUISBURG-MEIDERICH SCHLEUSE UW,2026-06-30 13:42:00+00:00,18.22,18.677250553063125,4,-0.4572505530631261,0.4572505530631261
DUISBURG-MEIDERICH SCHLEUSE OW,2026-06-30 13:43:00+00:00,24.95,25.374706821015387,4,-0.4247068210153877,0.4247068210153877
DUISBURG-MEIDERICH SCHLEUSE UW,2026-06-30 13:43:00+00:00,18.22,18.692477066385976,4,-0.4724770663859772,0.4724770663859772
DUISBURG-MEIDERICH SCHLEUSE OW,2026-06-30 13:44:00+00:00,24.95,25.374706821015387,4,-0.4247068210153877,0.4247068210153877
DUISBURG-MEIDERICH SCHLEUSE UW,2026-06-30 13:44:00+00:00,18.22,18.692477066385976,4,-0.4724770663859772,0.4724770663859772
BINGEN,2026-06-30 13:45:00+00:00,103.0,104.67572913702155,4,-1.6757291370215484,1.6757291370215484
BONN,2026-06-30 13:45:00+00:00,138.0,136.61087957520797,4,1.3891204247920257,1.3891204247920257
BREISACH,2026-06-30 13:45:00+00:00,193.0,192.6055828476431,4,0.3944171523569082,0.3944171523569082
Basel-Rheinhalle,2026-06-30 13:45:00+00:00,520.0,513.4131822944333,4,6.586817705566659,6.586817705566659
DUISBURG-MEIDERICH SCHLEUSE OW,2026-06-30 13:45:00+00:00,24.95,25.374706821015387,4,-0.4247068210153877,0.4247068210153877
DUISBURG-MEIDERICH SCHLEUSE UW,2026-06-30 13:45:00+00:00,18.23,18.692477066385976,4,-0.46247706638597563,0.46247706638597563
DUISBURG-RUHRORT,2026-06-30 13:45:00+00:00,219.0,217.6619812360523,4,1.3380187639477015,1.3380187639477015
DÜSSELDORF,2026-06-30 13:45:00+00:00,89.0,87.79840406833098,4,1.2015959316690186,1.2015959316690186
EMMERICH,2026-06-30 13:45:00+00:00,53.0,61.0615558347771,4,-8.061555834777103,8.061555834777103
IFFEZHEIM,2026-06-30 13:45:00+00:00,133.0,136.07629377083435,4,-3.0762937708343543,3.0762937708343543
KAUB,2026-06-30 13:45:00+00:00,87.0,89.73672901362517,4,-2.7367290136251654,2.7367290136251654
KOBLENZ,2026-06-30 13:45:00+00:00,91.0,91.7376769286303,4,-0.7376769286302931,0.7376769286302931
KONSTANZ-RHEIN,2026-06-30 13:45:00+00:00,313.0,312.54075451666654,4,0.4592454833334614,0.4592454833334614
Koblenz OP,2026-06-30 13:45:00+00:00,200.0,203.83310546295982,4,-3.8331054629598214,3.8331054629598214
Koblenz UP,2026-06-30 13:45:00+00:00,47.0,76.22485834640985,4,-29.224858346409846,29.224858346409846
KÖLN,2026-06-30 13:45:00+00:00,132.0,132.79502057820488,4,-0.795020578204884,0.795020578204884
MAINZ,2026-06-30 13:45:00+00:00,182.0,187.8244874290845,4,-5.824487429084513,5.824487429084513
MANNHEIM,2026-06-30 13:45:00+00:00,170.0,158.01154068462725,4,11.98845931537275,11.98845931537275
MAXAU,2026-06-30 13:45:00+00:00,397.0,403.1525278168793,4,-6.152527816879285,6.152527816879285
REES,2026-06-30 13:45:00+00:00,97.0,95.91450924047088,4,1.0854907595291223,1.0854907595291223
RHEINE UNTERSCHLEUSE,2026-06-30 13:45:00+00:00,195.0,189.63272470593026,4,5.367275294069742,5.367275294069742
RHEINWEILER,2026-06-30 13:45:00+00:00,224.0,221.1946745985787,4,2.8053254014212996,2.8053254014212996
SANKT GOAR,2026-06-30 13:45:00+00:00,179.0,188.0958070577676,4,-9.095807057767587,9.095807057767587
SPEYER,2026-06-30 13:45:00+00:00,262.0,262.0282229263744,4,-0.02822292637438295,0.02822292637438295
WESEL,2026-06-30 13:45:00+00:00,156.0,153.61091551637332,4,2.389084483626675,2.389084483626675
WORMS,2026-06-30 13:45:00+00:00,77.0,74.7362026443328,4,2.2637973556671938,2.2637973556671938
DUISBURG-MEIDERICH SCHLEUSE OW,2026-06-30 13:46:00+00:00,24.95,25.381134803395796,4,-0.43113480339579624,0.43113480339579624
DUISBURG-MEIDERICH SCHLEUSE UW,2026-06-30 13:46:00+00:00,18.23,18.692477066385976,4,-0.46247706638597563,0.46247706638597563
DUISBURG-MEIDERICH SCHLEUSE OW,2026-06-30 13:47:00+00:00,24.95,25.381134803395796,4,-0.43113480339579624,0.43113480339579624
DUISBURG-MEIDERICH SCHLEUSE UW,2026-06-30 13:47:00+00:00,18.23,18.683678535443534,4,-0.4536785354435331,0.4536785354435331
DUISBURG-MEIDERICH SCHLEUSE OW,2026-06-30 13:48:00+00:00,24.96,25.381134803395796,4,-0.4211348033957947,0.4211348033957947
DUISBURG-MEIDERICH SCHLEUSE UW,2026-06-30 13:48:00+00:00,18.23,18.677250553063125,4,-0.44725055306312456,0.44725055306312456
DUISBURG-MEIDERICH SCHLEUSE OW,2026-06-30 13:49:00+00:00,24.96,25.381134803395796,4,-0.4211348033957947,0.4211348033957947
DUISBURG-MEIDERICH SCHLEUSE UW,2026-06-30 13:49:00+00:00,18.23,18.677250553063125,4,-0.44725055306312456,0.44725055306312456
Basel-Rheinhalle,2026-06-30 13:50:00+00:00,521.0,514.220765131902,4,6.779234868098001,6.779234868098001
DUISBURG-MEIDERICH SCHLEUSE OW,2026-06-30 13:50:00+00:00,24.95,25.381134803395796,4,-0.43113480339579624,0.43113480339579624
DUISBURG-MEIDERICH SCHLEUSE UW,2026-06-30 13:50:00+00:00,18.23,18.677250553063125,4,-0.44725055306312456,0.44725055306312456
LOBITH,2026-06-30 13:50:00+00:00,704.0,704.087052343903,4,-0.08705234390299665,0.08705234390299665
DUISBURG-MEIDERICH SCHLEUSE OW,2026-06-30 13:51:00+00:00,24.95,25.374706821015387,4,-0.4247068210153877,0.4247068210153877
DUISBURG-MEIDERICH SCHLEUSE UW,2026-06-30 13:51:00+00:00,18.23,18.677250553063125,4,-0.44725055306312456,0.44725055306312456
DUISBURG-MEIDERICH SCHLEUSE OW,2026-06-30 13:52:00+00:00,24.95,25.374706821015387,4,-0.4247068210153877,0.4247068210153877
DUISBURG-MEIDERICH SCHLEUSE UW,2026-06-30 13:52:00+00:00,18.23,18.677250553063125,4,-0.44725055306312456,0.44725055306312456
DUISBURG-MEIDERICH SCHLEUSE OW,2026-06-30 13:53:00+00:00,24.96,25.374706821015387,4,-0.41470682101538614,0.41470682101538614
DUISBURG-MEIDERICH SCHLEUSE UW,2026-06-30 13:53:00+00:00,18.23,18.677250553063125,4,-0.44725055306312456,0.44725055306312456
DUISBURG-MEIDERICH SCHLEUSE OW,2026-06-30 13:54:00+00:00,24.96,25.374706821015387,4,-0.41470682101538614,0.41470682101538614
DUISBURG-MEIDERICH SCHLEUSE UW,2026-06-30 13:54:00+00:00,18.23,18.677250553063125,4,-0.44725055306312456,0.44725055306312456
Basel-Rheinhalle,2026-06-30 13:55:00+00:00,521.0,514.2528352186282,4,6.747164781371794,6.747164781371794
DUISBURG-MEIDERICH SCHLEUSE OW,2026-06-30 13:55:00+00:00,24.96,25.374706821015387,4,-0.41470682101538614,0.41470682101538614
DUISBURG-MEIDERICH SCHLEUSE UW,2026-06-30 13:55:00+00:00,18.23,18.679984721759762,4,-0.4499847217597619,0.4499847217597619
DUISBURG-MEIDERICH SCHLEUSE OW,2026-06-30 13:56:00+00:00,24.96,25.374706821015387,4,-0.41470682101538614,0.41470682101538614
DUISBURG-MEIDERICH SCHLEUSE UW,2026-06-30 13:56:00+00:00,18.23,18.68641270414017,4,-0.45641270414017043,0.45641270414017043
DUISBURG-MEIDERICH SCHLEUSE OW,2026-06-30 13:57:00+00:00,24.96,25.38000846817375,4,-0.42000846817374793,0.42000846817374793
DUISBURG-MEIDERICH SCHLEUSE UW,2026-06-30 13:57:00+00:00,18.23,18.68641270414017,4,-0.45641270414017043,0.45641270414017043
DUISBURG-MEIDERICH SCHLEUSE OW,2026-06-30 13:58:00+00:00,24.96,25.38000846817375,4,-0.42000846817374793,0.42000846817374793
DUISBURG-MEIDERICH SCHLEUSE UW,2026-06-30 13:58:00+00:00,18.23,18.68641270414017,4,-0.45641270414017043,0.45641270414017043
DUISBURG-MEIDERICH SCHLEUSE OW,2026-06-30 13:59:00+00:00,24.96,25.38000846817375,4,-0.42000846817374793,0.42000846817374793
DUISBURG-MEIDERICH SCHLEUSE UW,2026-06-30 13:59:00+00:00,18.23,18.683678535443534,4,-0.4536785354435331,0.4536785354435331
BINGEN,2026-06-30 14:00:00+00:00,103.0,104.87989157353769,4,-1.8798915735376909,1.8798915735376909
BONN,2026-06-30 14:00:00+00:00,139.0,137.37878509724794,4,1.6212149027520582,1.6212149027520582
BREISACH,2026-06-30 14:00:00+00:00,194.0,192.08264780565082,4,1.9173521943491778,1.9173521943491778
Basel-Rheinhalle,2026-06-30 14:00:00+00:00,520.0,514.229591960222,4,5.770408039777976,5.770408039777976
DUISBURG-MEIDERICH SCHLEUSE OW,2026-06-30 14:00:00+00:00,24.96,25.08332931717459,4,-0.12332931717459061,0.12332931717459061
DUISBURG-MEIDERICH SCHLEUSE UW,2026-06-30 14:00:00+00:00,18.23,18.38782169951165,4,-0.1578216995116506,0.1578216995116506
DUISBURG-RUHRORT,2026-06-30 14:00:00+00:00,219.0,217.71056581207222,4,1.2894341879277817,1.2894341879277817
DÜSSELDORF,2026-06-30 14:00:00+00:00,88.0,86.98667686497812,4,1.0133231350218779,1.0133231350218779
EMMERICH,2026-06-30 14:00:00+00:00,54.0,52.963342508820396,4,1.0366574911796036,1.0366574911796036
IFFEZHEIM,2026-06-30 14:00:00+00:00,132.0,135.15083696394714,4,-3.1508369639471425,3.1508369639471425
KAUB,2026-06-30 14:00:00+00:00,88.0,89.67831951044276,4,-1.678319510442762,1.678319510442762
KOBLENZ,2026-06-30 14:00:00+00:00,90.0,91.48652340113959,4,-1.4865234011395927,1.4865234011395927
KONSTANZ-RHEIN,2026-06-30 14:00:00+00:00,313.0,312.6544203131525,4,0.3455796868474863,0.3455796868474863
Koblenz OP,2026-06-30 14:00:00+00:00,201.0,204.34051449064074,4,-3.340514490640743,3.340514490640743
Koblenz UP,2026-06-30 14:00:00+00:00,47.0,75.90595656841336,4,-28.90595656841336,28.90595656841336
KÖLN,2026-06-30 14:00:00+00:00,131.0,132.86613533072475,4,-1.8661353307247452,1.8661353307247452
LOBITH,2026-06-30 14:00:00+00:00,704.0,704.2210816373208,4,-0.22108163732082176,0.22108163732082176
MAINZ,2026-06-30 14:00:00+00:00,182.0,186.03371649455914,4,-4.033716494559144,4.033716494559144
MANNHEIM,2026-06-30 14:00:00+00:00,170.0,158.1454663144524,4,11.854533685547608,11.854533685547608
MAXAU,2026-06-30 14:00:00+00:00,396.0,403.1576116189498,4,-7.1576116189497725,7.1576116189497725
REES,2026-06-30 14:00:00+00:00,97.0,95.63337602400497,4,1.3666239759950258,1.3666239759950258
RHEINE UNTERSCHLEUSE,2026-06-30 14:00:00+00:00,195.0,193.16175364349732,4,1.8382463565026796,1.8382463565026796
RHEINWEILER,2026-06-30 14:00:00+00:00,225.0,221.27522236078687,4,3.72477763921313,3.72477763921313
SANKT GOAR,2026-06-30 14:00:00+00:00,179.0,187.91268885316924,4,-8.912688853169243,8.912688853169243
SPEYER,2026-06-30 14:00:00+00:00,262.0,261.55985039297707,4,0.4401496070229314,0.4401496070229314
WESEL,2026-06-30 14:00:00+00:00,156.0,152.39523557555611,4,3.6047644244438857,3.6047644244438857
WORMS,2026-06-30 14:00:00+00:00,77.0,74.81314398458669,4,2.186856015413312,2.186856015413312
DUISBURG-MEIDERICH SCHLEUSE OW,2026-06-30 14:01:00+00:00,24.96,25.09764846858186,4,-0.1376484685818582,0.1376484685818582
DUISBURG-MEIDERICH SCHLEUSE UW,2026-06-30 14:01:00+00:00,18.22,18.40214085091892,4,-0.18214085091891974,0.18214085091891974
DUISBURG-MEIDERICH SCHLEUSE OW,2026-06-30 14:02:00+00:00,24.96,25.095702659544468,4,-0.13570265954446725,0.13570265954446725
DUISBURG-MEIDERICH SCHLEUSE UW,2026-06-30 14:02:00+00:00,18.22,18.364589512259766,4,-0.1445895122597669,0.1445895122597669
DUISBURG-MEIDERICH SCHLEUSE OW,2026-06-30 14:03:00+00:00,24.96,25.270695551137756,4,-0.31069555113775493,0.31069555113775493
DUISBURG-MEIDERICH SCHLEUSE UW,2026-06-30 14:03:00+00:00,18.22,18.563671748993084,4,-0.34367174899308495,0.34367174899308495
DUISBURG-MEIDERICH SCHLEUSE OW,2026-06-30 14:04:00+00:00,24.96,25.270695551137756,4,-0.31069555113775493,0.31069555113775493
DUISBURG-MEIDERICH SCHLEUSE UW,2026-06-30 14:04:00+00:00,18.22,18.572470279935526,4,-0.3524702799355275,0.3524702799355275
Basel-Rheinhalle,2026-06-30 14:05:00+00:00,518.0,513.6666077277332,4,4.333392272266792,4.333392272266792
DUISBURG-MEIDERICH SCHLEUSE OW,2026-06-30 14:05:00+00:00,24.96,25.270695551137756,4,-0.31069555113775493,0.31069555113775493
DUISBURG-MEIDERICH SCHLEUSE UW,2026-06-30 14:05:00+00:00,18.23,18.569883445064523,4,-0.3398834450645225,0.3398834450645225
DUISBURG-MEIDERICH SCHLEUSE OW,2026-06-30 14:06:00+00:00,24.96,25.126568023643973,4,-0.16656802364397194,0.16656802364397194
DUISBURG-MEIDERICH SCHLEUSE UW,2026-06-30 14:06:00+00:00,18.23,18.42575591757074,4,-0.1957559175707395,0.1957559175707395
DUISBURG-MEIDERICH SCHLEUSE OW,2026-06-30 14:07:00+00:00,24.97,25.126568023643973,4,-0.15656802364397393,0.15656802364397393
DUISBURG-MEIDERICH SCHLEUSE UW,2026-06-30 14:07:00+00:00,18.23,18.42575591757074,4,-0.1957559175707395,0.1957559175707395
DUISBURG-MEIDERICH SCHLEUSE OW,2026-06-30 14:08:00+00:00,24.97,24.98862909808391,4,-0.018629098083909668,0.018629098083909668
DUISBURG-MEIDERICH SCHLEUSE UW,2026-06-30 14:08:00+00:00,18.23,18.287816992010676,4,-0.05781699201067525,0.05781699201067525
DUISBURG-MEIDERICH SCHLEUSE OW,2026-06-30 14:09:00+00:00,24.97,24.98862909808391,4,-0.018629098083909668,0.018629098083909668
DUISBURG-MEIDERICH SCHLEUSE UW,2026-06-30 14:09:00+00:00,18.23,18.290551160707313,4,-0.06055116070731259,0.06055116070731259
Basel-Rheinhalle,2026-06-30 14:10:00+00:00,518.0,513.63622416818,4,4.363775831820021,4.363775831820021
DUISBURG-MEIDERICH SCHLEUSE OW,2026-06-30 14:10:00+00:00,24.97,24.98862909808391,4,-0.018629098083909668,0.018629098083909668
DUISBURG-MEIDERICH SCHLEUSE UW,2026-06-30 14:10:00+00:00,18.23,18.284339464635874,4,-0.05433946463587347,0.05433946463587347
LOBITH,2026-06-30 14:10:00+00:00,703.0,704.3135281859917,4,-1.3135281859916859,1.3135281859916859
DUISBURG-MEIDERICH SCHLEUSE OW,2026-06-30 14:11:00+00:00,24.97,24.98862909808391,4,-0.018629098083909668,0.018629098083909668
DUISBURG-MEIDERICH SCHLEUSE UW,2026-06-30 14:11:00+00:00,18.23,18.284339464635874,4,-0.05433946463587347,0.05433946463587347
DUISBURG-MEIDERICH SCHLEUSE OW,2026-06-30 14:12:00+00:00,24.97,24.917757673415704,4,0.052242326584295284,0.052242326584295284
DUISBURG-MEIDERICH SCHLEUSE UW,2026-06-30 14:12:00+00:00,18.23,18.21346803996767,4,0.016531960032331483,0.016531960032331483
DUISBURG-MEIDERICH SCHLEUSE OW,2026-06-30 14:13:00+00:00,24.97,24.915303827626992,4,0.05469617237300639,0.05469617237300639
DUISBURG-MEIDERICH SCHLEUSE UW,2026-06-30 14:13:00+00:00,18.23,18.21346803996767,4,0.016531960032331483,0.016531960032331483
DUISBURG-MEIDERICH SCHLEUSE OW,2026-06-30 14:14:00+00:00,24.97,24.915303827626992,4,0.05469617237300639,0.05469617237300639
DUISBURG-MEIDERICH SCHLEUSE UW,2026-06-30 14:14:00+00:00,18.22,18.21346803996767,4,0.00653196003232992,0.00653196003232992
BINGEN,2026-06-30 14:15:00+00:00,103.0,104.58951775350025,4,-1.589517753500246,1.589517753500246
BONN,2026-06-30 14:15:00+00:00,139.0,137.3367534413442,4,1.6632465586557998,1.6632465586557998
BREISACH,2026-06-30 14:15:00+00:00,194.0,192.1477621998002,4,1.852237800199788,1.852237800199788
Basel-Rheinhalle,2026-06-30 14:15:00+00:00,519.0,513.7978434722802,4,5.202156527719808,5.202156527719808
DUISBURG-MEIDERICH SCHLEUSE OW,2026-06-30 14:15:00+00:00,24.97,24.915303827626992,4,0.05469617237300639,0.05469617237300639
DUISBURG-MEIDERICH SCHLEUSE UW,2026-06-30 14:15:00+00:00,18.22,18.219679736039108,4,0.00032026396089079867,0.00032026396089079867
DUISBURG-RUHRORT,2026-06-30 14:15:00+00:00,219.0,217.7038568412143,4,1.2961431587856964,1.2961431587856964
DÜSSELDORF,2026-06-30 14:15:00+00:00,89.0,88.09372611450434,4,0.9062738854956649,0.9062738854956649
EMMERICH,2026-06-30 14:15:00+00:00,53.0,55.23133176665373,4,-2.2313317666537316,2.2313317666537316
IFFEZHEIM,2026-06-30 14:15:00+00:00,136.0,134.72201218025575,4,1.2779878197442542,1.2779878197442542
KAUB,2026-06-30 14:15:00+00:00,88.0,89.49023268938029,4,-1.4902326893802922,1.4902326893802922
KOBLENZ,2026-06-30 14:15:00+00:00,91.0,92.18231356539431,4,-1.1823135653943098,1.1823135653943098
KONSTANZ-RHEIN,2026-06-30 14:15:00+00:00,313.0,312.69823646620694,4,0.3017635337930642,0.3017635337930642
Koblenz OP,2026-06-30 14:15:00+00:00,202.0,202.83578185531653,4,-0.8357818553165259,0.8357818553165259
Koblenz UP,2026-06-30 14:15:00+00:00,48.0,74.1948772455004,4,-26.194877245500393,26.194877245500393
KÖLN,2026-06-30 14:15:00+00:00,130.0,133.28159075827102,4,-3.2815907582710224,3.2815907582710224
MAINZ,2026-06-30 14:15:00+00:00,182.0,187.7070210016045,4,-5.707021001604488,5.707021001604488
MANNHEIM,2026-06-30 14:15:00+00:00,170.0,158.09724105170068,4,11.902758948299322,11.902758948299322
MAXAU,2026-06-30 14:15:00+00:00,396.0,403.17044146354044,4,-7.170441463540442,7.170441463540442
REES,2026-06-30 14:15:00+00:00,97.0,95.35710677855943,4,1.6428932214405734,1.6428932214405734
RHEINE UNTERSCHLEUSE,2026-06-30 14:15:00+00:00,196.0,193.05004975356303,4,2.94995024643697,2.94995024643697
RHEINWEILER,2026-06-30 14:15:00+00:00,225.0,221.2041531588851,4,3.7958468411148942,3.7958468411148942
SANKT GOAR,2026-06-30 14:15:00+00:00,179.0,187.79505618786325,4,-8.795056187863253,8.795056187863253
SPEYER,2026-06-30 14:15:00+00:00,262.0,261.8000552066539,4,0.1999447933461056,0.1999447933461056
WESEL,2026-06-30 14:15:00+00:00,156.0,152.10306712346446,4,3.896932876535544,3.896932876535544
WORMS,2026-06-30 14:15:00+00:00,77.0,74.77776440002117,4,2.2222355999788306,2.2222355999788306
DUISBURG-MEIDERICH SCHLEUSE OW,2026-06-30 14:16:00+00:00,24.97,24.915303827626992,4,0.05469617237300639,0.05469617237300639
DUISBURG-MEIDERICH SCHLEUSE UW,2026-06-30 14:16:00+00:00,18.22,18.219679736039108,4,0.00032026396089079867,0.00032026396089079867
DUISBURG-MEIDERICH SCHLEUSE OW,2026-06-30 14:17:00+00:00,24.97,24.911545977344264,4,0.058454022655734406,0.058454022655734406
DUISBURG-MEIDERICH SCHLEUSE UW,2026-06-30 14:17:00+00:00,18.22,18.219679736039108,4,0.00032026396089079867,0.00032026396089079867
DUISBURG-MEIDERICH SCHLEUSE OW,2026-06-30 14:18:00+00:00,24.97,24.915303827626992,4,0.05469617237300639,0.05469617237300639
DUISBURG-MEIDERICH SCHLEUSE UW,2026-06-30 14:18:00+00:00,18.22,18.219679736039108,4,0.00032026396089079867,0.00032026396089079867
DUISBURG-MEIDERICH SCHLEUSE OW,2026-06-30 14:19:00+00:00,24.97,24.924102358569435,4,0.04589764143056385,0.04589764143056385
DUISBURG-MEIDERICH SCHLEUSE UW,2026-06-30 14:19:00+00:00,18.22,18.219679736039108,4,0.00032026396089079867,0.00032026396089079867
Basel-Rheinhalle,2026-06-30 14:20:00+00:00,521.0,513.8244302084445,4,7.175569791555517,7.175569791555517
DUISBURG-MEIDERICH SCHLEUSE OW,2026-06-30 14:20:00+00:00,24.97,24.915303827626992,4,0.05469617237300639,0.05469617237300639
DUISBURG-MEIDERICH SCHLEUSE UW,2026-06-30 14:20:00+00:00,18.22,18.219679736039108,4,0.00032026396089079867,0.00032026396089079867
LOBITH,2026-06-30 14:20:00+00:00,704.0,704.3579373908758,4,-0.35793739087580434,0.35793739087580434
DUISBURG-MEIDERICH SCHLEUSE OW,2026-06-30 14:21:00+00:00,24.97,24.915303827626992,4,0.05469617237300639,0.05469617237300639
DUISBURG-MEIDERICH SCHLEUSE UW,2026-06-30 14:21:00+00:00,18.22,18.219679736039108,4,0.00032026396089079867,0.00032026396089079867
DUISBURG-MEIDERICH SCHLEUSE OW,2026-06-30 14:22:00+00:00,24.97,24.915303827626992,4,0.05469617237300639,0.05469617237300639
DUISBURG-MEIDERICH SCHLEUSE UW,2026-06-30 14:22:00+00:00,18.22,18.219679736039108,4,0.00032026396089079867,0.00032026396089079867
DUISBURG-MEIDERICH SCHLEUSE OW,2026-06-30 14:23:00+00:00,24.97,24.92151552369843,4,0.04848447630156727,0.04848447630156727
DUISBURG-MEIDERICH SCHLEUSE UW,2026-06-30 14:23:00+00:00,18.22,18.219679736039108,4,0.00032026396089079867,0.00032026396089079867
DUISBURG-MEIDERICH SCHLEUSE OW,2026-06-30 14:24:00+00:00,24.97,24.92151552369843,4,0.04848447630156727,0.04848447630156727
DUISBURG-MEIDERICH SCHLEUSE UW,2026-06-30 14:24:00+00:00,18.22,18.219679736039108,4,0.00032026396089079867,0.00032026396089079867
Basel-Rheinhalle,2026-06-30 14:25:00+00:00,522.0,514.0952214744301,4,7.9047785255698955,7.9047785255698955
DUISBURG-MEIDERICH SCHLEUSE OW,2026-06-30 14:25:00+00:00,24.98,24.92151552369843,4,0.05848447630156883,0.05848447630156883
DUISBURG-MEIDERICH SCHLEUSE UW,2026-06-30 14:25:00+00:00,18.23,18.21694556734247,4,0.013054432657529702,0.013054432657529702
DUISBURG-MEIDERICH SCHLEUSE OW,2026-06-30 14:26:00+00:00,24.98,24.92151552369843,4,0.05848447630156883,0.05848447630156883
DUISBURG-MEIDERICH SCHLEUSE UW,2026-06-30 14:26:00+00:00,18.23,18.21073387127103,4,0.019266128728968823,0.019266128728968823
DUISBURG-MEIDERICH SCHLEUSE OW,2026-06-30 14:27:00+00:00,24.98,24.92151552369843,4,0.05848447630156883,0.05848447630156883
DUISBURG-MEIDERICH SCHLEUSE UW,2026-06-30 14:27:00+00:00,18.23,18.21073387127103,4,0.019266128728968823,0.019266128728968823
DUISBURG-MEIDERICH SCHLEUSE OW,2026-06-30 14:28:00+00:00,24.98,24.92151552369843,4,0.05848447630156883,0.05848447630156883
DUISBURG-MEIDERICH SCHLEUSE UW,2026-06-30 14:28:00+00:00,18.23,18.21073387127103,4,0.019266128728968823,0.019266128728968823
DUISBURG-MEIDERICH SCHLEUSE OW,2026-06-30 14:29:00+00:00,24.98,24.92151552369843,4,0.05848447630156883,0.05848447630156883
DUISBURG-MEIDERICH SCHLEUSE UW,2026-06-30 14:29:00+00:00,18.23,18.21346803996767,4,0.016531960032331483,0.016531960032331483
BINGEN,2026-06-30 14:30:00+00:00,103.0,104.49680553350143,4,-1.4968055335014299,1.4968055335014299
BONN,2026-06-30 14:30:00+00:00,139.0,137.1826560120144,4,1.8173439879855948,1.8173439879855948
BREISACH,2026-06-30 14:30:00+00:00,191.0,192.54623213608775,4,-1.5462321360877525,1.5462321360877525
Basel-Rheinhalle,2026-06-30 14:30:00+00:00,522.0,514.1779404506551,4,7.8220595493448855,7.8220595493448855
DUISBURG-MEIDERICH SCHLEUSE OW,2026-06-30 14:30:00+00:00,24.98,24.92151552369843,4,0.05848447630156883,0.05848447630156883
DUISBURG-MEIDERICH SCHLEUSE UW,2026-06-30 14:30:00+00:00,18.23,18.21346803996767,4,0.016531960032331483,0.016531960032331483
DUISBURG-RUHRORT,2026-06-30 14:30:00+00:00,219.0,218.06835159664817,4,0.9316484033518293,0.9316484033518293
DÜSSELDORF,2026-06-30 14:30:00+00:00,88.0,88.28951095031019,4,-0.2895109503101878,0.2895109503101878
EMMERICH,2026-06-30 14:30:00+00:00,54.0,62.09556152738417,4,-8.09556152738417,8.09556152738417
IFFEZHEIM,2026-06-30 14:30:00+00:00,133.0,134.8895100007271,4,-1.889510000727114,1.889510000727114
KAUB,2026-06-30 14:30:00+00:00,87.0,90.2757959617778,4,-3.2757959617778027,3.2757959617778027
KOBLENZ,2026-06-30 14:30:00+00:00,86.0,91.28270083851996,4,-5.282700838519958,5.282700838519958
KONSTANZ-RHEIN,2026-06-30 14:30:00+00:00,313.0,312.64860036692033,4,0.3513996330796658,0.3513996330796658
Koblenz OP,2026-06-30 14:30:00+00:00,202.0,204.8190524386218,4,-2.81905243862181,2.81905243862181
Koblenz UP,2026-06-30 14:30:00+00:00,45.0,73.86574744275744,4,-28.86574744275744,28.86574744275744
KÖLN,2026-06-30 14:30:00+00:00,131.0,132.90080218393624,4,-1.9008021839362357,1.9008021839362357
LOBITH,2026-06-30 14:30:00+00:00,704.0,704.4149842236959,4,-0.41498422369591026,0.41498422369591026
MAINZ,2026-06-30 14:30:00+00:00,182.0,185.86067216907816,4,-3.860672169078157,3.860672169078157
MANNHEIM,2026-06-30 14:30:00+00:00,170.0,158.3868872559134,4,11.613112744086607,11.613112744086607
MAXAU,2026-06-30 14:30:00+00:00,397.0,403.30194297353427,4,-6.301942973534267,6.301942973534267
REES,2026-06-30 14:30:00+00:00,97.0,95.67290893069125,4,1.32709106930875,1.32709106930875
RHEINE UNTERSCHLEUSE,2026-06-30 14:30:00+00:00,196.0,193.02486111153468,4,2.975138888465324,2.975138888465324
RHEINWEILER,2026-06-30 14:30:00+00:00,223.0,221.13716381368272,4,1.8628361863172813,1.8628361863172813
SANKT GOAR,2026-06-30 14:30:00+00:00,179.0,187.92696568022026,4,-8.926965680220263,8.926965680220263
SPEYER,2026-06-30 14:30:00+00:00,262.0,262.0852336090968,4,-0.08523360909680378,0.08523360909680378
WESEL,2026-06-30 14:30:00+00:00,156.0,153.34379057066596,4,2.656209429334041,2.656209429334041
WORMS,2026-06-30 14:30:00+00:00,79.0,74.77934875957972,4,4.220651240420281,4.220651240420281
DUISBURG-MEIDERICH SCHLEUSE OW,2026-06-30 14:31:00+00:00,24.98,24.92151552369843,4,0.05848447630156883,0.05848447630156883
DUISBURG-MEIDERICH SCHLEUSE UW,2026-06-30 14:31:00+00:00,18.23,18.22226657091011,4,0.0077334290898889435,0.0077334290898889435
DUISBURG-MEIDERICH SCHLEUSE OW,2026-06-30 14:32:00+00:00,24.98,24.92300197815547,4,0.05699802184453162,0.05699802184453162
DUISBURG-MEIDERICH SCHLEUSE UW,2026-06-30 14:32:00+00:00,18.23,18.22226657091011,4,0.0077334290898889435,0.0077334290898889435
DUISBURG-MEIDERICH SCHLEUSE OW,2026-06-30 14:33:00+00:00,24.98,24.92300197815547,4,0.05699802184453162,0.05699802184453162
DUISBURG-MEIDERICH SCHLEUSE UW,2026-06-30 14:33:00+00:00,18.23,18.22226657091011,4,0.0077334290898889435,0.0077334290898889435
DUISBURG-MEIDERICH SCHLEUSE OW,2026-06-30 14:34:00+00:00,24.98,24.92300197815547,4,0.05699802184453162,0.05699802184453162
DUISBURG-MEIDERICH SCHLEUSE UW,2026-06-30 14:34:00+00:00,18.23,18.22226657091011,4,0.0077334290898889435,0.0077334290898889435
Basel-Rheinhalle,2026-06-30 14:35:00+00:00,521.0,515.3689893613279,4,5.631010638672137,5.631010638672137
DUISBURG-MEIDERICH SCHLEUSE OW,2026-06-30 14:35:00+00:00,24.98,24.92300197815547,4,0.05699802184453162,0.05699802184453162
DUISBURG-MEIDERICH SCHLEUSE UW,2026-06-30 14:35:00+00:00,18.23,18.219679736039108,4,0.010320263960892362,0.010320263960892362
DUISBURG-MEIDERICH SCHLEUSE OW,2026-06-30 14:36:00+00:00,24.98,24.92300197815547,4,0.05699802184453162,0.05699802184453162
DUISBURG-MEIDERICH SCHLEUSE UW,2026-06-30 14:36:00+00:00,18.23,18.219679736039108,4,0.010320263960892362,0.010320263960892362
DUISBURG-MEIDERICH SCHLEUSE OW,2026-06-30 14:37:00+00:00,24.98,24.929213674226908,4,0.0507863257730925,0.0507863257730925
DUISBURG-MEIDERICH SCHLEUSE UW,2026-06-30 14:37:00+00:00,18.22,18.219679736039108,4,0.00032026396089079867,0.00032026396089079867
DUISBURG-MEIDERICH SCHLEUSE OW,2026-06-30 14:38:00+00:00,24.98,24.929213674226908,4,0.0507863257730925,0.0507863257730925
DUISBURG-MEIDERICH SCHLEUSE UW,2026-06-30 14:38:00+00:00,18.23,18.21694556734247,4,0.013054432657529702,0.013054432657529702
DUISBURG-MEIDERICH SCHLEUSE OW,2026-06-30 14:39:00+00:00,24.98,24.929213674226908,4,0.0507863257730925,0.0507863257730925
DUISBURG-MEIDERICH SCHLEUSE UW,2026-06-30 14:39:00+00:00,18.22,18.21073387127103,4,0.00926612872896726,0.00926612872896726
Basel-Rheinhalle,2026-06-30 14:40:00+00:00,520.0,515.0577265709173,4,4.942273429082661,4.942273429082661
DUISBURG-MEIDERICH SCHLEUSE OW,2026-06-30 14:40:00+00:00,24.98,24.929213674226908,4,0.0507863257730925,0.0507863257730925
DUISBURG-MEIDERICH SCHLEUSE UW,2026-06-30 14:40:00+00:00,18.22,18.21073387127103,4,0.00926612872896726,0.00926612872896726
LOBITH,2026-06-30 14:40:00+00:00,703.0,704.3965835428411,4,-1.3965835428410855,1.3965835428410855
DUISBURG-MEIDERICH SCHLEUSE OW,2026-06-30 14:41:00+00:00,24.98,24.929213674226908,4,0.0507863257730925,0.0507863257730925
DUISBURG-MEIDERICH SCHLEUSE UW,2026-06-30 14:41:00+00:00,18.22,18.21073387127103,4,0.00926612872896726,0.00926612872896726
DUISBURG-MEIDERICH SCHLEUSE OW,2026-06-30 14:42:00+00:00,24.99,24.929213674226908,4,0.06078632577309051,0.06078632577309051
DUISBURG-MEIDERICH SCHLEUSE UW,2026-06-30 14:42:00+00:00,18.23,18.21073387127103,4,0.019266128728968823,0.019266128728968823
DUISBURG-MEIDERICH SCHLEUSE OW,2026-06-30 14:43:00+00:00,24.99,24.929213674226908,4,0.06078632577309051,0.06078632577309051
DUISBURG-MEIDERICH SCHLEUSE UW,2026-06-30 14:43:00+00:00,18.23,18.21073387127103,4,0.019266128728968823,0.019266128728968823
DUISBURG-MEIDERICH SCHLEUSE OW,2026-06-30 14:44:00+00:00,24.99,24.929213674226908,4,0.06078632577309051,0.06078632577309051
DUISBURG-MEIDERICH SCHLEUSE UW,2026-06-30 14:44:00+00:00,18.23,18.21694556734247,4,0.013054432657529702,0.013054432657529702
BINGEN,2026-06-30 14:45:00+00:00,103.0,104.18001219792512,4,-1.180012197925123,1.180012197925123
BONN,2026-06-30 14:45:00+00:00,139.0,137.8285469882954,4,1.1714530117046138,1.1714530117046138
BREISACH,2026-06-30 14:45:00+00:00,187.0,192.96536249496393,4,-5.965362494963927,5.965362494963927
Basel-Rheinhalle,2026-06-30 14:45:00+00:00,521.0,514.8058822202221,4,6.194117779777912,6.194117779777912
DUISBURG-MEIDERICH SCHLEUSE OW,2026-06-30 14:45:00+00:00,24.99,24.929213674226908,4,0.06078632577309051,0.06078632577309051
DUISBURG-MEIDERICH SCHLEUSE UW,2026-06-30 14:45:00+00:00,18.23,18.21694556734247,4,0.013054432657529702,0.013054432657529702
DUISBURG-RUHRORT,2026-06-30 14:45:00+00:00,219.0,218.1618544972044,4,0.8381455027956122,0.8381455027956122
DÜSSELDORF,2026-06-30 14:45:00+00:00,89.0,89.21383143295773,4,-0.21383143295773266,0.21383143295773266
EMMERICH,2026-06-30 14:45:00+00:00,54.0,61.03916753233887,4,-7.0391675323388725,7.0391675323388725
IFFEZHEIM,2026-06-30 14:45:00+00:00,133.0,135.47755991581855,4,-2.4775599158185457,2.4775599158185457
KAUB,2026-06-30 14:45:00+00:00,87.0,90.1582055943802,4,-3.158205594380206,3.158205594380206
KOBLENZ,2026-06-30 14:45:00+00:00,88.0,91.26506205641375,4,-3.265062056413754,3.265062056413754
KONSTANZ-RHEIN,2026-06-30 14:45:00+00:00,313.0,312.64860036692033,4,0.3513996330796658,0.3513996330796658
Koblenz OP,2026-06-30 14:45:00+00:00,201.0,204.72744740085912,4,-3.72744740085912,3.72744740085912
Koblenz UP,2026-06-30 14:45:00+00:00,45.0,72.47873862291087,4,-27.478738622910868,27.478738622910868
KÖLN,2026-06-30 14:45:00+00:00,131.0,132.85978312398595,4,-1.8597831239859488,1.8597831239859488
MAINZ,2026-06-30 14:45:00+00:00,183.0,185.48702845563565,4,-2.4870284556356523,2.4870284556356523
MANNHEIM,2026-06-30 14:45:00+00:00,170.0,157.9261096008749,4,12.073890399125105,12.073890399125105
MAXAU,2026-06-30 14:45:00+00:00,395.0,403.46552818938596,4,-8.465528189385964,8.465528189385964
REES,2026-06-30 14:45:00+00:00,97.0,96.06457103989663,4,0.9354289601033656,0.9354289601033656
RHEINE UNTERSCHLEUSE,2026-06-30 14:45:00+00:00,196.0,190.45730492998496,4,5.542695070015043,5.542695070015043
RHEINWEILER,2026-06-30 14:45:00+00:00,223.0,221.13716381368272,4,1.8628361863172813,1.8628361863172813
SANKT GOAR,2026-06-30 14:45:00+00:00,179.0,187.87586447134194,4,-8.875864471341941,8.875864471341941
SPEYER,2026-06-30 14:45:00+00:00,263.0,262.02807108469744,4,0.9719289153025557,0.9719289153025557
WESEL,2026-06-30 14:45:00+00:00,155.0,151.74532155953042,4,3.2546784404695757,3.2546784404695757
WORMS,2026-06-30 14:45:00+00:00,77.0,75.05191677748978,4,1.9480832225102205,1.9480832225102205
DUISBURG-MEIDERICH SCHLEUSE OW,2026-06-30 14:46:00+00:00,24.99,24.92639835619174,5,0.0636016438082585,0.0636016438082585
DUISBURG-MEIDERICH SCHLEUSE UW,2026-06-30 14:46:00+00:00,18.23,18.24075402335703,5,-0.010754023357030462,0.010754023357030462
DUISBURG-MEIDERICH SCHLEUSE OW,2026-06-30 14:47:00+00:00,24.99,24.92639835619174,5,0.0636016438082585,0.0636016438082585
DUISBURG-MEIDERICH SCHLEUSE UW,2026-06-30 14:47:00+00:00,18.23,18.24075402335703,5,-0.010754023357030462,0.010754023357030462
DUISBURG-MEIDERICH SCHLEUSE OW,2026-06-30 14:48:00+00:00,24.99,24.92639835619174,5,0.0636016438082585,0.0636016438082585
DUISBURG-MEIDERICH SCHLEUSE UW,2026-06-30 14:48:00+00:00,18.23,18.24075402335703,5,-0.010754023357030462,0.010754023357030462
DUISBURG-MEIDERICH SCHLEUSE OW,2026-06-30 14:49:00+00:00,24.99,24.929071560090442,5,0.06092843990955643,0.06092843990955643
DUISBURG-MEIDERICH SCHLEUSE UW,2026-06-30 14:49:00+00:00,18.23,18.24075402335703,5,-0.010754023357030462,0.010754023357030462
Basel-Rheinhalle,2026-06-30 14:50:00+00:00,522.0,520.1035849659154,5,1.8964150340846118,1.8964150340846118
DUISBURG-MEIDERICH SCHLEUSE OW,2026-06-30 14:50:00+00:00,24.99,24.931049987806784,5,0.05895001219321472,0.05895001219321472
DUISBURG-MEIDERICH SCHLEUSE UW,2026-06-30 14:50:00+00:00,18.23,18.24075402335703,5,-0.010754023357030462,0.010754023357030462
LOBITH,2026-06-30 14:50:00+00:00,703.0,703.7445033098649,5,-0.7445033098648537,0.7445033098648537
DUISBURG-MEIDERICH SCHLEUSE OW,2026-06-30 14:51:00+00:00,24.99,24.931049987806784,5,0.05895001219321472,0.05895001219321472
DUISBURG-MEIDERICH SCHLEUSE UW,2026-06-30 14:51:00+00:00,18.23,18.24075402335703,5,-0.010754023357030462,0.010754023357030462
DUISBURG-MEIDERICH SCHLEUSE OW,2026-06-30 14:52:00+00:00,24.99,24.931049987806784,5,0.05895001219321472,0.05895001219321472
DUISBURG-MEIDERICH SCHLEUSE UW,2026-06-30 14:52:00+00:00,18.23,18.24075402335703,5,-0.010754023357030462,0.010754023357030462
DUISBURG-MEIDERICH SCHLEUSE OW,2026-06-30 14:53:00+00:00,24.99,24.931049987806784,5,0.05895001219321472,0.05895001219321472
DUISBURG-MEIDERICH SCHLEUSE UW,2026-06-30 14:53:00+00:00,18.23,18.24075402335703,5,-0.010754023357030462,0.010754023357030462
DUISBURG-MEIDERICH SCHLEUSE OW,2026-06-30 14:54:00+00:00,24.99,24.931049987806784,5,0.05895001219321472,0.05895001219321472
DUISBURG-MEIDERICH SCHLEUSE UW,2026-06-30 14:54:00+00:00,18.23,18.24075402335703,5,-0.010754023357030462,0.010754023357030462
Basel-Rheinhalle,2026-06-30 14:55:00+00:00,522.0,519.9049195656647,5,2.095080434335273,2.095080434335273
DUISBURG-MEIDERICH SCHLEUSE OW,2026-06-30 14:55:00+00:00,24.99,24.931049987806784,5,0.05895001219321472,0.05895001219321472
DUISBURG-MEIDERICH SCHLEUSE UW,2026-06-30 14:55:00+00:00,18.23,18.24051744893975,5,-0.010517448939751262,0.010517448939751262
DUISBURG-MEIDERICH SCHLEUSE OW,2026-06-30 14:56:00+00:00,24.99,24.931049987806784,5,0.05895001219321472,0.05895001219321472
DUISBURG-MEIDERICH SCHLEUSE UW,2026-06-30 14:56:00+00:00,18.23,18.24051744893975,5,-0.010517448939751262,0.010517448939751262
DUISBURG-MEIDERICH SCHLEUSE OW,2026-06-30 14:57:00+00:00,25.0,24.931049987806784,5,0.06895001219321628,0.06895001219321628
DUISBURG-MEIDERICH SCHLEUSE UW,2026-06-30 14:57:00+00:00,18.23,18.24051744893975,5,-0.010517448939751262,0.010517448939751262
DUISBURG-MEIDERICH SCHLEUSE OW,2026-06-30 14:58:00+00:00,25.0,24.931049987806784,5,0.06895001219321628,0.06895001219321628
DUISBURG-MEIDERICH SCHLEUSE UW,2026-06-30 14:58:00+00:00,18.23,18.24051744893975,5,-0.010517448939751262,0.010517448939751262
DUISBURG-MEIDERICH SCHLEUSE OW,2026-06-30 14:59:00+00:00,25.0,24.931049987806784,5,0.06895001219321628,0.06895001219321628
DUISBURG-MEIDERICH SCHLEUSE UW,2026-06-30 14:59:00+00:00,18.23,18.24051744893975,5,-0.010517448939751262,0.010517448939751262
BINGEN,2026-06-30 15:00:00+00:00,52.0,102.34017803460813,5,-50.34017803460813,50.34017803460813
BONN,2026-06-30 15:00:00+00:00,81.0,137.6853747589124,5,-56.68537475891239,56.68537475891239
BREISACH,2026-06-30 15:00:00+00:00,180.0,193.59305373361195,5,-13.593053733611953,13.593053733611953
Basel-Rheinhalle,2026-06-30 15:00:00+00:00,522.0,519.44059281911,5,2.559407180890048,2.559407180890048
DUISBURG-MEIDERICH SCHLEUSE OW,2026-06-30 15:00:00+00:00,25.0,24.92503156667288,5,0.07496843332711833,0.07496843332711833
DUISBURG-MEIDERICH SCHLEUSE UW,2026-06-30 15:00:00+00:00,18.23,18.218590901056142,5,0.011409098943857998,0.011409098943857998
DUISBURG-RUHRORT,2026-06-30 15:00:00+00:00,156.0,219.69089645425277,5,-63.690896454252766,63.690896454252766
DÜSSELDORF,2026-06-30 15:00:00+00:00,27.0,89.4325454444182,5,-62.432545444418196,62.432545444418196
EMMERICH,2026-06-30 15:00:00+00:00,5.0,57.94309629580811,5,-52.94309629580811,52.94309629580811
IFFEZHEIM,2026-06-30 15:00:00+00:00,68.0,133.6753686828716,5,-65.6753686828716,65.6753686828716
KAUB,2026-06-30 15:00:00+00:00,26.0,86.78463029270301,5,-60.784630292703014,60.784630292703014
KOBLENZ,2026-06-30 15:00:00+00:00,21.0,85.88277957221032,5,-64.88277957221032,64.88277957221032
KONSTANZ-RHEIN,2026-06-30 15:00:00+00:00,273.0,313.3103326384593,5,-40.31033263845927,40.31033263845927
Koblenz OP,2026-06-30 15:00:00+00:00,200.0,204.44732726048554,5,-4.447327260485537,4.447327260485537
Koblenz UP,2026-06-30 15:00:00+00:00,37.0,46.38990527931678,5,-9.389905279316778,9.389905279316778
KÖLN,2026-06-30 15:00:00+00:00,70.0,130.88393477537988,5,-60.883934775379885,60.883934775379885
LOBITH,2026-06-30 15:00:00+00:00,704.0,703.6939253386724,5,0.3060746613275569,0.3060746613275569
MAINZ,2026-06-30 15:00:00+00:00,129.0,184.28947359621864,5,-55.28947359621864,55.28947359621864
MANNHEIM,2026-06-30 15:00:00+00:00,96.0,169.9953244739828,5,-73.9953244739828,73.9953244739828
MAXAU,2026-06-30 15:00:00+00:00,316.0,397.0784080427953,5,-81.07840804279527,81.07840804279527
REES,2026-06-30 15:00:00+00:00,39.0,96.42257816847287,5,-57.42257816847287,57.42257816847287
RHEINE UNTERSCHLEUSE,2026-06-30 15:00:00+00:00,186.0,197.51030945283856,5,-11.510309452838555,11.510309452838555
RHEINWEILER,2026-06-30 15:00:00+00:00,220.0,224.07302356763068,5,-4.073023567630685,4.073023567630685
SANKT GOAR,2026-06-30 15:00:00+00:00,109.0,180.71189762115597,5,-71.71189762115597,71.71189762115597
SPEYER,2026-06-30 15:00:00+00:00,182.0,261.5410351466025,5,-79.5410351466025,79.5410351466025
WESEL,2026-06-30 15:00:00+00:00,93.0,155.33942391544463,5,-62.33942391544463,62.33942391544463
WORMS,2026-06-30 15:00:00+00:00,12.0,77.08178919398057,5,-65.08178919398057,65.08178919398057
DUISBURG-MEIDERICH SCHLEUSE OW,2026-06-30 15:01:00+00:00,25.0,24.637574955498582,5,0.36242504450141766,0.36242504450141766
DUISBURG-MEIDERICH SCHLEUSE UW,2026-06-30 15:01:00+00:00,18.23,17.931134289881843,5,0.2988657101181573,0.2988657101181573
DUISBURG-MEIDERICH SCHLEUSE OW,2026-06-30 15:02:00+00:00,25.0,24.637574955498582,5,0.36242504450141766,0.36242504450141766
DUISBURG-MEIDERICH SCHLEUSE UW,2026-06-30 15:02:00+00:00,18.23,17.931134289881843,5,0.2988657101181573,0.2988657101181573
DUISBURG-MEIDERICH SCHLEUSE OW,2026-06-30 15:03:00+00:00,25.0,24.931049987806784,5,0.06895001219321628,0.06895001219321628
DUISBURG-MEIDERICH SCHLEUSE UW,2026-06-30 15:03:00+00:00,18.23,18.24051744893975,5,-0.010517448939751262,0.010517448939751262
DUISBURG-MEIDERICH SCHLEUSE OW,2026-06-30 15:04:00+00:00,25.0,24.931049987806784,5,0.06895001219321628,0.06895001219321628
DUISBURG-MEIDERICH SCHLEUSE UW,2026-06-30 15:04:00+00:00,18.23,18.24051744893975,5,-0.010517448939751262,0.010517448939751262
Basel-Rheinhalle,2026-06-30 15:05:00+00:00,522.0,519.6461756057537,5,2.353824394246317,2.353824394246317
DUISBURG-MEIDERICH SCHLEUSE OW,2026-06-30 15:05:00+00:00,25.0,24.931049987806784,5,0.06895001219321628,0.06895001219321628
DUISBURG-MEIDERICH SCHLEUSE UW,2026-06-30 15:05:00+00:00,18.23,18.24051744893975,5,-0.010517448939751262,0.010517448939751262
DUISBURG-MEIDERICH SCHLEUSE OW,2026-06-30 15:06:00+00:00,25.0,25.02190313311449,5,-0.021903133114488327,0.021903133114488327
DUISBURG-MEIDERICH SCHLEUSE UW,2026-06-30 15:06:00+00:00,18.23,18.280348002746727,5,-0.050348002746726905,0.050348002746726905
DUISBURG-MEIDERICH SCHLEUSE OW,2026-06-30 15:07:00+00:00,25.0,24.96241439672182,5,0.03758560327818117,0.03758560327818117
DUISBURG-MEIDERICH SCHLEUSE UW,2026-06-30 15:07:00+00:00,18.23,18.266644947644863,5,-0.036644947644862924,0.036644947644862924
DUISBURG-MEIDERICH SCHLEUSE OW,2026-06-30 15:08:00+00:00,25.0,24.983605987521752,5,0.016394012478247788,0.016394012478247788
DUISBURG-MEIDERICH SCHLEUSE UW,2026-06-30 15:08:00+00:00,18.23,18.287599964027518,5,-0.0575999640275171,0.0575999640275171
DUISBURG-MEIDERICH SCHLEUSE OW,2026-06-30 15:09:00+00:00,25.0,24.983605987521752,5,0.016394012478247788,0.016394012478247788
DUISBURG-MEIDERICH SCHLEUSE UW,2026-06-30 15:09:00+00:00,18.23,18.287836538444797,5,-0.057836538444796304,0.057836538444796304
Basel-Rheinhalle,2026-06-30 15:10:00+00:00,521.0,519.4975354440744,5,1.5024645559255987,1.5024645559255987
DUISBURG-MEIDERICH SCHLEUSE OW,2026-06-30 15:10:00+00:00,25.0,24.983605987521752,5,0.016394012478247788,0.016394012478247788
DUISBURG-MEIDERICH SCHLEUSE UW,2026-06-30 15:10:00+00:00,18.23,18.287836538444797,5,-0.057836538444796304,0.057836538444796304
LOBITH,2026-06-30 15:10:00+00:00,704.0,703.3049335903921,5,0.6950664096078754,0.6950664096078754
DUISBURG-MEIDERICH SCHLEUSE OW,2026-06-30 15:11:00+00:00,25.0,24.983605987521752,5,0.016394012478247788,0.016394012478247788
DUISBURG-MEIDERICH SCHLEUSE UW,2026-06-30 15:11:00+00:00,18.23,18.308062683475814,5,-0.0780626834758138,0.0780626834758138
DUISBURG-MEIDERICH SCHLEUSE OW,2026-06-30 15:12:00+00:00,25.0,24.936523472433986,5,0.06347652756601363,0.06347652756601363
DUISBURG-MEIDERICH SCHLEUSE UW,2026-06-30 15:12:00+00:00,18.23,18.24051744893975,5,-0.010517448939751262,0.010517448939751262
DUISBURG-MEIDERICH SCHLEUSE OW,2026-06-30 15:13:00+00:00,25.0,24.936523472433986,5,0.06347652756601363,0.06347652756601363
DUISBURG-MEIDERICH SCHLEUSE UW,2026-06-30 15:13:00+00:00,18.23,18.24051744893975,5,-0.010517448939751262,0.010517448939751262
DUISBURG-MEIDERICH SCHLEUSE OW,2026-06-30 15:14:00+00:00,25.0,24.936523472433986,5,0.06347652756601363,0.06347652756601363
DUISBURG-MEIDERICH SCHLEUSE UW,2026-06-30 15:14:00+00:00,18.23,18.24051744893975,5,-0.010517448939751262,0.010517448939751262
BINGEN,2026-06-30 15:15:00+00:00,52.0,102.96871004849714,5,-50.968710048497144,50.968710048497144
BONN,2026-06-30 15:15:00+00:00,81.0,137.79238888203247,5,-56.79238888203247,56.79238888203247
BREISACH,2026-06-30 15:15:00+00:00,185.0,194.87207893847574,5,-9.872078938475738,9.872078938475738
Basel-Rheinhalle,2026-06-30 15:15:00+00:00,521.0,517.0496430822378,5,3.9503569177621785,3.9503569177621785
DUISBURG-MEIDERICH SCHLEUSE OW,2026-06-30 15:15:00+00:00,25.0,24.936523472433986,5,0.06347652756601363,0.06347652756601363
DUISBURG-MEIDERICH SCHLEUSE UW,2026-06-30 15:15:00+00:00,18.23,18.24051744893975,5,-0.010517448939751262,0.010517448939751262
DUISBURG-RUHRORT,2026-06-30 15:15:00+00:00,155.0,219.5214463029278,5,-64.52144630292781,64.52144630292781
DÜSSELDORF,2026-06-30 15:15:00+00:00,27.0,91.06731570108288,5,-64.06731570108288,64.06731570108288
EMMERICH,2026-06-30 15:15:00+00:00,5.0,53.76288451973856,5,-48.76288451973856,48.76288451973856
IFFEZHEIM,2026-06-30 15:15:00+00:00,74.0,133.14269251960692,5,-59.142692519606925,59.142692519606925
KAUB,2026-06-30 15:15:00+00:00,29.0,87.66930547541752,5,-58.66930547541752,58.66930547541752
KOBLENZ,2026-06-30 15:15:00+00:00,18.0,85.78984627530659,5,-67.78984627530659,67.78984627530659
KONSTANZ-RHEIN,2026-06-30 15:15:00+00:00,273.0,313.3539690767228,5,-40.35396907672282,40.35396907672282
Koblenz OP,2026-06-30 15:15:00+00:00,202.0,204.51352526633883,5,-2.5135252663388314,2.5135252663388314
KÖLN,2026-06-30 15:15:00+00:00,69.0,130.37501150591538,5,-61.37501150591538,61.37501150591538
MAINZ,2026-06-30 15:15:00+00:00,128.0,182.10554353780972,5,-54.10554353780972,54.10554353780972
MANNHEIM,2026-06-30 15:15:00+00:00,97.0,169.92066851797534,5,-72.92066851797534,72.92066851797534
MAXAU,2026-06-30 15:15:00+00:00,318.0,396.7961216721713,5,-78.7961216721713,78.7961216721713
REES,2026-06-30 15:15:00+00:00,38.0,95.98325134066069,5,-57.983251340660686,57.983251340660686
RHEINE UNTERSCHLEUSE,2026-06-30 15:15:00+00:00,186.0,197.75925413470262,5,-11.759254134702616,11.759254134702616
RHEINWEILER,2026-06-30 15:15:00+00:00,221.0,224.07302356763068,5,-3.0730235676306847,3.0730235676306847
SANKT GOAR,2026-06-30 15:15:00+00:00,112.0,180.8781627303367,5,-68.8781627303367,68.8781627303367
SPEYER,2026-06-30 15:15:00+00:00,181.0,261.8850745790352,5,-80.88507457903518,80.88507457903518
WESEL,2026-06-30 15:15:00+00:00,91.0,152.877700689885,5,-61.87770068988499,61.87770068988499
WORMS,2026-06-30 15:15:00+00:00,12.0,76.61661230381505,5,-64.61661230381505,64.61661230381505
DUISBURG-MEIDERICH SCHLEUSE OW,2026-06-30 15:16:00+00:00,25.0,24.936523472433986,5,0.06347652756601363,0.06347652756601363
DUISBURG-MEIDERICH SCHLEUSE UW,2026-06-30 15:16:00+00:00,18.23,18.24051744893975,5,-0.010517448939751262,0.010517448939751262
DUISBURG-MEIDERICH SCHLEUSE OW,2026-06-30 15:17:00+00:00,25.0,24.936523472433986,5,0.06347652756601363,0.06347652756601363
DUISBURG-MEIDERICH SCHLEUSE UW,2026-06-30 15:17:00+00:00,18.23,18.24051744893975,5,-0.010517448939751262,0.010517448939751262
DUISBURG-MEIDERICH SCHLEUSE OW,2026-06-30 15:18:00+00:00,25.0,24.936523472433986,5,0.06347652756601363,0.06347652756601363
DUISBURG-MEIDERICH SCHLEUSE UW,2026-06-30 15:18:00+00:00,18.23,18.24051744893975,5,-0.010517448939751262,0.010517448939751262
DUISBURG-MEIDERICH SCHLEUSE OW,2026-06-30 15:19:00+00:00,25.0,24.936523472433986,5,0.06347652756601363,0.06347652756601363
DUISBURG-MEIDERICH SCHLEUSE UW,2026-06-30 15:19:00+00:00,18.23,18.24051744893975,5,-0.010517448939751262,0.010517448939751262
Basel-Rheinhalle,2026-06-30 15:20:00+00:00,521.0,516.7156875978621,5,4.284312402137857,4.284312402137857
DUISBURG-MEIDERICH SCHLEUSE OW,2026-06-30 15:20:00+00:00,25.01,24.936523472433986,5,0.07347652756601519,0.07347652756601519
DUISBURG-MEIDERICH SCHLEUSE UW,2026-06-30 15:20:00+00:00,18.23,18.24051744893975,5,-0.010517448939751262,0.010517448939751262
LOBITH,2026-06-30 15:20:00+00:00,703.0,703.5430998223609,5,-0.5430998223608867,0.5430998223608867
DUISBURG-MEIDERICH SCHLEUSE OW,2026-06-30 15:21:00+00:00,25.01,24.9390486254709,5,0.07095137452910194,0.07095137452910194
DUISBURG-MEIDERICH SCHLEUSE UW,2026-06-30 15:21:00+00:00,18.23,18.24051744893975,5,-0.010517448939751262,0.010517448939751262
DUISBURG-MEIDERICH SCHLEUSE OW,2026-06-30 15:22:00+00:00,25.01,24.9390486254709,5,0.07095137452910194,0.07095137452910194
DUISBURG-MEIDERICH SCHLEUSE UW,2026-06-30 15:22:00+00:00,18.23,18.24051744893975,5,-0.010517448939751262,0.010517448939751262
DUISBURG-MEIDERICH SCHLEUSE OW,2026-06-30 15:23:00+00:00,25.01,24.9390486254709,5,0.07095137452910194,0.07095137452910194
DUISBURG-MEIDERICH SCHLEUSE UW,2026-06-30 15:23:00+00:00,18.23,18.24051744893975,5,-0.010517448939751262,0.010517448939751262
DUISBURG-MEIDERICH SCHLEUSE OW,2026-06-30 15:24:00+00:00,25.01,24.9390486254709,5,0.07095137452910194,0.07095137452910194
DUISBURG-MEIDERICH SCHLEUSE UW,2026-06-30 15:24:00+00:00,18.23,18.24051744893975,5,-0.010517448939751262,0.010517448939751262
Basel-Rheinhalle,2026-06-30 15:25:00+00:00,520.0,516.7472561301646,5,3.252743869835399,3.252743869835399
DUISBURG-MEIDERICH SCHLEUSE OW,2026-06-30 15:25:00+00:00,25.01,24.9390486254709,5,0.07095137452910194,0.07095137452910194
DUISBURG-MEIDERICH SCHLEUSE UW,2026-06-30 15:25:00+00:00,18.24,18.24051744893975,5,-0.0005174489397532511,0.0005174489397532511
DUISBURG-MEIDERICH SCHLEUSE OW,2026-06-30 15:26:00+00:00,25.01,24.9390486254709,5,0.07095137452910194,0.07095137452910194
DUISBURG-MEIDERICH SCHLEUSE UW,2026-06-30 15:26:00+00:00,18.24,18.24051744893975,5,-0.0005174489397532511,0.0005174489397532511
DUISBURG-MEIDERICH SCHLEUSE OW,2026-06-30 15:27:00+00:00,25.01,24.9390486254709,5,0.07095137452910194,0.07095137452910194
DUISBURG-MEIDERICH SCHLEUSE UW,2026-06-30 15:27:00+00:00,18.24,18.24051744893975,5,-0.0005174489397532511,0.0005174489397532511
DUISBURG-MEIDERICH SCHLEUSE OW,2026-06-30 15:28:00+00:00,25.0,24.9390486254709,5,0.06095137452910038,0.06095137452910038
DUISBURG-MEIDERICH SCHLEUSE UW,2026-06-30 15:28:00+00:00,18.24,18.24051744893975,5,-0.0005174489397532511,0.0005174489397532511
DUISBURG-MEIDERICH SCHLEUSE OW,2026-06-30 15:29:00+00:00,25.0,24.9390486254709,5,0.06095137452910038,0.06095137452910038
DUISBURG-MEIDERICH SCHLEUSE UW,2026-06-30 15:29:00+00:00,18.24,18.24051744893975,5,-0.0005174489397532511,0.0005174489397532511
Basel-Rheinhalle,2026-06-30 15:30:00+00:00,518.0,516.5961842142608,5,1.403815785739198,1.403815785739198
DUISBURG-MEIDERICH SCHLEUSE OW,2026-06-30 15:30:00+00:00,25.0,24.9390486254709,5,0.06095137452910038,0.06095137452910038
DUISBURG-MEIDERICH SCHLEUSE UW,2026-06-30 15:30:00+00:00,18.24,18.24051744893975,5,-0.0005174489397532511,0.0005174489397532511
LOBITH,2026-06-30 15:30:00+00:00,703.0,703.7394928166532,5,-0.7394928166531827,0.7394928166531827
DUISBURG-MEIDERICH SCHLEUSE OW,2026-06-30 15:31:00+00:00,25.01,24.9390486254709,5,0.07095137452910194,0.07095137452910194
DUISBURG-MEIDERICH SCHLEUSE UW,2026-06-30 15:31:00+00:00,18.24,18.24051744893975,5,-0.0005174489397532511,0.0005174489397532511
DUISBURG-MEIDERICH SCHLEUSE OW,2026-06-30 15:32:00+00:00,25.01,24.9390486254709,5,0.07095137452910194,0.07095137452910194
DUISBURG-MEIDERICH SCHLEUSE UW,2026-06-30 15:32:00+00:00,18.24,18.24051744893975,5,-0.0005174489397532511,0.0005174489397532511
DUISBURG-MEIDERICH SCHLEUSE OW,2026-06-30 15:33:00+00:00,25.01,24.9390486254709,5,0.07095137452910194,0.07095137452910194
DUISBURG-MEIDERICH SCHLEUSE UW,2026-06-30 15:33:00+00:00,18.24,18.24051744893975,5,-0.0005174489397532511,0.0005174489397532511
DUISBURG-MEIDERICH SCHLEUSE OW,2026-06-30 15:34:00+00:00,25.01,24.9390486254709,5,0.07095137452910194,0.07095137452910194
DUISBURG-MEIDERICH SCHLEUSE UW,2026-06-30 15:34:00+00:00,18.24,18.24051744893975,5,-0.0005174489397532511,0.0005174489397532511
Basel-Rheinhalle,2026-06-30 15:35:00+00:00,518.0,516.5863166394681,5,1.413683360531877,1.413683360531877
DUISBURG-MEIDERICH SCHLEUSE OW,2026-06-30 15:35:00+00:00,25.01,24.9390486254709,5,0.07095137452910194,0.07095137452910194
DUISBURG-MEIDERICH SCHLEUSE UW,2026-06-30 15:35:00+00:00,18.24,18.24051744893975,5,-0.0005174489397532511,0.0005174489397532511
DUISBURG-MEIDERICH SCHLEUSE OW,2026-06-30 15:36:00+00:00,25.01,24.9390486254709,5,0.07095137452910194,0.07095137452910194
DUISBURG-MEIDERICH SCHLEUSE UW,2026-06-30 15:36:00+00:00,18.24,18.24051744893975,5,-0.0005174489397532511,0.0005174489397532511
DUISBURG-MEIDERICH SCHLEUSE OW,2026-06-30 15:37:00+00:00,25.01,24.9390486254709,5,0.07095137452910194,0.07095137452910194
DUISBURG-MEIDERICH SCHLEUSE UW,2026-06-30 15:37:00+00:00,18.24,18.24051744893975,5,-0.0005174489397532511,0.0005174489397532511
DUISBURG-MEIDERICH SCHLEUSE OW,2026-06-30 15:38:00+00:00,25.01,24.9390486254709,5,0.07095137452910194,0.07095137452910194
DUISBURG-MEIDERICH SCHLEUSE UW,2026-06-30 15:38:00+00:00,18.24,18.24051744893975,5,-0.0005174489397532511,0.0005174489397532511
DUISBURG-MEIDERICH SCHLEUSE OW,2026-06-30 15:39:00+00:00,25.01,24.9390486254709,5,0.07095137452910194,0.07095137452910194
DUISBURG-MEIDERICH SCHLEUSE UW,2026-06-30 15:39:00+00:00,18.24,18.24051744893975,5,-0.0005174489397532511,0.0005174489397532511
Basel-Rheinhalle,2026-06-30 15:40:00+00:00,518.0,515.7736351498509,5,2.226364850149139,2.226364850149139
DUISBURG-MEIDERICH SCHLEUSE OW,2026-06-30 15:40:00+00:00,25.01,24.9390486254709,5,0.07095137452910194,0.07095137452910194
DUISBURG-MEIDERICH SCHLEUSE UW,2026-06-30 15:40:00+00:00,18.24,18.24051744893975,5,-0.0005174489397532511,0.0005174489397532511
LOBITH,2026-06-30 15:40:00+00:00,703.0,703.6142789587753,5,-0.6142789587753441,0.6142789587753441
DUISBURG-MEIDERICH SCHLEUSE OW,2026-06-30 15:41:00+00:00,25.01,24.9390486254709,5,0.07095137452910194,0.07095137452910194
DUISBURG-MEIDERICH SCHLEUSE UW,2026-06-30 15:41:00+00:00,18.24,18.24051744893975,5,-0.0005174489397532511,0.0005174489397532511
DUISBURG-MEIDERICH SCHLEUSE OW,2026-06-30 15:42:00+00:00,25.01,24.9390486254709,5,0.07095137452910194,0.07095137452910194
DUISBURG-MEIDERICH SCHLEUSE UW,2026-06-30 15:42:00+00:00,18.24,18.24051744893975,5,-0.0005174489397532511,0.0005174489397532511
DUISBURG-MEIDERICH SCHLEUSE OW,2026-06-30 15:43:00+00:00,25.01,24.9390486254709,5,0.07095137452910194,0.07095137452910194
DUISBURG-MEIDERICH SCHLEUSE UW,2026-06-30 15:43:00+00:00,18.24,18.24051744893975,5,-0.0005174489397532511,0.0005174489397532511
DUISBURG-MEIDERICH SCHLEUSE OW,2026-06-30 15:44:00+00:00,25.01,24.9390486254709,5,0.07095137452910194,0.07095137452910194
DUISBURG-MEIDERICH SCHLEUSE UW,2026-06-30 15:44:00+00:00,18.24,18.24051744893975,5,-0.0005174489397532511,0.0005174489397532511
Basel-Rheinhalle,2026-06-30 15:45:00+00:00,519.0,516.130796622032,5,2.869203377968006,2.869203377968006
DUISBURG-MEIDERICH SCHLEUSE OW,2026-06-30 15:45:00+00:00,25.01,24.992874065271973,5,0.01712593472802837,0.01712593472802837
DUISBURG-MEIDERICH SCHLEUSE UW,2026-06-30 15:45:00+00:00,18.24,18.24051744893975,5,-0.0005174489397532511,0.0005174489397532511
DUISBURG-MEIDERICH SCHLEUSE OW,2026-06-30 15:46:00+00:00,25.01,24.992874065271973,5,0.01712593472802837,0.01712593472802837
DUISBURG-MEIDERICH SCHLEUSE UW,2026-06-30 15:46:00+00:00,18.24,18.24051744893975,5,-0.0005174489397532511,0.0005174489397532511
DUISBURG-MEIDERICH SCHLEUSE OW,2026-06-30 15:47:00+00:00,25.01,24.992874065271973,5,0.01712593472802837,0.01712593472802837
DUISBURG-MEIDERICH SCHLEUSE UW,2026-06-30 15:47:00+00:00,18.24,18.24051744893975,5,-0.0005174489397532511,0.0005174489397532511
DUISBURG-MEIDERICH SCHLEUSE OW,2026-06-30 15:48:00+00:00,25.01,24.992874065271973,5,0.01712593472802837,0.01712593472802837
DUISBURG-MEIDERICH SCHLEUSE UW,2026-06-30 15:48:00+00:00,18.24,18.24051744893975,5,-0.0005174489397532511,0.0005174489397532511
DUISBURG-MEIDERICH SCHLEUSE OW,2026-06-30 15:49:00+00:00,25.01,24.992874065271973,5,0.01712593472802837,0.01712593472802837
DUISBURG-MEIDERICH SCHLEUSE UW,2026-06-30 15:49:00+00:00,18.24,18.24051744893975,5,-0.0005174489397532511,0.0005174489397532511
Basel-Rheinhalle,2026-06-30 15:50:00+00:00,520.0,515.7258717756093,5,4.274128224390665,4.274128224390665
DUISBURG-MEIDERICH SCHLEUSE OW,2026-06-30 15:50:00+00:00,25.01,24.9390486254709,5,0.07095137452910194,0.07095137452910194
DUISBURG-MEIDERICH SCHLEUSE UW,2026-06-30 15:50:00+00:00,18.24,18.26074359397077,5,-0.020743593970770746,0.020743593970770746
LOBITH,2026-06-30 15:50:00+00:00,703.0,703.5512011800871,5,-0.5512011800871051,0.5512011800871051
DUISBURG-MEIDERICH SCHLEUSE OW,2026-06-30 15:51:00+00:00,25.01,24.9390486254709,5,0.07095137452910194,0.07095137452910194
DUISBURG-MEIDERICH SCHLEUSE UW,2026-06-30 15:51:00+00:00,18.24,18.26074359397077,5,-0.020743593970770746,0.020743593970770746
DUISBURG-MEIDERICH SCHLEUSE OW,2026-06-30 15:52:00+00:00,25.01,24.9390486254709,5,0.07095137452910194,0.07095137452910194
DUISBURG-MEIDERICH SCHLEUSE UW,2026-06-30 15:52:00+00:00,18.24,18.26074359397077,5,-0.020743593970770746,0.020743593970770746
DUISBURG-MEIDERICH SCHLEUSE OW,2026-06-30 15:53:00+00:00,25.01,24.9390486254709,5,0.07095137452910194,0.07095137452910194
DUISBURG-MEIDERICH SCHLEUSE UW,2026-06-30 15:53:00+00:00,18.24,18.26074359397077,5,-0.020743593970770746,0.020743593970770746
DUISBURG-MEIDERICH SCHLEUSE OW,2026-06-30 15:54:00+00:00,25.01,24.9390486254709,5,0.07095137452910194,0.07095137452910194
DUISBURG-MEIDERICH SCHLEUSE UW,2026-06-30 15:54:00+00:00,18.24,18.24051744893975,5,-0.0005174489397532511,0.0005174489397532511
Basel-Rheinhalle,2026-06-30 15:55:00+00:00,521.0,515.151230714034,5,5.848769285966,5.848769285966
DUISBURG-MEIDERICH SCHLEUSE OW,2026-06-30 15:55:00+00:00,25.01,24.9390486254709,5,0.07095137452910194,0.07095137452910194
DUISBURG-MEIDERICH SCHLEUSE UW,2026-06-30 15:55:00+00:00,18.24,18.24051744893975,5,-0.0005174489397532511,0.0005174489397532511
DUISBURG-MEIDERICH SCHLEUSE OW,2026-06-30 15:56:00+00:00,25.01,24.9390486254709,5,0.07095137452910194,0.07095137452910194
DUISBURG-MEIDERICH SCHLEUSE UW,2026-06-30 15:56:00+00:00,18.23,18.24051744893975,5,-0.010517448939751262,0.010517448939751262
DUISBURG-MEIDERICH SCHLEUSE OW,2026-06-30 15:57:00+00:00,25.01,24.9390486254709,5,0.07095137452910194,0.07095137452910194
DUISBURG-MEIDERICH SCHLEUSE UW,2026-06-30 15:57:00+00:00,18.23,18.24051744893975,5,-0.010517448939751262,0.010517448939751262
DUISBURG-MEIDERICH SCHLEUSE OW,2026-06-30 15:58:00+00:00,25.01,24.9390486254709,5,0.07095137452910194,0.07095137452910194
DUISBURG-MEIDERICH SCHLEUSE UW,2026-06-30 15:58:00+00:00,18.23,18.24051744893975,5,-0.010517448939751262,0.010517448939751262
DUISBURG-MEIDERICH SCHLEUSE OW,2026-06-30 15:59:00+00:00,25.01,24.9390486254709,5,0.07095137452910194,0.07095137452910194
DUISBURG-MEIDERICH SCHLEUSE UW,2026-06-30 15:59:00+00:00,18.23,18.24051744893975,5,-0.010517448939751262,0.010517448939751262
Basel-Rheinhalle,2026-06-30 16:00:00+00:00,521.0,515.1779061164991,5,5.822093883500884,5.822093883500884
DUISBURG-MEIDERICH SCHLEUSE OW,2026-06-30 16:00:00+00:00,25.01,24.91592017618746,5,0.09407982381254243,0.09407982381254243
DUISBURG-MEIDERICH SCHLEUSE UW,2026-06-30 16:00:00+00:00,18.23,18.201480872906604,5,0.028519127093396435,0.028519127093396435
LOBITH,2026-06-30 16:00:00+00:00,703.0,703.7614588303993,5,-0.761458830399306,0.761458830399306
DUISBURG-MEIDERICH SCHLEUSE OW,2026-06-30 16:01:00+00:00,25.01,24.909704132304352,5,0.10029586769564958,0.10029586769564958
DUISBURG-MEIDERICH SCHLEUSE UW,2026-06-30 16:01:00+00:00,18.23,18.195264829023497,5,0.03473517097650358,0.03473517097650358
DUISBURG-MEIDERICH SCHLEUSE OW,2026-06-30 16:02:00+00:00,25.01,24.909704132304352,5,0.10029586769564958,0.10029586769564958
DUISBURG-MEIDERICH SCHLEUSE UW,2026-06-30 16:02:00+00:00,18.23,18.195264829023497,5,0.03473517097650358,0.03473517097650358
DUISBURG-MEIDERICH SCHLEUSE OW,2026-06-30 16:03:00+00:00,25.01,24.806765965613167,5,0.20323403438683485,0.20323403438683485
DUISBURG-MEIDERICH SCHLEUSE UW,2026-06-30 16:03:00+00:00,18.23,18.111936798406298,5,0.11806320159370287,0.11806320159370287
DUISBURG-MEIDERICH SCHLEUSE OW,2026-06-30 16:04:00+00:00,25.01,25.528888848488986,5,-0.5188888484889844,0.5188888484889844
DUISBURG-MEIDERICH SCHLEUSE UW,2026-06-30 16:04:00+00:00,18.23,18.793293172484173,5,-0.5632931724841725,0.5632931724841725
Basel-Rheinhalle,2026-06-30 16:05:00+00:00,522.0,515.8744467934896,5,6.1255532065104035,6.1255532065104035
DUISBURG-MEIDERICH SCHLEUSE OW,2026-06-30 16:05:00+00:00,25.01,25.528888848488986,5,-0.5188888484889844,0.5188888484889844
DUISBURG-MEIDERICH SCHLEUSE UW,2026-06-30 16:05:00+00:00,18.23,18.793293172484173,5,-0.5632931724841725,0.5632931724841725
DUISBURG-MEIDERICH SCHLEUSE OW,2026-06-30 16:06:00+00:00,25.01,25.131059751537254,5,-0.12105975153725268,0.12105975153725268
DUISBURG-MEIDERICH SCHLEUSE UW,2026-06-30 16:06:00+00:00,18.23,18.432528575006106,5,-0.20252857500610588,0.20252857500610588
DUISBURG-MEIDERICH SCHLEUSE OW,2026-06-30 16:07:00+00:00,25.01,25.131059751537254,5,-0.12105975153725268,0.12105975153725268
DUISBURG-MEIDERICH SCHLEUSE UW,2026-06-30 16:07:00+00:00,18.23,18.432528575006106,5,-0.20252857500610588,0.20252857500610588
DUISBURG-MEIDERICH SCHLEUSE OW,2026-06-30 16:08:00+00:00,25.01,25.085125151051425,5,-0.0751251510514237,0.0751251510514237
DUISBURG-MEIDERICH SCHLEUSE UW,2026-06-30 16:08:00+00:00,18.23,18.386593974520277,5,-0.1565939745202769,0.1565939745202769
DUISBURG-MEIDERICH SCHLEUSE OW,2026-06-30 16:09:00+00:00,25.01,25.007318258001863,5,0.0026817419981384205,0.0026817419981384205
DUISBURG-MEIDERICH SCHLEUSE UW,2026-06-30 16:09:00+00:00,18.23,18.308787081470715,5,-0.07878708147071478,0.07878708147071478
Basel-Rheinhalle,2026-06-30 16:10:00+00:00,522.0,515.9981348757124,5,6.001865124287633,6.001865124287633
DUISBURG-MEIDERICH SCHLEUSE OW,2026-06-30 16:10:00+00:00,25.01,25.007318258001863,5,0.0026817419981384205,0.0026817419981384205
DUISBURG-MEIDERICH SCHLEUSE UW,2026-06-30 16:10:00+00:00,18.23,18.308787081470715,5,-0.07878708147071478,0.07878708147071478
LOBITH,2026-06-30 16:10:00+00:00,703.0,703.7842659436174,5,-0.7842659436173562,0.7842659436173562
DUISBURG-MEIDERICH SCHLEUSE OW,2026-06-30 16:11:00+00:00,25.01,24.975378636062768,5,0.034621363937233696,0.034621363937233696
DUISBURG-MEIDERICH SCHLEUSE UW,2026-06-30 16:11:00+00:00,18.23,18.27684745953162,5,-0.046847459531619506,0.046847459531619506
DUISBURG-MEIDERICH SCHLEUSE OW,2026-06-30 16:12:00+00:00,25.01,24.928296120975002,5,0.08170387902499954,0.08170387902499954
DUISBURG-MEIDERICH SCHLEUSE UW,2026-06-30 16:12:00+00:00,18.23,18.229764944443854,5,0.00023505555614633522,0.00023505555614633522
DUISBURG-MEIDERICH SCHLEUSE OW,2026-06-30 16:13:00+00:00,25.01,24.928296120975002,5,0.08170387902499954,0.08170387902499954
DUISBURG-MEIDERICH SCHLEUSE UW,2026-06-30 16:13:00+00:00,18.23,18.229764944443854,5,0.00023505555614633522,0.00023505555614633522
DUISBURG-MEIDERICH SCHLEUSE OW,2026-06-30 16:14:00+00:00,25.01,24.928296120975002,5,0.08170387902499954,0.08170387902499954
DUISBURG-MEIDERICH SCHLEUSE UW,2026-06-30 16:14:00+00:00,18.23,18.229764944443854,5,0.00023505555614633522,0.00023505555614633522
Basel-Rheinhalle,2026-06-30 16:15:00+00:00,522.0,515.6899107528126,5,6.31008924718742,6.31008924718742
DUISBURG-MEIDERICH SCHLEUSE OW,2026-06-30 16:15:00+00:00,25.01,24.928296120975002,5,0.08170387902499954,0.08170387902499954
DUISBURG-MEIDERICH SCHLEUSE UW,2026-06-30 16:15:00+00:00,18.23,18.229764944443854,5,0.00023505555614633522,0.00023505555614633522
DUISBURG-MEIDERICH SCHLEUSE OW,2026-06-30 16:16:00+00:00,25.01,24.928296120975002,5,0.08170387902499954,0.08170387902499954
DUISBURG-MEIDERICH SCHLEUSE UW,2026-06-30 16:16:00+00:00,18.23,18.229764944443854,5,0.00023505555614633522,0.00023505555614633522
DUISBURG-MEIDERICH SCHLEUSE OW,2026-06-30 16:17:00+00:00,25.01,24.928296120975002,5,0.08170387902499954,0.08170387902499954
DUISBURG-MEIDERICH SCHLEUSE UW,2026-06-30 16:17:00+00:00,18.23,18.229764944443854,5,0.00023505555614633522,0.00023505555614633522
DUISBURG-MEIDERICH SCHLEUSE OW,2026-06-30 16:18:00+00:00,25.01,24.928296120975002,5,0.08170387902499954,0.08170387902499954
DUISBURG-MEIDERICH SCHLEUSE UW,2026-06-30 16:18:00+00:00,18.23,18.229764944443854,5,0.00023505555614633522,0.00023505555614633522
DUISBURG-MEIDERICH SCHLEUSE OW,2026-06-30 16:19:00+00:00,25.01,24.928296120975002,5,0.08170387902499954,0.08170387902499954
DUISBURG-MEIDERICH SCHLEUSE UW,2026-06-30 16:19:00+00:00,18.23,18.229764944443854,5,0.00023505555614633522,0.00023505555614633522
Basel-Rheinhalle,2026-06-30 16:20:00+00:00,521.0,516.0555981939622,5,4.944401806037831,4.944401806037831
DUISBURG-MEIDERICH SCHLEUSE OW,2026-06-30 16:20:00+00:00,25.01,24.928296120975002,5,0.08170387902499954,0.08170387902499954
DUISBURG-MEIDERICH SCHLEUSE UW,2026-06-30 16:20:00+00:00,18.23,18.229764944443854,5,0.00023505555614633522,0.00023505555614633522
LOBITH,2026-06-30 16:20:00+00:00,703.0,703.9143462506239,5,-0.9143462506239075,0.9143462506239075
DUISBURG-MEIDERICH SCHLEUSE OW,2026-06-30 16:21:00+00:00,25.01,24.928296120975002,5,0.08170387902499954,0.08170387902499954
DUISBURG-MEIDERICH SCHLEUSE UW,2026-06-30 16:21:00+00:00,18.23,18.24363356582123,5,-0.01363356582123032,0.01363356582123032
DUISBURG-MEIDERICH SCHLEUSE OW,2026-06-30 16:22:00+00:00,25.01,24.928296120975002,5,0.08170387902499954,0.08170387902499954
DUISBURG-MEIDERICH SCHLEUSE UW,2026-06-30 16:22:00+00:00,18.23,18.24363356582123,5,-0.01363356582123032,0.01363356582123032
DUISBURG-MEIDERICH SCHLEUSE OW,2026-06-30 16:23:00+00:00,25.01,24.928296120975002,5,0.08170387902499954,0.08170387902499954
DUISBURG-MEIDERICH SCHLEUSE UW,2026-06-30 16:23:00+00:00,18.23,18.24363356582123,5,-0.01363356582123032,0.01363356582123032
DUISBURG-MEIDERICH SCHLEUSE OW,2026-06-30 16:24:00+00:00,25.01,24.928296120975002,5,0.08170387902499954,0.08170387902499954
DUISBURG-MEIDERICH SCHLEUSE UW,2026-06-30 16:24:00+00:00,18.23,18.24363356582123,5,-0.01363356582123032,0.01363356582123032
Basel-Rheinhalle,2026-06-30 16:25:00+00:00,520.0,514.9634998349931,5,5.036500165006942,5.036500165006942
DUISBURG-MEIDERICH SCHLEUSE OW,2026-06-30 16:25:00+00:00,25.01,24.928296120975002,5,0.08170387902499954,0.08170387902499954
DUISBURG-MEIDERICH SCHLEUSE UW,2026-06-30 16:25:00+00:00,18.23,18.229764944443854,5,0.00023505555614633522,0.00023505555614633522
DUISBURG-MEIDERICH SCHLEUSE OW,2026-06-30 16:26:00+00:00,25.01,24.928296120975002,5,0.08170387902499954,0.08170387902499954
DUISBURG-MEIDERICH SCHLEUSE UW,2026-06-30 16:26:00+00:00,18.23,18.229764944443854,5,0.00023505555614633522,0.00023505555614633522
DUISBURG-MEIDERICH SCHLEUSE OW,2026-06-30 16:27:00+00:00,25.01,24.928296120975002,5,0.08170387902499954,0.08170387902499954
DUISBURG-MEIDERICH SCHLEUSE UW,2026-06-30 16:27:00+00:00,18.23,18.229764944443854,5,0.00023505555614633522,0.00023505555614633522
DUISBURG-MEIDERICH SCHLEUSE OW,2026-06-30 16:28:00+00:00,25.01,24.928296120975002,5,0.08170387902499954,0.08170387902499954
DUISBURG-MEIDERICH SCHLEUSE UW,2026-06-30 16:28:00+00:00,18.23,18.229764944443854,5,0.00023505555614633522,0.00023505555614633522
DUISBURG-MEIDERICH SCHLEUSE OW,2026-06-30 16:29:00+00:00,25.01,24.928296120975002,5,0.08170387902499954,0.08170387902499954
DUISBURG-MEIDERICH SCHLEUSE UW,2026-06-30 16:29:00+00:00,18.23,18.229764944443854,5,0.00023505555614633522,0.00023505555614633522
Basel-Rheinhalle,2026-06-30 16:30:00+00:00,520.0,514.6742454198788,5,5.325754580121156,5.325754580121156
DUISBURG-MEIDERICH SCHLEUSE OW,2026-06-30 16:30:00+00:00,25.01,24.928296120975002,5,0.08170387902499954,0.08170387902499954
DUISBURG-MEIDERICH SCHLEUSE UW,2026-06-30 16:30:00+00:00,18.23,18.229764944443854,5,0.00023505555614633522,0.00023505555614633522
LOBITH,2026-06-30 16:30:00+00:00,703.0,703.816554108587,5,-0.8165541085869563,0.8165541085869563
DUISBURG-MEIDERICH SCHLEUSE OW,2026-06-30 16:31:00+00:00,25.01,24.928296120975002,5,0.08170387902499954,0.08170387902499954
DUISBURG-MEIDERICH SCHLEUSE UW,2026-06-30 16:31:00+00:00,18.23,18.229764944443854,5,0.00023505555614633522,0.00023505555614633522
DUISBURG-MEIDERICH SCHLEUSE OW,2026-06-30 16:32:00+00:00,25.01,24.928296120975002,5,0.08170387902499954,0.08170387902499954
DUISBURG-MEIDERICH SCHLEUSE UW,2026-06-30 16:32:00+00:00,18.23,18.229764944443854,5,0.00023505555614633522,0.00023505555614633522
DUISBURG-MEIDERICH SCHLEUSE OW,2026-06-30 16:33:00+00:00,25.0,24.928296120975002,5,0.07170387902499797,0.07170387902499797
DUISBURG-MEIDERICH SCHLEUSE UW,2026-06-30 16:33:00+00:00,18.23,18.229764944443854,5,0.00023505555614633522,0.00023505555614633522
DUISBURG-MEIDERICH SCHLEUSE OW,2026-06-30 16:34:00+00:00,25.0,24.928296120975002,5,0.07170387902499797,0.07170387902499797
DUISBURG-MEIDERICH SCHLEUSE UW,2026-06-30 16:34:00+00:00,18.23,18.229764944443854,5,0.00023505555614633522,0.00023505555614633522
Basel-Rheinhalle,2026-06-30 16:35:00+00:00,522.0,514.8416708701812,5,7.158329129818753,7.158329129818753
DUISBURG-MEIDERICH SCHLEUSE OW,2026-06-30 16:35:00+00:00,25.0,24.928296120975002,5,0.07170387902499797,0.07170387902499797
DUISBURG-MEIDERICH SCHLEUSE UW,2026-06-30 16:35:00+00:00,18.23,18.229764944443854,5,0.00023505555614633522,0.00023505555614633522
DUISBURG-MEIDERICH SCHLEUSE OW,2026-06-30 16:36:00+00:00,25.0,24.928296120975002,5,0.07170387902499797,0.07170387902499797
DUISBURG-MEIDERICH SCHLEUSE UW,2026-06-30 16:36:00+00:00,18.23,18.229764944443854,5,0.00023505555614633522,0.00023505555614633522
DUISBURG-MEIDERICH SCHLEUSE OW,2026-06-30 16:37:00+00:00,25.0,24.928296120975002,5,0.07170387902499797,0.07170387902499797
DUISBURG-MEIDERICH SCHLEUSE UW,2026-06-30 16:37:00+00:00,18.23,18.229764944443854,5,0.00023505555614633522,0.00023505555614633522
DUISBURG-MEIDERICH SCHLEUSE OW,2026-06-30 16:38:00+00:00,25.0,24.928296120975002,5,0.07170387902499797,0.07170387902499797
DUISBURG-MEIDERICH SCHLEUSE UW,2026-06-30 16:38:00+00:00,18.23,18.229764944443854,5,0.00023505555614633522,0.00023505555614633522
DUISBURG-MEIDERICH SCHLEUSE OW,2026-06-30 16:39:00+00:00,25.0,24.928296120975002,5,0.07170387902499797,0.07170387902499797
DUISBURG-MEIDERICH SCHLEUSE UW,2026-06-30 16:39:00+00:00,18.23,18.229764944443854,5,0.00023505555614633522,0.00023505555614633522
Basel-Rheinhalle,2026-06-30 16:40:00+00:00,524.0,514.7363261586473,5,9.26367384135267,9.26367384135267
DUISBURG-MEIDERICH SCHLEUSE OW,2026-06-30 16:40:00+00:00,25.0,24.928296120975002,5,0.07170387902499797,0.07170387902499797
DUISBURG-MEIDERICH SCHLEUSE UW,2026-06-30 16:40:00+00:00,18.24,18.229764944443854,5,0.010235055556144346,0.010235055556144346
LOBITH,2026-06-30 16:40:00+00:00,704.0,703.5808373032515,5,0.4191626967484581,0.4191626967484581
DUISBURG-MEIDERICH SCHLEUSE OW,2026-06-30 16:41:00+00:00,25.0,24.928296120975002,5,0.07170387902499797,0.07170387902499797
DUISBURG-MEIDERICH SCHLEUSE UW,2026-06-30 16:41:00+00:00,18.24,18.229764944443854,5,0.010235055556144346,0.010235055556144346
DUISBURG-MEIDERICH SCHLEUSE OW,2026-06-30 16:42:00+00:00,25.01,24.928296120975002,5,0.08170387902499954,0.08170387902499954
DUISBURG-MEIDERICH SCHLEUSE UW,2026-06-30 16:42:00+00:00,18.24,18.229764944443854,5,0.010235055556144346,0.010235055556144346
DUISBURG-MEIDERICH SCHLEUSE OW,2026-06-30 16:43:00+00:00,25.01,24.928296120975002,5,0.08170387902499954,0.08170387902499954
DUISBURG-MEIDERICH SCHLEUSE UW,2026-06-30 16:43:00+00:00,18.24,18.229764944443854,5,0.010235055556144346,0.010235055556144346
DUISBURG-MEIDERICH SCHLEUSE OW,2026-06-30 16:44:00+00:00,25.01,24.928296120975002,5,0.08170387902499954,0.08170387902499954
DUISBURG-MEIDERICH SCHLEUSE UW,2026-06-30 16:44:00+00:00,18.24,18.229764944443854,5,0.010235055556144346,0.010235055556144346
Basel-Rheinhalle,2026-06-30 16:45:00+00:00,525.0,514.9313405110399,5,10.068659488960066,10.068659488960066
DUISBURG-MEIDERICH SCHLEUSE OW,2026-06-30 16:45:00+00:00,25.01,24.928296120975002,5,0.08170387902499954,0.08170387902499954
DUISBURG-MEIDERICH SCHLEUSE UW,2026-06-30 16:45:00+00:00,18.24,18.229764944443854,5,0.010235055556144346,0.010235055556144346
DUISBURG-MEIDERICH SCHLEUSE OW,2026-06-30 16:46:00+00:00,25.01,24.928296120975002,5,0.08170387902499954,0.08170387902499954
DUISBURG-MEIDERICH SCHLEUSE UW,2026-06-30 16:46:00+00:00,18.24,18.229764944443854,5,0.010235055556144346,0.010235055556144346
DUISBURG-MEIDERICH SCHLEUSE OW,2026-06-30 16:47:00+00:00,25.01,24.928296120975002,5,0.08170387902499954,0.08170387902499954
DUISBURG-MEIDERICH SCHLEUSE UW,2026-06-30 16:47:00+00:00,18.24,18.229764944443854,5,0.010235055556144346,0.010235055556144346
DUISBURG-MEIDERICH SCHLEUSE OW,2026-06-30 16:48:00+00:00,25.01,24.928296120975002,5,0.08170387902499954,0.08170387902499954
DUISBURG-MEIDERICH SCHLEUSE UW,2026-06-30 16:48:00+00:00,18.24,18.229764944443854,5,0.010235055556144346,0.010235055556144346
DUISBURG-MEIDERICH SCHLEUSE OW,2026-06-30 16:49:00+00:00,25.01,24.928296120975002,5,0.08170387902499954,0.08170387902499954
DUISBURG-MEIDERICH SCHLEUSE UW,2026-06-30 16:49:00+00:00,18.24,18.229764944443854,5,0.010235055556144346,0.010235055556144346
Basel-Rheinhalle,2026-06-30 16:50:00+00:00,525.0,514.7750684077721,5,10.224931592227904,10.224931592227904
DUISBURG-MEIDERICH SCHLEUSE OW,2026-06-30 16:50:00+00:00,25.01,24.928296120975002,5,0.08170387902499954,0.08170387902499954
DUISBURG-MEIDERICH SCHLEUSE UW,2026-06-30 16:50:00+00:00,18.24,18.229764944443854,5,0.010235055556144346,0.010235055556144346
LOBITH,2026-06-30 16:50:00+00:00,704.0,704.0183025152785,5,-0.018302515278492137,0.018302515278492137
DUISBURG-MEIDERICH SCHLEUSE OW,2026-06-30 16:51:00+00:00,25.0,24.928296120975002,5,0.07170387902499797,0.07170387902499797
DUISBURG-MEIDERICH SCHLEUSE UW,2026-06-30 16:51:00+00:00,18.24,18.229764944443854,5,0.010235055556144346,0.010235055556144346
DUISBURG-MEIDERICH SCHLEUSE OW,2026-06-30 16:52:00+00:00,25.0,24.928296120975002,5,0.07170387902499797,0.07170387902499797
DUISBURG-MEIDERICH SCHLEUSE UW,2026-06-30 16:52:00+00:00,18.24,18.229764944443854,5,0.010235055556144346,0.010235055556144346
DUISBURG-MEIDERICH SCHLEUSE OW,2026-06-30 16:53:00+00:00,25.0,24.928296120975002,5,0.07170387902499797,0.07170387902499797
DUISBURG-MEIDERICH SCHLEUSE UW,2026-06-30 16:53:00+00:00,18.24,18.229764944443854,5,0.010235055556144346,0.010235055556144346
DUISBURG-MEIDERICH SCHLEUSE OW,2026-06-30 16:54:00+00:00,25.0,24.928296120975002,5,0.07170387902499797,0.07170387902499797
DUISBURG-MEIDERICH SCHLEUSE UW,2026-06-30 16:54:00+00:00,18.24,18.229764944443854,5,0.010235055556144346,0.010235055556144346
Basel-Rheinhalle,2026-06-30 16:55:00+00:00,526.0,514.894340060291,5,11.105659939708971,11.105659939708971
DUISBURG-MEIDERICH SCHLEUSE OW,2026-06-30 16:55:00+00:00,25.0,24.928296120975002,5,0.07170387902499797,0.07170387902499797
DUISBURG-MEIDERICH SCHLEUSE UW,2026-06-30 16:55:00+00:00,18.24,18.229764944443854,5,0.010235055556144346,0.010235055556144346
DUISBURG-MEIDERICH SCHLEUSE OW,2026-06-30 16:56:00+00:00,25.0,24.928296120975002,5,0.07170387902499797,0.07170387902499797
DUISBURG-MEIDERICH SCHLEUSE UW,2026-06-30 16:56:00+00:00,18.24,18.229764944443854,5,0.010235055556144346,0.010235055556144346
DUISBURG-MEIDERICH SCHLEUSE OW,2026-06-30 16:57:00+00:00,25.0,24.928296120975002,5,0.07170387902499797,0.07170387902499797
DUISBURG-MEIDERICH SCHLEUSE UW,2026-06-30 16:57:00+00:00,18.24,18.229764944443854,5,0.010235055556144346,0.010235055556144346
DUISBURG-MEIDERICH SCHLEUSE OW,2026-06-30 16:58:00+00:00,25.0,24.975764037122435,5,0.024235962877565242,0.024235962877565242
DUISBURG-MEIDERICH SCHLEUSE UW,2026-06-30 16:58:00+00:00,18.24,18.229764944443854,5,0.010235055556144346,0.010235055556144346
DUISBURG-MEIDERICH SCHLEUSE OW,2026-06-30 16:59:00+00:00,25.0,24.975764037122435,5,0.024235962877565242,0.024235962877565242
DUISBURG-MEIDERICH SCHLEUSE UW,2026-06-30 16:59:00+00:00,18.24,18.229764944443854,5,0.010235055556144346,0.010235055556144346
Basel-Rheinhalle,2026-06-30 17:00:00+00:00,526.0,514.9984943756926,5,11.001505624307356,11.001505624307356
DUISBURG-MEIDERICH SCHLEUSE OW,2026-06-30 17:00:00+00:00,25.0,24.975764037122435,5,0.024235962877565242,0.024235962877565242
DUISBURG-MEIDERICH SCHLEUSE UW,2026-06-30 17:00:00+00:00,18.24,18.229764944443854,5,0.010235055556144346,0.010235055556144346
LOBITH,2026-06-30 17:00:00+00:00,644.0,704.270361687636,5,-60.270361687635955,60.270361687635955
DUISBURG-MEIDERICH SCHLEUSE OW,2026-06-30 17:01:00+00:00,25.0,24.975764037122435,5,0.024235962877565242,0.024235962877565242
DUISBURG-MEIDERICH SCHLEUSE UW,2026-06-30 17:01:00+00:00,18.24,18.229764944443854,5,0.010235055556144346,0.010235055556144346
DUISBURG-MEIDERICH SCHLEUSE OW,2026-06-30 17:02:00+00:00,25.0,24.975764037122435,5,0.024235962877565242,0.024235962877565242
DUISBURG-MEIDERICH SCHLEUSE UW,2026-06-30 17:02:00+00:00,18.24,18.229764944443854,5,0.010235055556144346,0.010235055556144346
DUISBURG-MEIDERICH SCHLEUSE OW,2026-06-30 17:03:00+00:00,25.0,24.806765965613167,5,0.1932340343868333,0.1932340343868333
DUISBURG-MEIDERICH SCHLEUSE UW,2026-06-30 17:03:00+00:00,18.24,18.083175008540568,5,0.1568249914594304,0.1568249914594304
DUISBURG-MEIDERICH SCHLEUSE OW,2026-06-30 17:04:00+00:00,25.0,25.528888848488986,5,-0.528888848488986,0.528888848488986
DUISBURG-MEIDERICH SCHLEUSE UW,2026-06-30 17:04:00+00:00,18.24,18.793293172484173,5,-0.5532931724841745,0.5532931724841745
Basel-Rheinhalle,2026-06-30 17:05:00+00:00,527.0,514.7797748549573,5,12.220225145042718,12.220225145042718
DUISBURG-MEIDERICH SCHLEUSE OW,2026-06-30 17:05:00+00:00,25.0,25.528888848488986,5,-0.528888848488986,0.528888848488986
DUISBURG-MEIDERICH SCHLEUSE UW,2026-06-30 17:05:00+00:00,18.24,18.674582908955262,5,-0.43458290895526375,0.43458290895526375
DUISBURG-MEIDERICH SCHLEUSE OW,2026-06-30 17:06:00+00:00,25.01,25.07368835519987,5,-0.0636883551998686,0.0636883551998686
DUISBURG-MEIDERICH SCHLEUSE UW,2026-06-30 17:06:00+00:00,18.24,18.235171309191713,5,0.004828690808285074,0.004828690808285074
DUISBURG-MEIDERICH SCHLEUSE OW,2026-06-30 17:07:00+00:00,25.01,24.924355582925926,5,0.08564441707407511,0.08564441707407511
DUISBURG-MEIDERICH SCHLEUSE UW,2026-06-30 17:07:00+00:00,18.24,18.235171309191713,5,0.004828690808285074,0.004828690808285074
DUISBURG-MEIDERICH SCHLEUSE OW,2026-06-30 17:08:00+00:00,25.01,24.878420982440097,5,0.1315790175599041,0.1315790175599041
DUISBURG-MEIDERICH SCHLEUSE UW,2026-06-30 17:08:00+00:00,18.24,18.189236708705884,5,0.050763291294114055,0.050763291294114055
DUISBURG-MEIDERICH SCHLEUSE OW,2026-06-30 17:09:00+00:00,25.0,24.904397754790953,5,0.09560224520904725,0.09560224520904725
DUISBURG-MEIDERICH SCHLEUSE UW,2026-06-30 17:09:00+00:00,18.24,18.205866578259805,5,0.034133421740193626,0.034133421740193626
Basel-Rheinhalle,2026-06-30 17:10:00+00:00,527.0,514.7659526782655,5,12.234047321734465,12.234047321734465
DUISBURG-MEIDERICH SCHLEUSE OW,2026-06-30 17:10:00+00:00,25.0,24.904397754790953,5,0.09560224520904725,0.09560224520904725
DUISBURG-MEIDERICH SCHLEUSE UW,2026-06-30 17:10:00+00:00,18.24,18.25141568513333,5,-0.011415685133332687,0.011415685133332687
LOBITH,2026-06-30 17:10:00+00:00,642.0,704.1509644568647,5,-62.1509644568647,62.1509644568647
DUISBURG-MEIDERICH SCHLEUSE OW,2026-06-30 17:11:00+00:00,25.0,24.911649716071743,5,0.08835028392825706,0.08835028392825706
DUISBURG-MEIDERICH SCHLEUSE UW,2026-06-30 17:11:00+00:00,18.24,18.213118539540595,5,0.026881460459403428,0.026881460459403428
DUISBURG-MEIDERICH SCHLEUSE OW,2026-06-30 17:12:00+00:00,25.0,24.92193859732136,5,0.07806140267863881,0.07806140267863881
DUISBURG-MEIDERICH SCHLEUSE UW,2026-06-30 17:12:00+00:00,18.24,18.222586970546665,5,0.01741302945333345,0.01741302945333345
DUISBURG-MEIDERICH SCHLEUSE OW,2026-06-30 17:13:00+00:00,25.0,24.92193859732136,5,0.07806140267863881,0.07806140267863881
DUISBURG-MEIDERICH SCHLEUSE UW,2026-06-30 17:13:00+00:00,18.24,18.222586970546665,5,0.01741302945333345,0.01741302945333345
DUISBURG-MEIDERICH SCHLEUSE OW,2026-06-30 17:14:00+00:00,25.0,24.92193859732136,5,0.07806140267863881,0.07806140267863881
DUISBURG-MEIDERICH SCHLEUSE UW,2026-06-30 17:14:00+00:00,18.24,18.222586970546665,5,0.01741302945333345,0.01741302945333345
Basel-Rheinhalle,2026-06-30 17:15:00+00:00,527.0,514.9263478514861,5,12.07365214851393,12.07365214851393
DUISBURG-MEIDERICH SCHLEUSE OW,2026-06-30 17:15:00+00:00,25.0,24.92193859732136,5,0.07806140267863881,0.07806140267863881
DUISBURG-MEIDERICH SCHLEUSE UW,2026-06-30 17:15:00+00:00,18.24,18.222586970546665,5,0.01741302945333345,0.01741302945333345
DUISBURG-MEIDERICH SCHLEUSE OW,2026-06-30 17:16:00+00:00,25.0,24.92193859732136,5,0.07806140267863881,0.07806140267863881
DUISBURG-MEIDERICH SCHLEUSE UW,2026-06-30 17:16:00+00:00,18.24,18.222586970546665,5,0.01741302945333345,0.01741302945333345
DUISBURG-MEIDERICH SCHLEUSE OW,2026-06-30 17:17:00+00:00,25.0,24.92193859732136,5,0.07806140267863881,0.07806140267863881
DUISBURG-MEIDERICH SCHLEUSE UW,2026-06-30 17:17:00+00:00,18.24,18.222586970546665,5,0.01741302945333345,0.01741302945333345
DUISBURG-MEIDERICH SCHLEUSE OW,2026-06-30 17:18:00+00:00,25.0,24.92193859732136,5,0.07806140267863881,0.07806140267863881
DUISBURG-MEIDERICH SCHLEUSE UW,2026-06-30 17:18:00+00:00,18.24,18.222586970546665,5,0.01741302945333345,0.01741302945333345
DUISBURG-MEIDERICH SCHLEUSE OW,2026-06-30 17:19:00+00:00,25.0,24.92193859732136,5,0.07806140267863881,0.07806140267863881
DUISBURG-MEIDERICH SCHLEUSE UW,2026-06-30 17:19:00+00:00,18.24,18.222586970546665,5,0.01741302945333345,0.01741302945333345
Basel-Rheinhalle,2026-06-30 17:20:00+00:00,528.0,514.8953373446418,5,13.104662655358197,13.104662655358197
DUISBURG-MEIDERICH SCHLEUSE OW,2026-06-30 17:20:00+00:00,25.0,24.92193859732136,5,0.07806140267863881,0.07806140267863881
DUISBURG-MEIDERICH SCHLEUSE UW,2026-06-30 17:20:00+00:00,18.24,18.222586970546665,5,0.01741302945333345,0.01741302945333345
DUISBURG-MEIDERICH SCHLEUSE OW,2026-06-30 17:21:00+00:00,25.0,24.92193859732136,5,0.07806140267863881,0.07806140267863881
DUISBURG-MEIDERICH SCHLEUSE UW,2026-06-30 17:21:00+00:00,18.24,18.222586970546665,5,0.01741302945333345,0.01741302945333345
DUISBURG-MEIDERICH SCHLEUSE OW,2026-06-30 17:22:00+00:00,25.0,24.92193859732136,5,0.07806140267863881,0.07806140267863881
DUISBURG-MEIDERICH SCHLEUSE UW,2026-06-30 17:22:00+00:00,18.24,18.222586970546665,5,0.01741302945333345,0.01741302945333345
DUISBURG-MEIDERICH SCHLEUSE OW,2026-06-30 17:23:00+00:00,25.0,24.92193859732136,5,0.07806140267863881,0.07806140267863881
DUISBURG-MEIDERICH SCHLEUSE UW,2026-06-30 17:23:00+00:00,18.24,18.222586970546665,5,0.01741302945333345,0.01741302945333345
DUISBURG-MEIDERICH SCHLEUSE OW,2026-06-30 17:24:00+00:00,25.01,24.92193859732136,5,0.08806140267864038,0.08806140267864038
DUISBURG-MEIDERICH SCHLEUSE UW,2026-06-30 17:24:00+00:00,18.24,18.222586970546665,5,0.01741302945333345,0.01741302945333345
Basel-Rheinhalle,2026-06-30 17:25:00+00:00,527.0,514.9677310971537,5,12.03226890284634,12.03226890284634
DUISBURG-MEIDERICH SCHLEUSE OW,2026-06-30 17:25:00+00:00,25.01,24.92193859732136,5,0.08806140267864038,0.08806140267864038
DUISBURG-MEIDERICH SCHLEUSE UW,2026-06-30 17:25:00+00:00,18.24,18.222586970546665,5,0.01741302945333345,0.01741302945333345
DUISBURG-MEIDERICH SCHLEUSE OW,2026-06-30 17:26:00+00:00,25.01,24.92193859732136,5,0.08806140267864038,0.08806140267864038
DUISBURG-MEIDERICH SCHLEUSE UW,2026-06-30 17:26:00+00:00,18.24,18.222586970546665,5,0.01741302945333345,0.01741302945333345
DUISBURG-MEIDERICH SCHLEUSE OW,2026-06-30 17:27:00+00:00,25.01,24.92193859732136,5,0.08806140267864038,0.08806140267864038
DUISBURG-MEIDERICH SCHLEUSE UW,2026-06-30 17:27:00+00:00,18.24,18.222586970546665,5,0.01741302945333345,0.01741302945333345
DUISBURG-MEIDERICH SCHLEUSE OW,2026-06-30 17:28:00+00:00,25.01,24.92193859732136,5,0.08806140267864038,0.08806140267864038
DUISBURG-MEIDERICH SCHLEUSE UW,2026-06-30 17:28:00+00:00,18.24,18.222586970546665,5,0.01741302945333345,0.01741302945333345
DUISBURG-MEIDERICH SCHLEUSE OW,2026-06-30 17:29:00+00:00,25.01,24.92193859732136,5,0.08806140267864038,0.08806140267864038
DUISBURG-MEIDERICH SCHLEUSE UW,2026-06-30 17:29:00+00:00,18.24,18.222586970546665,5,0.01741302945333345,0.01741302945333345
Basel-Rheinhalle,2026-06-30 17:30:00+00:00,526.0,515.0383283279123,5,10.961671672087732,10.961671672087732
DUISBURG-MEIDERICH SCHLEUSE OW,2026-06-30 17:30:00+00:00,25.01,24.92193859732136,5,0.08806140267864038,0.08806140267864038
DUISBURG-MEIDERICH SCHLEUSE UW,2026-06-30 17:30:00+00:00,18.24,18.222586970546665,5,0.01741302945333345,0.01741302945333345
DUISBURG-MEIDERICH SCHLEUSE OW,2026-06-30 17:31:00+00:00,25.01,24.92193859732136,5,0.08806140267864038,0.08806140267864038
DUISBURG-MEIDERICH SCHLEUSE UW,2026-06-30 17:31:00+00:00,18.24,18.222586970546665,5,0.01741302945333345,0.01741302945333345
DUISBURG-MEIDERICH SCHLEUSE OW,2026-06-30 17:32:00+00:00,25.01,24.92193859732136,5,0.08806140267864038,0.08806140267864038
DUISBURG-MEIDERICH SCHLEUSE UW,2026-06-30 17:32:00+00:00,18.24,18.222586970546665,5,0.01741302945333345,0.01741302945333345
DUISBURG-MEIDERICH SCHLEUSE OW,2026-06-30 17:33:00+00:00,25.01,24.92193859732136,5,0.08806140267864038,0.08806140267864038
DUISBURG-MEIDERICH SCHLEUSE UW,2026-06-30 17:33:00+00:00,18.24,18.222586970546665,5,0.01741302945333345,0.01741302945333345
DUISBURG-MEIDERICH SCHLEUSE OW,2026-06-30 17:34:00+00:00,25.01,24.92193859732136,5,0.08806140267864038,0.08806140267864038
DUISBURG-MEIDERICH SCHLEUSE UW,2026-06-30 17:34:00+00:00,18.24,18.222586970546665,5,0.01741302945333345,0.01741302945333345
Basel-Rheinhalle,2026-06-30 17:35:00+00:00,525.0,515.0301867275531,5,9.969813272446913,9.969813272446913
DUISBURG-MEIDERICH SCHLEUSE OW,2026-06-30 17:35:00+00:00,25.0,24.975764037122435,5,0.024235962877565242,0.024235962877565242
DUISBURG-MEIDERICH SCHLEUSE UW,2026-06-30 17:35:00+00:00,18.24,18.222586970546665,5,0.01741302945333345,0.01741302945333345
DUISBURG-MEIDERICH SCHLEUSE OW,2026-06-30 17:36:00+00:00,25.0,24.975764037122435,5,0.024235962877565242,0.024235962877565242
DUISBURG-MEIDERICH SCHLEUSE UW,2026-06-30 17:36:00+00:00,18.24,18.222586970546665,5,0.01741302945333345,0.01741302945333345
DUISBURG-MEIDERICH SCHLEUSE OW,2026-06-30 17:37:00+00:00,25.0,24.975764037122435,5,0.024235962877565242,0.024235962877565242
DUISBURG-MEIDERICH SCHLEUSE UW,2026-06-30 17:37:00+00:00,18.24,18.222586970546665,5,0.01741302945333345,0.01741302945333345
DUISBURG-MEIDERICH SCHLEUSE OW,2026-06-30 17:38:00+00:00,25.0,24.975764037122435,5,0.024235962877565242,0.024235962877565242
DUISBURG-MEIDERICH SCHLEUSE UW,2026-06-30 17:38:00+00:00,18.24,18.222586970546665,5,0.01741302945333345,0.01741302945333345
DUISBURG-MEIDERICH SCHLEUSE OW,2026-06-30 17:39:00+00:00,25.01,24.92193859732136,5,0.08806140267864038,0.08806140267864038
DUISBURG-MEIDERICH SCHLEUSE UW,2026-06-30 17:39:00+00:00,18.24,18.222586970546665,5,0.01741302945333345,0.01741302945333345
Basel-Rheinhalle,2026-06-30 17:40:00+00:00,525.0,515.2706056880949,5,9.72939431190514,9.72939431190514
DUISBURG-MEIDERICH SCHLEUSE OW,2026-06-30 17:40:00+00:00,25.01,24.92193859732136,5,0.08806140267864038,0.08806140267864038
DUISBURG-MEIDERICH SCHLEUSE UW,2026-06-30 17:40:00+00:00,18.24,18.222586970546665,5,0.01741302945333345,0.01741302945333345
DUISBURG-MEIDERICH SCHLEUSE OW,2026-06-30 17:41:00+00:00,25.01,24.92193859732136,5,0.08806140267864038,0.08806140267864038
DUISBURG-MEIDERICH SCHLEUSE UW,2026-06-30 17:41:00+00:00,18.24,18.222586970546665,5,0.01741302945333345,0.01741302945333345
DUISBURG-MEIDERICH SCHLEUSE OW,2026-06-30 17:42:00+00:00,25.01,24.92193859732136,5,0.08806140267864038,0.08806140267864038
DUISBURG-MEIDERICH SCHLEUSE UW,2026-06-30 17:42:00+00:00,18.25,18.222586970546665,5,0.027413029453335014,0.027413029453335014
DUISBURG-MEIDERICH SCHLEUSE OW,2026-06-30 17:43:00+00:00,25.01,24.92193859732136,5,0.08806140267864038,0.08806140267864038
DUISBURG-MEIDERICH SCHLEUSE UW,2026-06-30 17:43:00+00:00,18.25,18.222586970546665,5,0.027413029453335014,0.027413029453335014
DUISBURG-MEIDERICH SCHLEUSE OW,2026-06-30 17:44:00+00:00,25.01,24.92193859732136,5,0.08806140267864038,0.08806140267864038
DUISBURG-MEIDERICH SCHLEUSE UW,2026-06-30 17:44:00+00:00,18.25,18.222586970546665,5,0.027413029453335014,0.027413029453335014
Basel-Rheinhalle,2026-06-30 17:45:00+00:00,526.0,515.0554761008967,5,10.944523899103274,10.944523899103274
DUISBURG-MEIDERICH SCHLEUSE OW,2026-06-30 17:45:00+00:00,25.01,24.92193859732136,5,0.08806140267864038,0.08806140267864038
DUISBURG-MEIDERICH SCHLEUSE UW,2026-06-30 17:45:00+00:00,18.25,18.222586970546665,5,0.027413029453335014,0.027413029453335014
DUISBURG-MEIDERICH SCHLEUSE OW,2026-06-30 17:46:00+00:00,25.01,24.92193859732136,5,0.08806140267864038,0.08806140267864038
DUISBURG-MEIDERICH SCHLEUSE UW,2026-06-30 17:46:00+00:00,18.25,18.222586970546665,5,0.027413029453335014,0.027413029453335014
DUISBURG-MEIDERICH SCHLEUSE OW,2026-06-30 17:47:00+00:00,25.01,24.92193859732136,5,0.08806140267864038,0.08806140267864038
DUISBURG-MEIDERICH SCHLEUSE UW,2026-06-30 17:47:00+00:00,18.25,18.222586970546665,5,0.027413029453335014,0.027413029453335014
DUISBURG-MEIDERICH SCHLEUSE OW,2026-06-30 17:48:00+00:00,25.01,24.92193859732136,5,0.08806140267864038,0.08806140267864038
DUISBURG-MEIDERICH SCHLEUSE UW,2026-06-30 17:48:00+00:00,18.25,18.222586970546665,5,0.027413029453335014,0.027413029453335014
DUISBURG-MEIDERICH SCHLEUSE OW,2026-06-30 17:49:00+00:00,25.01,24.975764037122435,5,0.034235962877566806,0.034235962877566806
DUISBURG-MEIDERICH SCHLEUSE UW,2026-06-30 17:49:00+00:00,18.25,18.222586970546665,5,0.027413029453335014,0.027413029453335014
Basel-Rheinhalle,2026-06-30 17:50:00+00:00,527.0,515.3793309382572,5,11.620669061742774,11.620669061742774
DUISBURG-MEIDERICH SCHLEUSE OW,2026-06-30 17:50:00+00:00,25.01,24.975764037122435,5,0.034235962877566806,0.034235962877566806
DUISBURG-MEIDERICH SCHLEUSE UW,2026-06-30 17:50:00+00:00,18.25,18.222586970546665,5,0.027413029453335014,0.027413029453335014
DUISBURG-MEIDERICH SCHLEUSE OW,2026-06-30 17:51:00+00:00,25.01,24.92193859732136,5,0.08806140267864038,0.08806140267864038
DUISBURG-MEIDERICH SCHLEUSE UW,2026-06-30 17:51:00+00:00,18.25,18.222586970546665,5,0.027413029453335014,0.027413029453335014
DUISBURG-MEIDERICH SCHLEUSE OW,2026-06-30 17:52:00+00:00,25.01,24.92193859732136,5,0.08806140267864038,0.08806140267864038
DUISBURG-MEIDERICH SCHLEUSE UW,2026-06-30 17:52:00+00:00,18.25,18.222586970546665,5,0.027413029453335014,0.027413029453335014
DUISBURG-MEIDERICH SCHLEUSE OW,2026-06-30 17:53:00+00:00,25.01,24.92193859732136,5,0.08806140267864038,0.08806140267864038
DUISBURG-MEIDERICH SCHLEUSE UW,2026-06-30 17:53:00+00:00,18.25,18.222586970546665,5,0.027413029453335014,0.027413029453335014
DUISBURG-MEIDERICH SCHLEUSE OW,2026-06-30 17:54:00+00:00,25.01,24.92193859732136,5,0.08806140267864038,0.08806140267864038
DUISBURG-MEIDERICH SCHLEUSE UW,2026-06-30 17:54:00+00:00,18.25,18.222586970546665,5,0.027413029453335014,0.027413029453335014
Basel-Rheinhalle,2026-06-30 17:55:00+00:00,528.0,515.1798146932363,5,12.820185306763733,12.820185306763733
DUISBURG-MEIDERICH SCHLEUSE OW,2026-06-30 17:55:00+00:00,25.01,24.92193859732136,5,0.08806140267864038,0.08806140267864038
DUISBURG-MEIDERICH SCHLEUSE UW,2026-06-30 17:55:00+00:00,18.25,18.222586970546665,5,0.027413029453335014,0.027413029453335014
DUISBURG-MEIDERICH SCHLEUSE OW,2026-06-30 17:56:00+00:00,25.01,24.92193859732136,5,0.08806140267864038,0.08806140267864038
DUISBURG-MEIDERICH SCHLEUSE UW,2026-06-30 17:56:00+00:00,18.25,18.222586970546665,5,0.027413029453335014,0.027413029453335014
DUISBURG-MEIDERICH SCHLEUSE OW,2026-06-30 17:57:00+00:00,25.01,24.92193859732136,5,0.08806140267864038,0.08806140267864038
DUISBURG-MEIDERICH SCHLEUSE UW,2026-06-30 17:57:00+00:00,18.25,18.222586970546665,5,0.027413029453335014,0.027413029453335014
DUISBURG-MEIDERICH SCHLEUSE OW,2026-06-30 17:58:00+00:00,25.01,24.92193859732136,5,0.08806140267864038,0.08806140267864038
DUISBURG-MEIDERICH SCHLEUSE UW,2026-06-30 17:58:00+00:00,18.25,18.222586970546665,5,0.027413029453335014,0.027413029453335014
DUISBURG-MEIDERICH SCHLEUSE OW,2026-06-30 17:59:00+00:00,25.01,24.92193859732136,5,0.08806140267864038,0.08806140267864038
DUISBURG-MEIDERICH SCHLEUSE UW,2026-06-30 17:59:00+00:00,18.25,18.222586970546665,5,0.027413029453335014,0.027413029453335014
Basel-Rheinhalle,2026-06-30 18:00:00+00:00,528.0,515.3520225273483,5,12.647977472651746,12.647977472651746
DUISBURG-MEIDERICH SCHLEUSE OW,2026-06-30 18:00:00+00:00,25.01,24.6635173982455,5,0.3464826017545022,0.3464826017545022
DUISBURG-MEIDERICH SCHLEUSE UW,2026-06-30 18:00:00+00:00,18.25,17.964165771470803,5,0.2858342285291968,0.2858342285291968
DUISBURG-MEIDERICH SCHLEUSE OW,2026-06-30 18:01:00+00:00,25.01,24.65322851699588,5,0.3567714830041204,0.3567714830041204
DUISBURG-MEIDERICH SCHLEUSE UW,2026-06-30 18:01:00+00:00,18.25,17.953876890221185,5,0.29612310977881506,0.29612310977881506
DUISBURG-MEIDERICH SCHLEUSE OW,2026-06-30 18:02:00+00:00,25.01,24.64597655571509,5,0.3640234442849106,0.3640234442849106
DUISBURG-MEIDERICH SCHLEUSE UW,2026-06-30 18:02:00+00:00,18.25,17.99217403581392,5,0.25782596418607895,0.25782596418607895
DUISBURG-MEIDERICH SCHLEUSE OW,2026-06-30 18:03:00+00:00,25.01,24.64597655571509,5,0.3640234442849106,0.3640234442849106
DUISBURG-MEIDERICH SCHLEUSE UW,2026-06-30 18:03:00+00:00,18.25,17.99217403581392,5,0.25782596418607895,0.25782596418607895
DUISBURG-MEIDERICH SCHLEUSE OW,2026-06-30 18:04:00+00:00,25.01,24.619999783364236,5,0.3900002166357659,0.3900002166357659
DUISBURG-MEIDERICH SCHLEUSE UW,2026-06-30 18:04:00+00:00,18.25,18.069980928863483,5,0.18001907113651683,0.18001907113651683
Basel-Rheinhalle,2026-06-30 18:05:00+00:00,528.0,515.2963792447882,5,12.703620755211773,12.703620755211773
DUISBURG-MEIDERICH SCHLEUSE OW,2026-06-30 18:05:00+00:00,25.01,24.619999783364236,5,0.3900002166357659,0.3900002166357659
DUISBURG-MEIDERICH SCHLEUSE UW,2026-06-30 18:05:00+00:00,18.25,18.069980928863483,5,0.18001907113651683,0.18001907113651683
DUISBURG-MEIDERICH SCHLEUSE OW,2026-06-30 18:06:00+00:00,25.01,25.286644627391425,5,-0.27664462739142337,0.27664462739142337
DUISBURG-MEIDERICH SCHLEUSE UW,2026-06-30 18:06:00+00:00,18.25,18.578990291008793,5,-0.3289902910087932,0.3289902910087932
DUISBURG-MEIDERICH SCHLEUSE OW,2026-06-30 18:07:00+00:00,25.01,25.286644627391425,5,-0.27664462739142337,0.27664462739142337
DUISBURG-MEIDERICH SCHLEUSE UW,2026-06-30 18:07:00+00:00,18.25,18.460280027479882,5,-0.2102800274798824,0.2102800274798824
DUISBURG-MEIDERICH SCHLEUSE OW,2026-06-30 18:08:00+00:00,25.01,24.57695437300896,5,0.4330456269910421,0.4330456269910421
DUISBURG-MEIDERICH SCHLEUSE UW,2026-06-30 18:08:00+00:00,18.25,17.798705186385533,5,0.4512948136144672,0.4512948136144672
DUISBURG-MEIDERICH SCHLEUSE OW,2026-06-30 18:09:00+00:00,25.01,24.64129474143032,5,0.3687052585696833,0.3687052585696833
DUISBURG-MEIDERICH SCHLEUSE UW,2026-06-30 18:09:00+00:00,18.25,17.93340746982091,5,0.31659253017908995,0.31659253017908995
Basel-Rheinhalle,2026-06-30 18:10:00+00:00,528.0,515.4579635591031,5,12.542036440896936,12.542036440896936
DUISBURG-MEIDERICH SCHLEUSE OW,2026-06-30 18:10:00+00:00,25.01,24.720888794582883,5,0.2891112054171181,0.2891112054171181
DUISBURG-MEIDERICH SCHLEUSE UW,2026-06-30 18:10:00+00:00,18.24,18.041763312839205,5,0.19823668716079368,0.19823668716079368
DUISBURG-MEIDERICH SCHLEUSE OW,2026-06-30 18:11:00+00:00,25.01,24.720888794582883,5,0.2891112054171181,0.2891112054171181
DUISBURG-MEIDERICH SCHLEUSE UW,2026-06-30 18:11:00+00:00,18.24,18.021537167808187,5,0.21846283219181117,0.21846283219181117
DUISBURG-MEIDERICH SCHLEUSE OW,2026-06-30 18:12:00+00:00,25.01,24.6635173982455,5,0.3464826017545022,0.3464826017545022
DUISBURG-MEIDERICH SCHLEUSE UW,2026-06-30 18:12:00+00:00,18.24,17.964165771470803,5,0.27583422852919526,0.27583422852919526
DUISBURG-MEIDERICH SCHLEUSE OW,2026-06-30 18:13:00+00:00,25.01,24.6635173982455,5,0.3464826017545022,0.3464826017545022
DUISBURG-MEIDERICH SCHLEUSE UW,2026-06-30 18:13:00+00:00,18.24,17.964165771470803,5,0.27583422852919526,0.27583422852919526
DUISBURG-MEIDERICH SCHLEUSE OW,2026-06-30 18:14:00+00:00,25.01,24.6635173982455,5,0.3464826017545022,0.3464826017545022
DUISBURG-MEIDERICH SCHLEUSE UW,2026-06-30 18:14:00+00:00,18.24,17.964165771470803,5,0.27583422852919526,0.27583422852919526
Basel-Rheinhalle,2026-06-30 18:15:00+00:00,528.0,515.1984018303814,5,12.801598169618615,12.801598169618615
DUISBURG-MEIDERICH SCHLEUSE OW,2026-06-30 18:15:00+00:00,25.01,24.6635173982455,5,0.3464826017545022,0.3464826017545022
DUISBURG-MEIDERICH SCHLEUSE UW,2026-06-30 18:15:00+00:00,18.24,17.964165771470803,5,0.27583422852919526,0.27583422852919526
DUISBURG-MEIDERICH SCHLEUSE OW,2026-06-30 18:16:00+00:00,25.01,24.6635173982455,5,0.3464826017545022,0.3464826017545022
DUISBURG-MEIDERICH SCHLEUSE UW,2026-06-30 18:16:00+00:00,18.24,17.964165771470803,5,0.27583422852919526,0.27583422852919526
DUISBURG-MEIDERICH SCHLEUSE OW,2026-06-30 18:17:00+00:00,25.01,24.6635173982455,5,0.3464826017545022,0.3464826017545022
DUISBURG-MEIDERICH SCHLEUSE UW,2026-06-30 18:17:00+00:00,18.24,17.964165771470803,5,0.27583422852919526,0.27583422852919526
DUISBURG-MEIDERICH SCHLEUSE OW,2026-06-30 18:18:00+00:00,25.01,24.6635173982455,5,0.3464826017545022,0.3464826017545022
DUISBURG-MEIDERICH SCHLEUSE UW,2026-06-30 18:18:00+00:00,18.24,17.964165771470803,5,0.27583422852919526,0.27583422852919526
DUISBURG-MEIDERICH SCHLEUSE OW,2026-06-30 18:19:00+00:00,25.01,24.6635173982455,5,0.3464826017545022,0.3464826017545022
DUISBURG-MEIDERICH SCHLEUSE UW,2026-06-30 18:19:00+00:00,18.25,17.964165771470803,5,0.2858342285291968,0.2858342285291968
Basel-Rheinhalle,2026-06-30 18:20:00+00:00,529.0,514.9421838821395,5,14.057816117860511,14.057816117860511
DUISBURG-MEIDERICH SCHLEUSE OW,2026-06-30 18:20:00+00:00,25.01,24.6635173982455,5,0.3464826017545022,0.3464826017545022
DUISBURG-MEIDERICH SCHLEUSE UW,2026-06-30 18:20:00+00:00,18.25,17.964165771470803,5,0.2858342285291968,0.2858342285291968
DUISBURG-MEIDERICH SCHLEUSE OW,2026-06-30 18:21:00+00:00,25.01,24.6635173982455,5,0.3464826017545022,0.3464826017545022
DUISBURG-MEIDERICH SCHLEUSE UW,2026-06-30 18:21:00+00:00,18.25,17.964165771470803,5,0.2858342285291968,0.2858342285291968
DUISBURG-MEIDERICH SCHLEUSE OW,2026-06-30 18:22:00+00:00,25.01,24.6635173982455,5,0.3464826017545022,0.3464826017545022
DUISBURG-MEIDERICH SCHLEUSE UW,2026-06-30 18:22:00+00:00,18.25,17.964165771470803,5,0.2858342285291968,0.2858342285291968
DUISBURG-MEIDERICH SCHLEUSE OW,2026-06-30 18:23:00+00:00,25.01,24.6635173982455,5,0.3464826017545022,0.3464826017545022
DUISBURG-MEIDERICH SCHLEUSE UW,2026-06-30 18:23:00+00:00,18.25,17.964165771470803,5,0.2858342285291968,0.2858342285291968
DUISBURG-MEIDERICH SCHLEUSE OW,2026-06-30 18:24:00+00:00,25.01,24.6635173982455,5,0.3464826017545022,0.3464826017545022
DUISBURG-MEIDERICH SCHLEUSE UW,2026-06-30 18:24:00+00:00,18.25,17.964165771470803,5,0.2858342285291968,0.2858342285291968
Basel-Rheinhalle,2026-06-30 18:25:00+00:00,529.0,514.6967838736414,5,14.30321612635862,14.30321612635862
DUISBURG-MEIDERICH SCHLEUSE OW,2026-06-30 18:25:00+00:00,25.01,24.6635173982455,5,0.3464826017545022,0.3464826017545022
DUISBURG-MEIDERICH SCHLEUSE UW,2026-06-30 18:25:00+00:00,18.25,17.964165771470803,5,0.2858342285291968,0.2858342285291968
DUISBURG-MEIDERICH SCHLEUSE OW,2026-06-30 18:26:00+00:00,25.01,24.6635173982455,5,0.3464826017545022,0.3464826017545022
DUISBURG-MEIDERICH SCHLEUSE UW,2026-06-30 18:26:00+00:00,18.25,17.964165771470803,5,0.2858342285291968,0.2858342285291968
DUISBURG-MEIDERICH SCHLEUSE OW,2026-06-30 18:27:00+00:00,25.01,24.6635173982455,5,0.3464826017545022,0.3464826017545022
DUISBURG-MEIDERICH SCHLEUSE UW,2026-06-30 18:27:00+00:00,18.25,17.964165771470803,5,0.2858342285291968,0.2858342285291968
DUISBURG-MEIDERICH SCHLEUSE OW,2026-06-30 18:28:00+00:00,25.01,24.6635173982455,5,0.3464826017545022,0.3464826017545022
DUISBURG-MEIDERICH SCHLEUSE UW,2026-06-30 18:28:00+00:00,18.25,17.964165771470803,5,0.2858342285291968,0.2858342285291968
DUISBURG-MEIDERICH SCHLEUSE OW,2026-06-30 18:29:00+00:00,25.01,24.6635173982455,5,0.3464826017545022,0.3464826017545022
DUISBURG-MEIDERICH SCHLEUSE UW,2026-06-30 18:29:00+00:00,18.25,17.964165771470803,5,0.2858342285291968,0.2858342285291968
Basel-Rheinhalle,2026-06-30 18:30:00+00:00,530.0,515.2152002549947,5,14.78479974500533,14.78479974500533
DUISBURG-MEIDERICH SCHLEUSE OW,2026-06-30 18:30:00+00:00,25.01,24.6635173982455,5,0.3464826017545022,0.3464826017545022
DUISBURG-MEIDERICH SCHLEUSE UW,2026-06-30 18:30:00+00:00,18.25,17.964165771470803,5,0.2858342285291968,0.2858342285291968
DUISBURG-MEIDERICH SCHLEUSE OW,2026-06-30 18:31:00+00:00,25.01,24.6635173982455,5,0.3464826017545022,0.3464826017545022
DUISBURG-MEIDERICH SCHLEUSE UW,2026-06-30 18:31:00+00:00,18.25,17.964165771470803,5,0.2858342285291968,0.2858342285291968
DUISBURG-MEIDERICH SCHLEUSE OW,2026-06-30 18:32:00+00:00,25.01,24.6635173982455,5,0.3464826017545022,0.3464826017545022
DUISBURG-MEIDERICH SCHLEUSE UW,2026-06-30 18:32:00+00:00,18.25,17.964165771470803,5,0.2858342285291968,0.2858342285291968
DUISBURG-MEIDERICH SCHLEUSE OW,2026-06-30 18:33:00+00:00,25.02,24.6635173982455,5,0.3564826017545002,0.3564826017545002
DUISBURG-MEIDERICH SCHLEUSE UW,2026-06-30 18:33:00+00:00,18.25,17.964165771470803,5,0.2858342285291968,0.2858342285291968
DUISBURG-MEIDERICH SCHLEUSE OW,2026-06-30 18:34:00+00:00,25.02,24.6635173982455,5,0.3564826017545002,0.3564826017545002
DUISBURG-MEIDERICH SCHLEUSE UW,2026-06-30 18:34:00+00:00,18.25,17.964165771470803,5,0.2858342285291968,0.2858342285291968
Basel-Rheinhalle,2026-06-30 18:35:00+00:00,531.0,515.1011943204495,5,15.898805679550492,15.898805679550492
DUISBURG-MEIDERICH SCHLEUSE OW,2026-06-30 18:35:00+00:00,25.01,24.6635173982455,5,0.3464826017545022,0.3464826017545022
DUISBURG-MEIDERICH SCHLEUSE UW,2026-06-30 18:35:00+00:00,18.25,17.98439191650182,5,0.2656080834981793,0.2656080834981793
DUISBURG-MEIDERICH SCHLEUSE OW,2026-06-30 18:36:00+00:00,25.01,24.6635173982455,5,0.3464826017545022,0.3464826017545022
DUISBURG-MEIDERICH SCHLEUSE UW,2026-06-30 18:36:00+00:00,18.25,17.98439191650182,5,0.2656080834981793,0.2656080834981793
DUISBURG-MEIDERICH SCHLEUSE OW,2026-06-30 18:37:00+00:00,25.01,24.6635173982455,5,0.3464826017545022,0.3464826017545022
DUISBURG-MEIDERICH SCHLEUSE UW,2026-06-30 18:37:00+00:00,18.26,17.98439191650182,5,0.2756080834981809,0.2756080834981809
DUISBURG-MEIDERICH SCHLEUSE OW,2026-06-30 18:38:00+00:00,25.01,24.6635173982455,5,0.3464826017545022,0.3464826017545022
DUISBURG-MEIDERICH SCHLEUSE UW,2026-06-30 18:38:00+00:00,18.26,17.98439191650182,5,0.2756080834981809,0.2756080834981809
DUISBURG-MEIDERICH SCHLEUSE OW,2026-06-30 18:39:00+00:00,25.02,24.6635173982455,5,0.3564826017545002,0.3564826017545002
DUISBURG-MEIDERICH SCHLEUSE UW,2026-06-30 18:39:00+00:00,18.26,17.964165771470803,5,0.2958342285291984,0.2958342285291984
Basel-Rheinhalle,2026-06-30 18:40:00+00:00,531.0,515.2366765741234,5,15.763323425876592,15.763323425876592
DUISBURG-MEIDERICH SCHLEUSE OW,2026-06-30 18:40:00+00:00,25.02,24.6635173982455,5,0.3564826017545002,0.3564826017545002
DUISBURG-MEIDERICH SCHLEUSE UW,2026-06-30 18:40:00+00:00,18.26,17.964165771470803,5,0.2958342285291984,0.2958342285291984
DUISBURG-MEIDERICH SCHLEUSE OW,2026-06-30 18:41:00+00:00,25.02,24.6635173982455,5,0.3564826017545002,0.3564826017545002
DUISBURG-MEIDERICH SCHLEUSE UW,2026-06-30 18:41:00+00:00,18.26,17.964165771470803,5,0.2958342285291984,0.2958342285291984
DUISBURG-MEIDERICH SCHLEUSE OW,2026-06-30 18:42:00+00:00,25.02,24.6635173982455,5,0.3564826017545002,0.3564826017545002
DUISBURG-MEIDERICH SCHLEUSE UW,2026-06-30 18:42:00+00:00,18.26,17.964165771470803,5,0.2958342285291984,0.2958342285291984
DUISBURG-MEIDERICH SCHLEUSE OW,2026-06-30 18:43:00+00:00,25.02,24.6635173982455,5,0.3564826017545002,0.3564826017545002
DUISBURG-MEIDERICH SCHLEUSE UW,2026-06-30 18:43:00+00:00,18.26,17.964165771470803,5,0.2958342285291984,0.2958342285291984
DUISBURG-MEIDERICH SCHLEUSE OW,2026-06-30 18:44:00+00:00,25.02,24.6635173982455,5,0.3564826017545002,0.3564826017545002
DUISBURG-MEIDERICH SCHLEUSE UW,2026-06-30 18:44:00+00:00,18.26,17.964165771470803,5,0.2958342285291984,0.2958342285291984
Basel-Rheinhalle,2026-06-30 18:45:00+00:00,532.0,515.1646532540863,5,16.83534674591374,16.83534674591374
DUISBURG-MEIDERICH SCHLEUSE OW,2026-06-30 18:45:00+00:00,25.02,24.6635173982455,5,0.3564826017545002,0.3564826017545002
DUISBURG-MEIDERICH SCHLEUSE UW,2026-06-30 18:45:00+00:00,18.26,17.964165771470803,5,0.2958342285291984,0.2958342285291984
DUISBURG-MEIDERICH SCHLEUSE OW,2026-06-30 18:46:00+00:00,25.02,24.6635173982455,5,0.3564826017545002,0.3564826017545002
DUISBURG-MEIDERICH SCHLEUSE UW,2026-06-30 18:46:00+00:00,18.26,17.964165771470803,5,0.2958342285291984,0.2958342285291984
DUISBURG-MEIDERICH SCHLEUSE OW,2026-06-30 18:47:00+00:00,25.02,24.6635173982455,5,0.3564826017545002,0.3564826017545002
DUISBURG-MEIDERICH SCHLEUSE UW,2026-06-30 18:47:00+00:00,18.27,17.964165771470803,5,0.3058342285291964,0.3058342285291964
DUISBURG-MEIDERICH SCHLEUSE OW,2026-06-30 18:48:00+00:00,25.02,24.6635173982455,5,0.3564826017545002,0.3564826017545002
DUISBURG-MEIDERICH SCHLEUSE UW,2026-06-30 18:48:00+00:00,18.27,17.964165771470803,5,0.3058342285291964,0.3058342285291964
DUISBURG-MEIDERICH SCHLEUSE OW,2026-06-30 18:49:00+00:00,25.02,24.6635173982455,5,0.3564826017545002,0.3564826017545002
DUISBURG-MEIDERICH SCHLEUSE UW,2026-06-30 18:49:00+00:00,18.27,17.964165771470803,5,0.3058342285291964,0.3058342285291964
Basel-Rheinhalle,2026-06-30 18:50:00+00:00,532.0,514.7864301303524,5,17.213569869647586,17.213569869647586
DUISBURG-MEIDERICH SCHLEUSE OW,2026-06-30 18:50:00+00:00,25.02,24.6635173982455,5,0.3564826017545002,0.3564826017545002
DUISBURG-MEIDERICH SCHLEUSE UW,2026-06-30 18:50:00+00:00,18.26,17.964165771470803,5,0.2958342285291984,0.2958342285291984
DUISBURG-MEIDERICH SCHLEUSE OW,2026-06-30 18:51:00+00:00,25.02,24.6635173982455,5,0.3564826017545002,0.3564826017545002
DUISBURG-MEIDERICH SCHLEUSE UW,2026-06-30 18:51:00+00:00,18.26,17.964165771470803,5,0.2958342285291984,0.2958342285291984
DUISBURG-MEIDERICH SCHLEUSE OW,2026-06-30 18:52:00+00:00,25.02,24.6635173982455,5,0.3564826017545002,0.3564826017545002
DUISBURG-MEIDERICH SCHLEUSE UW,2026-06-30 18:52:00+00:00,18.26,17.964165771470803,5,0.2958342285291984,0.2958342285291984
DUISBURG-MEIDERICH SCHLEUSE OW,2026-06-30 18:53:00+00:00,25.02,24.6635173982455,5,0.3564826017545002,0.3564826017545002
DUISBURG-MEIDERICH SCHLEUSE UW,2026-06-30 18:53:00+00:00,18.26,17.964165771470803,5,0.2958342285291984,0.2958342285291984
DUISBURG-MEIDERICH SCHLEUSE OW,2026-06-30 18:54:00+00:00,25.02,24.6635173982455,5,0.3564826017545002,0.3564826017545002
DUISBURG-MEIDERICH SCHLEUSE UW,2026-06-30 18:54:00+00:00,18.26,17.964165771470803,5,0.2958342285291984,0.2958342285291984
Basel-Rheinhalle,2026-06-30 18:55:00+00:00,532.0,514.7234032117599,5,17.276596788240113,17.276596788240113
DUISBURG-MEIDERICH SCHLEUSE OW,2026-06-30 18:55:00+00:00,25.02,24.6635173982455,5,0.3564826017545002,0.3564826017545002
DUISBURG-MEIDERICH SCHLEUSE UW,2026-06-30 18:55:00+00:00,18.26,17.964165771470803,5,0.2958342285291984,0.2958342285291984
DUISBURG-MEIDERICH SCHLEUSE OW,2026-06-30 18:56:00+00:00,25.02,24.6635173982455,5,0.3564826017545002,0.3564826017545002
DUISBURG-MEIDERICH SCHLEUSE UW,2026-06-30 18:56:00+00:00,18.27,17.964165771470803,5,0.3058342285291964,0.3058342285291964
DUISBURG-MEIDERICH SCHLEUSE OW,2026-06-30 18:57:00+00:00,25.02,24.6635173982455,5,0.3564826017545002,0.3564826017545002
DUISBURG-MEIDERICH SCHLEUSE UW,2026-06-30 18:57:00+00:00,18.27,17.964165771470803,5,0.3058342285291964,0.3058342285291964
DUISBURG-MEIDERICH SCHLEUSE OW,2026-06-30 18:58:00+00:00,25.02,24.751477806186884,5,0.2685221938131157,0.2685221938131157
DUISBURG-MEIDERICH SCHLEUSE UW,2026-06-30 18:58:00+00:00,18.27,17.964165771470803,5,0.3058342285291964,0.3058342285291964
DUISBURG-MEIDERICH SCHLEUSE OW,2026-06-30 18:59:00+00:00,25.02,24.751477806186884,5,0.2685221938131157,0.2685221938131157
DUISBURG-MEIDERICH SCHLEUSE UW,2026-06-30 18:59:00+00:00,18.27,17.964165771470803,5,0.3058342285291964,0.3058342285291964
Basel-Rheinhalle,2026-06-30 19:00:00+00:00,485.0,514.7579633317525,5,-29.757963331752535,29.757963331752535
DUISBURG-MEIDERICH SCHLEUSE OW,2026-06-30 19:00:00+00:00,25.02,24.97018448072909,5,0.049815519270911324,0.049815519270911324
DUISBURG-MEIDERICH SCHLEUSE UW,2026-06-30 19:00:00+00:00,18.27,18.21700741415332,5,0.052992585846681095,0.052992585846681095
DUISBURG-MEIDERICH SCHLEUSE OW,2026-06-30 19:01:00+00:00,25.02,24.95989559947947,5,0.060104400520529566,0.060104400520529566
DUISBURG-MEIDERICH SCHLEUSE UW,2026-06-30 19:01:00+00:00,18.27,18.2067185329037,5,0.06328146709629934,0.06328146709629934
DUISBURG-MEIDERICH SCHLEUSE OW,2026-06-30 19:02:00+00:00,25.02,24.95989559947947,5,0.060104400520529566,0.060104400520529566
DUISBURG-MEIDERICH SCHLEUSE UW,2026-06-30 19:02:00+00:00,18.27,18.2067185329037,5,0.06328146709629934,0.06328146709629934
DUISBURG-MEIDERICH SCHLEUSE OW,2026-06-30 19:03:00+00:00,25.02,24.938704008679537,5,0.08129599132046295,0.08129599132046295
DUISBURG-MEIDERICH SCHLEUSE UW,2026-06-30 19:03:00+00:00,18.27,18.185526942103767,5,0.08447305789623272,0.08447305789623272
DUISBURG-MEIDERICH SCHLEUSE OW,2026-06-30 19:04:00+00:00,25.02,24.972838976819848,5,0.04716102318015203,0.04716102318015203
DUISBURG-MEIDERICH SCHLEUSE UW,2026-06-30 19:04:00+00:00,18.27,18.19946657162291,5,0.07053342837708954,0.07053342837708954
Basel-Rheinhalle,2026-06-30 19:05:00+00:00,483.0,513.7089882048543,5,-30.708988204854336,30.708988204854336
DUISBURG-MEIDERICH SCHLEUSE OW,2026-06-30 19:05:00+00:00,25.02,24.972838976819848,5,0.04716102318015203,0.04716102318015203
DUISBURG-MEIDERICH SCHLEUSE UW,2026-06-30 19:05:00+00:00,18.27,18.19946657162291,5,0.07053342837708954,0.07053342837708954
DUISBURG-MEIDERICH SCHLEUSE OW,2026-06-30 19:06:00+00:00,25.02,24.734766251147565,5,0.28523374885243413,0.28523374885243413
DUISBURG-MEIDERICH SCHLEUSE UW,2026-06-30 19:06:00+00:00,18.27,17.947454216431485,5,0.3225457835685148,0.3225457835685148
DUISBURG-MEIDERICH SCHLEUSE OW,2026-06-30 19:07:00+00:00,25.02,24.753895318847082,5,0.2661046811529175,0.2661046811529175
DUISBURG-MEIDERICH SCHLEUSE UW,2026-06-30 19:07:00+00:00,18.26,18.052065314578496,5,0.20793468542150606,0.20793468542150606
DUISBURG-MEIDERICH SCHLEUSE OW,2026-06-30 19:08:00+00:00,25.02,24.753895318847082,5,0.2661046811529175,0.2661046811529175
DUISBURG-MEIDERICH SCHLEUSE UW,2026-06-30 19:08:00+00:00,18.26,18.052065314578496,5,0.20793468542150606,0.20793468542150606
DUISBURG-MEIDERICH SCHLEUSE OW,2026-06-30 19:09:00+00:00,25.02,24.753895318847082,5,0.2661046811529175,0.2661046811529175
DUISBURG-MEIDERICH SCHLEUSE UW,2026-06-30 19:09:00+00:00,18.26,18.052065314578496,5,0.20793468542150606,0.20793468542150606
DUISBURG-MEIDERICH SCHLEUSE OW,2026-06-30 19:10:00+00:00,25.02,24.753895318847082,5,0.2661046811529175,0.2661046811529175
DUISBURG-MEIDERICH SCHLEUSE UW,2026-06-30 19:10:00+00:00,18.26,18.052065314578496,5,0.20793468542150606,0.20793468542150606
DUISBURG-MEIDERICH SCHLEUSE OW,2026-06-30 19:11:00+00:00,25.02,24.753895318847082,5,0.2661046811529175,0.2661046811529175
DUISBURG-MEIDERICH SCHLEUSE UW,2026-06-30 19:11:00+00:00,18.26,18.052065314578496,5,0.20793468542150606,0.20793468542150606
DUISBURG-MEIDERICH SCHLEUSE OW,2026-06-30 19:12:00+00:00,25.01,24.918837418421905,5,0.09116258157809654,0.09116258157809654
DUISBURG-MEIDERICH SCHLEUSE UW,2026-06-30 19:12:00+00:00,18.26,18.21700741415332,5,0.042992585846683085,0.042992585846683085
DUISBURG-MEIDERICH SCHLEUSE OW,2026-06-30 19:13:00+00:00,25.01,24.918837418421905,5,0.09116258157809654,0.09116258157809654
DUISBURG-MEIDERICH SCHLEUSE UW,2026-06-30 19:13:00+00:00,18.26,18.21700741415332,5,0.042992585846683085,0.042992585846683085
DUISBURG-MEIDERICH SCHLEUSE OW,2026-06-30 19:14:00+00:00,25.01,24.918837418421905,5,0.09116258157809654,0.09116258157809654
DUISBURG-MEIDERICH SCHLEUSE UW,2026-06-30 19:14:00+00:00,18.26,18.21700741415332,5,0.042992585846683085,0.042992585846683085
DUISBURG-MEIDERICH SCHLEUSE OW,2026-06-30 19:15:00+00:00,25.01,24.918837418421905,5,0.09116258157809654,0.09116258157809654
DUISBURG-MEIDERICH SCHLEUSE UW,2026-06-30 19:15:00+00:00,18.26,18.21700741415332,5,0.042992585846683085,0.042992585846683085
DUISBURG-MEIDERICH SCHLEUSE OW,2026-06-30 19:16:00+00:00,25.01,24.918837418421905,5,0.09116258157809654,0.09116258157809654
DUISBURG-MEIDERICH SCHLEUSE UW,2026-06-30 19:16:00+00:00,18.26,18.21700741415332,5,0.042992585846683085,0.042992585846683085
DUISBURG-MEIDERICH SCHLEUSE OW,2026-06-30 19:17:00+00:00,25.01,24.918837418421905,5,0.09116258157809654,0.09116258157809654
DUISBURG-MEIDERICH SCHLEUSE UW,2026-06-30 19:17:00+00:00,18.26,18.21700741415332,5,0.042992585846683085,0.042992585846683085
DUISBURG-MEIDERICH SCHLEUSE OW,2026-06-30 19:18:00+00:00,25.01,24.918837418421905,5,0.09116258157809654,0.09116258157809654
DUISBURG-MEIDERICH SCHLEUSE UW,2026-06-30 19:18:00+00:00,18.26,18.21700741415332,5,0.042992585846683085,0.042992585846683085
DUISBURG-MEIDERICH SCHLEUSE OW,2026-06-30 19:19:00+00:00,25.01,24.918837418421905,5,0.09116258157809654,0.09116258157809654
DUISBURG-MEIDERICH SCHLEUSE UW,2026-06-30 19:19:00+00:00,18.26,18.21700741415332,5,0.042992585846683085,0.042992585846683085
DUISBURG-MEIDERICH SCHLEUSE OW,2026-06-30 19:20:00+00:00,25.01,24.918837418421905,5,0.09116258157809654,0.09116258157809654
DUISBURG-MEIDERICH SCHLEUSE UW,2026-06-30 19:20:00+00:00,18.26,18.21700741415332,5,0.042992585846683085,0.042992585846683085
DUISBURG-MEIDERICH SCHLEUSE OW,2026-06-30 19:21:00+00:00,25.01,24.918837418421905,5,0.09116258157809654,0.09116258157809654
DUISBURG-MEIDERICH SCHLEUSE UW,2026-06-30 19:21:00+00:00,18.26,18.21700741415332,5,0.042992585846683085,0.042992585846683085
DUISBURG-MEIDERICH SCHLEUSE OW,2026-06-30 19:22:00+00:00,25.01,24.918837418421905,5,0.09116258157809654,0.09116258157809654
DUISBURG-MEIDERICH SCHLEUSE UW,2026-06-30 19:22:00+00:00,18.26,18.21700741415332,5,0.042992585846683085,0.042992585846683085
DUISBURG-MEIDERICH SCHLEUSE OW,2026-06-30 19:23:00+00:00,25.01,24.918837418421905,5,0.09116258157809654,0.09116258157809654
DUISBURG-MEIDERICH SCHLEUSE UW,2026-06-30 19:23:00+00:00,18.26,18.21700741415332,5,0.042992585846683085,0.042992585846683085
DUISBURG-MEIDERICH SCHLEUSE OW,2026-06-30 19:24:00+00:00,25.01,24.918837418421905,5,0.09116258157809654,0.09116258157809654
DUISBURG-MEIDERICH SCHLEUSE UW,2026-06-30 19:24:00+00:00,18.26,18.21700741415332,5,0.042992585846683085,0.042992585846683085
DUISBURG-MEIDERICH SCHLEUSE OW,2026-06-30 19:25:00+00:00,25.01,24.918837418421905,5,0.09116258157809654,0.09116258157809654
DUISBURG-MEIDERICH SCHLEUSE UW,2026-06-30 19:25:00+00:00,18.26,18.21700741415332,5,0.042992585846683085,0.042992585846683085
DUISBURG-MEIDERICH SCHLEUSE OW,2026-06-30 19:26:00+00:00,25.01,25.03861595210563,5,-0.028615952105628395,0.028615952105628395
DUISBURG-MEIDERICH SCHLEUSE UW,2026-06-30 19:26:00+00:00,18.26,18.21700741415332,5,0.042992585846683085,0.042992585846683085
DUISBURG-MEIDERICH SCHLEUSE OW,2026-06-30 19:27:00+00:00,25.01,25.03861595210563,5,-0.028615952105628395,0.028615952105628395
DUISBURG-MEIDERICH SCHLEUSE UW,2026-06-30 19:27:00+00:00,18.26,18.21700741415332,5,0.042992585846683085,0.042992585846683085
DUISBURG-MEIDERICH SCHLEUSE OW,2026-06-30 19:28:00+00:00,25.01,25.03861595210563,5,-0.028615952105628395,0.028615952105628395
DUISBURG-MEIDERICH SCHLEUSE UW,2026-06-30 19:28:00+00:00,18.26,18.21700741415332,5,0.042992585846683085,0.042992585846683085
DUISBURG-MEIDERICH SCHLEUSE OW,2026-06-30 19:29:00+00:00,25.01,25.03861595210563,5,-0.028615952105628395,0.028615952105628395
DUISBURG-MEIDERICH SCHLEUSE UW,2026-06-30 19:29:00+00:00,18.26,18.21700741415332,5,0.042992585846683085,0.042992585846683085
DUISBURG-MEIDERICH SCHLEUSE OW,2026-06-30 19:30:00+00:00,25.01,25.03861595210563,5,-0.028615952105628395,0.028615952105628395
DUISBURG-MEIDERICH SCHLEUSE UW,2026-06-30 19:30:00+00:00,18.26,18.21700741415332,5,0.042992585846683085,0.042992585846683085
DUISBURG-MEIDERICH SCHLEUSE OW,2026-06-30 19:31:00+00:00,25.01,25.03861595210563,5,-0.028615952105628395,0.028615952105628395
DUISBURG-MEIDERICH SCHLEUSE UW,2026-06-30 19:31:00+00:00,18.26,18.21700741415332,5,0.042992585846683085,0.042992585846683085
DUISBURG-MEIDERICH SCHLEUSE OW,2026-06-30 19:32:00+00:00,25.01,25.03861595210563,5,-0.028615952105628395,0.028615952105628395
DUISBURG-MEIDERICH SCHLEUSE UW,2026-06-30 19:32:00+00:00,18.26,18.21700741415332,5,0.042992585846683085,0.042992585846683085
DUISBURG-MEIDERICH SCHLEUSE OW,2026-06-30 19:33:00+00:00,25.0,25.03861595210563,5,-0.03861595210562996,0.03861595210562996
DUISBURG-MEIDERICH SCHLEUSE UW,2026-06-30 19:33:00+00:00,18.26,18.21700741415332,5,0.042992585846683085,0.042992585846683085
DUISBURG-MEIDERICH SCHLEUSE OW,2026-06-30 19:34:00+00:00,25.0,25.03861595210563,5,-0.03861595210562996,0.03861595210562996
DUISBURG-MEIDERICH SCHLEUSE UW,2026-06-30 19:34:00+00:00,18.26,18.21700741415332,5,0.042992585846683085,0.042992585846683085
DUISBURG-MEIDERICH SCHLEUSE OW,2026-06-30 19:35:00+00:00,25.0,25.03861595210563,5,-0.03861595210562996,0.03861595210562996
DUISBURG-MEIDERICH SCHLEUSE UW,2026-06-30 19:35:00+00:00,18.26,18.21700741415332,5,0.042992585846683085,0.042992585846683085
DUISBURG-MEIDERICH SCHLEUSE OW,2026-06-30 19:36:00+00:00,25.0,24.918837418421905,5,0.08116258157809497,0.08116258157809497
DUISBURG-MEIDERICH SCHLEUSE UW,2026-06-30 19:36:00+00:00,18.26,18.21700741415332,5,0.042992585846683085,0.042992585846683085
DUISBURG-MEIDERICH SCHLEUSE OW,2026-06-30 19:37:00+00:00,25.0,24.97018448072909,5,0.02981551927091175,0.02981551927091175
DUISBURG-MEIDERICH SCHLEUSE UW,2026-06-30 19:37:00+00:00,18.26,18.21700741415332,5,0.042992585846683085,0.042992585846683085
DUISBURG-MEIDERICH SCHLEUSE OW,2026-06-30 19:38:00+00:00,25.0,24.97018448072909,5,0.02981551927091175,0.02981551927091175
DUISBURG-MEIDERICH SCHLEUSE UW,2026-06-30 19:38:00+00:00,18.26,18.21700741415332,5,0.042992585846683085,0.042992585846683085
DUISBURG-MEIDERICH SCHLEUSE OW,2026-06-30 19:39:00+00:00,25.0,24.97018448072909,5,0.02981551927091175,0.02981551927091175
DUISBURG-MEIDERICH SCHLEUSE UW,2026-06-30 19:39:00+00:00,18.26,18.21700741415332,5,0.042992585846683085,0.042992585846683085
DUISBURG-MEIDERICH SCHLEUSE OW,2026-06-30 19:40:00+00:00,25.0,24.97018448072909,5,0.02981551927091175,0.02981551927091175
DUISBURG-MEIDERICH SCHLEUSE UW,2026-06-30 19:40:00+00:00,18.26,18.21700741415332,5,0.042992585846683085,0.042992585846683085
DUISBURG-MEIDERICH SCHLEUSE OW,2026-06-30 19:41:00+00:00,25.0,24.97018448072909,5,0.02981551927091175,0.02981551927091175
DUISBURG-MEIDERICH SCHLEUSE UW,2026-06-30 19:41:00+00:00,18.26,18.21700741415332,5,0.042992585846683085,0.042992585846683085
DUISBURG-MEIDERICH SCHLEUSE OW,2026-06-30 19:42:00+00:00,25.0,24.916359040928015,5,0.08364095907198532,0.08364095907198532
DUISBURG-MEIDERICH SCHLEUSE UW,2026-06-30 19:42:00+00:00,18.26,18.21700741415332,5,0.042992585846683085,0.042992585846683085
DUISBURG-MEIDERICH SCHLEUSE OW,2026-06-30 19:43:00+00:00,25.0,24.916359040928015,5,0.08364095907198532,0.08364095907198532
DUISBURG-MEIDERICH SCHLEUSE UW,2026-06-30 19:43:00+00:00,18.26,18.21700741415332,5,0.042992585846683085,0.042992585846683085
DUISBURG-MEIDERICH SCHLEUSE OW,2026-06-30 19:44:00+00:00,25.0,24.916359040928015,5,0.08364095907198532,0.08364095907198532
DUISBURG-MEIDERICH SCHLEUSE UW,2026-06-30 19:44:00+00:00,18.26,18.21700741415332,5,0.042992585846683085,0.042992585846683085
DUISBURG-MEIDERICH SCHLEUSE OW,2026-06-30 19:45:00+00:00,25.0,24.916359040928015,5,0.08364095907198532,0.08364095907198532
DUISBURG-MEIDERICH SCHLEUSE UW,2026-06-30 19:45:00+00:00,18.26,18.21700741415332,5,0.042992585846683085,0.042992585846683085
DUISBURG-MEIDERICH SCHLEUSE OW,2026-06-30 19:46:00+00:00,24.99,24.916359040928015,5,0.07364095907198376,0.07364095907198376
DUISBURG-MEIDERICH SCHLEUSE UW,2026-06-30 19:46:00+00:00,18.26,18.21700741415332,5,0.042992585846683085,0.042992585846683085
DUISBURG-MEIDERICH SCHLEUSE OW,2026-06-30 19:47:00+00:00,24.99,24.916359040928015,5,0.07364095907198376,0.07364095907198376
DUISBURG-MEIDERICH SCHLEUSE UW,2026-06-30 19:47:00+00:00,18.26,18.21700741415332,5,0.042992585846683085,0.042992585846683085
DUISBURG-MEIDERICH SCHLEUSE OW,2026-06-30 19:48:00+00:00,24.99,24.916359040928015,5,0.07364095907198376,0.07364095907198376
DUISBURG-MEIDERICH SCHLEUSE UW,2026-06-30 19:48:00+00:00,18.26,18.21700741415332,5,0.042992585846683085,0.042992585846683085
DUISBURG-MEIDERICH SCHLEUSE OW,2026-06-30 19:49:00+00:00,24.99,24.916359040928015,5,0.07364095907198376,0.07364095907198376
DUISBURG-MEIDERICH SCHLEUSE UW,2026-06-30 19:49:00+00:00,18.26,18.21700741415332,5,0.042992585846683085,0.042992585846683085
DUISBURG-MEIDERICH SCHLEUSE OW,2026-06-30 19:50:00+00:00,24.99,24.916359040928015,5,0.07364095907198376,0.07364095907198376
DUISBURG-MEIDERICH SCHLEUSE UW,2026-06-30 19:50:00+00:00,18.26,18.21700741415332,5,0.042992585846683085,0.042992585846683085
DUISBURG-MEIDERICH SCHLEUSE OW,2026-06-30 19:51:00+00:00,24.99,24.916359040928015,5,0.07364095907198376,0.07364095907198376
DUISBURG-MEIDERICH SCHLEUSE UW,2026-06-30 19:51:00+00:00,18.26,18.21700741415332,5,0.042992585846683085,0.042992585846683085
DUISBURG-MEIDERICH SCHLEUSE OW,2026-06-30 19:52:00+00:00,24.99,24.916359040928015,5,0.07364095907198376,0.07364095907198376
DUISBURG-MEIDERICH SCHLEUSE UW,2026-06-30 19:52:00+00:00,18.26,18.21700741415332,5,0.042992585846683085,0.042992585846683085
DUISBURG-MEIDERICH SCHLEUSE OW,2026-06-30 19:53:00+00:00,24.99,24.916359040928015,5,0.07364095907198376,0.07364095907198376
DUISBURG-MEIDERICH SCHLEUSE UW,2026-06-30 19:53:00+00:00,18.26,18.21700741415332,5,0.042992585846683085,0.042992585846683085
DUISBURG-MEIDERICH SCHLEUSE OW,2026-06-30 19:54:00+00:00,24.99,24.916359040928015,5,0.07364095907198376,0.07364095907198376
DUISBURG-MEIDERICH SCHLEUSE UW,2026-06-30 19:54:00+00:00,18.26,18.21700741415332,5,0.042992585846683085,0.042992585846683085
DUISBURG-MEIDERICH SCHLEUSE OW,2026-06-30 19:55:00+00:00,24.99,24.916359040928015,5,0.07364095907198376,0.07364095907198376
DUISBURG-MEIDERICH SCHLEUSE UW,2026-06-30 19:55:00+00:00,18.26,18.21700741415332,5,0.042992585846683085,0.042992585846683085
DUISBURG-MEIDERICH SCHLEUSE OW,2026-06-30 19:56:00+00:00,24.99,24.916359040928015,5,0.07364095907198376,0.07364095907198376
DUISBURG-MEIDERICH SCHLEUSE UW,2026-06-30 19:56:00+00:00,18.26,18.21700741415332,5,0.042992585846683085,0.042992585846683085
DUISBURG-MEIDERICH SCHLEUSE OW,2026-06-30 19:57:00+00:00,24.99,24.916359040928015,5,0.07364095907198376,0.07364095907198376
DUISBURG-MEIDERICH SCHLEUSE UW,2026-06-30 19:57:00+00:00,18.26,18.21700741415332,5,0.042992585846683085,0.042992585846683085
DUISBURG-MEIDERICH SCHLEUSE OW,2026-06-30 19:58:00+00:00,24.98,24.97018448072909,5,0.009815519270912176,0.009815519270912176
DUISBURG-MEIDERICH SCHLEUSE UW,2026-06-30 19:58:00+00:00,18.26,18.21700741415332,5,0.042992585846683085,0.042992585846683085
DUISBURG-MEIDERICH SCHLEUSE OW,2026-06-30 19:59:00+00:00,24.98,24.97018448072909,5,0.009815519270912176,0.009815519270912176
DUISBURG-MEIDERICH SCHLEUSE UW,2026-06-30 19:59:00+00:00,18.26,18.21700741415332,5,0.042992585846683085,0.042992585846683085
DUISBURG-MEIDERICH SCHLEUSE OW,2026-06-30 20:00:00+00:00,24.98,24.941632901479885,5,0.03836709852011566,0.03836709852011566
DUISBURG-MEIDERICH SCHLEUSE UW,2026-06-30 20:00:00+00:00,18.26,18.21700741415332,5,0.042992585846683085,0.042992585846683085
DUISBURG-MEIDERICH SCHLEUSE OW,2026-06-30 20:01:00+00:00,24.98,25.170007712168342,5,-0.19000771216834167,0.19000771216834167
DUISBURG-MEIDERICH SCHLEUSE UW,2026-06-30 20:01:00+00:00,18.26,18.451739748495417,5,-0.19173974849541509,0.19173974849541509
DUISBURG-MEIDERICH SCHLEUSE OW,2026-06-30 20:02:00+00:00,24.98,25.170007712168342,5,-0.19000771216834167,0.19000771216834167
DUISBURG-MEIDERICH SCHLEUSE UW,2026-06-30 20:02:00+00:00,18.26,18.451739748495417,5,-0.19173974849541509,0.19173974849541509
DUISBURG-MEIDERICH SCHLEUSE OW,2026-06-30 20:03:00+00:00,24.98,24.922716564581656,5,0.05728343541834491,0.05728343541834491
DUISBURG-MEIDERICH SCHLEUSE UW,2026-06-30 20:03:00+00:00,18.26,18.22336493780696,5,0.036635062193042245,0.036635062193042245
DUISBURG-MEIDERICH SCHLEUSE OW,2026-06-30 20:04:00+00:00,24.98,24.922716564581656,5,0.05728343541834491,0.05728343541834491
DUISBURG-MEIDERICH SCHLEUSE UW,2026-06-30 20:04:00+00:00,18.26,18.22336493780696,5,0.036635062193042245,0.036635062193042245
DUISBURG-MEIDERICH SCHLEUSE OW,2026-06-30 20:05:00+00:00,24.98,24.922716564581656,5,0.05728343541834491,0.05728343541834491
DUISBURG-MEIDERICH SCHLEUSE UW,2026-06-30 20:05:00+00:00,18.26,18.22336493780696,5,0.036635062193042245,0.036635062193042245
DUISBURG-MEIDERICH SCHLEUSE OW,2026-06-30 20:06:00+00:00,24.98,24.980292473762283,5,-0.0002924737622826967,0.0002924737622826967
DUISBURG-MEIDERICH SCHLEUSE UW,2026-06-30 20:06:00+00:00,18.26,18.2117339827064,5,0.048266017293602914,0.048266017293602914
DUISBURG-MEIDERICH SCHLEUSE OW,2026-06-30 20:07:00+00:00,24.98,24.980292473762283,5,-0.0002924737622826967,0.0002924737622826967
DUISBURG-MEIDERICH SCHLEUSE UW,2026-06-30 20:07:00+00:00,18.26,18.2117339827064,5,0.048266017293602914,0.048266017293602914
DUISBURG-MEIDERICH SCHLEUSE OW,2026-06-30 20:08:00+00:00,24.98,24.980292473762283,5,-0.0002924737622826967,0.0002924737622826967
DUISBURG-MEIDERICH SCHLEUSE UW,2026-06-30 20:08:00+00:00,18.26,18.2117339827064,5,0.048266017293602914,0.048266017293602914
DUISBURG-MEIDERICH SCHLEUSE OW,2026-06-30 20:09:00+00:00,24.98,24.9905813550119,5,-0.01058135501190094,0.01058135501190094
DUISBURG-MEIDERICH SCHLEUSE UW,2026-06-30 20:09:00+00:00,18.26,18.222022863956017,5,0.03797713604398467,0.03797713604398467
DUISBURG-MEIDERICH SCHLEUSE OW,2026-06-30 20:10:00+00:00,24.98,24.988056201974988,5,-0.008056201974987687,0.008056201974987687
DUISBURG-MEIDERICH SCHLEUSE UW,2026-06-30 20:10:00+00:00,18.26,18.222022863956017,5,0.03797713604398467,0.03797713604398467
DUISBURG-MEIDERICH SCHLEUSE OW,2026-06-30 20:11:00+00:00,24.98,24.9188493376938,5,0.06115066230620059,0.06115066230620059
DUISBURG-MEIDERICH SCHLEUSE UW,2026-06-30 20:11:00+00:00,18.26,18.222022863956017,5,0.03797713604398467,0.03797713604398467
DUISBURG-MEIDERICH SCHLEUSE OW,2026-06-30 20:12:00+00:00,24.98,24.925367897606343,5,0.05463210239365779,0.05463210239365779
DUISBURG-MEIDERICH SCHLEUSE UW,2026-06-30 20:12:00+00:00,18.26,18.22854142386856,5,0.03145857613144187,0.03145857613144187
DUISBURG-MEIDERICH SCHLEUSE OW,2026-06-30 20:13:00+00:00,24.97,24.925367897606343,5,0.044632102393656226,0.044632102393656226
DUISBURG-MEIDERICH SCHLEUSE UW,2026-06-30 20:13:00+00:00,18.26,18.22854142386856,5,0.03145857613144187,0.03145857613144187
DUISBURG-MEIDERICH SCHLEUSE OW,2026-06-30 20:14:00+00:00,24.97,24.925367897606343,5,0.044632102393656226,0.044632102393656226
DUISBURG-MEIDERICH SCHLEUSE UW,2026-06-30 20:14:00+00:00,18.26,18.22854142386856,5,0.03145857613144187,0.03145857613144187
DUISBURG-MEIDERICH SCHLEUSE OW,2026-06-30 20:15:00+00:00,24.97,24.925367897606343,5,0.044632102393656226,0.044632102393656226
DUISBURG-MEIDERICH SCHLEUSE UW,2026-06-30 20:15:00+00:00,18.26,18.22854142386856,5,0.03145857613144187,0.03145857613144187
DUISBURG-MEIDERICH SCHLEUSE OW,2026-06-30 20:16:00+00:00,24.97,24.925367897606343,5,0.044632102393656226,0.044632102393656226
DUISBURG-MEIDERICH SCHLEUSE UW,2026-06-30 20:16:00+00:00,18.26,18.22854142386856,5,0.03145857613144187,0.03145857613144187
DUISBURG-MEIDERICH SCHLEUSE OW,2026-06-30 20:17:00+00:00,24.97,24.925367897606343,5,0.044632102393656226,0.044632102393656226
DUISBURG-MEIDERICH SCHLEUSE UW,2026-06-30 20:17:00+00:00,18.26,18.22854142386856,5,0.03145857613144187,0.03145857613144187
DUISBURG-MEIDERICH SCHLEUSE OW,2026-06-30 20:18:00+00:00,24.97,24.925367897606343,5,0.044632102393656226,0.044632102393656226
DUISBURG-MEIDERICH SCHLEUSE UW,2026-06-30 20:18:00+00:00,18.26,18.22854142386856,5,0.03145857613144187,0.03145857613144187
DUISBURG-MEIDERICH SCHLEUSE OW,2026-06-30 20:19:00+00:00,24.97,24.925367897606343,5,0.044632102393656226,0.044632102393656226
DUISBURG-MEIDERICH SCHLEUSE UW,2026-06-30 20:19:00+00:00,18.26,18.22854142386856,5,0.03145857613144187,0.03145857613144187
DUISBURG-MEIDERICH SCHLEUSE OW,2026-06-30 20:20:00+00:00,24.97,24.925367897606343,5,0.044632102393656226,0.044632102393656226
DUISBURG-MEIDERICH SCHLEUSE UW,2026-06-30 20:20:00+00:00,18.26,18.22854142386856,5,0.03145857613144187,0.03145857613144187
DUISBURG-MEIDERICH SCHLEUSE OW,2026-06-30 20:21:00+00:00,24.97,24.925367897606343,5,0.044632102393656226,0.044632102393656226
DUISBURG-MEIDERICH SCHLEUSE UW,2026-06-30 20:21:00+00:00,18.26,18.22854142386856,5,0.03145857613144187,0.03145857613144187
DUISBURG-MEIDERICH SCHLEUSE OW,2026-06-30 20:22:00+00:00,24.97,24.91989441297914,5,0.05010558702085888,0.05010558702085888
DUISBURG-MEIDERICH SCHLEUSE UW,2026-06-30 20:22:00+00:00,18.26,18.22854142386856,5,0.03145857613144187,0.03145857613144187
DUISBURG-MEIDERICH SCHLEUSE OW,2026-06-30 20:23:00+00:00,24.97,24.91989441297914,5,0.05010558702085888,0.05010558702085888
DUISBURG-MEIDERICH SCHLEUSE UW,2026-06-30 20:23:00+00:00,18.26,18.22854142386856,5,0.03145857613144187,0.03145857613144187
DUISBURG-MEIDERICH SCHLEUSE OW,2026-06-30 20:24:00+00:00,24.97,24.91989441297914,5,0.05010558702085888,0.05010558702085888
DUISBURG-MEIDERICH SCHLEUSE UW,2026-06-30 20:24:00+00:00,18.25,18.22854142386856,5,0.02145857613144031,0.02145857613144031
DUISBURG-MEIDERICH SCHLEUSE OW,2026-06-30 20:25:00+00:00,24.97,24.91989441297914,5,0.05010558702085888,0.05010558702085888
DUISBURG-MEIDERICH SCHLEUSE UW,2026-06-30 20:25:00+00:00,18.25,18.22854142386856,5,0.02145857613144031,0.02145857613144031
DUISBURG-MEIDERICH SCHLEUSE OW,2026-06-30 20:26:00+00:00,24.97,24.91989441297914,5,0.05010558702085888,0.05010558702085888
DUISBURG-MEIDERICH SCHLEUSE UW,2026-06-30 20:26:00+00:00,18.26,18.22854142386856,5,0.03145857613144187,0.03145857613144187
DUISBURG-MEIDERICH SCHLEUSE OW,2026-06-30 20:27:00+00:00,24.97,24.91989441297914,5,0.05010558702085888,0.05010558702085888
DUISBURG-MEIDERICH SCHLEUSE UW,2026-06-30 20:27:00+00:00,18.26,18.22854142386856,5,0.03145857613144187,0.03145857613144187
DUISBURG-MEIDERICH SCHLEUSE OW,2026-06-30 20:28:00+00:00,24.96,24.91989441297914,5,0.04010558702086087,0.04010558702086087
DUISBURG-MEIDERICH SCHLEUSE UW,2026-06-30 20:28:00+00:00,18.25,18.22854142386856,5,0.02145857613144031,0.02145857613144031
DUISBURG-MEIDERICH SCHLEUSE OW,2026-06-30 20:29:00+00:00,24.96,24.91989441297914,5,0.04010558702086087,0.04010558702086087
DUISBURG-MEIDERICH SCHLEUSE UW,2026-06-30 20:29:00+00:00,18.25,18.22854142386856,5,0.02145857613144031,0.02145857613144031
DUISBURG-MEIDERICH SCHLEUSE OW,2026-06-30 20:30:00+00:00,24.96,24.91989441297914,5,0.04010558702086087,0.04010558702086087
DUISBURG-MEIDERICH SCHLEUSE UW,2026-06-30 20:30:00+00:00,18.25,18.22854142386856,5,0.02145857613144031,0.02145857613144031
DUISBURG-MEIDERICH SCHLEUSE OW,2026-06-30 20:31:00+00:00,24.96,24.91989441297914,5,0.04010558702086087,0.04010558702086087
DUISBURG-MEIDERICH SCHLEUSE UW,2026-06-30 20:31:00+00:00,18.25,18.22854142386856,5,0.02145857613144031,0.02145857613144031
DUISBURG-MEIDERICH SCHLEUSE OW,2026-06-30 20:32:00+00:00,24.96,24.91989441297914,5,0.04010558702086087,0.04010558702086087
DUISBURG-MEIDERICH SCHLEUSE UW,2026-06-30 20:32:00+00:00,18.25,18.22854142386856,5,0.02145857613144031,0.02145857613144031
DUISBURG-MEIDERICH SCHLEUSE OW,2026-06-30 20:33:00+00:00,24.96,24.91989441297914,5,0.04010558702086087,0.04010558702086087
DUISBURG-MEIDERICH SCHLEUSE UW,2026-06-30 20:33:00+00:00,18.25,18.22854142386856,5,0.02145857613144031,0.02145857613144031
DUISBURG-MEIDERICH SCHLEUSE OW,2026-06-30 20:34:00+00:00,24.96,24.91989441297914,5,0.04010558702086087,0.04010558702086087
DUISBURG-MEIDERICH SCHLEUSE UW,2026-06-30 20:34:00+00:00,18.25,18.22854142386856,5,0.02145857613144031,0.02145857613144031
DUISBURG-MEIDERICH SCHLEUSE OW,2026-06-30 20:35:00+00:00,24.96,24.91989441297914,5,0.04010558702086087,0.04010558702086087
DUISBURG-MEIDERICH SCHLEUSE UW,2026-06-30 20:35:00+00:00,18.26,18.22854142386856,5,0.03145857613144187,0.03145857613144187
DUISBURG-MEIDERICH SCHLEUSE OW,2026-06-30 20:36:00+00:00,25.02,24.91989441297914,5,0.10010558702085959,0.10010558702085959
DUISBURG-MEIDERICH SCHLEUSE UW,2026-06-30 20:36:00+00:00,17.59,18.22854142386856,5,-0.6385414238685598,0.6385414238685598
DUISBURG-MEIDERICH SCHLEUSE OW,2026-06-30 20:37:00+00:00,24.94,24.917221209080438,5,0.022778790919563363,0.022778790919563363
DUISBURG-MEIDERICH SCHLEUSE UW,2026-06-30 20:37:00+00:00,17.59,18.22854142386856,5,-0.6385414238685598,0.6385414238685598
